t__s,ACT_TILT_RIGHT_FRONT.Position_CMD,ACT_TILT_RIGHT_FRONT.Position_FB,ACT_TILT_RIGHT_FRONT.Torque_FB,ACT_TILT_RIGHT_FRONT.Temperature_FB__dC,ACT_TILT_RIGHT_FRONT.Voltage_FB__V
-0.007996,8036,8008,52,28,6.05
0.091938,8036,8008,52,28,6.09
0.191936,8036,8008,257,28,6.09
0.291937,8036,8008,257,28,6.09
0.392,8036,8008,257,28,6.07
0.491998,8036,8012,221,28,6.07
0.591999,8036,8008,221,28,6.07
0.692,8036,8012,221,28,6.07
0.792012,8036,8008,385,28,6.07
0.892,8036,8008,385,28,6.08
0.991998,8036,8012,385,28,6.08
1.095956,6732,7448,385,28,5.86
1.195977,6732,6736,0,28,5.86
1.295957,6732,6736,0,28,5.86
1.39599,6732,6736,0,28,7.46
1.495955,6732,6736,0,28,7.46
1.595997,6732,6736,0,28,7.46
1.695955,6732,6736,0,28,7.46
1.79596,6732,6736,0,28,7.46
1.895977,6732,6736,0,28,7.46
1.995956,6732,6736,0,28,7.46
2.095955,6732,6736,0,28,7.46
2.195958,6732,6736,0,28,7.46
2.295955,6732,6736,0,28,7.46
2.395977,6732,6736,0,28,7.46
2.495981,6732,6736,0,28,7.46
2.599935,6732,6736,0,28,7.46
2.699952,6732,6736,0,28,7.46
2.799956,6732,6736,0,28,7.46
2.899986,6732,6736,0,28,7.46
2.999954,6732,6736,0,28,7.46
3.099936,6732,6736,0,28,7.46
3.199984,6732,6736,0,28,7.46
3.299949,6732,6736,0,28,7.46
3.399944,6732,6736,0,28,7.46
3.499935,6732,6736,0,28,7.46
3.599935,6732,6736,0,28,7.46
3.69996,6732,6736,0,28,7.46
3.799935,6732,6736,0,28,7.46
3.899936,6732,6736,0,28,7.46
3.999936,6732,6736,0,28,7.46
4.099961,6732,6736,0,28,7.46
4.199936,6732,6736,0,28,7.46
4.299935,6732,6736,0,28,7.46
4.399936,6732,6736,0,28,7.46
4.499959,6732,6736,0,28,7.46
4.599935,6732,6736,0,28,7.46
4.699942,6732,6736,0,28,7.46
4.799935,6732,6736,0,28,7.46
4.899987,6732,6736,0,28,7.46
4.999935,6732,6736,0,28,7.46
5.099934,6732,6736,0,28,7.46
5.199934,6732,6736,0,28,7.46
5.299958,6732,6736,0,28,7.46
5.399941,6732,6736,0,28,7.46
5.499935,6732,6736,0,28,7.46
5.599934,6732,6736,0,28,7.46
5.699961,6732,6736,0,28,7.46
5.799946,6732,6736,0,28,7.46
5.899935,6732,6736,0,28,7.46
5.999934,6732,6736,0,28,7.46
6.09998,6732,6736,0,28,7.46
6.199934,6732,6736,0,28,7.46
6.299938,6732,6736,0,28,7.46
6.399936,6732,6736,0,28,6.04
6.499955,6732,6736,0,28,6.04
6.599934,6732,6736,0,28,6.04
6.699936,6732,6736,0,28,6.11
6.799937,6732,6736,0,28,6.11
6.899955,6732,6736,0,28,6.11
6.999943,6732,6736,0,28,6.11
7.099935,6732,6736,0,28,6.11
7.199936,6732,6736,0,28,6.11
7.299958,6732,6736,0,28,6.11
7.399935,6732,6736,0,28,6.12
7.499936,6732,6736,0,28,6.12
7.599935,6732,6736,0,28,6.12
7.699959,6732,6736,0,28,6.12
7.799948,6732,6736,0,28,6.12
7.899935,6732,6736,0,28,6.11
7.999943,6732,6736,0,28,6.11
8.099979,6732,6736,0,28,6.11
8.199935,6732,6736,0,28,6.11
8.299936,6732,6736,0,28,6.11
8.399952,6732,6736,0,28,6.12
8.499959,6732,6736,0,28,6.12
8.599948,6732,6736,0,28,6.12
8.699943,6732,6736,0,28,6.12
8.799958,6732,6736,0,28,6.12
8.899958,6732,6736,0,28,6.12
8.999935,6732,6736,0,28,6.12
9.099936,6732,6736,0,28,6.12
9.199935,6732,6736,0,28,6.12
9.299947,6732,6736,0,28,6.12
9.399935,6732,6736,0,28,6.12
9.499936,6732,6736,0,28,6.12
9.599934,6732,6736,0,28,6.12
9.699947,6732,6736,0,28,6.12
9.799949,6732,6736,0,28,6.12
9.899944,6732,6736,0,28,6.12
9.999934,6732,6736,0,28,6.12
10.099947,6732,6736,0,28,6.12
10.199935,6732,6736,0,28,6.12
10.299934,6732,6736,0,28,6.12
10.399936,6732,6736,0,28,6.12
10.499947,6732,6736,0,28,6.12
10.599934,6732,6736,0,28,6.12
10.699936,6732,6736,0,28,6.12
10.799997,6732,6736,0,28,6.12
10.900018,6732,6736,0,28,6.12
10.999942,6732,6736,0,28,6.12
11.099935,6732,6736,0,28,6.12
11.199935,6732,6736,0,28,6.12
11.299979,6732,6736,0,28,6.12
11.399936,6732,6736,0,28,6.12
11.499936,6732,6736,0,28,6.12
11.599936,6732,6736,0,28,6.12
11.699959,6732,6736,0,28,6.12
11.799933,6732,6736,0,28,6.12
11.899951,6732,6736,0,28,6.12
11.999934,6732,6736,0,28,6.12
12.099987,6732,6736,0,28,6.12
12.199935,6732,6736,0,28,6.12
12.299935,6732,6736,0,28,6.12
12.399955,6732,6736,0,28,6.12
12.499958,6732,6736,0,28,6.12
12.599934,6732,6736,0,28,6.12
12.699935,6732,6736,0,28,6.12
12.799936,6732,6736,0,28,6.12
12.899979,6732,6736,0,28,6.12
12.999935,6732,6736,0,28,6.12
13.099936,6732,6736,0,28,6.12
13.199934,6732,6736,0,28,6.12
13.299974,6732,6736,0,28,6.12
13.399935,6732,6736,0,28,6.12
13.499935,6732,6736,0,28,6.12
13.599934,6732,6736,0,28,6.12
13.699976,6732,6736,0,28,6.12
13.799937,6732,6736,0,28,6.12
13.899935,6732,6736,0,28,6.12
13.999943,6732,6736,0,28,6.12
14.099976,6732,6736,0,28,6.12
14.199936,6732,6736,0,28,6.12
14.299934,6732,6736,0,28,6.12
14.399934,6732,6736,0,28,6.12
14.49999,6732,6736,0,28,6.12
14.599935,6732,6736,0,28,6.12
14.699952,6732,6736,0,28,6.12
14.799935,6732,6736,0,28,6.12
14.899977,6732,6736,0,28,6.12
14.999934,6732,6736,0,28,6.12
15.099935,6732,6736,0,28,6.12
15.199936,6732,6736,0,28,6.12
15.299975,6732,6736,0,28,6.12
15.399936,6732,6736,0,28,6.12
15.499935,6732,6736,0,28,6.12
15.599936,6732,6736,0,28,6.12
15.699978,6732,6736,0,28,6.12
15.804073,6732,6736,0,28,6.12
15.904052,6732,6736,0,28,6.12
16.004039,6732,6736,0,28,6.12
16.104047,6732,6736,0,28,6.12
16.204047,6732,6736,0,28,6.12
16.304046,6732,6736,0,28,6.12
16.404041,6732,6736,0,28,6.12
16.50404,6732,6736,0,28,6.12
16.604039,6732,6736,0,28,6.12
16.704038,6732,6736,0,28,6.12
16.804038,6732,6736,0,28,6.12
16.904047,6732,6736,0,28,6.12
17.004055,6732,6736,0,28,6.12
17.104041,6732,6736,0,28,6.12
17.204038,6732,6736,0,28,6.12
17.304038,6732,6736,0,28,6.12
17.404046,6732,6736,0,28,6.12
17.504044,6732,6736,0,28,6.12
17.604039,6732,6736,0,28,6.12
17.704055,6732,6736,0,28,6.12
17.807948,6732,6736,0,28,6.12
17.907947,6732,6736,0,28,6.12
18.007955,6732,6736,0,28,6.12
18.107947,6732,6736,0,28,6.12
18.207948,6732,6736,0,28,6.12
18.307948,6732,6736,0,28,6.12
18.407948,6732,6736,0,28,6.12
18.507949,6732,6736,0,28,6.12
18.60795,6732,6736,0,28,6.12
18.707948,6732,6736,0,28,6.12
18.808009,6732,6736,0,28,6.12
18.90801,6732,6736,0,28,6.12
19.008011,6732,6736,0,28,6.12
19.108018,6732,6736,0,28,6.12
19.20801,6732,6736,0,28,6.12
19.308016,6732,6736,0,28,6.12
19.408013,6732,6736,0,28,6.12
19.508011,6732,6736,0,28,6.12
19.608008,6732,6736,0,28,6.12
19.708009,6732,6736,0,28,6.12
19.811986,6732,6736,0,28,6.12
19.911937,6732,6736,0,28,6.12
20.011938,6732,6736,0,28,6.12
20.111937,6732,6736,0,28,6.12
20.211938,6732,6736,0,28,6.12
20.311938,6732,6736,0,28,6.12
20.411938,6732,6736,0,28,6.12
20.511937,6732,6736,0,28,6.12
20.611939,6732,6736,0,28,6.12
20.711937,6732,6736,0,28,6.12
20.81195,6732,6736,0,28,6.12
20.911938,6732,6736,0,28,6.12
21.011937,6732,6736,0,28,6.12
21.11194,6732,6736,0,28,6.12
21.211939,6732,6736,0,28,6.12
21.311937,6732,6736,0,28,6.12
21.411941,6732,6736,0,28,6.12
21.511937,6732,6736,0,28,6.12
21.611937,6732,6736,0,28,6.12
21.711937,6732,6736,0,28,6.12
21.81194,6732,6736,0,28,6.12
21.911936,6732,6736,0,28,6.12
22.012003,6768,6736,0,28,6.12
22.112003,6905,6788,0,28,6.04
22.212004,7064,6932,726,28,6.04
22.311999,7225,7092,726,28,6.04
22.412001,7385,7248,726,28,6.01
22.511999,7545,7412,737,28,6.01
22.612002,7705,7572,737,28,6.01
22.711999,7865,7736,737,28,6.03
22.812014,8015,7896,429,28,6.03
22.912,8063,8016,429,28,6.05
23.011927,8067,8036,429,28,6.05
23.11192,8066,8040,429,28,6.07
23.211924,8066,8044,221,28,6.07
23.31192,8066,8040,221,28,6.07
23.411928,8066,8040,221,28,6.05
23.511919,8073,8044,385,28,6.05
23.611924,8179,8076,385,28,6.05
23.711955,8328,8216,385,28,6.03
23.811939,8465,8364,554,28,6.03
23.911949,8602,8496,554,28,6.04
24.011923,8739,8636,554,28,6.04
24.111936,8877,8768,554,28,6.05
24.211926,9014,8912,513,28,6.05
24.31192,9151,9052,513,28,6.05
24.411926,9288,9184,513,28,6.06
24.511921,9425,9320,718,28,6.06
24.611921,9562,9460,718,28,6.06
24.71192,9699,9600,718,28,6.06
24.811954,9836,9736,672,28,6.06
24.911921,9973,9876,672,28,6.07
25.011951,10110,10012,672,28,6.07
25.11192,10246,10152,672,28,6.07
25.211961,10383,10288,609,28,6.07
25.311929,10519,10424,609,28,6.07
25.411953,10656,10564,609,28,6.06
25.511922,10793,10700,221,28,6.06
25.611977,10929,10836,221,28,6.06
25.711933,11017,10968,221,28,6.07
25.811973,10913,10996,563,28,6.07
25.911935,10878,10900,563,28,6.12
26.011977,10877,10892,563,28,6.12
26.111934,10877,10892,563,28,6.1
26.211984,10877,10892,221,28,6.1
26.311932,10877,10892,221,28,6.1
26.411979,10877,10892,221,28,6.1
26.511933,10880,10892,221,28,6.1
26.611951,10884,10892,221,28,6.1
26.711932,10885,10896,221,28,6.12
26.811981,10887,10892,221,28,6.12
26.911935,10887,10892,221,28,6.12
27.01195,10887,10892,221,28,6.12
27.111933,10887,10896,221,28,6.11
27.211981,10886,10896,58,28,6.11
27.311933,10885,10896,58,28,6.11
27.41195,10885,10900,58,28,6.11
27.511933,10887,10896,221,28,6.11
27.611952,10888,10896,221,28,6.11
27.711934,10885,10896,221,28,6.12
27.811981,10868,10896,238,28,6.12
27.911933,10860,10884,238,28,6.08
28.011954,10851,10876,238,28,6.08
28.111932,10847,10868,238,28,6.12
28.211952,10843,10868,230,28,6.12
28.311932,10841,10864,230,28,6.12
28.411956,10840,10860,230,28,6.12
28.511939,10843,10864,472,28,6.12
28.611959,10852,10864,472,28,6.12
28.711932,10861,10864,472,28,6.11
28.81198,10863,10864,0,28,6.11
28.911933,10861,10868,0,28,6.12
29.011951,10859,10872,0,28,6.12
29.111933,10855,10868,0,28,6.1
29.211959,10850,10868,221,28,6.1
29.311933,10850,10868,221,28,6.1
29.411951,10851,10868,221,28,6.11
29.511942,10853,10868,17,28,6.11
29.611951,10858,10868,17,28,6.11
29.711933,10862,10868,17,28,6.12
29.811982,10863,10868,221,28,6.12
29.911933,10860,10868,221,28,6.11
30.011952,10854,10868,221,28,6.11
30.111935,10850,10868,221,28,6.12
30.211936,10849,10872,221,28,6.12
30.311934,10849,10868,221,28,6.12
30.411959,10848,10868,221,28,6.1
30.511936,10846,10868,221,28,6.1
30.611936,10846,10868,221,28,6.1
30.711932,10851,10868,221,28,6.12
30.811955,10857,10868,221,28,6.12
30.911942,10862,10868,221,28,6.11
31.011946,10867,10872,221,28,6.11
31.111934,10873,10872,221,28,6.12
31.211945,10874,10876,0,28,6.12
31.311934,10873,10880,0,28,6.12
31.411947,10869,10880,0,28,6.11
31.511941,10871,10880,221,28,6.11
31.611949,10869,10880,221,28,6.11
31.711934,10863,10896,221,28,6.08
31.811982,10840,10892,250,28,6.08
31.911934,10838,10872,250,28,6.05
32.01195,10879,10880,250,28,6.05
32.111934,10918,10920,250,28,6.11
32.211951,10942,10964,230,28,6.11
32.311933,10943,10972,230,28,6.11
32.411952,10941,10968,230,28,6.08
32.511932,10927,10964,312,28,6.08
32.611951,10907,10956,312,28,6.08
32.711933,10884,10940,312,28,6.03
32.811983,10873,10924,450,28,6.03
32.911934,10860,10912,450,28,6.05
33.011953,10837,10892,450,28,6.05
33.111934,10828,10876,450,28,6.04
33.211954,10820,10864,532,28,6.04
33.311943,10819,10860,532,28,6.04
33.411953,10823,10860,532,28,6.06
33.511933,10833,10856,238,28,6.06
33.61196,10836,10864,238,28,6.06
33.711935,10831,10872,238,28,6.05
33.811982,10822,10868,404,28,6.05
33.911933,10807,10860,404,28,6.02
34.011953,10796,10848,404,28,6.02
34.111933,10761,10832,404,28,6.02
34.211951,10741,10800,534,28,6.02
34.311933,10754,10784,534,28,6.02
34.411952,10774,10792,534,28,6.11
34.511933,10765,10804,331,28,6.11
34.611951,10747,10800,331,28,6.11
34.711934,10740,10788,331,28,6.05
34.811981,10737,10788,609,28,6.05
34.911952,10727,10780,609,28,6.02
35.011943,10711,10776,609,28,6.02
35.111934,10691,10756,609,28,6
35.211956,10682,10740,515,28,6
35.311934,10672,10728,515,28,6
35.411978,10651,10720,515,28,6
35.511935,10641,10700,426,28,6
35.611999,10641,10692,426,28,6
35.711934,10630,10688,426,28,6.02
35.811949,10621,10684,569,28,6.02
35.911934,10628,10668,569,28,6.03
36.01194,10651,10672,569,28,6.03
36.111936,10674,10696,569,28,6.1
36.211941,10691,10716,238,28,6.1
36.31194,10692,10724,238,28,6.1
36.411944,10696,10728,238,28,6.07
36.511935,10702,10732,293,28,6.07
36.611949,10703,10740,293,28,6.07
36.71194,10703,10744,293,28,6.04
36.811959,10704,10744,312,28,6.04
36.911933,10697,10740,312,28,6.03
37.011947,10700,10744,312,28,6.03
37.111935,10701,10744,312,28,6.05
37.21195,10698,10744,423,28,6.05
37.311933,10698,10740,423,28,6.05
37.411954,10681,10744,423,28,6.01
37.511935,10670,10724,426,28,6.01
37.61195,10682,10720,426,28,6.01
37.711955,10685,10720,426,28,6.04
37.811975,10686,10724,358,28,6.04
37.911961,10685,10728,358,28,6.06
38.011952,10676,10728,358,28,6.06
38.111975,10682,10724,358,28,6.05
38.211952,10706,10724,23,28,6.05
38.311936,10717,10744,23,28,6.05
38.41195,10718,10748,23,28,6.07
38.511933,10727,10752,276,28,6.07
38.611977,10727,10760,276,28,6.07
38.711933,10724,10764,276,28,6.05
38.811984,10724,10764,368,28,6.05
38.911935,10728,10764,368,28,6.06
39.011951,10736,10768,368,28,6.06
39.111932,10744,10776,368,28,6.07
39.211951,10737,10776,368,28,6.07
39.311932,10735,10780,368,28,6.07
39.411951,10719,10780,368,28,6.01
39.511934,10706,10772,580,28,6.01
39.611953,10700,10756,580,28,6.01
39.711934,10701,10744,580,28,7.38
39.811977,10703,10736,163,28,7.38
39.911947,10712,10740,163,28,7.41
40.011952,10709,10740,163,28,7.41
40.111977,10711,10740,163,28,7.4
40.211952,10714,10740,266,28,7.4
40.311951,10735,10756,266,28,7.4
40.411956,10736,10764,266,28,7.41
40.511934,10729,10760,303,28,7.41
40.611952,10720,10760,303,28,7.41
40.711934,10711,10760,303,28,7.36
40.811978,10697,10748,450,28,7.36
40.911933,10688,10736,450,28,7.36
41.011936,10674,10724,450,28,7.36
41.111933,10662,10708,450,28,7.37
41.211934,10596,10680,769,28,7.37
41.311932,10481,10580,769,28,7.37
41.411941,10344,10464,769,28,7.33
41.511933,10203,10320,875,28,7.33
41.611934,10075,10184,875,28,7.33
41.711933,9939,10056,875,28,7.33
41.811946,9792,9920,639,28,7.33
41.911933,9684,9780,639,28,7.34
42.011942,9609,9696,639,29,7.34
42.111933,9521,9612,639,29,7.33
42.211935,9436,9536,737,29,7.33
42.311932,9336,9444,737,29,7.33
42.411933,9256,9356,737,29,7.3
42.511932,9172,9280,846,29,7.3
42.611936,9063,9188,846,29,7.3
42.711931,8948,9080,846,29,7.25
42.811953,8828,8968,552,29,7.25
42.911935,8690,8832,552,29,7.24
43.011942,8585,8696,552,28,7.24
43.111942,8540,8604,552,28,7.33
43.211946,8512,8572,264,28,7.33
43.311933,8448,8540,264,28,7.33
43.411943,8346,8464,264,28,7.31
43.511932,8231,8344,757,28,7.31
43.611947,8151,8244,757,28,7.31
43.711934,8014,8148,757,28,7.3
43.811976,7907,8004,424,28,7.3
43.911941,7807,7900,424,28,7.36
44.01195,7712,7796,424,28,7.36
44.111933,7593,7696,424,28,7.36
44.21195,7496,7572,426,28,7.36
44.311933,7404,7476,426,28,7.36
44.411949,7336,7408,426,28,7.37
44.511933,7211,7300,221,28,7.37
44.611949,7104,7176,221,28,7.37
44.71194,7104,7112,221,28,7.46
44.811982,7104,7100,0,28,7.46
44.911933,7104,7092,0,28,7.44
45.011952,7104,7092,0,29,7.44
45.111935,7104,7088,0,29,7.45
45.211951,7104,7084,221,29,7.45
45.311934,7104,7080,221,29,7.45
45.411951,7104,7080,221,29,7.43
45.511935,7104,7084,58,29,7.43
45.611953,7104,7088,58,29,7.43
45.711934,7104,7096,58,29,7.44
45.811976,7104,7088,377,29,7.44
45.911934,7104,7088,377,29,7.42
46.011953,7104,7088,377,29,7.42
46.111933,7104,7092,377,29,7.44
46.211953,7104,7096,221,29,7.44
46.311938,7104,7092,221,29,7.44
46.411951,7104,7096,221,29,7.46
46.511934,7104,7096,58,29,7.46
46.611951,7104,7092,58,29,7.46
46.711934,7104,7096,58,29,7.45
46.811976,7104,7100,58,29,7.45
46.911935,7104,7092,58,29,7.42
47.011951,7104,7100,58,29,7.42
47.111935,7104,7096,58,29,7.44
47.211951,7104,7096,221,29,7.44
47.311935,7104,7092,221,29,7.44
47.41195,7104,7092,221,29,7.44
47.511938,7104,7096,221,29,7.44
47.611951,7104,7096,221,29,7.44
47.711951,7104,7096,221,29,7.43
47.811976,7104,7096,221,29,7.43
47.911976,7104,7088,221,29,7.43
48.01195,7104,7096,221,29,7.43
48.11195,7104,7092,221,29,6.1
48.211953,7104,7092,221,29,6.1
48.311934,7104,7092,221,29,6.1
48.411951,7104,7096,221,29,6.1
48.511935,7104,7092,221,29,6.1
48.611951,7104,7088,221,29,6.1
48.711935,7104,7092,221,29,6.11
48.811976,7104,7088,221,29,6.11
48.911935,7104,7088,221,29,6.12
49.011958,7104,7080,221,29,6.12
49.111945,7104,7084,221,29,6.1
49.211952,7104,7084,221,29,6.1
49.311935,7104,7084,221,29,6.1
49.411951,7104,7088,221,29,6.11
49.511936,7104,7088,58,29,6.11
49.611951,7104,7084,58,29,6.11
49.711935,7104,7088,58,29,6.08
49.811977,7104,7088,221,29,6.08
49.911935,7104,7088,221,29,6.09
50.011949,7104,7088,221,28,6.09
50.111932,7104,7092,221,28,6.09
50.21198,7104,7084,221,28,6.09
50.311932,7104,7080,221,28,6.09
50.41198,7104,7084,221,28,6.1
50.511935,7104,7080,221,28,6.1
50.611991,7104,7080,221,28,6.1
50.711933,7104,7076,221,28,6.12
50.811949,7104,7084,221,28,6.12
50.911933,7104,7080,221,28,6.1
51.011951,7104,7076,221,28,6.1
51.111934,7104,7080,221,28,6.12
51.211952,7104,7080,221,28,6.12
51.311933,7104,7080,221,28,6.12
51.411977,7104,7080,221,28,6.1
51.511942,7104,7080,221,28,6.1
51.611952,7104,7080,221,28,6.1
51.711932,7104,7080,221,28,6.1
51.811952,7104,7080,221,28,6.1
51.911932,7104,7084,221,28,6.11
52.011952,7104,7080,221,28,6.11
52.111932,7104,7080,221,28,6.12
52.211949,7104,7076,426,28,6.12
52.311933,7104,7080,426,28,6.12
52.411951,7104,7080,426,28,6.12
52.511941,7104,7080,221,28,6.12
52.61195,7104,7080,221,28,6.12
52.711932,7104,7080,221,28,6.12
52.811985,7104,7080,221,28,6.12
52.911932,7104,7076,221,28,6.1
53.011955,7104,7080,221,28,6.1
53.111933,7104,7080,221,28,6.12
53.211959,7104,7080,221,28,6.12
53.311933,7104,7080,221,28,6.12
53.41195,7104,7080,221,28,6.11
53.511933,7104,7076,528,28,6.11
53.611951,7104,7080,528,28,6.11
53.711934,7104,7080,528,28,6.12
53.811951,7104,7080,221,28,6.12
53.911933,7104,7080,221,28,6.09
54.011949,7104,7076,221,28,6.09
54.111934,7104,7080,221,28,6.1
54.21195,7104,7076,426,28,6.1
54.311932,7104,7080,426,28,6.1
54.411951,7104,7080,426,28,6.07
54.511932,7104,7080,93,28,6.07
54.61195,7104,7076,93,28,6.07
54.711934,7104,7076,93,28,6.1
54.811948,7104,7080,52,28,6.1
54.911932,7104,7076,52,28,6.09
55.01195,7104,7076,52,29,6.09
55.111933,7104,7080,52,29,6.09
55.21195,7104,7076,221,29,6.09
55.311933,7104,7080,221,29,6.09
55.41195,7104,7080,221,29,6.11
55.511932,7104,7080,93,29,6.11
55.61195,7104,7080,93,29,6.11
55.711932,7104,7080,93,29,6.11
55.81195,7104,7076,528,29,6.11
55.911931,7104,7080,528,29,6.11
56.01195,7104,7076,528,29,6.11
56.111933,7104,7080,528,29,6.1
56.21195,7104,7080,221,29,6.1
56.311933,7104,7080,221,29,6.1
56.411956,7104,7080,221,29,6.09
56.511931,7104,7076,221,29,6.09
56.611951,7104,7080,221,29,6.09
56.711932,7104,7080,221,29,6.09
56.81195,7104,7076,385,29,6.09
56.911932,7104,7080,385,29,6.06
57.011949,7104,7076,385,29,6.06
57.111932,7104,7080,385,29,6.08
57.21195,7104,7076,257,29,6.08
57.311931,7104,7080,257,29,6.08
57.41195,7104,7072,257,29,6.06
57.511933,7104,7080,257,29,6.06
57.611951,7104,7080,257,29,6.06
57.711933,7104,7080,257,29,6.07
57.811951,7104,7076,462,29,6.07
57.911936,7104,7080,462,29,6.08
58.01195,7104,7080,462,28,6.08
58.111978,7104,7076,462,28,6.09
58.21195,7104,7080,221,28,6.09
58.311932,7104,7076,221,28,6.09
58.411949,7104,7080,221,28,6.11
58.511931,7104,7076,528,28,6.11
58.61195,7104,7080,528,28,6.11
58.711932,7104,7080,528,28,6.09
58.811958,7104,7080,58,28,6.09
58.911934,7104,7080,58,28,6.11
59.01195,7104,7076,58,28,6.11
59.111936,7104,7076,58,28,6.07
59.211951,7104,7080,426,28,6.07
59.311933,7104,7076,426,28,6.07
59.411953,7104,7076,426,28,6.06
59.511933,7104,7076,257,28,6.06
59.611951,7104,7076,257,28,6.06
59.711934,7104,7076,257,28,6.08
59.811952,7104,7076,257,28,6.08
59.911934,7104,7080,257,28,6.07
60.011952,7104,7076,257,28,6.07
60.111934,7104,7076,257,28,6.08
60.21195,7104,7080,221,28,6.08
60.311933,6732,7040,221,28,6.08
60.411944,6732,6736,221,28,6.12
60.511932,6732,6740,0,28,6.12
60.611981,6732,6736,0,28,6.12
60.711933,6732,6740,0,28,6.12
60.81196,6732,6740,221,28,6.12
60.911932,6732,6740,221,28,6.11
61.01195,6732,6740,221,28,6.11
61.111934,6732,6740,221,28,6.12
61.211952,6732,6740,221,28,6.12
61.311933,6732,6740,221,28,6.12
61.411951,6732,6740,221,28,6.12
61.511976,6732,6740,221,28,6.12
61.61195,6732,6740,221,28,6.12
61.711945,6732,6740,221,28,6.12
61.81195,6732,6740,221,28,6.12
61.911959,6732,6740,221,28,6.12
62.011949,6732,6740,221,28,6.12
62.111934,6732,6740,221,28,6.12
62.211951,6732,6740,221,28,6.12
62.311932,6732,6740,221,28,6.12
62.41195,6732,6740,221,28,6.12
62.511932,6732,6740,221,28,6.12
62.61195,6732,6740,221,28,6.12
62.711942,6732,6740,221,28,6.11
62.811952,6732,6740,204,28,6.11
62.911935,6732,6736,204,28,6.1
63.011951,6732,6736,204,28,6.1
63.111934,6732,6736,204,28,6.11
63.21195,6732,6736,0,28,6.11
63.311944,6732,6736,0,28,6.11
63.41195,6732,6736,0,28,6.11
63.511934,6732,6736,0,28,6.11
63.61195,7104,6736,0,28,6.11
63.711932,7104,7052,0,28,6.07
63.81195,7104,7072,293,28,6.07
63.911933,7104,7072,293,28,6.06
64.01195,7104,7072,293,28,6.06
64.11194,7104,7072,293,28,6.05
64.21195,7104,7076,221,28,6.05
64.311933,7104,7080,221,28,6.05
64.411949,7104,7076,221,28,6.08
64.511933,7104,7080,257,28,6.08
64.61195,7104,7080,257,28,6.08
64.711933,7104,7084,257,28,6.11
64.811951,7104,7076,221,28,6.11
64.911932,7104,7076,221,28,6.06
65.011977,7104,7080,221,28,6.06
65.111931,7104,7080,221,28,6.09
65.211949,7104,7080,52,28,6.09
65.311931,7104,7076,52,28,6.09
65.411981,7104,7080,52,28,6.09
65.511932,7104,7080,52,28,6.09
65.611948,7104,7080,52,28,6.09
65.711955,7104,7080,52,28,6.07
65.811948,7104,7080,52,28,6.07
65.911979,7104,7080,52,28,6.07
66.01195,7104,7080,52,28,6.07
66.111975,7104,7076,52,28,6.06
66.211949,7104,7080,93,28,6.06
66.311948,7104,7076,93,28,6.06
66.411949,7104,7080,93,28,6.1
66.511932,7104,7080,58,28,6.1
66.611948,7104,7076,58,28,6.1
66.711931,7104,7080,58,28,6.08
66.811948,7104,7076,257,28,6.08
66.911931,7104,7076,257,28,6.05
67.011948,7104,7076,257,28,6.05
67.111951,7104,7080,257,28,6.12
67.211949,7104,7076,257,28,6.12
67.311931,7104,7080,257,28,6.12
67.411948,7104,7076,257,28,6.08
67.51193,7104,7076,257,28,6.08
67.611949,7104,7072,257,28,6.08
67.711931,7104,7076,257,28,6.07
67.811949,7104,7076,257,28,6.07
67.911956,7104,7080,257,28,6.09
68.011949,7104,7076,257,28,6.09
68.111931,7104,7076,257,28,6.09
68.21195,7104,7076,385,28,6.09
68.311939,7104,7076,385,28,6.09
68.411949,7104,7080,385,28,6.09
68.511931,7104,7076,528,28,6.09
68.611956,7104,7080,528,28,6.09
68.711932,7104,7080,528,28,6.11
68.811948,7104,7076,257,28,6.11
68.911931,7104,7084,257,28,6.11
69.011958,7104,7080,257,28,6.11
69.111931,7104,7080,257,28,6.07
69.211949,7104,7080,221,28,6.07
69.31193,7104,7076,221,28,6.07
69.411948,7104,7080,221,28,6.09
69.511931,7104,7080,221,28,6.09
69.611948,7104,7076,221,28,6.09
69.711932,7104,7080,221,28,6.12
69.811932,7104,7084,58,28,6.12
69.91193,7104,7084,58,28,6.09
70.011934,7104,7084,58,29,6.09
70.111932,7104,7080,58,29,6.12
70.211933,7104,7088,17,29,6.12
70.311932,7104,7088,17,29,6.12
70.411975,7104,7088,17,29,6.12
70.511932,7104,7088,221,29,6.12
70.611933,7104,7088,221,29,6.12
70.711931,7104,7084,221,29,6.1
70.811933,7104,7088,221,29,6.1
70.911931,7104,7088,221,29,6.11
71.011931,7104,7088,221,29,6.11
71.11193,7104,7092,221,29,6.12
71.211935,7104,7092,221,29,6.12
71.311931,7104,7092,221,29,6.12
71.411932,7104,7088,221,29,6.11
71.511934,7104,7088,221,29,6.11
71.611931,7104,7092,221,29,6.11
71.711932,7104,7088,221,29,6.08
71.811933,7104,7096,221,29,6.08
71.911931,7104,7092,221,29,6.1
72.011932,7104,7088,221,29,6.1
72.111932,7104,7084,221,29,6.1
72.211931,7104,7084,221,29,6.1
72.311932,7104,7084,221,29,6.1
72.411932,7104,7084,221,29,6.1
72.511931,7104,7080,221,29,6.1
72.611932,7104,7084,221,29,6.1
72.71194,7104,7088,221,29,6.11
72.811932,7104,7080,221,29,6.11
72.911955,7104,7080,221,29,6.12
73.011932,7104,7076,221,29,6.12
73.11193,7104,7080,221,29,6.12
73.211932,7104,7080,93,29,6.12
73.311933,7104,7084,93,29,6.12
73.411941,7104,7072,93,29,6.06
73.511941,7104,7076,257,29,6.06
73.611932,7104,7080,257,29,6.06
73.711953,7104,7084,257,29,6.1
73.811948,7104,7080,221,29,6.1
73.911979,7104,7076,221,29,6.09
74.011949,7104,7080,221,29,6.09
74.11196,7104,7080,221,29,6.08
74.211986,7104,7080,221,29,6.08
74.311948,7104,7084,221,29,6.08
74.411999,7104,7080,221,29,6.09
74.51193,7104,7080,221,29,6.09
74.611931,7104,7080,221,29,6.09
74.711932,7104,7080,221,29,6.09
74.811933,7104,7084,58,29,6.09
74.911932,7104,7080,58,29,6.08
75.011932,7104,7084,58,29,6.08
75.111932,7104,7084,58,29,6.1
75.211932,7104,7080,221,29,6.1
75.31193,7104,7080,221,29,6.1
75.411945,7104,7080,221,29,6.07
75.511933,7104,7092,221,29,6.07
75.611932,7104,7096,221,29,6.07
75.711931,7104,7096,221,29,6.12
75.811932,7104,7088,221,29,6.12
75.911939,7104,7080,221,29,6.07
76.011931,7104,7080,221,29,6.07
76.111933,7104,7080,221,29,6.08
76.211932,7104,7076,257,29,6.08
76.311934,7104,7080,257,29,6.08
76.411932,7104,7076,257,29,6.07
76.511932,7104,7076,257,29,6.07
76.611932,7104,7080,257,29,6.07
76.711932,7104,7076,257,29,6.07
76.811932,7104,7076,257,29,6.07
76.911931,7104,7076,257,29,6.08
77.011933,7104,7080,257,29,6.08
77.111931,7104,7076,257,29,6.1
77.211933,7104,7080,52,29,6.1
77.311931,7104,7076,52,29,6.1
77.411932,7104,7076,52,29,6.07
77.511932,7104,7080,221,29,6.07
77.611932,7104,7080,221,29,6.07
77.711931,7104,7076,221,29,6.11
77.811932,7104,7076,257,29,6.11
77.911947,7104,7076,257,29,6.07
78.011932,7104,7080,257,29,6.07
78.11193,7104,7084,257,29,6.1
78.211941,7104,7076,257,29,6.1
78.31193,7104,7080,257,29,6.1
78.411932,7104,7080,257,29,6.1
78.51194,7104,7084,221,29,6.1
78.611933,7104,7080,221,29,6.1
78.711931,7104,7080,221,29,6.12
78.811932,7104,7076,257,29,6.12
78.911933,7104,7076,257,29,6.09
79.011933,7104,7076,257,29,6.09
79.111932,7104,7076,257,29,6.09
79.211934,7104,7080,221,29,6.09
79.311931,7104,7080,221,29,6.09
79.411977,7104,7076,221,29,6.09
79.511932,7104,7080,221,29,6.09
79.611945,7104,7080,221,29,6.09
79.711932,7104,7076,221,29,6.09
79.811975,7104,7080,221,29,6.09
79.911931,7104,7076,221,29,6.06
80.011931,7104,7076,221,29,6.06
80.111931,7104,7072,221,29,6.07
80.211933,7104,7076,426,29,6.07
80.311931,7104,7080,426,29,6.07
80.411949,7104,7076,426,29,6.1
80.511944,7104,7076,426,29,6.1
80.611932,7104,7076,426,29,6.1
80.711933,7104,7076,426,29,6.09
80.811933,7104,7076,257,29,6.09
80.911932,7104,7080,257,29,6.09
81.011933,7104,7076,257,29,6.09
81.111932,7104,7076,257,29,6.08
81.211933,7104,7076,221,29,6.08
81.311932,7104,7080,221,29,6.08
81.411933,7104,7080,221,29,6.08
81.511932,7104,7080,221,29,6.08
81.611932,7104,7076,221,29,6.08
81.711932,7104,7076,221,29,6.1
81.811933,7104,7076,385,29,6.1
81.911931,7104,7076,385,29,6.08
82.011933,7104,7080,385,29,6.08
82.111932,7104,7080,385,29,6.1
82.211942,7104,7080,221,29,6.1
82.311932,7104,7080,221,29,6.1
82.411931,7104,7076,221,29,6.08
82.511931,7104,7080,221,29,6.08
82.611932,7104,7076,221,29,6.08
82.711933,7104,7080,221,29,6.12
82.811933,7104,7080,221,29,6.12
82.911949,7104,7080,221,29,6.11
83.011932,7104,7076,221,29,6.11
83.111939,7104,7080,221,29,6.12
83.211931,7104,7076,221,29,6.12
83.311929,7104,7080,221,29,6.12
83.411931,7104,7076,221,29,6.08
83.511931,7104,7076,221,29,6.08
83.611931,7104,7080,221,29,6.08
83.711931,7104,7080,221,29,6.1
83.811932,7104,7080,221,29,6.1
83.911932,7104,7080,221,29,6.08
84.011931,7104,7080,221,29,6.08
84.111934,7104,7076,221,29,6.09
84.211948,7104,7080,257,29,6.09
84.31193,7104,7076,257,29,6.09
84.411931,7104,7080,257,29,6.1
84.51194,7104,7076,257,29,6.1
84.611932,7104,7084,257,29,6.1
84.71193,7104,7084,257,29,6.1
84.811933,7104,7080,221,29,6.1
84.911931,7104,7080,221,29,6.12
85.011932,7104,7080,221,29,6.12
85.111932,7104,7084,221,29,6.09
85.211932,7104,7080,385,29,6.09
85.311932,7104,7080,385,29,6.09
85.411949,7104,7076,385,29,6.07
85.511932,7104,7076,257,29,6.07
85.611933,6732,7040,257,29,6.07
85.711931,6732,6740,257,29,6.11
85.81194,6732,6736,0,29,6.11
85.911932,6732,6740,0,29,6.11
86.011936,6732,6744,0,29,6.11
86.111931,6732,6740,0,29,6.11
86.211985,6732,6740,221,29,6.11
86.311931,6732,6740,221,29,6.11
86.411958,6732,6740,221,29,6.11
86.511932,6732,6740,221,29,6.11
86.611931,6732,6740,221,29,6.11
86.711932,6732,6740,221,29,6.11
86.811933,6732,6740,221,29,6.11
86.911932,6732,6740,221,29,6.11
87.011932,6732,6740,221,29,6.11
87.111933,6732,6740,221,29,6.12
87.211931,6732,6740,221,29,6.12
87.311951,6732,6740,221,29,6.12
87.411932,6732,6740,221,29,6.11
87.511952,6732,6740,221,29,6.11
87.611934,6732,6740,221,29,6.11
87.711949,6732,6740,221,29,6.12
87.811932,6732,6740,221,29,6.12
87.911947,6732,6740,221,29,6.12
88.011932,6732,6740,221,29,6.12
88.111932,6732,6740,221,29,6.12
88.211944,6732,6740,58,29,6.12
88.311931,6732,6736,58,29,6.12
88.411932,6732,6740,58,29,6.11
88.51193,6732,6736,0,29,6.11
88.611932,6732,6736,0,29,6.11
88.711931,6732,6736,0,29,6.11
88.811934,6732,6736,0,29,6.11
88.911932,6732,6736,0,29,6.12
89.011931,6732,6736,0,29,6.12
89.111931,6732,6736,0,29,6.12
89.211932,6732,6736,0,29,6.12
89.31193,6732,6740,0,29,6.12
89.411932,6732,6740,0,29,6.11
89.511938,6732,6740,221,29,6.11
89.611933,6732,6736,221,29,6.11
89.711931,6732,6736,221,29,6.11
89.811933,6732,6736,0,29,6.11
89.91193,6732,6736,0,29,6.12
90.011933,6732,6736,0,29,6.12
90.111931,6732,6736,0,29,6.12
90.211932,6732,6736,0,29,6.12
90.311932,6732,6736,0,29,6.12
90.411949,6732,6736,0,29,6.11
90.511932,6732,6736,0,29,6.11
90.611932,6732,6736,0,29,6.11
90.711932,6732,6736,0,29,6.11
90.811931,6732,6736,0,29,6.11
90.91194,6732,6736,0,29,6.12
91.011932,6732,6736,0,29,6.12
91.111931,6732,6736,0,29,6.12
91.211931,6732,6736,0,29,6.12
91.31192,6732,6736,0,29,6.12
91.411919,6732,6736,0,29,6.12
91.511918,6732,6736,0,29,6.12
91.611919,6732,6736,0,29,6.12
91.711918,6732,6736,0,29,6.12
91.811922,6732,6736,0,29,6.12
91.911918,6732,6736,0,29,6.12
92.011919,6732,6736,0,29,6.12
92.11192,6732,6736,0,29,6.12
92.211919,6732,6736,0,29,6.12
92.311926,6732,6736,0,29,6.12
92.41192,6732,6736,0,29,6.11
92.511925,6732,6736,0,29,6.11
92.611919,6732,6736,0,29,6.11
92.711919,6732,6736,0,29,6.12
92.811923,6732,6736,0,29,6.12
92.911918,6732,6736,0,29,6.12
93.011919,6732,6736,0,29,6.12
93.111937,6732,6736,0,29,6.11
93.21192,6732,6740,0,29,6.11
93.311958,6732,6736,0,29,6.11
93.41192,6732,6736,0,29,6.11
93.511943,6732,6736,0,29,6.11
93.611923,6732,6736,0,29,6.11
93.711948,6732,6736,0,29,6.11
93.811921,6732,6736,0,29,6.11
93.911936,6732,6736,0,29,6.11
94.011919,6732,6736,0,29,6.11
94.111918,6732,6736,0,29,6.12
94.211937,6732,6736,0,29,6.12
94.311919,6732,6736,0,29,6.12
94.411936,6732,6736,0,29,6.11
94.511919,6732,6736,0,29,6.11
94.61192,6732,6736,0,29,6.11
94.711919,6732,6736,0,29,6.1
94.81192,6732,6736,0,29,6.1
94.911919,6732,6736,0,29,6.12
95.01192,6732,6736,0,29,6.12
95.111919,6732,6736,0,29,6.12
95.211921,6732,6736,0,29,6.12
95.311919,6732,6736,0,29,6.12
95.41192,6732,6736,0,29,6.12
95.511919,6732,6736,0,29,6.12
95.61192,6732,6736,0,29,6.12
95.711919,6732,6736,0,29,6.12
95.81192,6732,6736,0,29,6.12
95.911919,6732,6736,0,29,6.11
96.011921,6732,6736,0,29,6.11
96.111919,6732,6736,0,29,6.12
96.211921,6732,6736,0,29,6.12
96.31192,6732,6736,0,29,6.12
96.41192,6732,6736,0,29,6.11
96.511919,6732,6736,0,29,6.11
96.61192,6732,6736,0,29,6.11
96.711918,6732,6736,0,29,6.12
96.81192,6732,6736,0,29,6.12
96.911919,6732,6736,0,29,6.12
97.01192,6732,6736,0,29,6.12
97.111918,6732,6736,0,29,6.11
97.21192,6732,6736,0,29,6.11
97.311919,6732,6736,0,29,6.11
97.411938,6732,6736,0,29,6.12
97.511919,6732,6736,0,29,6.12
97.611933,6732,6736,0,29,6.12
97.711918,6732,6736,0,29,6.12
97.811957,6732,6736,0,29,6.12
97.911919,6732,6736,0,29,6.12
98.011919,6732,6736,0,29,6.12
98.111928,6732,6736,0,29,6.12
98.211919,6732,6736,0,29,6.12
98.311919,6732,6736,0,29,6.12
98.411921,6732,6736,0,29,6.12
98.511919,6732,6736,0,29,6.12
98.61192,6732,6736,0,29,6.12
98.71192,6732,6736,0,29,6.1
98.811921,6732,6736,0,29,6.1
98.911919,6732,6736,0,29,6.12
99.01192,6732,6736,0,29,6.12
99.11192,6732,6736,0,29,6.12
99.21192,6732,6736,0,29,6.12
99.311919,6732,6736,0,29,6.12
99.411921,6732,6736,0,29,6.1
99.511921,6732,6736,0,29,6.1
99.611919,6732,6736,0,29,6.1
99.711919,6732,6736,0,29,6.12
99.811919,6732,6736,0,29,6.12
99.911919,6732,6736,0,29,6.12
100.011919,6732,6736,0,29,6.12
100.111918,6732,6736,0,29,6.12
100.211922,6732,6736,0,29,6.12
100.311919,6732,6736,0,29,6.12
100.411919,6732,6736,0,29,6.12
100.511919,6732,6736,0,29,6.12
100.611919,6732,6736,0,29,6.12
100.711919,6732,6736,0,29,6.12
100.811927,6732,6736,0,29,6.12
100.911919,6732,6736,0,29,6.12
101.01192,6732,6736,0,29,6.12
101.111919,6732,6736,0,29,6.12
101.211919,6732,6736,0,29,6.12
101.311919,6732,6736,0,29,6.12
101.41192,6732,6736,0,29,6.12
101.511921,6732,6736,0,29,6.12
101.611919,6732,6736,0,29,6.12
101.71192,6732,6736,0,29,6.12
101.811921,6732,6736,0,29,6.12
101.911919,6732,6736,0,29,6.12
102.011919,6732,6736,0,29,6.12
102.111918,6732,6736,0,29,6.12
102.21192,6732,6736,0,29,6.12
102.311918,6732,6736,0,29,6.12
102.411938,6732,6736,0,29,6.12
102.511918,6732,6736,0,29,6.12
102.61192,6732,6736,0,29,6.12
102.711919,6732,6736,0,29,6.12
102.811918,6732,6736,0,29,6.12
102.911919,6732,6736,0,29,6.12
103.011918,6732,6736,0,29,6.12
103.111918,6732,6736,0,29,6.12
103.211922,6732,6736,0,29,6.12
103.31192,6732,6736,0,29,6.12
103.411919,6732,6736,0,29,6.12
103.511919,6732,6736,0,29,6.12
103.611933,6732,6736,0,29,6.12
103.711919,6732,6736,0,29,6.11
103.811927,6732,6736,0,29,6.11
103.911919,6732,6736,0,29,6.12
104.011921,6732,6736,0,29,6.12
104.111919,6732,6736,0,29,6.12
104.211919,6732,6736,0,29,6.12
104.311919,6732,6736,0,29,6.12
104.41192,6732,6736,0,29,6.11
104.511919,6732,6736,0,29,6.11
104.611937,6732,6736,0,29,6.11
104.711919,6732,6736,0,29,6.12
104.81192,6732,6736,0,29,6.12
104.91192,6732,6736,0,29,6.12
105.011918,6732,6736,0,29,6.12
105.11194,6732,6736,0,29,6.1
105.211919,6732,6736,0,29,6.1
105.31192,6732,6736,0,29,6.1
105.41192,6732,6736,0,29,6.12
105.511929,6732,6736,0,29,6.12
105.611937,6732,6736,0,29,6.12
105.711919,6732,6736,0,29,6.11
105.81192,6732,6736,0,29,6.11
105.911921,6732,6736,0,29,6.11
106.01192,6732,6736,0,29,6.11
106.111919,6732,6736,0,29,6.12
106.211919,6732,6736,0,29,6.12
106.311927,6732,6736,0,29,6.12
106.41192,6732,6736,0,29,6.12
106.511936,6732,6736,0,29,6.12
106.611935,6732,6736,0,29,6.12
106.711938,6732,6736,0,29,6.12
106.811935,6732,6736,0,29,6.12
106.911936,6732,6736,0,29,6.12
107.011975,6732,6736,0,29,6.12
107.11193,6732,6736,0,29,6.12
107.211936,6732,6736,0,29,6.12
107.311949,6732,6736,0,29,6.12
107.411919,6732,6736,0,29,6.11
107.511936,6732,6736,0,29,6.11
107.611936,6732,6736,0,29,6.11
107.711918,6732,6736,0,29,6.11
107.811923,6732,6736,0,29,6.11
107.911919,6732,6736,0,29,6.1
108.011919,6732,6736,0,29,6.1
108.111935,6732,6736,0,29,6.11
108.211918,6732,6736,0,29,6.11
108.311919,6732,6736,0,29,6.11
108.411919,6732,6736,0,29,6.12
108.511918,6732,6736,0,29,6.12
108.611935,6732,6736,0,29,6.12
108.711917,6732,6736,0,29,6.12
108.811919,6732,6736,0,29,6.12
108.911918,6732,6736,0,29,6.12
109.011918,7104,6736,0,29,6.12
109.11192,7104,7072,0,29,6.06
109.211919,7104,7072,293,29,6.06
109.311919,7104,7076,293,29,6.06
109.41192,7104,7076,293,29,6.05
109.511919,7104,7076,257,29,6.05
109.611919,7104,7076,257,29,6.05
109.711919,7104,7080,257,29,6.07
109.811923,7104,7076,426,29,6.07
109.911919,7104,7076,426,29,6.1
110.011919,7104,7080,426,29,6.1
110.111918,7104,7076,426,29,6.08
110.211918,7104,7080,93,29,6.08
110.311916,7104,7076,93,29,6.08
110.411919,7104,7076,93,29,6.05
110.511918,7104,7076,257,29,6.05
110.611918,7104,7072,257,29,6.05
110.711917,7104,7076,257,29,6.06
110.811917,7104,7072,293,29,6.06
110.911917,7104,7072,293,29,6.08
111.011919,7104,7076,293,29,6.08
111.111919,7104,7076,293,29,6.06
111.211917,7104,7072,293,29,6.06
111.311916,7104,7072,293,29,6.06
111.411917,7104,7072,293,29,6.08
111.511916,7104,7072,257,29,6.08
111.611917,7104,7076,257,29,6.08
111.711916,7104,7076,257,29,6.05
111.811918,7104,7080,426,29,6.05
111.911917,7104,7076,426,29,6.04
112.011919,7104,7076,426,29,6.04
112.111916,7104,7080,426,29,6.07
112.211917,7104,7080,221,29,6.07
112.311917,7104,7080,221,29,6.07
112.411918,7104,7080,221,29,6.1
112.511917,7104,7084,122,29,6.1
112.611918,7104,7080,122,29,6.1
112.711925,7104,7080,122,29,6.1
112.811918,7104,7080,221,29,6.1
112.911918,7104,7084,221,29,6.08
113.011918,7104,7084,221,29,6.08
113.111917,7104,7080,221,29,6.12
113.211954,7104,7076,257,29,6.12
113.311925,7104,7076,257,29,6.12
113.411916,7104,7076,257,29,6.08
113.511916,7104,7076,257,29,6.08
113.611918,7104,7076,257,29,6.08
113.711919,7104,7076,257,29,6.08
113.811918,7104,7080,221,29,6.08
113.911919,7104,7080,221,29,6.09
114.011918,7104,7080,221,29,6.09
114.111917,7104,7080,221,29,6.09
114.211923,7104,7072,293,29,6.09
114.311917,7104,7076,293,29,6.09
114.411919,7104,7076,293,29,6.07
114.511918,7104,7076,257,29,6.07
114.611918,7104,7076,257,29,6.07
114.711917,7104,7080,257,29,6.09
114.811917,7104,7076,257,29,6.09
114.91193,7104,7076,257,29,6.06
115.011918,7104,7076,257,29,6.06
115.111917,7104,7076,257,29,6.07
115.21192,7104,7076,257,29,6.07
115.311916,7104,7076,257,29,6.07
115.411918,7104,7080,257,29,6.08
115.511917,7104,7080,221,29,6.08
115.611918,7104,7076,221,29,6.08
115.711917,7104,7076,221,29,6.09
115.811918,7104,7080,87,29,6.09
115.911928,7104,7080,87,29,6.1
116.011918,7104,7080,87,29,6.1
116.111918,7104,7076,87,29,6.1
116.211917,7104,7080,17,29,6.1
116.311916,7104,7080,17,29,6.1
116.411917,7104,7076,17,29,6.12
116.511916,7104,7080,93,29,6.12
116.611919,7104,7076,93,29,6.12
116.711917,7104,7076,93,29,6.1
116.81192,7104,7080,221,29,6.1
116.911932,7104,7076,221,29,6.09
117.011918,7104,7080,221,29,6.09
117.111917,7104,7080,221,29,6.08
117.211918,7104,7080,221,29,6.08
117.311916,7104,7076,221,29,6.08
117.411918,7104,7080,221,29,6.08
117.511917,7104,7076,385,29,6.08
117.611918,7104,7080,385,29,6.08
117.711917,7104,7080,385,29,6.12
117.811919,7104,7080,221,29,6.12
117.911931,7104,7080,221,29,6.1
118.011921,7104,7076,221,29,6.1
118.111916,7104,7080,221,29,6.12
118.211918,7104,7076,257,29,6.12
118.311925,7104,7080,257,29,6.12
118.41193,7104,7080,257,29,6.1
118.511917,7104,7080,221,29,6.1
118.611947,7104,7080,221,29,6.1
118.711917,7104,7084,221,29,6.11
118.811945,7104,7080,93,29,6.11
118.911928,7104,7080,93,29,6.09
119.011918,7104,7080,93,29,6.09
119.111916,7104,7084,93,29,6.1
119.211918,7104,7080,221,29,6.1
119.311917,7104,7080,221,29,6.1
119.411916,7104,7080,221,29,6.08
119.511917,7104,7080,221,29,6.08
119.611919,7104,7076,221,29,6.08
119.711929,7104,7080,221,29,6.1
119.81192,7104,7080,93,29,6.1
119.911977,7104,7080,93,29,6.12
120.011919,7104,7084,93,29,6.12
120.111933,7104,7076,93,29,6.06
120.211935,7104,7084,58,29,6.06
120.311917,7104,7080,58,29,6.06
120.41194,7104,7080,58,29,6.09
120.511917,7104,7080,385,29,6.09
120.611948,7104,7076,385,29,6.09
120.711918,7104,7076,385,29,6.06
120.811934,7104,7076,257,29,6.06
120.911918,7104,7080,257,29,6.08
121.011916,7104,7072,257,29,6.08
121.111918,7104,7076,257,29,6.09
121.211917,7104,7076,221,29,6.09
121.311925,7104,7080,221,29,6.09
121.411916,7104,7080,221,29,6.09
121.511928,7104,7076,257,29,6.09
121.611918,7104,7084,257,29,6.09
121.711916,7104,7084,257,29,6.11
121.811918,7104,7080,221,29,6.11
121.911918,7104,7076,221,29,6.07
122.011917,7104,7080,221,29,6.07
122.111917,7104,7076,221,29,6.11
122.211919,7104,7076,426,29,6.11
122.311917,7104,7076,426,29,6.11
122.411918,7104,7080,426,29,6.08
122.511917,7104,7080,221,29,6.08
122.611916,7104,7080,221,29,6.08
122.711918,7104,7080,221,29,6.08
122.81192,7104,7080,221,29,6.08
122.911927,7104,7088,221,29,6.1
123.011917,7104,7080,221,29,6.1
123.111917,7104,7080,221,29,6.12
123.211917,7104,7076,257,29,6.12
123.311919,7104,7080,257,29,6.12
123.411919,7104,7076,257,29,6.06
123.511917,7104,7080,322,29,6.06
123.611918,7104,7080,322,29,6.06
123.711917,7104,7076,322,29,6.1
123.811919,7104,7080,221,29,6.1
123.911926,7104,7084,221,29,6.09
124.011917,7104,7084,221,29,6.09
124.111917,7104,7084,221,29,6.09
124.211917,7104,7080,221,29,6.09
124.311917,7104,7080,221,29,6.09
124.411918,7104,7084,221,29,6.11
124.511935,7104,7080,93,29,6.11
124.611917,7104,7080,93,29,6.11
124.71192,7104,7080,93,29,6.1
124.811917,7104,7076,257,29,6.1
124.911917,7104,7080,257,29,6.09
125.011918,7104,7080,257,29,6.09
125.11192,7104,7080,257,29,6.09
125.211919,7104,7080,93,29,6.09
125.311917,7104,7080,93,29,6.09
125.411917,7104,7080,93,29,6.08
125.511918,7104,7080,221,29,6.08
125.611917,7104,7076,221,29,6.08
125.711917,7104,7076,221,29,6.1
125.811917,7104,7080,491,29,6.1
125.911917,7104,7076,491,29,6.08
126.011917,7104,7076,491,29,6.08
126.111917,7104,7080,491,29,6.08
126.211917,7104,7080,93,29,6.08
126.311926,7104,7080,93,29,6.08
126.411918,7104,7080,93,29,6.08
126.511917,7104,7084,221,29,6.08
126.611917,7104,7080,221,29,6.08
126.711935,7104,7080,221,29,6.08
126.811918,7104,7080,221,29,6.08
126.911918,7104,7072,221,29,6.05
127.011918,7104,7076,221,29,6.05
127.111925,7104,7076,221,29,6.07
127.211918,7104,7076,257,29,6.07
127.311916,7104,7076,257,29,6.07
127.411917,7104,7080,257,29,6.09
127.511935,7104,7076,34,29,6.09
127.611918,7104,7076,34,29,6.09
127.711917,7104,7080,34,29,6.08
127.811917,7104,7076,564,29,6.08
127.911917,7104,7076,564,29,6.07
128.011919,7104,7076,564,29,6.07
128.111918,7104,7080,564,29,6.08
128.211925,7104,7076,221,29,6.08
128.311918,7104,7080,221,29,6.08
128.411918,7104,7084,221,29,6.1
128.511918,7104,7084,58,29,6.1
128.611918,7104,7088,58,29,6.1
128.711917,7104,7080,58,29,6.1
128.811917,7104,7080,426,29,6.1
128.911916,7104,7076,426,29,6.09
129.011919,7104,7076,426,29,6.09
129.111917,7104,7080,426,29,6.08
129.211918,7104,7076,221,29,6.08
129.311917,7104,7080,221,29,6.08
129.411917,7104,7080,221,29,6.08
129.511917,7104,7084,58,29,6.08
129.611918,7104,7080,58,29,6.08
129.711918,7104,7080,58,29,6.1
129.811917,7104,7084,221,29,6.1
129.911918,7104,7080,221,29,6.1
130.011917,7104,7080,221,29,6.1
130.111917,7104,7080,221,29,6.1
130.21192,7104,7080,221,29,6.1
130.311917,7104,7088,221,29,6.1
130.411917,7104,7084,221,29,6.09
130.511917,7104,7080,221,29,6.09
130.611926,7104,7080,221,29,6.09
130.711925,7104,7084,221,29,6.1
130.811919,7104,7084,17,29,6.1
130.911949,7104,7084,17,29,6.1
131.011918,7104,7084,17,29,6.1
131.111976,7104,7084,17,29,6.11
131.211918,7104,7076,221,29,6.11
131.311937,7104,7076,221,29,6.11
131.411917,7104,7076,221,29,6.09
131.511935,7104,7080,52,29,6.09
131.611928,7104,7080,52,29,6.09
131.711927,7104,7080,52,29,6.09
131.811919,7104,7084,58,29,6.09
131.911917,7104,7084,58,29,6.1
132.011919,7104,7084,58,29,6.1
132.111934,7104,7084,58,29,6.08
132.211918,7104,7076,385,29,6.08
132.311917,7104,7080,385,29,6.08
132.411918,7104,7076,385,29,6.08
132.511929,7104,7076,385,29,6.08
132.611918,7104,7076,385,29,6.08
132.711936,7104,7076,385,29,6.07
132.811918,7104,7076,221,29,6.07
132.911917,7104,7080,221,29,6.09
133.011979,7104,7080,221,29,6.09
133.111918,7104,7076,221,29,6.08
133.211946,7104,7080,221,29,6.08
133.311916,7104,7076,221,29,6.08
133.411918,7104,7076,221,29,6.06
133.511925,7104,7080,52,29,6.06
133.611918,7104,7080,52,29,6.06
133.711918,7104,7080,52,29,6.11
133.811917,7104,7080,221,29,6.11
133.911917,7104,7080,221,29,6.11
134.011918,7104,7076,221,29,6.11
134.111918,7104,7076,221,29,6.08
134.211917,7104,7080,281,29,6.08
134.311918,7104,7080,281,29,6.08
134.411918,7104,7080,281,29,6.1
134.511916,7104,7080,221,29,6.1
134.611917,7104,7080,221,29,6.1
134.711918,7104,7080,221,29,6.06
134.811919,7104,7084,221,29,6.06
134.911916,7104,7084,221,29,6.09
135.011918,7104,7084,221,29,6.09
135.111926,7104,7084,221,29,6.1
135.211919,7104,7092,221,29,6.1
135.311917,7104,7092,221,29,6.1
135.411918,7104,7092,221,29,6.09
135.511917,7104,7092,58,29,6.09
135.611927,7104,7092,58,29,6.09
135.711917,7104,7092,58,29,6.1
135.811925,7104,7088,221,29,6.1
135.911918,7104,7088,221,29,6.12
136.011917,7104,7084,221,29,6.12
136.111917,7104,7096,221,29,6.12
136.211918,7104,7088,221,29,6.12
136.311918,7104,7084,221,29,6.12
136.411921,7104,7084,221,29,6.1
136.511918,7104,7080,160,29,6.1
136.611918,7104,7080,160,29,6.1
136.711921,7104,7080,160,29,6.1
136.811919,7104,7080,221,29,6.1
136.911922,7104,7076,221,29,6.1
137.011918,7104,7076,221,29,6.1
137.111924,7104,7076,221,29,6.09
137.211919,7104,7080,221,29,6.09
137.311916,7104,7076,221,29,6.09
137.411918,7104,7080,221,29,6.11
137.511925,7104,7076,221,29,6.11
137.611918,7104,7084,221,29,6.11
137.711915,7104,7080,221,29,6.12
137.811918,7104,7080,221,29,6.12
137.911917,7104,7076,221,29,6.08
138.011917,7104,7080,221,29,6.08
138.111925,7104,7080,221,29,6.11
138.211918,7104,7080,257,29,6.11
138.311916,7104,7076,257,29,6.11
138.411927,7104,7080,257,29,6.08
138.511924,7104,7080,221,29,6.08
138.611917,7104,7080,221,29,6.08
138.711917,7104,7080,221,29,6.1
138.81192,7104,7076,257,29,6.1
138.911918,7104,7076,257,29,6.09
139.011917,7104,7080,257,29,6.09
139.111916,7104,7080,257,29,6.1
139.211917,7104,7080,160,29,6.1
139.311925,7104,7080,160,29,6.1
139.411917,7104,7076,160,29,6.08
139.511918,7104,7076,221,29,6.08
139.611918,7104,7080,221,29,6.08
139.711918,7104,7080,221,29,6.1
139.811918,7104,7080,528,29,6.1
139.911918,7104,7080,528,29,6.12
140.011917,7104,7076,528,29,6.12
140.111918,7104,7080,528,29,6.08
140.211919,7104,7080,221,29,6.08
140.311917,7104,7080,221,29,6.08
140.411919,7104,7080,221,29,6.08
140.511917,7104,7076,257,29,6.08
140.611917,7104,7080,257,29,6.08
140.711917,7104,7076,257,29,6.12
140.811918,7104,7076,426,29,6.12
140.911916,7104,7076,426,29,6.12
141.011918,7104,7080,426,29,6.12
141.111917,7104,7076,426,29,6.11
141.211917,7104,7076,221,29,6.11
141.311916,7104,7080,221,29,6.11
141.411918,7104,7076,221,29,6.12
141.511917,7104,7080,221,29,6.12
141.611926,7104,7076,221,29,6.12
141.711917,7104,7084,221,29,6.12
141.811918,7104,7080,221,29,6.12
141.911916,7104,7076,221,29,6.11
142.011917,7104,7076,221,29,6.11
142.111918,7104,7088,221,29,6.09
142.211919,7104,7084,58,29,6.09
142.311917,7104,7084,58,29,6.09
142.411918,7104,7080,58,29,6.1
142.511918,7104,7080,221,29,6.1
142.611919,7104,7080,221,29,6.1
142.711916,7104,7080,221,29,6.1
142.811918,7104,7080,221,29,6.1
142.911916,7104,7080,221,29,6.1
143.011917,7104,7080,221,29,6.1
143.111918,7104,7076,221,29,6.12
143.211919,7104,7076,257,29,6.12
143.311916,7104,7076,257,29,6.12
143.41192,7104,7080,257,29,6.08
143.511916,7104,7076,257,29,6.08
143.61195,7104,7080,257,29,6.08
143.711917,7104,7076,257,29,6.08
143.811934,7104,7080,221,29,6.08
143.911917,7104,7080,221,29,6.12
144.01195,7104,7076,221,29,6.12
144.111918,7104,7076,221,29,6.12
144.211951,7104,7080,221,29,6.12
144.311917,7104,7080,221,29,6.12
144.411946,7104,7080,221,29,6.06
144.511918,7104,7080,93,29,6.06
144.611935,7104,7076,93,29,6.06
144.711918,7104,7076,93,29,6.1
144.811926,7104,7080,221,29,6.1
144.911918,7104,7080,221,29,6.09
145.011918,7104,7080,221,29,6.09
145.111917,7104,7080,221,29,6.07
145.211917,7104,7076,257,29,6.07
145.311924,7104,7076,257,29,6.07
145.411918,7104,7076,257,29,6.08
145.511935,7104,7080,221,29,6.08
145.611918,7104,7080,221,29,6.08
145.711938,7104,7080,221,29,6.08
145.811918,7104,7076,221,29,6.08
145.911946,7104,7076,221,29,6.09
146.011918,7104,7076,221,29,6.09
146.111946,7104,7080,221,29,6.12
146.211918,7104,7080,160,29,6.12
146.311917,7104,7080,160,29,6.12
146.411918,7104,7076,160,29,6.09
146.511916,7104,7080,426,29,6.09
146.611918,7104,7080,426,29,6.09
146.711917,7104,7084,426,29,6.1
146.811919,7104,7088,221,29,6.1
146.911917,7104,7084,221,29,6.1
147.011918,7104,7084,221,29,6.1
147.111917,7104,7084,221,29,6.11
147.211918,7104,7084,385,29,6.11
147.311918,7104,7084,385,29,6.11
147.411917,7104,7084,385,29,6.1
147.511917,7104,7084,455,29,6.1
147.611918,7104,7088,455,29,6.1
147.71192,7104,7084,455,29,6.11
147.811926,7104,7088,455,29,6.11
147.911917,7104,7088,455,29,6.1
148.011917,7104,7088,455,29,6.1
148.111917,7104,7088,455,29,6.1
148.211918,7104,7088,221,29,6.1
148.311934,7104,7088,221,29,6.1
148.411918,7104,7088,221,29,6.12
148.511926,7104,7088,221,29,6.12
148.611917,7104,7084,221,29,6.12
148.711917,7104,7084,221,29,6.11
148.811918,7104,7084,385,29,6.11
148.911918,7104,7084,385,29,6.11
149.011918,7104,7084,385,29,6.11
149.111917,7104,7084,385,29,6.1
149.211918,7104,7084,221,29,6.1
149.311917,7104,7084,221,29,6.1
149.411918,7104,7080,221,29,6.09
149.511918,7104,7080,93,29,6.09
149.611916,7104,7080,93,29,6.09
149.711916,7104,7076,93,29,6.1
149.811917,7104,7080,257,29,6.1
149.911917,7104,7076,257,29,6.08
150.011918,7104,7076,257,29,6.08
150.111917,7104,7076,257,29,6.07
150.211926,7104,7076,257,29,6.07
150.311925,7104,7076,257,29,6.07
150.411918,7104,7076,257,29,6.1
150.511917,7104,7076,385,29,6.1
150.611917,7104,7076,385,29,6.1
150.711916,7104,7076,385,29,6.09
150.811917,7104,7076,257,29,6.09
150.911918,7104,7076,257,29,6.09
151.011917,7104,7076,257,29,6.09
151.111925,7104,7080,257,29,6.09
151.211918,7104,7080,160,29,6.09
151.311916,7104,7080,160,29,6.09
151.411917,7104,7080,160,29,6.1
151.511916,7104,7076,385,29,6.1
151.611917,7104,7072,385,29,6.1
151.711917,7104,7080,385,29,6.09
151.811918,7104,7080,221,29,6.09
151.911916,7104,7080,221,29,6.07
152.011918,7104,7080,221,29,6.07
152.111917,7104,7080,221,29,6.09
152.211918,7104,7080,257,29,6.09
152.311918,7104,7080,257,29,6.09
152.411917,7104,7076,257,29,6.1
152.511917,7104,7076,385,29,6.1
152.611918,7104,7076,385,29,6.1
152.711917,7104,7076,385,29,6.09
152.811918,7104,7076,221,29,6.09
152.911917,7104,7076,221,29,6.09
153.011918,7104,7080,221,29,6.09
153.111917,7104,7084,221,29,6.1
153.211917,7104,7080,221,29,6.1
153.311917,7104,7080,221,29,6.1
153.411918,7104,7080,221,29,6.08
153.511918,7104,7084,221,29,6.08
153.611918,7104,7084,221,29,6.08
153.711919,7104,7084,221,29,6.09
153.81192,7104,7080,221,29,6.09
153.911917,7104,7088,221,29,6.09
154.011918,7104,7084,221,29,6.09
154.111918,7104,7084,221,29,6.11
154.211918,7104,7084,385,29,6.11
154.311918,7104,7080,385,29,6.11
154.411921,7104,7080,385,29,6.11
154.511938,7104,7084,221,29,6.11
154.611918,7104,7080,221,29,6.11
154.711919,7104,7080,221,29,6.09
154.811917,7104,7080,221,29,6.09
154.911925,7104,7076,221,29,6.07
155.011917,7104,7076,221,30,6.07
155.111931,7104,7084,221,30,6.1
155.211918,7104,7080,221,30,6.1
155.311948,7104,7080,221,30,6.1
155.411917,7104,7080,221,30,6.12
155.511931,7104,7080,221,30,6.12
155.611921,7104,7080,221,30,6.12
155.711947,7104,7080,221,30,6.12
155.811936,7104,7080,385,30,6.12
155.911945,7104,7080,385,30,6.09
156.011934,7104,7076,385,30,6.09
156.111952,7104,7084,385,30,6.06
156.21192,7104,7080,221,30,6.06
156.311952,7104,7084,221,30,6.06
156.411917,7104,7076,221,30,6.04
156.511947,7104,7080,52,30,6.04
156.611935,7104,7080,52,30,6.04
156.711952,7104,7080,52,30,6.08
156.811925,7104,7080,221,30,6.08
156.911947,7104,7080,221,30,6.1
157.011934,7104,7076,221,29,6.1
157.111945,7104,7080,221,29,6.09
157.211936,7104,7080,221,29,6.09
157.311935,7104,7080,221,29,6.09
157.411935,7104,7076,221,29,6.05
157.511935,7104,7080,528,29,6.05
157.611935,7104,7080,528,29,6.05
157.711935,7104,7076,528,29,6.11
157.811921,7104,7076,257,29,6.11
157.911917,7104,7080,257,29,6.09
158.011918,7104,7080,257,30,6.09
158.111919,7104,7080,257,30,6.08
158.211924,7104,7076,257,30,6.08
158.311918,7104,7076,257,30,6.08
158.411917,7104,7080,257,30,6.1
158.511926,7104,7080,52,30,6.1
158.611919,7104,7080,52,30,6.1
158.711926,7104,7080,52,30,6.07
158.81195,7104,7080,426,30,6.07
158.911924,7104,7076,426,30,6.11
159.011958,7104,7076,426,30,6.11
159.111916,7104,7080,426,30,6.11
159.211949,7104,7076,221,30,6.11
159.311924,7104,7080,221,30,6.11
159.411935,7104,7076,221,30,6.09
159.511932,7104,7076,221,30,6.09
159.611936,7104,7076,221,30,6.09
159.711934,7104,7076,221,30,6.08
159.811934,7104,7076,221,30,6.08
159.911942,7104,7080,221,30,6.08
160.011935,7104,7080,221,30,6.08
160.111934,7104,7080,221,30,6.1
160.211937,7104,7076,426,30,6.1
160.311917,7104,7076,426,30,6.1
160.411918,7104,7080,426,30,6.09
160.511925,7104,7080,221,30,6.09
160.611918,7104,7080,221,30,6.09
160.711918,7104,7080,221,30,6.12
160.811933,7104,7076,385,30,6.12
160.911926,7104,7080,385,30,6.11
161.011935,7104,7080,385,30,6.11
161.111935,7104,7080,385,30,6.11
161.211934,7104,7076,426,30,6.11
161.311933,7104,7076,426,30,6.11
161.411935,7104,7080,426,30,6.09
161.511936,7104,7080,52,30,6.09
161.611934,7104,7080,52,30,6.09
161.711916,7104,7080,52,30,6.08
161.811918,7104,7080,221,30,6.08
161.911918,7104,7076,221,30,6.1
162.011919,7104,7076,221,30,6.1
162.111917,7104,7080,221,30,6.1
162.211918,7104,7076,257,30,6.1
162.311926,7104,7080,257,30,6.1
162.411917,7104,7080,257,30,6.07
162.511917,7104,7080,52,30,6.07
162.611918,7104,7080,52,30,6.07
162.711917,7104,7076,52,30,6.08
162.811919,7104,7076,257,30,6.08
162.911916,7104,7076,257,30,6.09
163.011917,7104,7080,257,30,6.09
163.111916,7104,7076,257,30,6.1
163.211917,7104,7076,221,30,6.1
163.311916,7104,7080,221,30,6.1
163.411919,7104,7076,221,30,6.09
163.511918,7104,7080,221,30,6.09
163.611919,7104,7076,221,30,6.09
163.711917,7104,7080,221,30,6.08
163.811917,7104,7076,221,30,6.08
163.911917,7104,7080,221,30,6.08
164.011917,7104,7080,221,30,6.08
164.111918,7104,7080,221,30,6.12
164.211917,7104,7080,257,30,6.12
164.311917,7104,7080,257,30,6.12
164.411917,7104,7080,257,30,6.08
164.511917,7104,7076,528,30,6.08
164.611918,7104,7076,528,30,6.08
164.711917,7104,7076,528,30,6.1
164.811918,7104,7080,221,30,6.1
164.911917,7104,7080,221,30,6.08
165.011918,7104,7076,221,30,6.08
165.111917,7104,7076,221,30,6.09
165.211918,7104,7080,221,30,6.09
165.311917,7104,7080,221,30,6.09
165.411926,7104,7080,221,30,6.07
165.511916,7104,7080,221,30,6.07
165.611918,7104,7080,221,30,6.07
165.711917,7104,7080,221,30,6.08
165.811926,7104,7080,93,30,6.08
165.911918,7104,7080,93,30,6.12
166.011918,7104,7080,93,30,6.12
166.111916,7104,7076,93,30,6.08
166.211918,7104,7080,221,30,6.08
166.311916,7104,7076,221,30,6.08
166.411917,7104,7076,221,30,6.07
166.511917,7104,7080,221,30,6.07
166.611916,7104,7080,221,30,6.07
166.711917,7104,7076,221,30,6.12
166.811918,7104,7080,221,30,6.12
166.911917,7104,7080,221,30,6.12
167.011918,7104,7076,221,30,6.12
167.111925,7104,7076,221,30,6.1
167.211918,7104,7080,385,30,6.1
167.311918,7104,7080,385,30,6.1
167.411918,7104,7080,385,30,6.1
167.511917,7104,7080,221,30,6.1
167.611918,7104,7080,221,30,6.1
167.711917,7104,7080,221,30,6.08
167.811918,7104,7080,221,30,6.08
167.911917,7104,7076,221,30,6.09
168.011918,7104,7076,221,30,6.09
168.111917,7104,7080,221,30,6.12
168.211919,7104,7076,257,30,6.12
168.311918,7104,7080,257,30,6.12
168.411918,7104,7080,257,30,6.11
168.511919,7104,7080,221,30,6.11
168.611934,7104,7080,221,30,6.11
168.711918,7104,7076,221,30,6.08
168.811959,7104,7080,221,30,6.08
168.911936,7104,7076,221,30,6.1
169.011933,7104,7076,221,30,6.1
169.111918,7104,7076,221,30,6.1
169.211917,7104,7080,528,30,6.1
169.311948,7104,7080,528,30,6.1
169.41192,7104,7076,528,30,6.08
169.51192,7104,7076,528,30,6.08
169.611933,7104,7076,528,30,6.08
169.711917,7104,7080,528,30,6.1
169.811954,7104,7076,257,30,6.1
169.911918,7104,7076,257,30,6.1
170.011934,7104,7076,257,30,6.1
170.111917,7104,7076,257,30,6.09
170.211917,7104,7080,221,30,6.09
170.311928,7104,7076,221,30,6.09
170.411921,7104,7076,221,30,6.07
170.511918,7104,7076,257,30,6.07
170.611917,7104,7076,257,30,6.07
170.711918,7104,7080,257,30,6.09
170.811929,7104,7072,257,30,6.09
170.911918,7104,7080,257,30,6.07
171.011918,7104,7080,257,30,6.07
171.111917,7104,7080,257,30,6.09
171.211917,7104,7080,93,30,6.09
171.311917,7104,7080,93,30,6.09
171.411919,7104,7080,93,30,6.1
171.511917,7104,7080,93,30,6.1
171.611919,7104,7080,93,30,6.1
171.711916,7104,7076,93,30,6.09
171.811918,7104,7080,221,30,6.09
171.911917,7104,7076,221,30,6.13
172.011918,7104,7076,221,30,6.13
172.111926,7104,7080,221,30,6.08
172.211917,7104,7080,221,30,6.08
172.311918,7104,7080,221,30,6.08
172.411918,7104,7080,221,30,6.07
172.511919,7104,7080,221,30,6.07
172.611917,7104,7080,221,30,6.07
172.711918,7104,7076,221,30,6.07
172.811916,7104,7076,426,30,6.07
172.911918,7104,7076,426,30,6.1
173.011919,7104,7080,426,30,6.1
173.111918,7104,7080,426,30,6.1
173.21192,7104,7080,385,30,6.1
173.311951,7104,7080,385,30,6.1
173.411918,7104,7080,385,30,6.1
173.511977,7104,7080,17,30,6.1
173.611918,7104,7080,17,30,6.1
173.711947,7104,7076,17,30,6.12
173.811919,7104,7076,257,30,6.12
173.911935,7104,7080,257,30,6.12
174.011925,7104,7080,257,30,6.12
174.111919,7104,7080,257,30,6.11
174.211918,7104,7080,221,30,6.11
174.311917,7104,7076,221,30,6.11
174.411919,7104,7080,221,30,6.09
174.511918,7104,7080,528,30,6.09
174.611918,7104,7080,528,30,6.09
174.711917,7104,7080,528,30,6.12
174.811917,7104,7076,221,30,6.12
174.911919,7104,7076,221,30,6.08
175.011919,7104,7076,221,30,6.08
175.111916,7104,7076,221,30,6.08
175.211917,7104,7080,52,30,6.08
175.311937,7104,7080,52,30,6.08
175.411918,7104,7080,52,30,6.09
175.511925,7104,7080,221,30,6.09
175.611926,7104,7080,221,30,6.09
175.711918,7104,7080,221,30,6.11
175.811918,7104,7076,257,30,6.11
175.911917,7104,7076,257,30,6.1
176.011927,7104,7076,257,30,6.1
176.111917,7104,7076,257,30,6.08
176.211918,7104,7076,221,30,6.08
176.311916,7104,7080,221,30,6.08
176.411919,7104,7080,221,30,6.08
176.511918,7104,7076,221,30,6.08
176.611935,7104,7076,221,30,6.08
176.711918,7104,7076,221,30,6.1
176.811935,7104,7076,385,30,6.1
176.911917,7104,7076,385,30,6.08
177.011927,7104,7080,385,30,6.08
177.111916,7104,7080,385,30,6.09
177.211919,7104,7080,93,30,6.09
177.311918,7104,7080,93,30,6.09
177.411919,7104,7080,93,30,6.09
177.511916,7104,7076,88,30,6.09
177.611917,7104,7080,88,30,6.09
177.711915,7104,7076,88,30,6.07
177.811918,7104,7080,52,30,6.07
177.911917,7104,7084,52,30,6.12
178.011928,7104,7076,52,30,6.12
178.111917,7104,7076,52,30,6.08
178.211918,7104,7080,52,30,6.08
178.311926,7104,7076,52,30,6.08
178.411936,7104,7076,52,30,6.1
178.511917,7104,7076,426,30,6.1
178.611928,7104,7076,426,30,6.1
178.711918,7104,7080,426,30,6.08
178.811918,7104,7076,385,30,6.08
178.911918,7104,7080,385,30,6.1
179.011918,7104,7076,385,30,6.1
179.111918,7104,7080,385,30,6.09
179.211917,7104,7080,93,30,6.09
179.311927,7104,7080,93,30,6.09
179.411918,7104,7080,93,30,6.09
179.51192,7104,7080,426,30,6.09
179.611918,7104,7076,426,30,6.09
179.711916,7104,7076,426,30,6.07
179.811918,7104,7080,93,30,6.07
179.911918,7104,7080,93,30,6.09
180.011917,7104,7080,93,30,6.09
180.111917,7104,7076,93,30,6.09
180.211918,7104,7080,221,30,6.09
180.311927,7104,7076,221,30,6.09
180.411918,7104,7076,221,30,6.09
180.511917,7104,7076,221,30,6.09
180.611917,7104,7080,221,30,6.09
180.711918,7104,7076,221,30,6.07
180.811918,7104,7080,221,30,6.07
180.911926,7104,7080,221,30,6.1
181.011918,7104,7080,221,30,6.1
181.111917,7104,7080,221,30,6.08
181.211929,7104,7080,58,30,6.08
181.311951,7104,7080,58,30,6.08
181.411917,7104,7080,58,30,6.12
181.511957,7104,7080,221,30,6.12
181.611918,7104,7080,221,30,6.12
181.711932,7104,7080,221,30,6.1
181.811917,7104,7080,52,30,6.1
181.911935,7104,7076,52,30,6.08
182.011926,7104,7080,52,30,6.08
182.111925,7104,7076,52,30,6.1
182.21192,7104,7080,52,30,6.1
182.311925,7104,7080,52,30,6.1
182.411918,7104,7076,52,30,6.06
182.511936,7104,7076,385,30,6.06
182.611918,7104,7076,385,30,6.06
182.71195,7104,7076,385,30,6.09
182.81192,7104,7080,221,30,6.09
182.911947,7104,7080,221,30,6.07
183.011918,7104,7080,221,30,6.07
183.111919,7104,7076,221,30,6.08
183.211917,7104,7076,257,30,6.08
183.311918,7104,7076,257,30,6.08
183.411917,7104,7076,257,30,6.07
183.511918,7104,7076,257,30,6.07
183.611919,7104,7076,257,30,6.07
183.711925,7104,7080,257,30,6.09
183.811917,7104,7076,257,30,6.09
183.911917,7104,7076,257,30,6.09
184.011917,7104,7076,257,30,6.09
184.111917,7104,7076,257,30,6.07
184.211919,7104,7076,257,30,6.07
184.311919,7104,7076,257,30,6.07
184.411919,7104,7076,257,30,6.07
184.511919,7104,7076,257,30,6.07
184.611919,7104,7076,257,30,6.07
184.711925,7104,7076,257,30,6.07
184.811919,7104,7076,385,30,6.07
184.911918,7104,7080,385,30,6.12
185.011918,7104,7076,385,30,6.12
185.111918,7104,7076,385,30,6.07
185.211918,7104,7076,426,30,6.07
185.311916,7104,7080,426,30,6.07
185.411918,7104,7080,426,30,6.08
185.511917,7104,7080,52,30,6.08
185.611919,7104,7076,52,30,6.08
185.711918,7104,7080,52,30,6.12
185.811918,7104,7076,385,30,6.12
185.911918,7104,7076,385,30,6.06
186.011919,7104,7076,385,30,6.06
186.111919,7104,7076,385,30,6.07
186.211919,7104,7072,293,30,6.07
186.311918,7104,7076,293,30,6.07
186.411928,7104,7076,293,30,6.07
186.511919,7104,7080,221,30,6.07
186.611939,7104,7076,221,30,6.07
186.711925,7104,7076,221,30,6.07
186.811931,7104,7080,93,30,6.07
186.911918,7104,7076,93,30,6.07
187.011937,7104,7076,93,30,6.07
187.111919,7104,7076,93,30,6.07
187.211918,7104,7076,221,30,6.07
187.311918,7104,7080,221,30,6.07
187.411918,7104,7076,221,30,6.07
187.511917,7104,7080,221,30,6.07
187.611918,7104,7076,221,30,6.07
187.711926,7104,7076,221,30,6.1
187.811919,7104,7072,462,30,6.1
187.911918,7104,7076,462,30,6.06
188.011918,7104,7076,462,30,6.06
188.11192,7104,7080,462,30,6.06
188.211918,7104,7076,257,30,6.06
188.311918,7104,7076,257,30,6.06
188.411929,7104,7080,257,30,6.09
188.511918,7104,7076,257,30,6.09
188.611919,7104,7080,257,30,6.09
188.711926,7104,7076,257,30,6.07
188.81192,7104,7076,257,30,6.07
188.911918,7104,7080,257,30,6.08
189.011919,7104,7076,257,30,6.08
189.111918,7104,7076,257,30,6.07
189.211918,7104,7076,257,30,6.07
189.311917,7104,7080,257,30,6.07
189.411918,7104,7076,257,30,6.07
189.511917,7104,7076,257,30,6.07
189.611918,7104,7080,257,30,6.07
189.711917,7104,7080,257,30,6.08
189.811925,7104,7076,257,30,6.08
189.911917,7104,7080,257,30,6.11
190.011919,7104,7076,257,30,6.11
190.111918,7104,7076,257,30,6.07
190.211917,7104,7076,385,30,6.07
190.311918,7104,7080,385,30,6.07
190.411916,7104,7080,385,30,6.09
190.511917,7104,7076,385,30,6.09
190.611917,6732,7080,385,30,6.09
190.711916,6732,6736,385,30,6.11
190.811925,6732,6740,0,30,6.11
190.911917,6732,6740,0,30,6.1
191.011917,6732,6740,0,30,6.1
191.111918,6732,6740,0,30,6.12
191.211918,6732,6740,221,30,6.12
191.311917,6732,6740,221,30,6.12
191.411918,6732,6740,221,30,6.12
191.511917,6732,6740,221,30,6.12
191.611918,6732,6740,221,30,6.12
191.711921,6732,6740,221,30,6.11
191.81192,6732,6740,221,30,6.11
191.911918,6732,6740,221,30,6.12
192.011922,6732,6740,221,30,6.12
192.111918,6732,6740,221,30,6.12
192.211917,6732,6740,221,30,6.12
192.311926,6732,6740,221,30,6.12
192.411917,6732,6740,221,30,6.12
192.511917,6732,6740,221,30,6.12
192.611919,6732,6740,221,30,6.12
192.711918,6732,6740,221,30,6.11
192.811918,6732,6740,221,30,6.11
192.911918,6732,6740,221,30,6.12
193.011917,6732,6740,221,30,6.12
193.111919,6732,6740,221,30,6.12
193.211917,6732,6740,221,30,6.12
193.311918,6732,6736,221,30,6.12
193.411919,6732,6736,221,30,6.12
193.511917,6732,6736,0,30,6.12
193.611919,6732,6740,0,30,6.12
193.711917,6732,6736,0,30,6.12
193.811921,6732,6736,0,30,6.12
193.911917,6732,6736,0,30,6.12
194.01192,6732,6736,0,30,6.12
194.111917,6732,6736,0,30,6.12
194.21192,6732,6736,0,30,6.12
194.311918,6732,6736,0,30,6.12
194.411918,6732,6736,0,30,6.12
194.511927,6732,6736,0,30,6.12
194.611953,6732,6736,0,30,6.12
194.711919,6732,6736,0,30,6.12
194.811934,6732,6736,0,30,6.12
194.911918,6732,6736,0,30,6.12
195.011919,6732,6736,0,30,6.12
195.111919,6732,6736,0,30,6.12
195.211919,6732,6736,0,30,6.12
195.311919,6732,6736,0,30,6.12
195.411919,6732,6736,0,30,6.11
195.511918,6732,6736,221,30,6.11
195.611916,6732,6736,221,30,6.11
195.711917,6732,6736,221,30,6.12
195.811919,6732,6736,0,30,6.12
195.911915,6732,6736,0,30,6.12
196.011918,6732,6736,0,30,6.12
196.111918,6732,6736,0,30,6.12
196.211918,6732,6736,0,30,6.12
196.311917,6732,6736,0,30,6.12
196.411919,6732,6736,0,30,6.12
196.511917,6732,6736,0,30,6.12
196.611917,6732,6736,0,30,6.12
196.711918,6732,6736,0,30,6.12
196.81192,6732,6736,0,30,6.12
196.911918,6732,6736,0,30,6.09
197.011921,6732,6740,0,30,6.09
197.111925,6732,6740,0,30,6.12
197.211952,6732,6736,0,30,6.12
197.311919,6732,6736,0,30,6.12
197.411947,6732,6736,0,30,6.11
197.511917,6732,6736,0,30,6.11
197.611953,6732,6736,0,30,6.11
197.711928,6732,6736,0,30,6.11
197.811946,6732,6740,0,30,6.11
197.911917,6732,6736,0,30,6.12
198.011934,6732,6736,0,30,6.12
198.111918,6732,6736,0,30,6.12
198.211916,6732,6736,0,30,6.12
198.311918,6732,6736,0,30,6.12
198.411918,6732,6736,0,30,6.12
198.511926,6732,6736,0,30,6.12
198.611918,6732,6736,0,30,6.12
198.711917,6732,6736,0,30,6.12
198.811919,6732,6736,0,30,6.12
198.911918,6732,6736,0,30,6.12
199.011918,6732,6736,0,30,6.12
199.111927,6732,6736,0,30,6.11
199.211918,6732,6736,0,30,6.11
199.311917,6732,6736,0,30,6.11
199.411919,6732,6736,0,30,6.12
199.511936,6732,6736,0,30,6.12
199.61192,6732,6736,0,30,6.12
199.711919,6732,6736,0,30,6.12
199.81192,6732,6736,0,30,6.12
199.911919,6732,6736,0,30,6.12
200.011919,6732,6736,0,30,6.12
200.111918,6732,6736,0,30,6.12
200.21192,6732,6736,0,30,6.12
200.311918,6732,6736,0,30,6.12
200.411918,6732,6736,0,30,6.12
200.511918,6732,6736,0,30,6.12
200.611917,6732,6736,0,30,6.12
200.711926,6732,6740,0,30,6.12
200.811919,6732,6736,0,30,6.12
200.91192,6732,6736,0,30,6.12
201.011918,6732,6736,0,30,6.12
201.111928,6732,6736,0,30,6.12
201.21192,6732,6736,0,30,6.12
201.311933,6732,6736,0,30,6.12
201.41192,6732,6736,0,30,6.12
201.511977,6732,6736,0,30,6.12
201.611929,6732,6736,0,30,6.12
201.711946,6732,6736,0,30,6.12
201.811926,6732,6736,0,30,6.12
201.911918,6732,6736,0,30,6.12
202.011919,6732,6736,0,30,6.12
202.111919,6732,6736,0,30,6.12
202.211919,6732,6736,0,30,6.12
202.311918,6732,6736,0,30,6.12
202.41192,6732,6736,0,30,6.13
202.51192,6732,6736,0,30,6.13
202.611919,6732,6736,0,30,6.13
202.711918,6732,6736,0,30,6.12
202.81192,6732,6736,0,30,6.12
202.911918,6732,6736,0,30,6.12
203.011919,6732,6736,0,30,6.12
203.111926,6732,6736,0,30,6.12
203.21192,6732,6736,0,30,6.12
203.311923,6732,6736,0,30,6.12
203.411926,6732,6736,0,30,6.12
203.511943,6732,6736,0,30,6.12
203.611916,6732,6736,0,30,6.12
203.711926,6732,6736,0,30,6.12
203.811919,6732,6736,0,30,6.12
203.911916,6732,6736,0,30,6.12
204.01192,6732,6736,0,30,6.12
204.111927,6732,6736,0,30,6.11
204.21192,6732,6736,0,30,6.11
204.311919,6732,6736,0,30,6.11
204.411918,6732,6736,0,30,6.12
204.511927,6732,6736,0,30,6.12
204.611919,6732,6736,0,30,6.12
204.711918,6732,6736,0,30,6.12
204.811919,6732,6736,0,30,6.12
204.911918,6732,6736,0,30,6.11
205.011919,6732,6736,0,30,6.11
205.111919,6732,6736,0,30,6.12
205.21192,6732,6736,0,30,6.12
205.311918,6732,6736,0,30,6.12
205.411918,6732,6736,0,30,6.12
205.511918,6732,6736,0,30,6.12
205.611919,6732,6736,0,30,6.12
205.711919,6732,6736,0,30,6.12
205.811919,6732,6736,0,30,6.12
205.911918,6732,6736,0,30,6.12
206.011919,6732,6736,0,30,6.12
206.111917,6732,6736,0,30,6.12
206.211918,6732,6736,0,30,6.12
206.311916,6732,6736,0,30,6.12
206.411919,6732,6736,0,30,6.12
206.511917,6732,6736,0,30,6.12
206.611918,6732,6736,0,30,6.12
206.711919,6732,6736,0,30,6.12
206.811919,6732,6736,0,30,6.12
206.911917,6732,6736,0,30,6.12
207.011919,6732,6736,0,30,6.12
207.111918,6732,6736,0,30,6.12
207.211917,6732,6736,0,30,6.12
207.311916,6732,6736,0,30,6.12
207.411917,6732,6736,0,30,6.12
207.511919,6732,6736,0,30,6.12
207.611919,6732,6736,0,30,6.12
207.711918,6732,6736,0,30,6.12
207.811918,6732,6736,0,30,6.12
207.911918,6732,6736,0,30,6.12
208.011919,6732,6736,0,30,6.12
208.111917,6732,6736,0,30,6.12
208.211918,6732,6736,0,30,6.12
208.311918,6732,6736,0,30,6.12
208.411917,6732,6736,0,30,6.12
208.511919,6732,6736,0,30,6.12
208.611917,6732,6736,0,30,6.12
208.711917,6732,6736,0,30,6.12
208.811918,6732,6736,0,30,6.12
208.911917,6732,6736,0,30,6.11
209.011917,6732,6736,0,30,6.11
209.111917,6732,6736,0,30,6.12
209.211919,6732,6736,0,30,6.12
209.311926,6732,6736,0,30,6.12
209.411918,6732,6736,0,30,6.12
209.511918,6732,6736,0,30,6.12
209.611919,6732,6736,0,30,6.12
209.711917,6732,6736,0,30,6.11
209.811918,6732,6736,0,30,6.11
209.911918,6732,6736,0,30,6.12
210.011926,6732,6736,0,30,6.12
210.111928,6732,6736,0,30,6.12
210.211917,6732,6736,0,30,6.12
210.311918,6732,6736,0,30,6.12
210.411919,6732,6736,0,30,6.12
210.511918,6732,6736,0,30,6.12
210.611917,6732,6736,0,30,6.12
210.711917,6732,6736,0,30,6.11
210.811919,6732,6736,0,30,6.11
210.911916,6732,6736,0,30,6.12
211.011919,6732,6736,0,30,6.12
211.111918,6732,6736,0,30,6.12
211.211919,6732,6736,0,30,6.12
211.311919,6732,6736,0,30,6.12
211.411918,6732,6736,0,30,6.12
211.51192,6732,6736,0,30,6.12
211.611918,6732,6736,0,30,6.12
211.711918,6732,6736,0,30,6.11
211.811919,6732,6736,0,30,6.11
211.911919,6732,6736,0,30,6.12
212.011919,6732,6736,0,30,6.12
212.111918,6732,6736,0,30,6.12
212.211919,6732,6736,0,30,6.12
212.311917,6732,6736,0,30,6.12
212.411919,6732,6736,0,30,6.12
212.511918,6732,6736,0,30,6.12
212.611941,6732,6736,0,30,6.12
212.711918,6732,6736,0,30,6.12
212.811953,6732,6736,0,30,6.12
212.911917,6732,6736,0,30,6.12
213.011936,6732,6736,0,30,6.12
213.111918,6732,6736,0,30,6.12
213.211927,6732,6736,0,30,6.12
213.31192,6732,6736,0,30,6.12
213.411919,6732,6736,0,30,6.12
213.511925,6732,6736,0,30,6.12
213.611919,6732,6736,0,30,6.12
213.711918,6732,6736,0,30,6.12
213.811919,6732,6736,0,30,6.12
213.911917,6732,6736,0,30,6.12
214.011933,6732,6736,0,30,6.12
214.111918,6732,6736,0,30,6.12
214.21192,6732,6736,0,30,6.12
214.311917,6732,6736,0,30,6.12
214.41192,6732,6736,0,30,6.11
214.511916,6732,6736,0,30,6.11
214.611975,6732,6736,0,30,6.11
214.711918,6732,6736,0,30,6.12
214.811946,6732,6736,0,30,6.12
214.911918,6732,6736,0,30,6.12
215.011919,6732,6736,0,30,6.12
215.111917,6732,6736,0,30,6.12
215.211919,6732,6736,0,30,6.12
215.311918,6732,6736,0,30,6.12
215.411918,6732,6736,0,30,6.12
215.511917,6732,6736,0,30,6.12
215.611917,6732,6736,0,30,6.12
215.711927,6732,6736,0,30,6.12
215.811918,6732,6736,0,30,6.12
215.911919,6732,6736,0,30,6.12
216.01192,6732,6736,0,30,6.12
216.111919,6732,6736,0,30,6.12
216.211917,6732,6736,0,30,6.12
216.311917,6732,6736,0,30,6.12
216.411919,6732,6736,0,30,6.11
216.511918,6732,6736,0,30,6.11
216.611918,6732,6736,0,30,6.11
216.711918,6732,6736,0,30,6.12
216.811918,6732,6736,0,30,6.12
216.911917,6732,6736,0,30,6.12
217.011942,6732,6736,0,30,6.12
217.111918,6732,6736,0,30,6.12
217.211918,6732,6736,0,30,6.12
217.311918,6732,6736,0,30,6.12
217.411919,6732,6736,0,30,6.12
217.511919,6732,6736,0,30,6.12
217.611919,6732,6736,0,30,6.12
217.711918,6732,6736,0,30,6.1
217.811919,6732,6736,0,30,6.1
217.911918,6732,6736,0,30,6.11
218.01192,6732,6736,0,30,6.11
218.111919,6732,6736,0,30,6.12
218.211927,6732,6736,0,30,6.12
218.31192,6732,6736,0,30,6.12
218.411917,6732,6736,0,30,6.11
218.511919,6732,6736,0,30,6.11
218.611917,6732,6736,0,30,6.11
218.71192,6732,6736,0,30,6.12
218.811919,6732,6736,0,30,6.12
218.911919,6732,6736,0,30,6.12
219.011921,6732,6736,0,30,6.12
219.111919,6732,6736,0,30,6.12
219.211919,6732,6736,0,30,6.12
219.311919,6732,6736,0,30,6.12
219.411919,6732,6736,0,30,6.11
219.51192,6732,6736,0,30,6.11
219.611919,6732,6736,0,30,6.11
219.711928,6732,6736,0,30,6.12
219.811919,6732,6736,0,30,6.12
219.91192,6732,6736,0,30,6.12
220.01192,6732,6736,0,30,6.12
220.111932,6732,6736,0,30,6.12
220.211919,6732,6736,0,30,6.12
220.311919,6732,6736,0,30,6.12
220.411918,6732,6736,0,30,6.12
220.511938,6732,6736,0,30,6.12
220.611919,6732,6736,0,30,6.12
220.711953,6732,6736,0,30,6.11
220.811919,6732,6736,0,30,6.11
220.911959,6732,6736,0,30,6.12
221.011919,6732,6736,0,30,6.12
221.111952,6732,6736,0,30,6.12
221.211919,6732,6736,0,30,6.12
221.311947,6732,6736,0,30,6.12
221.411919,6732,6736,0,30,6.12
221.511937,6732,6736,0,30,6.12
221.611919,6732,6736,0,30,6.12
221.711935,6732,6736,0,30,6.12
221.811921,6732,6736,0,30,6.12
221.911921,6732,6736,0,30,6.11
222.011935,6732,6736,0,30,6.11
222.111939,6732,6736,0,30,6.12
222.211918,6732,6736,0,30,6.12
222.311935,6732,6736,0,30,6.12
222.411919,6732,6736,0,30,6.12
222.511919,6732,6736,0,30,6.12
222.611918,6732,6736,0,30,6.12
222.711919,6732,6736,0,30,6.12
222.811917,6732,6736,0,30,6.12
222.911917,6732,6736,0,30,6.12
223.011919,6732,6736,0,30,6.12
223.111919,6732,6736,0,30,6.12
223.211919,6732,6736,0,30,6.12
223.311919,6732,6736,0,30,6.12
223.41192,6732,6736,0,30,6.12
223.511919,6732,6736,0,30,6.12
223.611919,6732,6736,0,30,6.12
223.711926,6732,6736,0,30,6.12
223.811919,6732,6736,0,30,6.12
223.911919,6732,6736,0,30,6.12
224.011919,6732,6736,0,30,6.12
224.111927,6732,6736,0,30,6.12
224.21192,7104,6900,1349,30,6.12
224.311918,7104,7072,1349,30,6.12
224.411946,7104,7072,1349,30,6.07
224.51192,7104,7076,293,30,6.07
224.61192,7104,7072,293,30,6.07
224.711918,7104,7072,293,30,6.06
224.811919,7104,7076,528,30,6.06
224.911918,7104,7076,528,30,6.08
225.011931,7104,7076,528,30,6.08
225.111926,7104,7080,528,30,6.11
225.211919,7104,7080,58,30,6.11
225.311918,7104,7076,58,30,6.11
225.411931,7104,7076,58,30,6.12
225.51192,7104,7080,221,30,6.12
225.611921,7104,7080,221,30,6.12
225.71192,7104,7080,221,30,6.1
225.81192,7104,7080,52,30,6.1
225.91192,7104,7080,52,30,6.1
226.01192,7104,7076,52,30,6.1
226.111922,7104,7076,52,30,6.08
226.21192,7104,7076,257,30,6.08
226.311919,7104,7076,257,30,6.08
226.41192,7104,7076,257,30,6.1
226.511919,7104,7076,426,30,6.1
226.61192,7104,7076,426,30,6.1
226.711936,7104,7076,426,30,6.09
226.81192,7104,7076,385,30,6.09
226.911934,7104,7076,385,30,6.08
227.011921,7104,7080,385,30,6.08
227.111979,7104,7080,385,30,6.09
227.21192,7104,7080,257,30,6.09
227.311936,7104,7080,257,30,6.09
227.41192,7104,7080,257,30,6.07
227.511919,7104,7080,58,30,6.07
227.611919,7104,7080,58,30,6.07
227.711919,7104,7080,58,30,6.11
227.811921,7104,7076,257,30,6.11
227.91192,7104,7080,257,30,6.08
228.01192,7104,7080,257,30,6.08
228.111919,7104,7080,257,30,6.11
228.211924,7104,7076,257,30,6.11
228.311919,7104,7076,257,30,6.11
228.411919,7104,7080,257,30,6.09
228.511919,7104,7076,257,30,6.09
228.61192,7104,7076,257,30,6.09
228.71192,7104,7076,257,30,6.08
228.811919,7104,7084,221,30,6.08
228.911919,7104,7076,221,30,6.11
229.01192,7104,7076,221,30,6.11
229.11192,7104,7076,221,30,6.11
229.211919,7104,7076,426,30,6.11
229.31193,7104,7080,426,30,6.11
229.411919,7104,7080,426,30,6.09
229.511919,7104,7076,528,30,6.09
229.611919,7104,7076,528,30,6.09
229.711918,7104,7076,528,30,6.07
229.811922,7104,7080,257,30,6.07
229.91192,7104,7076,257,30,6.11
230.01192,7104,7080,257,30,6.11
230.11192,7104,7080,257,30,6.09
230.21192,7104,7080,93,30,6.09
230.311927,7104,7080,93,30,6.09
230.411919,7104,7080,93,30,6.12
230.511926,7104,7080,426,30,6.12
230.611926,7104,7076,426,30,6.12
230.711927,7104,7080,426,30,6.11
230.81192,7104,7076,426,30,6.11
230.911919,7104,7084,426,30,6.1
231.011919,7104,7080,426,30,6.1
231.111919,7104,7080,426,30,6.09
231.211928,7104,7080,221,30,6.09
231.31192,7104,7076,221,30,6.09
231.411919,7104,7072,221,30,6.1
231.511928,7104,7076,257,30,6.1
231.611921,7104,7072,257,30,6.1
231.711918,7104,7076,257,30,6.07
231.81192,7104,7076,426,30,6.07
231.911918,7104,7076,426,30,6.09
232.011921,7104,7076,426,30,6.09
232.11192,7104,7076,426,30,6.09
232.211921,7104,7080,221,30,6.09
232.311919,7104,7080,221,30,6.09
232.41192,7104,7080,221,30,6.09
232.511926,7104,7080,221,30,6.09
232.611919,7104,7080,221,30,6.09
232.711918,7104,7080,221,30,6.08
232.811919,7104,7080,528,30,6.08
232.911919,7104,7076,528,30,6.1
233.011921,7104,7076,528,30,6.1
233.11192,7104,7080,528,30,6.12
233.21192,7104,7080,257,30,6.12
233.31192,7104,7080,257,30,6.12
233.411921,7104,7072,257,30,6.06
233.511918,7104,7072,293,30,6.06
233.611921,7104,7080,293,30,6.06
233.711919,7104,7072,293,30,6.08
233.811937,7104,7076,257,30,6.08
233.91192,7104,7072,257,30,6.06
234.011942,7104,7076,257,31,6.06
234.11192,7104,7080,257,31,6.09
234.211938,7104,7080,58,31,6.09
234.311919,7104,7080,58,31,6.09
234.411937,7104,7080,58,31,6.09
234.511919,7104,7080,221,31,6.09
234.61196,7104,7072,221,31,6.09
234.711919,7104,7076,221,31,6.09
234.811948,7104,7076,257,31,6.09
234.91192,7104,7080,257,31,6.11
235.01192,7104,7080,257,31,6.11
235.111919,7104,7080,257,31,6.1
235.211918,7104,7084,221,31,6.1
235.311918,7104,7080,221,31,6.1
235.41192,7104,7084,221,31,6.1
235.51192,7104,7084,58,31,6.1
235.611919,7104,7092,58,31,6.1
235.711918,7104,7092,58,31,6.08
235.811919,7104,7088,426,31,6.08
235.911919,7104,7096,426,31,6.1
236.011919,7104,7100,426,31,6.1
236.111918,7104,7092,426,31,6.08
236.211919,7104,7092,221,31,6.08
236.311919,7104,7092,221,31,6.08
236.41192,7104,7092,221,31,6.12
236.51192,7104,7088,221,31,6.12
236.611919,7104,7092,221,31,6.12
236.711919,7104,7096,221,31,6.1
236.811919,7104,7096,204,31,6.1
236.911918,7104,7100,204,31,6.12
237.011919,7104,7100,204,31,6.12
237.111919,7104,7108,204,31,6.12
237.21192,7104,7092,221,31,6.12
237.311919,7104,7096,221,31,6.12
237.41192,7104,7096,221,31,6.09
237.511919,7104,7080,221,31,6.09
237.61192,7104,7088,221,31,6.09
237.711919,7104,7088,221,31,6.09
237.81192,7104,7088,221,31,6.09
237.911918,7104,7084,221,31,6.11
238.01192,7104,7084,221,31,6.11
238.111919,7104,7080,221,31,6.09
238.211919,7104,7080,221,31,6.09
238.31192,7104,7080,221,31,6.09
238.41192,7104,7084,221,31,6.09
238.511928,7104,7080,52,31,6.09
238.611921,7104,7080,52,31,6.09
238.71192,7104,7076,52,31,6.1
238.811921,7104,7080,426,31,6.1
238.91192,7104,7076,426,31,6.09
239.01192,7104,7076,426,31,6.09
239.111919,7104,7080,426,31,6.12
239.211927,7104,7080,58,31,6.12
239.311919,7104,7076,58,31,6.12
239.411924,7104,7080,58,31,6.05
239.511927,7104,7080,221,31,6.05
239.611954,7104,7080,221,31,6.05
239.71192,7104,7080,221,31,6.08
239.811942,7104,7080,93,31,6.08
239.91192,7104,7080,93,31,6.08
240.011937,7104,7080,93,31,6.08
240.111919,7104,7080,93,31,6.09
240.211921,7104,7076,426,31,6.09
240.311919,7104,7076,426,31,6.09
240.41192,7104,7076,426,31,6.1
240.51192,7104,7076,426,31,6.1
240.61192,7104,7076,426,31,6.1
240.711918,7104,7076,426,31,6.1
240.811921,7104,7080,221,31,6.1
240.911919,7104,7076,221,31,6.09
241.011927,7104,7080,221,31,6.09
241.111919,7104,7076,221,31,6.1
241.21192,7104,7072,257,31,6.1
241.31192,7104,7080,257,31,6.1
241.411919,7104,7076,257,31,6.08
241.511919,7104,7076,385,31,6.08
241.611928,7104,7076,385,31,6.08
241.711919,7104,7076,385,31,6.08
241.811921,7104,7080,221,31,6.08
241.911919,7104,7084,221,31,6.09
242.011921,7104,7080,221,31,6.09
242.111931,7104,7080,221,31,6.11
242.21192,7104,7080,221,31,6.11
242.311919,7104,7080,221,31,6.11
242.41192,7104,7080,221,31,6.09
242.511919,7104,7084,221,31,6.09
242.611919,7104,7080,221,31,6.09
242.711919,7104,7072,221,31,6.05
242.81192,7104,7072,293,31,6.05
242.911921,7104,7080,293,31,6.1
243.011919,7104,7080,293,31,6.1
243.111936,7104,7076,293,31,6.08
243.21192,7104,7080,221,31,6.08
243.31192,7104,7076,221,31,6.08
243.411919,7104,7092,221,31,6.12
243.511918,7104,7072,257,31,6.12
243.61193,7104,7084,257,31,6.12
243.711927,7104,7084,257,31,6.11
243.811921,7104,7080,221,31,6.11
243.911918,7104,7088,221,31,6.09
244.011919,7104,7092,221,31,6.09
244.111919,7104,7096,221,31,6.11
244.211919,7104,7104,0,31,6.11
244.311919,7104,7116,0,31,6.11
244.41192,7104,7108,0,31,6.12
244.511927,7104,7096,221,31,6.12
244.611918,7104,7096,221,31,6.12
244.711917,7104,7100,221,31,6.12
244.81192,7104,7100,221,31,6.12
244.911919,7104,7092,221,31,6.1
245.011919,7104,7100,221,31,6.1
245.111919,7104,7108,221,31,6.12
245.211921,7104,7100,0,31,6.12
245.311919,7104,7100,0,31,6.12
245.411918,7104,7096,0,31,6.11
245.511919,7104,7104,0,31,6.11
245.611918,7104,7100,0,31,6.11
245.71192,7104,7092,0,31,6.11
245.811921,7104,7088,221,31,6.11
245.911922,7104,7088,221,31,6.1
246.011929,7104,7084,221,31,6.1
246.111953,7104,7076,221,31,6.09
246.211919,7104,7080,221,31,6.09
246.311935,7104,7076,221,31,6.09
246.41192,7104,7084,221,31,6.12
246.511919,7104,7084,221,31,6.12
246.611919,6732,7032,221,31,6.12
246.71192,6732,6744,221,31,6.12
246.811927,6732,6740,221,31,6.12
246.911918,6732,6740,221,31,6.11
247.011919,6732,6740,221,31,6.11
247.111919,6732,6740,221,31,6.12
247.211917,6732,6740,221,31,6.12
247.311959,6732,6740,221,31,6.12
247.41192,6732,6740,221,31,6.12
247.511936,6732,6740,221,31,6.12
247.611919,6732,6740,221,31,6.12
247.711918,6732,6740,221,31,6.12
247.81192,6732,6740,0,31,6.12
247.911919,6732,6736,0,31,6.12
248.011919,6732,6736,0,31,6.12
248.111928,6732,6736,0,31,6.12
248.211921,6732,6736,0,31,6.12
248.311918,6732,6736,0,31,6.12
248.41192,6732,6736,0,31,6.12
248.51192,6732,6736,0,31,6.12
248.611919,6732,6736,0,31,6.12
248.711919,6732,6736,0,31,6.12
248.811919,6732,6736,0,31,6.12
248.911919,6732,6736,0,31,6.12
249.01192,6732,6736,0,31,6.12
249.11192,6732,6736,0,31,6.12
249.211919,6732,6736,0,31,6.12
249.311919,6732,6736,0,31,6.12
249.411919,6732,6736,0,31,6.13
249.51192,6732,6736,0,31,6.13
249.611919,6732,6736,0,31,6.13
249.711919,6732,6736,0,31,6.12
249.81192,6732,6736,0,31,6.12
249.911922,6732,6736,0,31,6.12
250.011919,6732,6736,0,31,6.12
250.11192,6732,6736,0,31,6.12
250.21192,6732,6736,0,31,6.12
250.311919,6732,6736,0,31,6.12
250.411921,6732,6736,0,31,6.12
250.511919,6732,6736,0,31,6.12
250.611919,6732,6736,0,31,6.12
250.711919,6732,6736,0,31,6.12
250.811919,6732,6736,0,31,6.12
250.91192,6732,6736,0,31,6.12
251.011919,6732,6736,0,31,6.12
251.111918,6732,6736,0,31,6.12
251.211919,6732,6736,0,31,6.12
251.311926,6732,6736,0,31,6.12
251.411918,6732,6736,0,31,6.12
251.511919,6732,6736,0,31,6.12
251.611919,6732,6736,0,31,6.12
251.71192,6732,6736,0,31,6.11
251.811919,6732,6736,0,31,6.11
251.911922,6732,6736,0,31,6.12
252.011919,6732,6736,0,31,6.12
252.111937,6732,6736,0,31,6.12
252.211921,6732,6736,0,31,6.12
252.311954,6732,6736,0,31,6.12
252.411927,6732,6736,0,31,6.13
252.511937,6732,6736,0,31,6.13
252.61192,6732,6732,0,31,6.13
252.711919,6732,6736,0,31,6.12
252.81192,6732,6736,0,31,6.12
252.911918,6732,6736,0,31,6.12
253.011919,6732,6736,0,31,6.12
253.111921,6732,6736,0,31,6.12
253.211932,6732,6736,0,31,6.12
253.311919,6732,6736,0,31,6.12
253.41192,6732,6736,0,31,6.11
253.511928,6732,6736,0,31,6.11
253.61192,6732,6736,0,31,6.11
253.711918,6732,6736,0,31,6.13
253.811919,6732,6736,0,31,6.13
253.91192,6732,6736,0,31,6.13
254.011919,6732,6736,0,31,6.13
254.111918,6732,6736,0,31,6.12
254.211926,6732,6736,0,31,6.12
254.311918,6732,6736,0,31,6.12
254.41192,6732,6736,0,31,6.12
254.511928,6732,6736,0,31,6.12
254.611919,6732,6736,0,31,6.12
254.711919,6732,6736,0,31,6.12
254.81192,6732,6736,0,31,6.12
254.911935,6732,6736,0,31,6.12
255.01192,6732,6736,0,31,6.12
255.111931,6732,6736,0,31,6.12
255.21192,6732,6736,0,31,6.12
255.311925,6732,6736,0,31,6.12
255.41193,6732,6736,0,31,6.12
255.51192,6732,6736,0,31,6.12
255.611953,6732,6736,0,31,6.12
255.711919,6732,6736,0,31,6.12
255.811936,6732,6736,0,31,6.12
255.911926,6732,6736,0,31,6.12
256.011919,6732,6736,0,31,6.12
256.111918,6732,6736,0,31,6.12
256.211919,6732,6736,0,31,6.12
256.311918,6732,6736,0,31,6.12
256.411918,6732,6736,0,31,6.12
256.511921,6732,6736,0,31,6.12
256.61192,6732,6736,0,31,6.12
256.711919,6732,6736,0,31,6.11
256.811923,6732,6736,0,31,6.11
256.911918,6732,6736,0,31,6.12
257.01192,6732,6736,0,31,6.12
257.111918,6732,6736,0,31,6.12
257.21192,6732,6736,0,31,6.12
257.311918,6732,6736,0,31,6.12
257.411919,6732,6736,0,31,6.12
257.511919,6732,6736,0,31,6.12
257.611919,6732,6736,0,31,6.12
257.711919,6732,6736,0,31,6.11
257.811922,6732,6736,0,31,6.11
257.91192,6732,6736,0,31,6.11
258.01192,6732,6736,0,31,6.11
258.11192,6732,6736,0,31,6.11
258.21192,6732,6736,0,31,6.11
258.311918,6732,6736,0,31,6.11
258.411928,6732,6736,0,31,6.12
258.51192,6732,6736,0,31,6.12
258.611919,6732,6736,0,31,6.12
258.711918,6732,6736,0,31,6.12
258.81192,6732,6736,0,31,6.12
258.911918,6732,6736,0,31,6.11
259.011919,6732,6736,0,31,6.11
259.111918,6732,6736,0,31,6.12
259.211919,6732,6736,0,31,6.12
259.31192,6732,6736,0,31,6.12
259.41192,6732,6736,0,31,6.12
259.511926,6732,6736,0,31,6.12
259.611917,6732,6736,0,31,6.12
259.711919,6732,6736,0,31,6.12
259.811925,6732,6736,0,31,6.12
259.911926,6732,6736,0,31,6.12
260.011919,6732,6736,0,31,6.12
260.111918,6732,6736,0,31,6.11
260.211919,6732,6736,0,31,6.11
260.311919,6732,6736,0,31,6.11
260.41192,6732,6736,0,31,6.12
260.511918,6732,6736,0,31,6.12
260.611918,6732,6736,0,31,6.12
260.711917,6732,6736,0,31,6.12
260.811926,6732,6736,0,31,6.12
260.91192,6732,6736,0,31,6.12
261.011919,6732,6736,0,31,6.12
261.111919,6732,6736,0,31,6.12
261.211918,6732,6736,0,31,6.12
261.311927,6732,6736,0,31,6.12
261.41192,6732,6736,0,31,6.12
261.511918,6732,6736,0,31,6.12
261.611922,6732,6736,0,31,6.12
261.71192,6732,6736,0,31,6.12
261.81192,6732,6736,0,31,6.12
261.911918,6732,6736,0,31,6.12
262.01192,6732,6736,0,31,6.12
262.11192,6732,6736,0,31,6.12
262.21192,6732,6736,0,31,6.12
262.311919,6732,6736,0,31,6.12
262.411921,6732,6736,0,31,6.12
262.511918,6732,6736,0,31,6.12
262.611928,6732,6736,0,31,6.12
262.711919,6732,6736,0,31,6.12
262.811927,6732,6736,0,31,6.12
262.911919,6732,6736,0,31,6.12
263.01192,6732,6736,0,31,6.12
263.111919,6732,6736,0,31,6.12
263.211919,6732,6736,0,31,6.12
263.31192,6732,6736,0,31,6.12
263.41192,6732,6736,0,31,6.12
263.51192,6732,6736,0,31,6.12
263.611922,6732,6736,0,31,6.12
263.711919,6732,6736,0,31,6.12
263.811928,6732,6736,0,31,6.12
263.911919,6732,6736,0,31,6.11
264.011922,6732,6736,0,31,6.11
264.11192,6732,6736,0,31,6.12
264.211955,6732,6736,0,31,6.12
264.311919,6732,6736,0,31,6.12
264.411935,6732,6736,0,31,6.12
264.511943,6732,6736,0,31,6.12
264.611938,6732,6736,0,31,6.12
264.711953,6732,6736,0,31,6.12
264.81195,6732,6736,0,31,6.12
264.911936,6732,6736,0,31,6.11
265.011981,6732,6736,0,31,6.11
265.111921,6732,6736,0,31,6.12
265.211934,6732,6736,0,31,6.12
265.311918,6732,6736,0,31,6.12
265.41192,6732,6736,0,31,6.12
265.511926,6732,6736,0,31,6.12
265.611918,6732,6736,0,31,6.12
265.711918,6732,6736,0,31,6.12
265.811919,6732,6736,0,31,6.12
265.911928,6732,6736,0,31,6.12
266.011919,6732,6736,0,31,6.12
266.111918,6732,6736,0,31,6.12
266.21192,6732,6736,0,31,6.12
266.311917,6732,6736,0,31,6.12
266.411919,6732,6736,0,31,6.12
266.511918,6732,6736,0,31,6.12
266.611917,6732,6736,0,31,6.12
266.711919,6732,6736,0,31,6.12
266.811919,6732,6736,0,31,6.12
266.911919,6732,6736,0,31,6.12
267.011918,6732,6736,0,31,6.12
267.111919,6732,6736,0,31,6.12
267.211918,6732,6736,0,31,6.12
267.31192,6732,6736,0,31,6.12
267.411921,6732,6736,0,31,6.12
267.511919,6732,6736,0,31,6.12
267.611919,6732,6736,0,31,6.12
267.711919,6732,6736,0,31,6.12
267.81192,6732,6736,0,31,6.12
267.91192,6732,6736,0,31,6.12
268.01192,6732,6736,0,31,6.12
268.11192,6732,6736,0,31,6.12
268.211921,6732,6736,0,31,6.12
268.311919,6732,6736,0,31,6.12
268.411919,6732,6736,0,31,6.11
268.511927,6732,6736,0,31,6.11
268.611918,6732,6736,0,31,6.11
268.71192,6732,6736,0,31,6.12
268.811919,6732,6736,0,31,6.12
268.911919,6732,6736,0,31,6.12
269.011921,6732,6736,0,31,6.12
269.111926,6732,6736,0,31,6.11
269.21192,6732,6736,0,31,6.11
269.311919,6732,6736,0,31,6.11
269.41192,6732,6736,0,31,6.11
269.511918,6732,6736,0,31,6.11
269.61192,6732,6736,0,31,6.11
269.711922,6732,6736,0,31,6.13
269.811921,6732,6736,0,31,6.13
269.911926,6732,6736,0,31,6.12
270.011919,6732,6736,0,31,6.12
270.111919,6732,6736,0,31,6.12
270.211919,6732,6736,0,31,6.12
270.311919,6732,6736,0,31,6.12
270.411919,6732,6736,0,31,6.12
270.511919,6732,6736,0,31,6.12
270.611919,6732,6736,0,31,6.12
270.71192,6732,6736,0,31,6.12
270.81192,6732,6736,0,31,6.12
270.911918,6732,6736,0,31,6.12
271.011919,6732,6736,0,31,6.12
271.111917,6732,6736,0,31,6.12
271.21192,6732,6736,0,31,6.12
271.311919,6732,6736,0,31,6.12
271.411919,6732,6736,0,31,6.11
271.511919,6732,6736,0,31,6.11
271.611919,6732,6736,0,31,6.11
271.711919,6732,6736,0,31,6.12
271.81192,6732,6736,0,31,6.12
271.911918,6732,6736,0,31,6.12
272.011929,6732,6736,0,31,6.12
272.111919,6732,6736,0,31,6.12
272.21192,6732,6736,0,31,6.12
272.311927,6732,6736,0,31,6.12
272.411919,6732,6736,0,31,6.12
272.51192,6732,6736,0,31,6.12
272.611919,6732,6736,0,31,6.12
272.711918,6732,6736,0,31,6.11
272.811919,6732,6736,0,31,6.11
272.911919,6732,6736,0,31,6.12
273.011921,6732,6736,0,31,6.12
273.111918,6732,6736,0,31,6.12
273.21192,6732,6736,0,31,6.12
273.311919,6732,6736,0,31,6.12
273.411918,6732,6736,0,31,6.12
273.511918,6732,6736,0,31,6.12
273.611923,6732,6736,0,31,6.12
273.711918,6732,6736,0,31,6.12
273.811958,6732,6736,0,31,6.12
273.911919,6732,6736,0,31,6.12
274.011937,6732,6736,0,31,6.12
274.111919,6732,6736,0,31,6.12
274.211921,6732,6736,0,31,6.12
274.311918,6732,6736,0,31,6.12
274.411923,6732,6736,0,31,6.12
274.511919,6732,6736,0,31,6.12
274.611919,6732,6736,0,31,6.12
274.711918,6732,6736,0,31,6.12
274.81192,6732,6736,0,31,6.12
274.911918,6732,6736,0,31,6.12
275.011918,6732,6736,0,31,6.12
275.111918,6732,6736,0,31,6.11
275.211918,6732,6736,0,31,6.11
275.311919,6732,6736,0,31,6.11
275.411924,6732,6736,0,31,6.12
275.511918,6732,6736,0,31,6.12
275.611918,6732,6736,0,31,6.12
275.71192,6732,6736,0,31,6.11
275.811926,6732,6736,0,31,6.11
275.911919,6732,6736,0,31,6.11
276.01192,6732,6736,0,31,6.11
276.11192,6732,6736,0,31,6.12
276.211919,6732,6736,0,31,6.12
276.311918,6732,6736,0,31,6.12
276.411922,6732,6736,0,31,6.11
276.51192,6732,6736,0,31,6.11
276.611919,6732,6736,0,31,6.11
276.71192,6732,6736,0,31,6.1
276.81192,6732,6736,0,31,6.1
276.911922,6732,6736,0,31,6.11
277.011919,6732,6736,0,31,6.11
277.11194,6732,6736,0,31,6.12
277.211941,6732,6736,0,31,6.12
277.31196,6732,6736,0,31,6.12
277.411918,6732,6736,0,31,6.12
277.511951,6732,6736,0,31,6.12
277.611919,6732,6736,0,31,6.12
277.711941,6732,6736,0,31,6.12
277.811921,6732,6736,0,31,6.12
277.911955,6732,6736,0,31,6.12
278.011919,6732,6736,0,31,6.12
278.111935,6732,6736,0,31,6.11
278.211919,6732,6736,0,31,6.11
278.311925,6732,6736,0,31,6.11
278.411922,6732,6736,0,31,6.12
278.511935,6732,6736,0,31,6.12
278.611937,6732,6736,0,31,6.12
278.711937,6732,6736,0,31,6.11
278.811938,6732,6736,0,31,6.11
278.911923,6732,6736,0,31,6.12
279.011937,6732,6736,0,31,6.12
279.111961,6732,6736,0,31,6.11
279.211935,6732,6736,0,31,6.11
279.311936,6732,6736,0,31,6.11
279.411936,6732,6736,0,31,6.12
279.511927,6732,6736,0,31,6.12
279.611918,6732,6736,0,31,6.12
279.711919,6732,6736,0,31,6.12
279.811919,6732,6736,0,31,6.12
279.911918,6732,6736,0,31,6.11
280.011921,6732,6736,0,31,6.11
280.111918,6732,6736,0,31,6.11
280.211919,6732,6736,0,31,6.11
280.311918,6732,6736,0,31,6.11
280.41192,6732,6736,0,31,6.12
280.511918,6732,6736,0,31,6.12
280.611919,6732,6736,0,31,6.12
280.711919,6732,6736,0,31,6.12
280.811918,6732,6736,0,31,6.12
280.911925,6732,6736,0,31,6.11
281.011919,6732,6736,0,31,6.11
281.111918,6732,6736,0,31,6.12
281.211919,6732,6736,0,31,6.12
281.311927,6732,6736,0,31,6.12
281.411919,6732,6736,0,31,6.11
281.511919,6732,6736,0,31,6.11
281.611919,6732,6736,0,31,6.11
281.711918,6732,6736,0,31,6.12
281.811919,6732,6736,0,31,6.12
281.911919,6732,6736,0,31,6.12
282.011921,6732,6736,0,31,6.12
282.111919,6732,6736,0,31,6.12
282.211919,6732,6736,0,31,6.12
282.311919,6732,6736,0,31,6.12
282.411929,6732,6736,0,31,6.12
282.51192,6732,6736,0,31,6.12
282.611918,6732,6736,0,31,6.12
282.711918,6732,6736,0,31,6.12
282.81192,6732,6736,0,31,6.12
282.911919,6732,6736,0,31,6.11
283.01192,6732,6736,0,31,6.11
283.111936,6732,6736,0,31,6.12
283.21192,6732,6736,0,31,6.12
283.311948,6732,6736,0,31,6.12
283.41192,6732,6736,0,31,6.12
283.511935,6732,6736,0,31,6.12
283.611921,6732,6736,0,31,6.12
283.711918,6732,6736,0,31,6.12
283.81192,6732,6736,0,31,6.12
283.911919,6732,6736,0,31,6.12
284.011919,6732,6736,0,31,6.12
284.111919,6732,6736,0,31,6.12
284.21192,6732,6736,0,31,6.12
284.311918,6732,6736,0,31,6.12
284.411918,6732,6736,0,31,6.12
284.511934,6732,6736,0,31,6.12
284.611919,6732,6736,0,31,6.12
284.711919,6732,6736,0,31,6.12
284.81192,6732,6736,0,31,6.12
284.911919,6732,6736,0,31,6.13
285.011918,6732,6736,0,31,6.13
285.111918,6732,6736,0,31,6.12
285.211929,6732,6736,0,31,6.12
285.31192,6732,6736,0,31,6.12
285.411921,6732,6736,0,31,6.12
285.511919,6732,6736,0,31,6.12
285.61192,6732,6736,0,31,6.12
285.71192,6732,6736,0,31,6.12
285.81192,6732,6736,0,31,6.12
285.911922,6732,6736,0,31,6.12
286.011919,6732,6736,0,31,6.12
286.11192,6732,6736,0,31,6.12
286.21192,6732,6736,0,31,6.12
286.311919,6732,6736,0,31,6.12
286.411924,6732,6736,0,31,6.12
286.511921,6732,6736,0,31,6.12
286.611918,6732,6736,0,31,6.12
286.711927,6732,6736,0,31,6.12
286.811919,6732,6736,0,31,6.12
286.911919,6732,6736,0,31,6.12
287.011921,6732,6736,0,31,6.12
287.11192,6732,6736,0,31,6.12
287.211919,6732,6736,0,31,6.12
287.311918,6732,6736,0,31,6.12
287.411918,6732,6736,0,31,6.12
287.51192,6732,6736,0,31,6.12
287.611919,6732,6736,0,31,6.12
287.711918,6732,6736,0,31,6.11
287.811927,6732,6736,0,31,6.11
287.911918,6732,6736,0,31,6.12
288.011918,6732,6736,0,31,6.12
288.111918,6732,6736,0,31,6.11
288.211919,6732,6736,0,31,6.11
288.311918,6732,6736,0,31,6.11
288.411924,6732,6736,0,31,6.11
288.511919,6732,6736,0,31,6.11
288.61196,6732,6736,0,31,6.11
288.711918,6732,6736,0,31,6.12
288.811937,6732,6736,0,31,6.12
288.911919,6732,6736,0,31,6.12
289.011919,6732,6736,0,31,6.12
289.111919,6732,6736,0,31,6.12
289.211919,6732,6736,0,31,6.12
289.31192,6732,6736,0,31,6.12
289.411918,6732,6736,0,31,6.12
289.511919,6732,6736,0,31,6.12
289.611928,6732,6736,0,31,6.12
289.711919,6732,6736,0,31,6.11
289.81192,6732,6736,0,31,6.11
289.91192,6732,6736,0,31,6.11
290.011921,6732,6736,0,31,6.11
290.111918,6732,6736,0,31,6.12
290.21192,6732,6736,0,31,6.12
290.311918,6732,6736,0,31,6.12
290.411941,6732,6736,0,31,6.12
290.511918,6732,6736,0,31,6.12
290.611956,6732,6736,0,31,6.12
290.711919,6732,6736,0,31,6.12
290.811936,6732,6736,0,31,6.12
290.91192,6732,6736,0,31,6.12
291.011919,6732,6736,0,31,6.12
291.11192,6732,6736,0,31,6.12
291.211918,6732,6736,0,31,6.12
291.311919,6732,6736,0,31,6.12
291.41192,6732,6736,0,31,6.12
291.511919,6732,6736,0,31,6.12
291.611919,6732,6736,0,31,6.12
291.711919,6732,6736,0,31,6.12
291.811921,6732,6736,0,31,6.12
291.911918,6732,6736,0,31,6.12
292.011925,6732,6736,0,31,6.12
292.111919,6732,6736,0,31,6.12
292.211919,6732,6736,0,31,6.12
292.311919,6732,6736,0,31,6.12
292.411954,6732,6736,0,31,6.12
292.511918,6732,6736,0,31,6.12
292.611948,6732,6736,0,31,6.12
292.711918,6732,6736,0,31,6.12
292.811919,6732,6736,0,31,6.12
292.911927,6732,6736,0,31,6.12
293.01192,6732,6736,0,31,6.12
293.111919,6732,6736,0,31,6.12
293.211918,6732,6736,0,31,6.12
293.311919,6732,6736,0,31,6.12
293.411919,6732,6736,0,31,6.12
293.511918,6732,6736,0,31,6.12
293.611919,6732,6736,0,31,6.12
293.711918,6732,6736,0,31,6.12
293.811919,6732,6736,0,31,6.12
293.91192,6732,6736,0,31,6.11
294.011919,6732,6736,0,31,6.11
294.11192,6732,6736,0,31,6.12
294.211919,6732,6736,0,31,6.12
294.31192,6732,6736,0,31,6.12
294.411919,6732,6736,0,31,6.12
294.51192,6732,6736,0,31,6.12
294.61192,6732,6736,0,31,6.12
294.71192,6732,6736,0,31,6.11
294.811935,6732,6736,0,31,6.11
294.911936,6732,6736,0,31,6.12
295.011937,6732,6736,0,31,6.12
295.111948,6732,6736,0,31,6.12
295.211935,6732,6736,0,31,6.12
295.311943,6732,6736,0,31,6.12
295.411935,6732,6736,0,31,6.12
295.511936,6732,6736,0,31,6.12
295.611918,6732,6736,0,31,6.12
295.711918,6732,6736,0,31,6.12
295.811926,6732,6736,0,31,6.12
295.911918,6732,6736,0,31,6.12
296.011919,6732,6736,0,31,6.12
296.111918,7104,6908,0,31,5.9
296.211919,7104,7080,93,31,5.9
296.31192,7104,7080,93,31,5.9
296.411918,7104,7076,93,31,6.09
296.51192,7104,7076,257,31,6.09
296.611919,7104,7076,257,31,6.09
296.711918,7104,7084,257,31,6.07
296.811919,7104,7076,426,31,6.07
296.911919,7104,7080,426,31,6.08
297.011919,7104,7076,426,31,6.08
297.111919,7104,7076,426,31,6.09
297.211919,7104,7076,257,31,6.09
297.311918,7104,7080,257,31,6.09
297.411919,7104,7080,257,31,6.07
297.51192,7104,7080,221,31,6.07
297.611919,7104,7076,221,31,6.07
297.711918,7104,7076,221,31,6.1
297.81192,7104,7076,421,31,6.1
297.911918,7104,7076,421,31,6.07
298.011919,7104,7080,421,31,6.07
298.111918,7104,7076,421,31,6.07
298.211919,7104,7076,257,31,6.07
298.311918,7104,7072,257,31,6.07
298.41192,7104,7084,257,31,6.08
298.511919,7104,7072,421,31,6.08
298.611919,7104,7076,421,31,6.08
298.711917,7104,7076,421,31,6.08
298.811922,7104,7080,221,31,6.08
298.911917,7104,7072,221,31,6.05
299.01192,7104,7076,221,31,6.05
299.111918,7104,7076,221,31,6.09
299.211919,7104,7080,93,31,6.09
299.311919,7104,7080,93,31,6.09
299.411919,7104,7080,93,31,6.08
299.511921,7104,7076,257,31,6.08
299.611919,7104,7076,257,31,6.08
299.711919,7104,7080,257,31,6.11
299.81192,7104,7080,93,31,6.11
299.911919,7104,7076,93,31,6.07
300.011921,7104,7076,93,31,6.07
300.11192,7104,7076,93,31,6.07
300.211921,7104,7076,257,31,6.07
300.31192,7104,7072,257,31,6.07
300.41192,7104,7076,257,31,6.1
300.511919,7104,7076,88,31,6.1
300.611919,7104,7084,88,31,6.1
300.71192,7104,7080,88,31,6.08
300.811923,7104,7076,257,31,6.08
300.911936,7104,7076,257,31,6.08
301.011919,7104,7080,257,31,6.08
301.111975,7104,7076,257,31,6.07
301.211919,7104,7072,293,31,6.07
301.311956,7104,7080,293,31,6.07
301.41192,7104,7080,293,31,6.08
301.511947,7104,7080,221,31,6.08
301.611918,7104,7076,221,31,6.08
301.711917,7104,7076,221,31,6.1
301.81192,7104,7076,257,31,6.1
301.911924,7104,7080,257,31,6.11
302.011918,7104,7080,257,31,6.11
302.111918,7104,7080,257,31,6.1
302.211919,7104,7080,221,31,6.1
302.311919,7104,7080,221,31,6.1
302.411919,7104,7076,221,31,6.07
302.511929,7104,7072,462,31,6.07
302.611939,7104,7072,462,31,6.07
302.71192,7104,7076,462,31,6.08
302.811923,7104,7076,257,31,6.08
302.911919,7104,7076,257,31,6.09
303.011919,7104,7076,257,31,6.09
303.111941,7104,7076,257,31,6.09
303.211919,7104,7076,257,31,6.09
303.311954,7104,7072,257,31,6.09
303.41192,7104,7080,257,31,6.09
303.511939,7104,7080,93,31,6.09
303.611921,7104,7080,93,31,6.09
303.711938,7104,7080,93,31,6.07
303.81192,7104,7080,221,31,6.07
303.91192,7104,7080,221,31,6.08
304.01192,7104,7076,221,31,6.08
304.111927,7104,7076,221,31,6.09
304.211921,7104,7076,385,31,6.09
304.311958,7104,7076,385,31,6.09
304.411919,7104,7076,385,31,6.07
304.511955,7104,7076,257,31,6.07
304.611921,7104,7080,257,31,6.07
304.711934,7104,7080,257,31,6.1
304.81192,7104,7080,52,31,6.1
304.911921,7104,7080,52,31,6.09
305.011922,7104,7080,52,31,6.09
305.111919,7104,7076,52,31,6.08
305.211918,7104,7076,385,31,6.08
305.311919,7104,7072,385,31,6.08
305.41192,7104,7072,385,31,6.07
305.51192,7104,7076,257,31,6.07
305.611918,7104,7076,257,31,6.07
305.711918,7104,7076,257,31,6.07
305.811919,7104,7076,257,31,6.07
305.911918,7104,7076,257,31,6.06
306.011921,7104,7080,257,31,6.06
306.111919,7104,7076,257,31,6.06
306.211919,7104,7080,221,31,6.06
306.311928,7104,7076,221,31,6.06
306.41192,7104,7076,221,31,6.05
306.511919,7104,7080,221,31,6.05
306.611918,7104,7080,221,31,6.05
306.711927,7104,7076,221,31,6.01
306.811918,7104,7080,93,31,6.01
306.91192,7104,7076,93,31,6.07
307.011918,7104,7076,93,31,6.07
307.111918,7104,7080,93,31,6.11
307.211919,7104,7076,426,31,6.11
307.311919,7104,7076,426,31,6.11
307.411921,7104,7080,426,31,6.06
307.511917,6732,7036,2642,31,6.06
307.611919,6732,6740,2642,31,6.06
307.711917,6732,6736,2642,31,6.11
307.811919,6732,6736,0,31,6.11
307.911919,6732,6736,0,31,6.11
308.011918,6732,6740,0,31,6.11
308.111919,6732,6740,0,31,6.12
308.211918,6732,6740,221,31,6.12
308.311918,6732,6740,221,31,6.12
308.411919,6732,6740,221,31,6.12
308.511919,6732,6740,204,31,6.12
308.611918,6732,6736,204,31,6.12
308.711919,6732,6740,204,31,6.11
308.811925,6732,6736,0,31,6.11
308.911917,6732,6736,0,31,6.12
309.011918,6732,6736,0,31,6.12
309.111917,6732,6736,0,31,6.12
309.211918,6732,6736,0,31,6.12
309.311919,6732,6736,0,31,6.12
309.411919,6732,6736,0,31,6.12
309.51192,6732,6736,0,31,6.12
309.611939,6732,6736,0,31,6.12
309.711918,6732,6736,0,31,6.11
309.811919,6732,6736,0,31,6.11
309.911926,6732,6736,0,31,6.12
310.011919,6732,6736,0,32,6.12
310.111918,6732,6736,0,32,6.12
310.21192,6732,6736,0,32,6.12
310.311927,6732,6736,0,32,6.12
310.411919,6732,6736,0,32,6.12
310.511919,6732,6736,0,32,6.12
310.61192,6732,6736,0,32,6.12
310.711919,6732,6736,0,32,6.11
310.811919,6732,6736,0,32,6.11
310.911917,6732,6736,0,32,6.12
311.011918,6732,6736,0,32,6.12
311.111929,6732,6736,0,32,6.12
311.21191,6732,6736,0,32,6.12
311.31191,6732,6736,0,32,6.12
311.411911,6732,6736,0,32,6.12
311.511911,6732,6736,0,32,6.12
311.611911,6732,6736,0,32,6.12
311.71191,6732,6736,0,32,6.12
311.811912,6732,6736,0,32,6.12
311.911911,6732,6736,0,32,6.12
312.011912,6732,6736,0,32,6.12
312.11191,6732,6736,0,32,6.11
312.211912,6732,6736,0,32,6.11
312.311927,6732,6736,0,32,6.11
312.411911,6732,6736,0,32,6.12
312.51191,6732,6736,0,32,6.12
312.611911,6732,6736,0,32,6.12
312.711911,6732,6736,0,32,6.12
312.811914,6732,6736,0,32,6.12
312.91191,6732,6736,0,32,6.12
313.011911,6732,6736,0,32,6.12
313.111915,6732,6736,0,32,6.12
313.211935,6732,6736,0,32,6.12
313.311912,6732,6736,0,32,6.12
313.411946,6732,6736,0,32,6.12
313.51191,6732,6736,0,32,6.12
313.611939,6732,6736,0,32,6.12
313.711911,6732,6736,0,32,6.12
313.811913,6732,6736,0,32,6.12
313.911909,6732,6736,0,32,6.11
314.011911,6732,6736,0,32,6.11
314.11192,6732,6736,0,32,6.12
314.211912,6732,6736,0,32,6.12
314.31191,6732,6736,0,32,6.12
314.411935,6732,6736,0,32,6.12
314.511911,6732,6736,0,32,6.12
314.611931,6732,6736,0,32,6.12
314.711911,6732,6736,0,32,6.12
314.811928,6732,6736,0,32,6.12
314.911911,6732,6736,0,32,6.12
315.01192,6732,6736,0,32,6.12
315.111909,6732,6736,0,32,6.1
315.211913,6732,6736,0,32,6.1
315.311911,6732,6736,0,32,6.1
315.41191,6732,6736,0,32,6.12
315.51191,6732,6736,0,32,6.12
315.611911,6732,6736,0,32,6.12
315.711911,6732,6736,0,32,6.12
315.811911,6732,6736,0,32,6.12
315.911911,6732,6736,0,32,6.12
316.011912,6732,6736,0,32,6.12
316.111923,6732,6736,0,32,6.12
316.211911,6732,6736,0,32,6.12
316.311912,6732,6736,0,32,6.12
316.411911,6732,6736,0,32,6.11
316.51191,6732,6736,0,32,6.11
316.611912,6732,6736,0,32,6.11
316.711911,6732,6736,0,32,6.12
316.811946,6732,6736,0,32,6.12
316.91192,6732,6736,0,32,6.12
317.011924,6732,6736,0,32,6.12
317.111922,6732,6736,0,32,6.12
317.211929,6732,6736,0,32,6.12
317.311912,6732,6736,0,32,6.12
317.411928,6732,6736,0,32,6.12
317.51191,6732,6736,0,32,6.12
317.611912,6732,6736,0,32,6.12
317.711911,6732,6736,0,32,6.12
317.811919,6732,6736,0,32,6.12
317.911911,6732,6736,0,32,6.12
318.011912,6732,6736,0,32,6.12
318.111911,6732,6736,0,32,6.12
318.211911,6732,6736,0,32,6.12
318.311911,6732,6736,0,32,6.12
318.411919,6732,6736,0,32,6.12
318.51191,6732,6736,0,32,6.12
318.611911,6732,6736,0,32,6.12
318.711911,6732,6736,0,32,6.12
318.811912,6732,6736,0,32,6.12
318.911911,6732,6736,0,32,6.12
319.011912,6732,6736,0,32,6.12
319.111913,6732,6736,0,32,6.12
319.211919,6732,6736,0,32,6.12
319.31191,6732,6736,0,32,6.12
319.41191,6732,6736,0,32,6.11
319.51191,6732,6736,0,32,6.11
319.61191,6732,6736,0,32,6.11
319.711911,6732,6736,0,32,6.11
319.81191,6732,6736,0,32,6.11
319.911911,6732,6736,0,32,6.12
320.011909,6732,6736,0,32,6.12
320.111911,6732,6736,0,32,6.12
320.211912,6732,6736,0,32,6.12
320.311911,6732,6736,0,32,6.12
320.411912,6732,6736,0,32,6.12
320.511912,6732,6736,0,32,6.12
320.611912,6732,6736,0,32,6.12
320.711911,6732,6736,0,32,6.12
320.811911,6732,6736,0,32,6.12
320.91191,6732,6736,0,32,6.11
321.011911,6732,6736,0,32,6.11
321.11191,6732,6736,0,32,6.11
321.211914,6732,6736,0,32,6.11
321.31191,6732,6736,0,32,6.11
321.411912,6732,6736,0,32,6.11
321.511912,6732,6736,0,32,6.11
321.611911,6732,6736,0,32,6.11
321.711911,6732,6736,0,32,6.12
321.811911,6732,6736,0,32,6.12
321.911912,6732,6736,0,32,6.12
322.011912,6732,6736,0,32,6.12
322.111911,6732,6736,0,32,6.12
322.211912,6732,6736,0,32,6.12
322.311911,6732,6736,0,32,6.12
322.411911,6732,6736,0,32,6.12
322.511912,6732,6736,0,32,6.12
322.611911,6732,6736,0,32,6.12
322.711911,6732,6736,0,32,6.12
322.811912,6732,6736,0,32,6.12
322.911912,6732,6736,0,32,6.11
323.011911,6732,6736,0,32,6.11
323.111911,7104,6908,0,32,5.94
323.211912,7104,7080,221,32,5.94
323.311912,7104,7076,221,32,5.94
323.411911,7104,7072,221,32,6.07
323.511912,7104,7076,257,32,6.07
323.61191,7104,7072,257,32,6.07
323.711913,7104,7076,257,32,6.08
323.811909,7104,7076,257,32,6.08
323.911943,7104,7076,257,32,6.08
324.011915,7104,7080,257,32,6.08
324.111946,7104,7080,257,32,6.09
324.211911,7104,7080,221,32,6.09
324.311928,7104,7080,221,32,6.09
324.411911,7104,7080,221,32,6.09
324.511933,7104,7080,221,32,6.09
324.611911,7104,7080,221,32,6.09
324.711958,7104,7080,221,32,6.08
324.811911,7104,7080,221,32,6.08
324.911929,7104,7076,221,32,6.08
325.011911,7104,7080,221,31,6.08
325.11191,7104,7080,221,31,6.09
325.211911,7104,7076,257,31,6.09
325.31191,7104,7076,257,31,6.09
325.411914,7104,7076,257,31,6.07
325.511911,7104,7076,93,31,6.07
325.611912,7104,7076,93,31,6.07
325.71191,7104,7076,93,31,6.08
325.811912,7104,7080,221,31,6.08
325.91192,7104,7080,221,31,6.11
326.01191,7104,7076,221,31,6.11
326.11191,7104,7080,221,31,6.08
326.211919,7104,7080,221,31,6.08
326.31191,7104,7076,221,31,6.08
326.41191,7104,7080,221,31,6.1
326.511912,7104,7076,257,31,6.1
326.611912,7104,7080,257,31,6.1
326.711911,7104,7080,257,31,6.09
326.811912,7104,7076,351,31,6.09
326.911911,7104,7076,351,31,6.09
327.011913,7104,7076,351,31,6.09
327.111911,7104,7076,351,31,6.1
327.211911,7104,7076,257,31,6.1
327.311912,7104,7076,257,31,6.1
327.411913,7104,7076,257,31,6.11
327.511919,7104,7076,221,31,6.11
327.611911,7104,7076,221,31,6.11
327.711911,7104,7080,221,31,6.08
327.811912,7104,7080,221,31,6.08
327.911918,7104,7080,221,31,6.09
328.011912,7104,7080,221,31,6.09
328.111923,7104,7080,221,31,6.12
328.211911,7104,7084,221,31,6.12
328.311919,7104,7080,221,31,6.12
328.411912,7104,7080,221,31,6.09
328.511934,7104,7076,129,31,6.09
328.611919,7104,7076,129,31,6.09
328.711946,7104,7076,129,31,6.07
328.811911,7104,7080,93,31,6.07
328.911949,7104,7080,93,31,6.1
329.011912,7104,7080,93,31,6.1
329.111929,7104,7076,93,31,6.07
329.211919,7104,7076,221,31,6.07
329.311911,7104,7076,221,31,6.07
329.411912,7104,7080,221,31,6.09
329.511911,7104,7080,221,31,6.09
329.611911,7104,7080,221,31,6.09
329.711913,7104,7080,221,31,6.09
329.811912,7104,7076,221,31,6.09
329.911912,7104,7080,221,31,6.08
330.011911,7104,7080,221,31,6.08
330.111914,7104,7080,221,31,6.09
330.211914,7104,7080,221,31,6.09
330.311911,7104,7080,221,31,6.09
330.411912,7104,7076,221,31,6.09
330.511912,7104,7080,221,31,6.09
330.611913,7104,7076,221,31,6.09
330.711912,7104,7080,221,31,6.07
330.811912,7104,7080,58,31,6.07
330.911912,7104,7080,58,31,6.08
331.011912,7104,7080,58,32,6.08
331.111911,7104,7076,58,32,6.08
331.211912,7104,7076,257,32,6.08
331.31191,7104,7076,257,32,6.08
331.411911,7104,7076,257,32,6.06
331.511911,7104,7076,221,32,6.06
331.61191,7104,7076,221,32,6.06
331.711911,7104,7084,221,32,6.12
331.811912,7104,7076,385,32,6.12
331.911911,7104,7076,385,32,6.07
332.011919,7104,7076,385,32,6.07
332.111911,7104,7076,385,32,6.08
332.211912,7104,7080,52,32,6.08
332.311911,7104,7076,52,32,6.08
332.411912,7104,7076,52,32,6.09
332.511916,7104,7080,257,32,6.09
332.611912,7104,7080,257,32,6.09
332.711911,7104,7076,257,32,6.08
332.811912,7104,7080,58,32,6.08
332.911912,7104,7080,58,32,6.12
333.011912,7104,7076,58,32,6.12
333.111912,7104,7080,58,32,6.07
333.211912,7104,7076,257,32,6.07
333.31191,7104,7076,257,32,6.07
333.411913,7104,7080,257,32,6.12
333.511911,7104,7080,221,32,6.12
333.611912,7104,7080,221,32,6.12
333.711911,7104,7076,221,32,6.06
333.811911,7104,7076,257,32,6.06
333.911909,7104,7072,257,32,6.06
334.011912,7104,7076,257,32,6.06
334.111911,7104,7080,257,32,6.12
334.211912,7104,7076,257,32,6.12
334.311912,7104,7080,257,32,6.12
334.411911,7104,7080,257,32,6.11
334.511919,7104,7080,52,32,6.11
334.611912,7104,7076,52,32,6.11
334.711911,7104,7080,52,32,6.09
334.811912,7104,7076,426,32,6.09
334.911913,7104,7076,426,32,6.12
335.011912,7104,7080,426,32,6.12
335.111912,7104,7080,426,32,6.1
335.211912,7104,7080,93,32,6.1
335.311912,7104,7080,93,32,6.1
335.411913,7104,7076,93,32,6.09
335.511912,7104,7080,385,32,6.09
335.611912,7104,7076,385,32,6.09
335.711912,7104,7080,385,32,6.08
335.811912,7104,7080,93,32,6.08
335.911912,7104,7076,93,32,6.09
336.011914,7104,7076,93,32,6.09
336.111912,7104,7076,93,32,6.09
336.211913,7104,7080,221,32,6.09
336.311921,7104,7080,221,32,6.09
336.411914,7104,7080,221,32,6.09
336.511911,7104,7076,221,32,6.09
336.61193,7104,7076,221,32,6.09
336.711911,7104,7076,221,32,6.08
336.811925,7104,7080,221,32,6.08
336.911911,7104,7076,221,32,6.07
337.011946,7104,7080,221,32,6.07
337.111911,7104,7076,221,32,6.08
337.211946,7104,7076,257,32,6.08
337.31191,7104,7080,257,32,6.08
337.411924,7104,7080,257,32,6.09
337.51191,7104,7080,221,32,6.09
337.611948,7104,7076,221,32,6.09
337.711912,7104,7084,221,32,6.09
337.811929,7104,7080,221,32,6.09
337.911912,7104,7076,221,32,6.1
338.011919,7104,7076,221,32,6.1
338.111911,7104,7080,221,32,6.11
338.211911,7104,7080,221,32,6.11
338.311913,7104,7080,221,32,6.11
338.411914,7104,7080,221,32,6.08
338.511912,7104,7076,385,32,6.08
338.61193,7104,7076,385,32,6.08
338.711912,7104,7076,385,32,6.1
338.811911,7104,7080,221,32,6.1
338.91191,7104,7076,221,32,6.08
339.011913,7104,7080,221,32,6.08
339.11191,7104,7080,221,32,6.08
339.211912,7104,7076,257,32,6.08
339.311919,7104,7080,257,32,6.08
339.41191,7104,7076,257,32,6.1
339.511912,7104,7076,257,32,6.1
339.611912,7104,7080,257,32,6.1
339.711919,7104,7076,257,32,6.07
339.811913,7104,7076,257,32,6.07
339.91192,7104,7080,257,32,6.08
340.011911,7104,7080,257,32,6.08
340.111911,7104,7076,257,32,6.1
340.211912,7104,7080,58,32,6.1
340.311918,7104,7076,58,32,6.1
340.411912,7104,7076,58,32,6.09
340.511912,7104,7076,257,32,6.09
340.611941,7104,7076,257,32,6.09
340.711911,7104,7076,257,32,6.07
340.811912,7104,7080,221,32,6.07
340.911912,7104,7076,221,32,6.11
341.011912,7104,7076,221,32,6.11
341.111911,7104,7076,221,32,6.07
341.211913,7104,7076,129,32,6.07
341.311913,7104,7080,129,32,6.07
341.411913,7104,7076,129,32,6.09
341.511912,7104,7080,221,32,6.09
341.611912,7104,7076,221,32,6.09
341.711918,7104,7080,221,32,6.1
341.811913,7104,7076,426,32,6.1
341.911912,7104,7080,426,32,6.1
342.011913,7104,7080,426,32,6.1
342.111912,7104,7080,426,32,6.12
342.211927,7104,7076,257,32,6.12
342.311932,7104,7076,257,32,6.12
342.411958,7104,7080,257,32,6.04
342.511911,7104,7080,221,32,6.04
342.611939,7104,7076,221,32,6.04
342.71191,7104,7076,221,32,6.09
342.811929,7104,7076,34,32,6.09
342.91191,7104,7076,34,32,6.08
343.011911,7104,7076,34,32,6.08
343.111911,7104,7080,34,32,6.1
343.211912,7104,7076,257,32,6.1
343.311912,7104,7076,257,32,6.1
343.411912,7104,7080,257,32,6.09
343.511911,7104,7072,293,32,6.09
343.611912,7104,7080,293,32,6.09
343.711911,7104,7072,293,32,6.06
343.811919,7104,7072,293,32,6.06
343.911912,6732,6900,293,32,5.95
344.011913,6732,6736,293,32,5.95
344.111912,6732,6736,293,32,6.12
344.211921,6732,6740,204,32,6.12
344.311911,6732,6740,204,32,6.12
344.411931,6732,6740,204,32,6.1
344.511913,6732,6736,221,32,6.1
344.611912,6732,6740,221,32,6.1
344.711912,6732,6736,221,32,6.12
344.811915,6732,6736,0,32,6.12
344.911919,6732,6736,0,32,6.12
345.01193,6732,6736,0,32,6.12
345.111911,6732,6736,0,32,6.12
345.211914,6732,6736,0,32,6.12
345.311912,6732,6736,0,32,6.12
345.411911,6732,6736,0,32,6.12
345.511912,6732,6736,0,32,6.12
345.611911,6732,6736,0,32,6.12
345.711911,6732,6736,0,32,6.11
345.811913,6732,6736,0,32,6.11
345.911912,6732,6736,0,32,6.12
346.011912,6732,6736,0,32,6.12
346.111911,6732,6736,0,32,6.12
346.211911,6732,6736,0,32,6.12
346.311911,6732,6736,0,32,6.12
346.411912,6732,6736,0,32,6.12
346.511912,6732,6736,0,32,6.12
346.611919,6732,6736,0,32,6.12
346.71191,6732,6736,0,32,6.11
346.811922,6732,6736,0,32,6.11
346.911911,6732,6736,0,32,6.1
347.011911,6732,6736,0,32,6.1
347.111919,6732,6736,0,32,6.12
347.211913,6732,6736,0,32,6.12
347.31191,6732,6736,0,32,6.12
347.411913,6732,6736,0,32,6.11
347.511912,6732,6736,0,32,6.11
347.611912,6732,6736,0,32,6.11
347.711911,6732,6736,0,32,6.12
347.811913,6732,6736,0,32,6.12
347.911918,6732,6736,0,32,6.12
348.011912,6732,6736,0,32,6.12
348.111911,6732,6736,0,32,6.12
348.211911,6732,6736,0,32,6.12
348.311914,6732,6736,0,32,6.12
348.411912,6732,6736,0,32,6.12
348.511934,6732,6736,0,32,6.12
348.611911,6732,6736,0,32,6.12
348.711941,6732,6736,0,32,6.12
348.811913,6732,6736,0,32,6.12
348.911941,6732,6736,0,32,6.12
349.011912,6732,6736,0,32,6.12
349.11192,6732,6736,0,32,6.12
349.211914,6732,6736,0,32,6.12
349.31193,6732,6736,0,32,6.12
349.411912,6732,6736,0,32,6.12
349.511928,6732,6736,0,32,6.12
349.611912,6732,6736,0,32,6.12
349.711914,6732,6736,0,32,6.12
349.811911,6732,6736,0,32,6.12
349.911912,6732,6736,0,32,6.09
350.01192,6732,6736,0,32,6.09
350.11191,6732,6736,0,32,6.12
350.211912,6732,6736,0,32,6.12
350.311911,6732,6736,0,32,6.12
350.411912,6732,6736,0,32,6.13
350.51191,6732,6736,0,32,6.13
350.611912,6732,6736,0,32,6.13
350.711917,6732,6736,0,32,6.11
350.81191,6732,6736,0,32,6.11
350.911911,6732,6736,0,32,6.12
351.011922,6732,6736,0,32,6.12
351.111912,6732,6736,0,32,6.11
351.211912,6732,6736,0,32,6.11
351.311924,6732,6736,0,32,6.11
351.411911,6732,6736,0,32,6.12
351.511911,6732,6736,0,32,6.12
351.611923,6732,6736,0,32,6.12
351.711911,6732,6736,0,32,6.12
351.811911,6732,6736,0,32,6.12
351.911912,6732,6736,0,32,6.12
352.01191,6732,6736,0,32,6.12
352.111918,6732,6736,0,32,6.12
352.211912,6732,6736,0,32,6.12
352.311911,6732,6736,0,32,6.12
352.411911,6732,6736,0,32,6.12
352.511911,6732,6736,0,32,6.12
352.611911,6732,6736,0,32,6.12
352.711911,6732,6736,0,32,6.12
352.811912,6732,6736,0,32,6.12
352.911921,6732,6736,0,32,6.13
353.011911,6732,6736,0,32,6.13
353.11191,6732,6736,0,32,6.12
353.211912,6732,6736,0,32,6.12
353.311912,6732,6736,0,32,6.12
353.411914,6732,6736,0,32,6.12
353.511911,6732,6736,0,32,6.12
353.611913,6732,6736,0,32,6.12
353.711912,6732,6736,0,32,6.12
353.811912,6732,6736,0,32,6.12
353.911912,6732,6736,0,32,6.11
354.011914,6732,6736,0,32,6.11
354.111915,6732,6736,0,32,6.12
354.211912,6732,6736,0,32,6.12
354.311912,6732,6736,0,32,6.12
354.411923,6732,6736,0,32,6.12
354.511912,6732,6736,0,32,6.12
354.611912,6732,6736,0,32,6.12
354.711913,6732,6736,0,32,6.12
354.811912,6732,6736,0,32,6.12
354.911912,6732,6736,0,32,6.11
355.011912,6732,6736,0,32,6.11
355.111912,6732,6736,0,32,6.12
355.21191,6732,6736,0,32,6.12
355.311911,6732,6736,0,32,6.12
355.411911,6732,6736,0,32,6.11
355.511912,6732,6736,0,32,6.11
355.611912,6732,6736,0,32,6.11
355.711914,6732,6736,0,32,6.11
355.811913,6732,6736,0,32,6.11
355.911947,6732,6736,0,32,6.12
356.011911,6732,6736,0,32,6.12
356.111925,6732,6736,0,32,6.12
356.211911,6732,6736,0,32,6.12
356.311948,6732,6736,0,32,6.12
356.411912,6732,6736,0,32,6.12
356.511912,6732,6736,0,32,6.12
356.611913,6732,6736,0,32,6.12
356.711911,6732,6736,0,32,6.12
356.811912,6732,6736,0,32,6.12
356.911911,6732,6736,0,32,6.11
357.011911,6732,6736,0,32,6.11
357.111911,6732,6736,0,32,6.12
357.211912,6732,6736,0,32,6.12
357.311911,6732,6736,0,32,6.12
357.411912,6732,6736,0,32,6.12
357.51191,6732,6736,0,32,6.12
357.611912,6732,6736,0,32,6.12
357.711911,6732,6736,0,32,6.12
357.811913,6732,6736,0,32,6.12
357.911932,6732,6736,0,32,6.12
358.011936,6732,6736,0,32,6.12
358.111911,6732,6736,0,32,6.12
358.211947,6732,6736,0,32,6.12
358.311911,6732,6736,0,32,6.12
358.411913,6732,6736,0,32,6.1
358.511913,6732,6736,0,32,6.1
358.611913,6732,6736,0,32,6.1
358.711911,6732,6736,0,32,6.11
358.811912,6732,6736,0,32,6.11
358.91191,6732,6736,0,32,6.11
359.011911,6732,6736,0,32,6.11
359.111911,6732,6736,0,32,6.12
359.211911,6732,6736,0,32,6.12
359.311911,6732,6736,0,32,6.12
359.411911,6732,6736,0,32,6.11
359.511918,6732,6736,0,32,6.11
359.61191,6732,6736,0,32,6.11
359.711911,6732,6736,0,32,6.11
359.811913,6732,6736,0,32,6.11
359.911912,6732,6736,0,32,6.11
360.011912,6732,6736,0,32,6.11
360.111911,6732,6736,0,32,6.11
360.211925,6732,6736,0,32,6.11
360.311911,6732,6736,0,32,6.11
360.411912,6732,6736,0,32,6.11
360.511911,6732,6736,0,32,6.11
360.611911,6732,6736,0,32,6.11
360.711911,6732,6736,0,32,6.11
360.811912,6732,6736,0,32,6.11
360.91191,6732,6736,0,32,6.12
361.011911,6732,6736,0,32,6.12
361.111911,6732,6736,0,32,6.12
361.211912,6732,6736,0,32,6.12
361.31191,6732,6736,0,32,6.12
361.411916,6732,6736,0,32,6.11
361.511912,6732,6736,0,32,6.11
361.611942,6732,6736,0,32,6.11
361.71192,6732,6736,0,32,6.12
361.81194,6732,6736,0,32,6.12
361.911911,6732,6736,0,32,6.12
362.011912,6732,6736,0,32,6.12
362.111912,6732,6736,0,32,6.11
362.211911,6732,6736,0,32,6.11
362.311912,6732,6736,0,32,6.11
362.411913,6732,6736,0,32,6.12
362.511912,6732,6736,0,32,6.12
362.611912,6732,6736,0,32,6.12
362.711911,6732,6736,0,32,6.12
362.811911,6732,6736,0,32,6.12
362.911911,6732,6736,0,32,6.12
363.011912,6732,6736,0,32,6.12
363.111911,6732,6736,0,32,6.12
363.211912,6732,6736,0,32,6.12
363.311911,6732,6736,0,32,6.12
363.411912,6732,6736,0,32,6.11
363.511911,6732,6736,0,32,6.11
363.611912,6732,6736,0,32,6.11
363.711911,6732,6736,0,32,6.12
363.811912,6732,6736,0,32,6.12
363.911917,6732,6736,0,32,6.12
364.011912,6732,6736,0,32,6.12
364.111912,6732,6736,0,32,6.12
364.211912,6732,6736,0,32,6.12
364.311911,6732,6736,0,32,6.12
364.411911,6732,6736,0,32,6.11
364.511912,6732,6736,0,32,6.11
364.611912,6732,6736,0,32,6.11
364.711911,6732,6736,0,32,6.12
364.811912,6732,6736,0,32,6.12
364.91191,6732,6736,0,32,6.12
365.011912,6732,6736,0,32,6.12
365.111911,6732,6736,0,32,6.11
365.211929,6732,6736,0,32,6.11
365.311912,6732,6736,0,32,6.11
365.411911,6732,6736,0,32,6.12
365.511919,6732,6736,0,32,6.12
365.611914,6732,6736,0,32,6.12
365.711911,6732,6736,0,32,6.11
365.811911,6732,6736,0,32,6.11
365.911917,6732,6736,0,32,6.12
366.011913,6732,6736,0,32,6.12
366.111912,6732,6736,0,32,6.12
366.211911,6732,6736,0,32,6.12
366.311912,6732,6736,0,32,6.12
366.411911,6732,6736,0,32,6.12
366.51191,6732,6736,0,32,6.12
366.611912,6732,6736,0,32,6.12
366.71191,6732,6736,0,32,6.11
366.811911,6732,6736,0,32,6.11
366.911919,6732,6736,0,32,6.12
367.011912,6732,6736,0,32,6.12
367.111911,6732,6736,0,32,6.12
367.211912,6732,6736,0,32,6.12
367.311919,6732,6736,0,32,6.12
367.411911,6732,6736,0,32,6.12
367.511911,6732,6736,0,32,6.12
367.611912,6732,6736,0,32,6.12
367.711957,6732,6736,0,32,6.12
367.81192,6732,6736,0,32,6.12
367.911929,6732,6736,0,32,6.12
368.011913,6732,6736,0,32,6.12
368.11191,6732,6736,0,32,6.12
368.211914,6732,6736,0,32,6.12
368.311911,6732,6736,0,32,6.12
368.411928,6732,6736,0,32,6.12
368.51191,6732,6736,0,32,6.12
368.611945,6732,6736,0,32,6.12
368.711919,6732,6736,0,32,6.11
368.811928,6732,6736,0,32,6.11
368.91191,6732,6736,0,32,6.12
369.011914,6732,6736,0,32,6.12
369.11192,6732,6736,0,32,6.12
369.211911,6732,6736,0,32,6.12
369.311911,6732,6736,0,32,6.12
369.411919,6732,6736,0,32,6.12
369.511913,6732,6736,0,32,6.12
369.611911,6732,6736,0,32,6.12
369.711919,7104,6772,0,32,5.34
369.811911,7104,7072,293,32,5.34
369.91191,7104,7076,293,32,6.08
370.011913,7104,7080,293,32,6.08
370.111911,7104,7076,293,32,6.08
370.211911,7104,7076,257,32,6.08
370.311911,7104,7076,257,32,6.08
370.411928,7104,7076,257,32,6.07
370.511912,7104,7076,257,32,6.07
370.611912,7104,7076,257,32,6.07
370.711911,7104,7076,257,32,6.07
370.811912,7104,7076,257,32,6.07
370.91191,7104,7076,257,32,6.08
371.011912,7104,7076,257,32,6.08
371.111911,7104,7080,257,32,6.09
371.211912,7104,7076,221,32,6.09
371.311912,7104,7080,221,32,6.09
371.411911,7104,7076,221,32,6.09
371.511909,7104,7076,257,32,6.09
371.611919,7104,7080,257,32,6.09
371.71191,7104,7080,257,32,6.12
371.811911,7104,7080,221,32,6.12
371.91192,7104,7080,221,32,6.1
372.011919,7104,7076,221,32,6.1
372.111912,7104,7080,221,32,6.1
372.211911,7104,7080,221,32,6.1
372.311911,7104,7080,221,32,6.1
372.411911,7104,7080,221,32,6.1
372.511913,7104,7076,351,32,6.1
372.611912,7104,7076,351,32,6.1
372.711918,7104,7080,351,32,6.11
372.811912,7104,7080,221,32,6.11
372.911917,7104,7080,221,32,6.09
373.011912,7104,7080,221,32,6.09
373.111919,7104,7080,221,32,6.1
373.211911,7104,7076,293,32,6.1
373.311911,7104,7076,293,32,6.1
373.411911,7104,7076,293,32,6.07
373.51191,7104,7080,221,32,6.07
373.611912,7104,7072,221,32,6.07
373.711913,7104,7076,221,32,6.09
373.811912,7104,7080,58,32,6.09
373.91191,7104,7076,58,32,6.08
374.011912,7104,7076,58,32,6.08
374.111911,7104,7076,58,32,6.07
374.211911,7104,7080,257,32,6.07
374.311932,7104,7080,257,32,6.07
374.411911,7104,7080,257,32,6.09
374.511947,7104,7076,257,32,6.09
374.611919,7104,7080,257,32,6.09
374.711929,7104,7084,257,32,6.09
374.811911,7104,7080,93,32,6.09
374.911918,7104,7080,93,32,6.12
375.011912,7104,7076,93,31,6.12
375.11191,7104,7080,93,31,6.08
375.21191,7104,7076,257,31,6.08
375.311918,7104,7076,257,31,6.08
375.411919,7104,7076,257,31,6.07
375.51191,7104,7080,221,31,6.07
375.611911,7104,7080,221,31,6.07
375.711911,7104,7076,221,31,6.08
375.811913,7104,7080,52,31,6.08
375.91191,7104,7076,52,31,6.1
376.011912,7104,7080,52,31,6.1
376.11192,7104,7080,52,31,6.09
376.21191,7104,7076,257,31,6.09
376.311911,7104,7080,257,31,6.09
376.411912,7104,7076,257,31,6.08
376.511911,7104,7080,528,31,6.08
376.611914,7104,7080,528,31,6.08
376.711911,7104,7076,528,31,6.07
376.811911,7104,7076,257,31,6.07
376.91191,7104,7080,257,31,6.08
377.011912,7104,7076,257,32,6.08
377.11191,7104,7076,257,32,6.08
377.21191,7104,7080,93,32,6.08
377.311919,7104,7076,93,32,6.08
377.41191,7104,7076,93,32,6.08
377.51191,7104,7080,52,32,6.08
377.61191,7104,7076,52,32,6.08
377.711911,7104,7076,52,32,6.07
377.811913,7104,7076,257,32,6.07
377.911929,7104,7076,257,32,6.09
378.011911,7104,7080,257,31,6.09
378.111911,7104,7080,257,31,6.08
378.211911,7104,7080,221,31,6.08
378.311911,7104,7076,221,31,6.08
378.411912,7104,7076,221,31,6.07
378.511911,7104,7076,257,31,6.07
378.611911,7104,7076,257,31,6.07
378.711929,7104,7076,257,31,6.08
378.811924,7104,7080,93,31,6.08
378.911911,7104,7080,93,31,6.11
379.011912,7104,7076,93,31,6.11
379.111911,7104,7080,93,31,6.11
379.211912,7104,7076,221,31,6.11
379.31191,7104,7080,221,31,6.11
379.411911,7104,7080,221,31,6.1
379.511912,7104,7076,257,31,6.1
379.611927,7104,7080,257,31,6.1
379.71193,7104,7076,257,31,6.1
379.811942,7104,7080,426,31,6.1
379.911911,7104,7080,426,31,6.09
380.011928,7104,7080,426,32,6.09
380.111919,7104,7076,426,32,6.1
380.211911,7104,7076,221,32,6.1
380.311909,7104,7080,221,32,6.1
380.411917,7104,7080,221,32,6.11
380.511919,7104,7076,426,32,6.11
380.611911,7104,7080,426,32,6.11
380.711915,7104,7080,426,32,6.08
380.811912,7104,7080,221,32,6.08
380.911912,7104,7080,221,32,6.09
381.011911,7104,7080,221,32,6.09
381.111912,7104,7076,221,32,6.09
381.211921,7104,7076,257,32,6.09
381.311912,7104,7076,257,32,6.09
381.411912,7104,7080,257,32,6.1
381.511912,7104,7080,221,32,6.1
381.611912,7104,7076,221,32,6.1
381.71192,7104,7076,221,32,6.07
381.811911,7104,7080,221,32,6.07
381.911912,7104,7080,221,32,6.09
382.011911,7104,7080,221,32,6.09
382.111912,7104,7080,221,32,6.11
382.211913,7104,7076,257,32,6.11
382.311911,7104,7080,257,32,6.11
382.411911,7104,7076,257,32,6.1
382.511913,7104,7076,221,32,6.1
382.611912,7104,7076,221,32,6.1
382.711927,7104,7076,221,32,6.12
382.811911,7104,7080,426,32,6.12
382.911953,7104,7080,426,32,6.09
383.011912,7104,7076,426,32,6.09
383.111948,7104,7076,426,32,6.1
383.211911,7104,7076,257,32,6.1
383.311945,7104,7080,257,32,6.1
383.411912,7104,7076,257,32,6.1
383.511939,7104,7080,221,32,6.1
383.61192,7104,7080,221,32,6.1
383.711928,7104,7080,221,32,6.08
383.811911,7104,7080,93,32,6.08
383.911912,7104,7080,93,32,6.08
384.011911,7104,7080,93,32,6.08
384.111911,7104,7080,93,32,6.1
384.211911,7104,7080,93,32,6.1
384.311911,7104,7080,93,32,6.1
384.411911,6732,6808,93,32,6.06
384.511912,6732,6740,0,32,6.06
384.611912,6732,6740,0,32,6.06
384.711929,6732,6740,0,32,6.11
384.811911,6732,6740,221,32,6.11
384.911911,6732,6740,221,32,6.11
385.011925,6732,6740,221,32,6.11
385.111911,6732,6740,221,32,6.11
385.211913,6732,6740,221,32,6.11
385.311911,6732,6740,221,32,6.11
385.411936,6732,6740,221,32,6.11
385.511913,6732,6740,163,32,6.11
385.611912,6732,6736,163,32,6.11
385.711912,6732,6736,163,32,6.12
385.811912,6732,6736,0,32,6.12
385.911912,6732,6736,0,32,6.12
386.011915,6732,6736,0,32,6.12
386.111911,6732,6736,0,32,6.12
386.211914,6732,6736,0,32,6.12
386.31191,6732,6736,0,32,6.12
386.411911,6732,6736,0,32,6.12
386.511911,6732,6736,0,32,6.12
386.61192,6732,6736,0,32,6.12
386.711912,6732,6736,0,32,6.12
386.811913,6732,6736,0,32,6.12
386.911919,6732,6736,0,32,6.11
387.011913,6732,6736,0,32,6.11
387.11191,6732,6736,0,32,6.12
387.211913,6732,6736,0,32,6.12
387.311912,6732,6736,0,32,6.12
387.411932,6732,6736,0,32,6.12
387.511911,6732,6736,0,32,6.12
387.611946,6732,6736,0,32,6.12
387.711913,6732,6736,0,32,6.12
387.811941,6732,6736,0,32,6.12
387.911927,6732,6736,0,32,6.11
388.011913,6732,6736,0,32,6.11
388.11191,6732,6736,0,32,6.09
388.211911,6732,6736,0,32,6.09
388.311911,6732,6736,0,32,6.09
388.411911,6732,6736,0,32,6.11
388.51191,6732,6736,0,32,6.11
388.611913,6732,6736,0,32,6.11
388.711911,6732,6736,0,32,6.12
388.811919,6732,6736,0,32,6.12
388.911912,6732,6736,0,32,6.12
389.011912,6732,6736,0,32,6.12
389.111911,6732,6736,0,32,6.11
389.21192,6732,6736,0,32,6.11
389.311912,6732,6736,0,32,6.11
389.41192,6732,6736,0,32,6.12
389.51191,6732,6736,0,32,6.12
389.61191,6732,6736,0,32,6.12
389.711912,6732,6736,0,32,6.12
389.811911,6732,6736,0,32,6.12
389.911912,6732,6736,0,32,6.12
390.011912,6732,6736,0,32,6.12
390.111912,6732,6736,0,32,6.12
390.211912,6732,6736,0,32,6.12
390.311939,6732,6736,0,32,6.12
390.41193,6732,6736,0,32,6.12
390.511926,6732,6736,0,32,6.12
390.611913,6732,6736,0,32,6.12
390.711911,6732,6736,0,32,6.12
390.811913,6732,6736,0,32,6.12
390.91191,6732,6736,0,32,6.12
391.011915,6732,6736,0,32,6.12
391.111911,6732,6736,0,32,6.12
391.211913,6732,6736,0,32,6.12
391.311912,6732,6736,0,32,6.12
391.411913,6732,6736,0,32,6.12
391.511917,6732,6736,0,32,6.12
391.611912,6732,6736,0,32,6.12
391.711912,6732,6736,0,32,6.12
391.811913,6732,6736,0,32,6.12
391.911939,6732,6736,0,32,6.12
392.011912,6732,6736,0,32,6.12
392.111909,6732,6736,0,32,6.12
392.211912,6732,6736,0,32,6.12
392.311912,6732,6736,0,32,6.12
392.411912,6732,6736,0,32,6.12
392.511921,6732,6736,0,32,6.12
392.611911,6732,6736,0,32,6.12
392.711911,6732,6736,0,32,6.12
392.811912,6732,6736,0,32,6.12
392.911937,6732,6736,0,32,6.12
393.011911,6732,6736,0,32,6.12
393.111912,6732,6736,0,32,6.12
393.211912,6732,6736,0,32,6.12
393.311911,6732,6736,0,32,6.12
393.411913,6732,6736,0,32,6.11
393.511912,6732,6736,0,32,6.11
393.611913,6732,6736,0,32,6.11
393.71191,6732,6736,0,32,6.11
393.811912,6732,6736,0,32,6.11
393.911912,6732,6736,0,32,6.12
394.011911,6732,6736,0,32,6.12
394.111912,6732,6736,0,32,6.12
394.211912,6732,6736,0,32,6.12
394.311919,6732,6736,0,32,6.12
394.411911,6732,6736,0,32,6.11
394.51191,6732,6736,0,32,6.11
394.611913,6732,6736,0,32,6.11
394.711912,6732,6736,0,32,6.12
394.811913,6732,6736,0,32,6.12
394.911911,6732,6736,0,32,6.12
395.011911,6732,6736,0,32,6.12
395.111912,6732,6736,0,32,6.12
395.211913,6732,6736,0,32,6.12
395.311911,6732,6736,0,32,6.12
395.411928,6732,6736,0,32,6.11
395.511912,6732,6736,0,32,6.11
395.611912,6732,6736,0,32,6.11
395.711912,6732,6736,0,32,6.12
395.811918,6732,6736,0,32,6.12
395.91191,6732,6736,0,32,6.12
396.011929,6732,6736,0,32,6.12
396.111913,6732,6736,0,32,6.12
396.21193,6732,6736,0,32,6.12
396.311912,6732,6736,0,32,6.12
396.411928,6732,6736,0,32,6.12
396.511912,6732,6736,0,32,6.12
396.611911,6732,6736,0,32,6.12
396.71191,6732,6736,0,32,6.12
396.811912,6732,6736,0,32,6.12
396.911911,6732,6736,0,32,6.12
397.011911,6732,6736,0,32,6.12
397.11191,6732,6736,0,32,6.12
397.211912,6732,6736,0,32,6.12
397.31192,6732,6736,0,32,6.12
397.411932,6732,6736,0,32,6.1
397.511911,6732,6736,0,32,6.1
397.611912,6732,6736,0,32,6.1
397.711912,6732,6736,0,32,6.12
397.811913,6732,6736,0,32,6.12
397.911928,6732,6736,0,32,6.12
398.011912,6732,6736,0,31,6.12
398.111912,6732,6736,0,31,6.12
398.211914,6732,6736,0,31,6.12
398.311911,6732,6736,0,31,6.12
398.411912,6732,6736,0,31,6.12
398.511911,6732,6736,0,31,6.12
398.611912,6732,6736,0,31,6.12
398.711912,6732,6736,0,31,6.11
398.81193,6732,6736,0,31,6.11
398.911911,6732,6736,0,31,6.12
399.011912,6732,6736,0,31,6.12
399.111912,6732,6736,0,31,6.11
399.211911,6732,6736,0,31,6.11
399.311911,6732,6736,0,31,6.11
399.411911,6732,6736,0,31,6.12
399.511911,6732,6736,0,31,6.12
399.611913,6732,6736,0,31,6.12
399.71191,6732,6736,0,31,6.12
399.811913,6732,6736,0,31,6.12
399.911912,6732,6736,0,31,6.12
400.011928,6732,6736,0,32,6.12
400.11191,6732,6736,0,32,6.1
400.21194,6732,6736,0,32,6.1
400.311912,6732,6736,0,32,6.1
400.411929,6732,6736,0,32,6.11
400.511912,6732,6736,0,32,6.11
400.611912,6732,6736,0,32,6.11
400.711938,6732,6736,0,32,6.12
400.811913,6732,6736,0,32,6.12
400.911941,6732,6736,0,32,6.12
401.011912,6732,6736,0,32,6.12
401.111927,6732,6736,0,32,6.12
401.211912,6732,6736,0,32,6.12
401.311912,6732,6736,0,32,6.12
401.411912,6732,6736,0,32,6.12
401.511914,6732,6736,0,32,6.12
401.611913,6732,6736,0,32,6.12
401.711918,6732,6736,0,32,6.12
401.811912,6732,6736,0,32,6.12
401.911912,6732,6736,0,32,6.12
402.011915,6732,6736,0,32,6.12
402.111912,6732,6736,0,32,6.12
402.211914,6732,6736,0,32,6.12
402.311911,6732,6736,0,32,6.12
402.411913,6732,6736,0,32,6.11
402.511912,6732,6736,0,32,6.11
402.611912,6732,6736,0,32,6.11
402.711912,6732,6736,0,32,6.12
402.811912,6732,6736,0,32,6.12
402.911928,6732,6736,0,32,6.11
403.01192,6732,6736,0,32,6.11
403.111911,6732,6736,0,32,6.12
403.211922,6732,6736,0,32,6.12
403.31191,6732,6736,0,32,6.12
403.411912,6732,6736,0,32,6.12
403.511911,6732,6736,0,32,6.12
403.611913,6732,6736,0,32,6.12
403.711911,6732,6736,0,32,6.11
403.811913,6732,6736,0,32,6.11
403.911911,6732,6736,0,32,6.12
404.011911,6732,6736,0,32,6.12
404.111911,6732,6736,0,32,6.12
404.21192,6732,6736,0,32,6.12
404.311911,6732,6736,0,32,6.12
404.411912,6732,6736,0,32,6.11
404.511912,6732,6736,0,32,6.11
404.611912,6732,6736,0,32,6.11
404.711912,6732,6736,0,32,6.12
404.811913,6732,6736,0,32,6.12
404.911912,6732,6736,0,32,6.12
405.011912,6732,6736,0,32,6.12
405.111921,6732,6736,0,32,6.12
405.211925,6732,6736,0,32,6.12
405.311913,6732,6736,0,32,6.12
405.411912,6732,6736,0,32,6.12
405.51191,6732,6736,0,32,6.12
405.611913,6732,6736,0,32,6.12
405.711912,6732,6736,0,32,6.12
405.811912,6732,6736,0,32,6.12
405.911911,6732,6736,0,32,6.12
406.011913,6732,6736,0,32,6.12
406.111912,6732,6736,0,32,6.12
406.21192,6732,6736,0,32,6.12
406.31191,6732,6736,0,32,6.12
406.411912,6732,6736,0,32,6.12
406.511911,6732,6736,0,32,6.12
406.611911,6732,6736,0,32,6.12
406.711918,6732,6736,0,32,6.12
406.811912,6732,6736,0,32,6.12
406.91191,6732,6736,0,32,6.11
407.011911,6732,6736,0,31,6.11
407.111912,6732,6736,0,31,6.12
407.211912,6732,6736,0,31,6.12
407.311911,6732,6736,0,31,6.12
407.411911,6732,6736,0,31,6.12
407.511911,6732,6736,0,31,6.12
407.611911,6732,6736,0,31,6.12
407.711911,6732,6736,0,31,6.12
407.811911,6732,6736,0,31,6.12
407.91191,6732,6736,0,31,6.11
408.011911,6732,6736,0,31,6.11
408.11191,6732,6736,0,31,6.11
408.211912,6732,6736,0,31,6.11
408.311912,6732,6736,0,31,6.11
408.411911,6732,6736,0,31,6.12
408.511919,6732,6736,0,31,6.12
408.611912,6732,6736,0,31,6.12
408.71191,6732,6736,0,31,6.11
408.811911,6732,6736,0,31,6.11
408.911911,6732,6736,0,31,6.12
409.011911,6732,6736,0,31,6.12
409.111912,6732,6736,0,31,6.12
409.211926,6732,6736,0,31,6.12
409.311911,6732,6736,0,31,6.12
409.411912,6732,6736,0,31,6.12
409.511918,6732,6736,0,31,6.12
409.611912,6732,6736,0,31,6.12
409.711925,6732,6736,0,31,6.12
409.811911,6732,6736,0,31,6.12
409.911951,6732,6736,0,31,6.12
410.011912,6732,6736,0,31,6.12
410.111929,6732,6736,0,31,6.12
410.211915,6732,6736,0,31,6.12
410.311912,6732,6736,0,31,6.12
410.411911,6732,6736,0,31,6.11
410.511927,6732,6736,0,31,6.11
410.611911,6732,6736,0,31,6.11
410.71195,6732,6736,0,31,6.12
410.81191,6732,6736,0,31,6.12
410.911926,6732,6736,0,31,6.12
411.011912,6732,6736,0,31,6.12
411.111912,6732,6736,0,31,6.12
411.211914,6732,6736,0,31,6.12
411.311911,6732,6736,0,31,6.12
411.411912,6732,6736,0,31,6.12
411.511924,6732,6736,0,31,6.12
411.61191,6732,6736,0,31,6.12
411.711911,6732,6736,0,31,6.11
411.811912,6732,6736,0,31,6.11
411.911922,6732,6736,0,31,6.11
412.011911,6732,6736,0,31,6.11
412.111912,6732,6736,0,31,6.11
412.211924,6732,6736,0,31,6.11
412.311911,6732,6736,0,31,6.11
412.411912,6732,6736,0,31,6.12
412.511925,6732,6736,0,31,6.12
412.611911,6732,6736,0,31,6.12
412.711911,6732,6736,0,31,6.12
412.811912,6732,6736,0,31,6.12
412.911923,6732,6736,0,31,6.12
413.011911,6732,6736,0,31,6.12
413.11191,6732,6736,0,31,6.12
413.211924,6732,6736,0,31,6.12
413.31191,6732,6736,0,31,6.12
413.411913,6732,6736,0,31,6.11
413.511912,6732,6736,0,31,6.11
413.611921,6732,6736,0,31,6.11
413.711912,6732,6736,0,31,6.12
413.811912,6732,6736,0,31,6.12
413.911918,6732,6736,0,31,6.12
414.011915,6732,6736,0,31,6.12
414.111921,6732,6736,0,31,6.12
414.211912,6732,6736,0,31,6.12
414.311913,6732,6736,0,31,6.12
414.411912,6732,6736,0,31,6.12
414.51191,6732,6736,0,31,6.12
414.61193,6732,6736,0,31,6.12
414.71191,6732,6736,0,31,6.12
414.811939,6732,6736,0,31,6.12
414.91191,6732,6736,0,31,6.12
415.011927,6732,6736,0,31,6.12
415.111911,6732,6736,0,31,6.12
415.21193,6732,6736,0,31,6.12
415.311913,6732,6736,0,31,6.12
415.411912,6732,6736,0,31,6.12
415.51191,6732,6736,0,31,6.12
415.611911,6732,6736,0,31,6.12
415.711912,6732,6736,0,31,6.12
415.811912,6732,6736,0,31,6.12
415.911912,6732,6736,0,31,6.12
416.011913,6732,6736,0,31,6.12
416.111911,6732,6736,0,31,6.12
416.211911,6732,6736,0,31,6.12
416.311912,6732,6736,0,31,6.12
416.411914,6732,6736,0,31,6.12
416.511911,6732,6736,0,31,6.12
416.611912,6732,6736,0,31,6.12
416.711912,6732,6736,0,31,6.11
416.811912,6732,6736,0,31,6.11
416.91191,6732,6736,0,31,6.12
417.011912,6732,6736,0,31,6.12
417.111919,6732,6736,0,31,6.12
417.211912,6732,6736,0,31,6.12
417.31191,6732,6736,0,31,6.12
417.411911,6732,6736,0,31,6.12
417.511912,6732,6736,0,31,6.12
417.611912,6732,6736,0,31,6.12
417.711913,6732,6736,0,31,6.12
417.811912,6732,6736,0,31,6.12
417.91191,6732,6736,0,31,6.11
418.011912,6732,6736,0,31,6.11
418.111912,6732,6736,0,31,6.12
418.21192,6732,6736,0,31,6.12
418.311912,6732,6736,0,31,6.12
418.411914,6732,6736,0,31,6.12
418.511919,6732,6736,0,31,6.12
418.611912,6732,6736,0,31,6.12
418.71191,6732,6736,0,31,6.12
418.811912,6732,6736,0,31,6.12
418.911912,6732,6736,0,31,6.12
419.011912,6732,6736,0,31,6.12
419.111911,6732,6736,0,31,6.12
419.211912,6732,6736,0,31,6.12
419.311912,6732,6736,0,31,6.12
419.411911,6732,6736,0,31,6.12
419.511911,6732,6736,0,31,6.12
419.611915,6732,6736,0,31,6.12
419.71191,6732,6736,0,31,6.12
419.811953,6732,6736,0,31,6.12
419.911919,6732,6736,0,31,6.12
420.011913,6732,6736,0,31,6.12
420.111911,6732,6736,0,31,6.12
420.21192,6732,6736,0,31,6.12
420.311911,6732,6736,0,31,6.12
420.411912,6732,6736,0,31,6.09
420.511915,6732,6736,0,31,6.09
420.611912,6732,6736,0,31,6.09
420.711912,6732,6736,0,31,6.12
420.81191,6732,6736,0,31,6.12
420.91191,6732,6736,0,31,6.11
421.011912,6732,6736,0,31,6.11
421.11191,6732,6736,0,31,6.12
421.21192,6732,6736,0,31,6.12
421.311912,6732,6736,0,31,6.12
421.411911,6732,6736,0,31,6.12
421.511911,6732,6736,0,31,6.12
421.611924,6732,6736,0,31,6.12
421.711913,6732,6736,0,31,6.12
421.811912,6732,6736,0,31,6.12
421.91191,6732,6736,0,31,6.12
422.011912,6732,6736,0,31,6.12
422.11191,6732,6736,0,31,6.12
422.211914,6732,6736,0,31,6.12
422.311912,6732,6736,0,31,6.12
422.411912,6732,6736,0,31,6.12
422.51191,6732,6736,0,31,6.12
422.611925,6732,6736,0,31,6.12
422.71191,6732,6736,0,31,6.11
422.811946,6732,6736,0,31,6.11
422.911912,6732,6736,0,31,6.12
423.011932,6732,6736,0,31,6.12
423.111912,6732,6736,0,31,6.12
423.21193,6732,6736,0,31,6.12
423.311911,6732,6736,0,31,6.12
423.411911,6732,6736,0,31,6.11
423.511911,6732,6736,0,31,6.11
423.61191,6732,6736,0,31,6.11
423.71191,6732,6736,0,31,6.12
423.81191,6732,6736,0,31,6.12
423.911911,6732,6736,0,31,6.11
424.011912,6732,6736,0,31,6.11
424.111912,6732,6736,0,31,6.12
424.211911,6732,6736,0,31,6.12
424.311921,6732,6736,0,31,6.12
424.411913,6732,6736,0,31,6.12
424.511911,6732,6736,0,31,6.12
424.61191,6732,6736,0,31,6.12
424.711912,6732,6736,0,31,6.12
424.811912,6732,6736,0,31,6.12
424.911911,6732,6736,0,31,6.12
425.011911,6732,6736,0,31,6.12
425.111911,6732,6736,0,31,6.12
425.211921,6732,6736,0,31,6.12
425.311911,6732,6736,0,31,6.12
425.411912,6732,6736,0,31,6.12
425.511911,6732,6736,0,31,6.12
425.611911,6732,6736,0,31,6.12
425.711912,6732,6736,0,31,6.11
425.811914,6732,6736,0,31,6.11
425.911912,6732,6736,0,31,6.11
426.011911,6732,6736,0,31,6.11
426.111911,6732,6736,0,31,6.09
426.211912,6732,6736,0,31,6.09
426.311913,6732,6736,0,31,6.09
426.411911,6732,6736,0,31,6.11
426.511927,6732,6736,0,31,6.11
426.611912,6732,6736,0,31,6.11
426.711939,6732,6736,0,31,6.12
426.811912,6732,6736,0,31,6.12
426.91194,6732,6736,0,31,6.12
427.011911,6732,6736,0,31,6.12
427.11191,6732,6736,0,31,6.12
427.211911,6732,6736,0,31,6.12
427.311913,6732,6736,0,31,6.12
427.411911,6732,6736,0,31,6.1
427.511919,6732,6736,0,31,6.1
427.611911,6732,6736,0,31,6.1
427.711911,6732,6736,0,31,6.12
427.811912,6732,6736,0,31,6.12
427.911913,6732,6736,0,31,6.12
428.011912,6732,6736,0,31,6.12
428.111912,6732,6736,0,31,6.11
428.211912,6732,6736,0,31,6.11
428.311912,6732,6736,0,31,6.11
428.411911,6732,6736,0,31,6.12
428.511911,6732,6736,0,31,6.12
428.61192,6732,6736,0,31,6.12
428.711926,6732,6736,0,31,6.12
428.811912,6732,6736,0,31,6.12
428.911938,6732,6736,0,31,6.11
429.011914,6732,6736,0,31,6.11
429.111911,6732,6736,0,31,6.12
429.211911,6732,6736,0,31,6.12
429.31191,6732,6736,0,31,6.12
429.411921,6732,6736,0,31,6.11
429.511911,6732,6736,0,31,6.11
429.611913,6732,6736,0,31,6.11
429.711911,6732,6736,0,31,6.12
429.811913,6732,6736,0,31,6.12
429.91191,6732,6736,0,31,6.11
430.011911,6732,6736,0,31,6.11
430.111912,6732,6736,0,31,6.12
430.211913,6732,6736,0,31,6.12
430.311912,6732,6736,0,31,6.12
430.411914,6732,6736,0,31,6.11
430.511919,6732,6736,0,31,6.11
430.611913,6732,6736,0,31,6.11
430.711912,6732,6736,0,31,6.12
430.811913,6732,6736,0,31,6.12
430.911912,6732,6736,0,31,6.12
431.011911,6732,6736,0,31,6.12
431.111911,6732,6736,0,31,6.12
431.211912,6732,6736,0,31,6.12
431.311912,6732,6736,0,31,6.12
431.411912,6732,6736,0,31,6.11
431.511919,6732,6736,0,31,6.11
431.61192,6732,6736,0,31,6.11
431.711911,6732,6736,0,31,6.12
431.811915,6732,6736,0,31,6.12
431.911912,6732,6736,0,31,6.11
432.011912,6732,6736,0,31,6.11
432.111911,6732,6736,0,31,6.12
432.21191,6732,6736,0,31,6.12
432.311911,6732,6736,0,31,6.12
432.411911,6732,6736,0,31,6.12
432.511919,6732,6736,0,31,6.12
432.611912,6732,6736,0,31,6.12
432.71191,6732,6736,0,31,6.12
432.811912,6732,6736,0,31,6.12
432.91192,6732,6736,0,31,6.12
433.011912,6732,6736,0,31,6.12
433.11191,6732,6736,0,31,6.11
433.211912,6732,6736,0,31,6.11
433.311912,6732,6736,0,31,6.11
433.411913,6732,6736,0,31,6.12
433.511911,6732,6736,0,31,6.12
433.61192,6732,6736,0,31,6.12
433.711912,6732,6736,0,31,6.12
433.811913,6732,6736,0,31,6.12
433.911911,6732,6736,0,31,6.11
434.01192,6732,6736,0,31,6.11
434.111912,6732,6736,0,31,6.12
434.211911,6732,6736,0,31,6.12
434.311911,6732,6736,0,31,6.12
434.411912,6732,6736,0,31,6.11
434.51191,6732,6736,0,31,6.11
434.611912,6732,6736,0,31,6.11
434.71192,6732,6736,0,31,6.12
434.811914,6732,6736,0,31,6.12
434.911911,6732,6736,0,31,6.11
435.011912,6732,6736,0,31,6.11
435.111913,6732,6736,0,31,6.11
435.211911,6732,6736,0,31,6.11
435.311928,6732,6736,0,31,6.11
435.411922,6732,6736,0,31,6.11
435.511932,6732,6736,0,31,6.11
435.611913,6732,6736,0,31,6.11
435.711911,6732,6736,0,31,6.11
435.811912,6732,6736,0,31,6.11
435.911912,6732,6736,0,31,6.12
436.011912,6732,6736,0,31,6.12
436.111917,6732,6736,0,31,6.11
436.211912,6732,6736,0,31,6.11
436.311911,6732,6736,0,31,6.11
436.411912,6732,6736,0,31,6.12
436.511912,6732,6736,0,31,6.12
436.611913,6732,6736,0,31,6.12
436.71191,6732,6736,0,31,6.11
436.811912,6732,6736,0,31,6.11
436.911912,6732,6736,0,31,6.12
437.011914,6732,6736,0,31,6.12
437.111912,6732,6736,0,31,6.12
437.211919,6732,6736,0,31,6.12
437.311922,6732,6736,0,31,6.12
437.411912,6732,6736,0,31,6.12
437.511911,6732,6736,0,31,6.12
437.61192,6732,6736,0,31,6.12
437.711912,6732,6736,0,31,6.12
437.811921,6732,6736,0,31,6.12
437.911913,6732,6736,0,31,6.12
438.011913,6732,6736,0,31,6.12
438.111911,6732,6736,0,31,6.12
438.21193,6732,6736,0,31,6.12
438.311922,6732,6736,0,31,6.12
438.411935,6732,6736,0,31,6.12
438.511912,6732,6736,0,31,6.12
438.611942,6732,6736,0,31,6.12
438.711912,6732,6736,0,31,6.12
438.811932,6732,6736,0,31,6.12
438.911912,6732,6736,0,31,6.11
439.011929,6732,6736,0,31,6.11
439.111912,6732,6736,0,31,6.12
439.211946,6732,6736,0,31,6.12
439.311911,6732,6736,0,31,6.12
439.411942,6732,6736,0,31,6.13
439.511911,6732,6736,0,31,6.13
439.611929,6732,6736,0,31,6.13
439.71192,6732,6736,0,31,6.12
439.811911,6732,6736,0,31,6.12
439.911911,6732,6736,0,31,6.12
440.011912,6732,6736,0,31,6.12
440.111911,6732,6736,0,31,6.12
440.211912,6732,6736,0,31,6.12
440.311911,6732,6736,0,31,6.12
440.411912,6732,6736,0,31,6.12
440.51191,6732,6736,0,31,6.12
440.611913,6732,6736,0,31,6.12
440.71191,6732,6736,0,31,6.12
440.811912,6732,6736,0,31,6.12
440.911911,6732,6736,0,31,6.12
441.011911,6732,6736,0,31,6.12
441.111912,6732,6736,0,31,6.12
441.211913,6732,6736,0,31,6.12
441.311911,6732,6736,0,31,6.12
441.411913,6732,6736,0,31,6.12
441.511912,6732,6736,0,31,6.12
441.611911,6732,6736,0,31,6.12
441.711912,6732,6736,0,31,6.12
441.811912,6732,6736,0,31,6.12
441.911912,6732,6736,0,31,6.12
442.011911,6732,6736,0,31,6.12
442.111911,6732,6736,0,31,6.12
442.211912,6732,6736,0,31,6.12
442.31192,6732,6736,0,31,6.12
442.411911,6732,6736,0,31,6.12
442.511912,6732,6736,0,31,6.12
442.611913,6732,6736,0,31,6.12
442.711918,6732,6736,0,31,6.12
442.811912,6732,6736,0,31,6.12
442.911912,6732,6736,0,31,6.12
443.011911,6732,6736,0,31,6.12
443.111912,6732,6736,0,31,6.11
443.211912,6732,6736,0,31,6.11
443.311911,6732,6736,0,31,6.11
443.411911,6732,6736,0,31,6.12
443.511911,6732,6736,0,31,6.12
443.611912,6732,6736,0,31,6.12
443.711911,6732,6736,0,31,6.12
443.811928,6732,6736,0,31,6.12
443.911909,6732,6736,0,31,6.12
444.011912,6732,6736,0,31,6.12
444.11191,6732,6736,0,31,6.12
444.211911,6732,6736,0,31,6.12
444.31191,6732,6736,0,31,6.12
444.411911,6732,6736,0,31,6.1
444.51191,6732,6736,0,31,6.1
444.611911,6732,6736,0,31,6.1
444.71191,6732,6736,0,31,6.12
444.811912,6732,6736,0,31,6.12
444.911911,6732,6736,0,31,6.11
445.01191,6732,6736,0,31,6.11
445.111911,6732,6736,0,31,6.12
445.21191,6732,6736,0,31,6.12
445.311911,6732,6736,0,31,6.12
445.411922,6732,6736,0,31,6.12
445.511911,6732,6736,0,31,6.12
445.61191,6732,6736,0,31,6.12
445.71191,6732,6736,0,31,6.12
445.811911,6732,6736,0,31,6.12
445.911919,6732,6736,0,31,6.1
446.011912,6732,6736,0,31,6.1
446.111912,6732,6736,0,31,6.1
446.211911,6732,6740,221,31,6.1
446.311911,6732,6736,221,31,6.1
446.411912,6732,6736,221,31,6.11
446.511911,6732,6736,0,31,6.11
446.611912,6732,6736,0,31,6.11
446.711911,6732,6736,0,31,6.12
446.811912,6732,6736,0,31,6.12
446.911911,6732,6736,0,31,6.12
447.011912,6732,6736,0,31,6.12
447.111911,6732,6736,0,31,6.12
447.211913,6732,6736,0,31,6.12
447.311911,6732,6736,0,31,6.12
447.411912,6732,6736,0,31,6.12
447.511912,6732,6736,0,31,6.12
447.611912,6732,6736,0,31,6.12
447.711921,6732,6736,0,31,6.12
447.811913,6732,6736,0,31,6.12
447.911909,6732,6736,0,31,6.11
448.01192,6732,6736,0,31,6.11
448.111911,6732,6736,0,31,6.12
448.211913,6732,6736,0,31,6.12
448.311911,6732,6736,0,31,6.12
448.41192,6732,6736,0,31,6.12
448.511912,6732,6736,0,31,6.12
448.611919,6732,6736,0,31,6.12
448.711928,6732,6736,0,31,6.12
448.811911,6732,6736,0,31,6.12
448.911924,6732,6736,0,31,6.12
449.011929,6732,6736,0,31,6.12
449.111928,6732,6736,0,31,6.12
449.211946,6732,6736,0,31,6.12
449.311911,6732,6736,0,31,6.12
449.411928,6732,6736,0,31,6.11
449.511914,6732,6736,0,31,6.11
449.611912,6732,6736,0,31,6.11
449.71191,6732,6736,0,31,6.11
449.811912,6732,6736,0,31,6.11
449.911911,6732,6736,0,31,6.11
450.011911,6732,6736,0,31,6.11
450.111911,6732,6736,0,31,6.12
450.211912,6732,6736,0,31,6.12
450.311911,6732,6736,0,31,6.12
450.411911,6732,6736,0,31,6.12
450.511911,6732,6736,0,31,6.12
450.611912,6732,6736,0,31,6.12
450.71191,6732,6736,0,31,6.12
450.811911,6732,6736,0,31,6.12
450.911911,6732,6736,0,31,6.12
451.01191,6732,6736,0,31,6.12
451.111911,6732,6736,0,31,6.12
451.211931,6732,6736,0,31,6.12
451.311913,6732,6736,0,31,6.12
451.411912,6732,6736,0,31,6.11
451.511912,6732,6736,0,31,6.11
451.611912,6732,6736,0,31,6.11
451.711912,6732,6736,0,31,6.12
451.811911,6732,6736,0,31,6.12
451.911912,6732,6736,0,31,6.12
452.011911,6732,6736,0,31,6.12
452.111911,6732,6736,0,31,6.11
452.211913,6732,6736,0,31,6.11
452.311911,6732,6736,0,31,6.11
452.411912,6732,6736,0,31,6.12
452.511912,6732,6736,0,31,6.12
452.611912,6732,6736,0,31,6.12
452.711933,6732,6736,0,31,6.12
452.811913,6732,6736,0,31,6.12
452.911938,6732,6736,0,31,6.12
453.011912,6732,6736,0,31,6.12
453.111932,6732,6736,0,31,6.12
453.211912,6732,6736,0,31,6.12
453.311911,6732,6736,0,31,6.12
453.411913,6732,6736,0,31,6.12
453.511912,6732,6736,0,31,6.12
453.611911,6732,6736,0,31,6.12
453.711912,6732,6736,0,31,6.11
453.811914,6732,6736,0,31,6.11
453.911912,6732,6736,0,31,6.12
454.011914,6732,6736,0,31,6.12
454.111919,6732,6736,0,31,6.11
454.211912,6732,6736,0,31,6.11
454.311911,6732,6736,0,31,6.11
454.411912,6732,6736,0,31,6.12
454.51191,6732,6736,0,31,6.12
454.611911,6732,6736,0,31,6.12
454.711921,6732,6736,0,31,6.12
454.811911,6732,6736,0,31,6.12
454.911911,6732,6736,0,31,6.11
455.011911,6732,6736,0,31,6.11
455.111919,6732,6736,0,31,6.12
455.211911,6732,6736,0,31,6.12
455.311909,6732,6736,0,31,6.12
455.411911,6732,6736,0,31,6.12
455.51192,6732,6736,0,31,6.12
455.611912,6732,6736,0,31,6.12
455.711911,6732,6736,0,31,6.12
455.811911,6732,6736,0,31,6.12
455.91191,6732,6736,0,31,6.12
456.011913,6732,6736,0,31,6.12
456.111911,6732,6736,0,31,6.12
456.211912,6732,6736,0,31,6.12
456.31191,6732,6736,0,31,6.12
456.411911,6732,6736,0,31,6.11
456.511911,6732,6736,0,31,6.11
456.611911,6732,6736,0,31,6.11
456.711911,6732,6736,0,31,6.12
456.811919,6732,6736,0,31,6.12
456.911911,6732,6736,0,31,6.12
457.011912,6732,6736,0,31,6.12
457.111911,6732,6736,0,31,6.11
457.211914,6732,6736,0,31,6.11
457.311912,6732,6736,0,31,6.11
457.411912,6732,6736,0,31,6.12
457.511909,6732,6736,0,31,6.12
457.611912,6732,6736,0,31,6.12
457.711911,6732,6736,0,31,6.11
457.811911,6732,6736,0,31,6.11
457.91191,6732,6736,0,31,6.12
458.011912,6732,6736,0,31,6.12
458.11191,6732,6736,0,31,6.12
458.211919,6732,6736,0,31,6.12
458.311911,6732,6736,0,31,6.12
458.411912,6732,6736,0,31,6.12
458.511912,6732,6736,0,31,6.12
458.611931,6732,6736,0,31,6.12
458.711911,6732,6736,0,31,6.12
458.811926,6732,6736,0,31,6.12
458.911911,6732,6736,0,31,6.12
459.01195,6732,6736,0,31,6.12
459.111918,6732,6736,0,31,6.11
459.211928,6732,6736,0,31,6.11
459.311915,6732,6736,0,31,6.11
459.411912,6732,6736,0,31,6.12
459.511919,6732,6736,0,31,6.12
459.611912,6732,6736,0,31,6.12
459.711911,6732,6736,0,31,6.11
459.811934,6732,6736,0,31,6.11
459.911911,6732,6736,0,31,6.12
460.011912,6732,6736,0,31,6.12
460.111919,6732,6736,0,31,6.12
460.211911,6732,6736,0,31,6.12
460.311912,6732,6736,0,31,6.12
460.411912,6732,6736,0,31,6.12
460.511921,6732,6736,0,31,6.12
460.611912,6732,6736,0,31,6.12
460.711911,6732,6736,0,31,6.12
460.811912,6732,6736,0,31,6.12
460.911911,6732,6736,0,31,6.12
461.011911,6732,6736,0,31,6.12
461.111911,6732,6736,0,31,6.12
461.211912,6732,6736,0,31,6.12
461.311913,6732,6736,0,31,6.12
461.411911,6732,6736,0,31,6.11
461.511923,6732,6736,0,31,6.11
461.61191,6732,6736,0,31,6.11
461.711922,6732,6736,0,31,6.12
461.811912,6732,6736,0,31,6.12
461.911945,6732,6736,0,31,6.11
462.011923,6732,6736,0,31,6.11
462.111948,6732,6736,0,31,6.12
462.211912,6732,6736,0,31,6.12
462.311928,6732,6736,0,31,6.12
462.411912,6732,6736,0,31,6.11
462.51191,6732,6736,0,31,6.11
462.611912,6732,6736,0,31,6.11
462.711911,6732,6736,0,31,6.12
462.81191,6732,6736,0,31,6.12
462.911911,6732,6736,0,31,6.11
463.011911,6732,6736,0,31,6.11
463.111911,6732,6736,0,31,6.12
463.211913,6732,6736,0,31,6.12
463.311911,6732,6736,0,31,6.12
463.411911,6732,6736,0,31,6.12
463.511911,6732,6736,0,31,6.12
463.611911,6732,6736,0,31,6.12
463.711911,6732,6736,0,31,6.11
463.811911,6732,6736,0,31,6.11
463.91191,6732,6736,0,31,6.11
464.011912,6732,6736,0,31,6.11
464.111912,6732,6736,0,31,6.11
464.211911,6732,6736,0,31,6.11
464.311911,6732,6736,0,31,6.11
464.411912,6732,6736,0,31,6.12
464.51191,6732,6736,0,31,6.12
464.611921,6732,6736,0,31,6.12
464.711912,6732,6736,0,31,6.12
464.811941,6732,6736,0,31,6.12
464.911909,6732,6736,0,31,6.12
465.011939,6732,6736,0,31,6.12
465.111911,6732,6736,0,31,6.12
465.21191,6732,6736,0,31,6.12
465.311911,6732,6736,0,31,6.12
465.411911,6732,6736,0,31,6.11
465.51191,6732,6736,0,31,6.11
465.61191,6732,6736,0,31,6.11
465.71191,6732,6736,0,31,6.12
465.811911,6732,6736,0,31,6.12
465.911912,6732,6736,0,31,6.11
466.011911,6732,6736,0,31,6.11
466.111927,6732,6736,0,31,6.12
466.211924,6732,6736,0,31,6.12
466.31192,6732,6736,0,31,6.12
466.411911,6732,6736,0,31,6.12
466.511909,6732,6736,0,31,6.12
466.61192,6732,6736,0,31,6.12
466.711912,6732,6736,0,31,6.12
466.811915,6732,6736,0,31,6.12
466.911911,6732,6736,0,31,6.12
467.011912,6732,6736,0,31,6.12
467.111911,6732,6736,0,31,6.12
467.211911,6732,6736,0,31,6.12
467.311911,6732,6736,0,31,6.12
467.411913,6732,6736,0,31,6.12
467.51191,6732,6736,0,31,6.12
467.611911,6732,6736,0,31,6.12
467.711912,6732,6736,0,31,6.11
467.811911,6732,6736,0,31,6.11
467.911911,6732,6736,0,31,6.12
468.011913,6732,6736,0,31,6.12
468.111919,6732,6736,0,31,6.12
468.211912,6732,6736,0,31,6.12
468.311912,6732,6736,0,31,6.12
468.411912,6732,6736,0,31,6.11
468.511912,6732,6736,0,31,6.11
468.611912,6732,6736,0,31,6.11
468.711912,6732,6736,0,31,6.12
468.811911,6732,6736,0,31,6.12
468.911926,6732,6736,0,31,6.1
469.011913,6732,6736,0,31,6.1
469.111944,6732,6736,0,31,6.12
469.211912,6732,6736,0,31,6.12
469.311929,6732,6736,0,31,6.12
469.411913,6732,6736,0,31,6.12
469.511918,6732,6736,0,31,6.12
469.611911,6732,6736,0,31,6.12
469.71191,6732,6736,0,31,6.11
469.811913,6732,6736,0,31,6.11
469.911912,6732,6736,0,31,6.11
470.011911,6732,6736,0,31,6.11
470.111919,6732,6736,0,31,6.12
470.211912,6732,6736,0,31,6.12
470.311911,6732,6736,0,31,6.12
470.411912,6732,6736,0,31,6.11
470.511911,6732,6736,0,31,6.11
470.611911,6732,6736,0,31,6.11
470.711912,6732,6736,0,31,6.11
470.811913,6732,6736,0,31,6.11
470.911911,6732,6736,0,31,6.12
471.011913,6732,6736,0,31,6.12
471.111912,6732,6736,0,31,6.12
471.211916,6732,6736,0,31,6.12
471.311911,6732,6736,0,31,6.12
471.411912,6732,6736,0,31,6.11
471.511911,6732,6736,0,31,6.11
471.611912,6732,6736,0,31,6.11
471.71191,6732,6736,0,31,6.12
471.811911,6732,6736,0,31,6.12
471.91191,6732,6736,0,31,6.12
472.011912,6732,6736,0,31,6.12
472.111911,6732,6736,0,31,6.11
472.211912,6732,6736,0,31,6.11
472.311911,6732,6736,0,31,6.11
472.411921,6732,6736,0,31,6.12
472.511911,6732,6736,0,31,6.12
472.611912,6732,6736,0,31,6.12
472.711911,6732,6736,0,31,6.12
472.811911,6732,6736,0,31,6.12
472.911915,6732,6736,0,31,6.12
473.011917,6732,6736,0,31,6.12
473.111918,6732,6736,0,31,6.11
473.211914,6732,6736,0,31,6.11
473.311912,6732,6736,0,31,6.11
473.411913,6732,6736,0,31,6.12
473.511912,6732,6736,0,31,6.12
473.611912,6732,6736,0,31,6.12
473.711912,6732,6736,0,31,6.12
473.811914,6732,6736,0,31,6.12
473.911911,6732,6736,0,31,6.11
474.011911,6732,6736,0,31,6.11
474.111911,6732,6736,0,31,6.11
474.211913,6732,6736,0,31,6.11
474.311911,6732,6736,0,31,6.11
474.411912,6732,6736,0,31,6.09
474.51191,6732,6736,0,31,6.09
474.611922,6732,6736,0,31,6.09
474.711911,6732,6736,0,31,6.11
474.81192,6732,6736,0,31,6.11
474.91191,6732,6736,0,31,6.12
475.011913,6732,6736,0,31,6.12
475.11191,6732,6736,0,31,6.12
475.211922,6732,6736,0,31,6.12
475.311912,6732,6736,0,31,6.12
475.411954,6732,6736,0,31,6.11
475.511911,6732,6736,0,31,6.11
475.611934,6732,6736,0,31,6.11
475.711912,6732,6736,0,31,6.12
475.811928,6732,6736,0,31,6.12
475.911911,6732,6736,0,31,6.11
476.011911,6732,6736,0,31,6.11
476.111911,6732,6736,0,31,6.12
476.211916,6732,6736,0,31,6.12
476.31191,6732,6736,0,31,6.12
476.411911,6732,6736,0,31,6.12
476.511919,6732,6736,0,31,6.12
476.611912,6732,6736,0,31,6.12
476.711912,6732,6736,0,31,6.12
476.811912,6732,6736,0,31,6.12
476.91192,6732,6736,0,31,6.11
477.011912,6732,6736,0,31,6.11
477.111916,6732,6736,0,31,6.12
477.211912,6732,6736,0,31,6.12
477.311933,6732,6736,0,31,6.12
477.411912,6732,6736,0,31,6.12
477.511944,6732,6736,0,31,6.12
477.611912,6732,6736,0,31,6.12
477.711929,6732,6736,0,31,6.12
477.811913,6732,6736,0,31,6.12
477.911919,6732,6736,0,31,6.11
478.011911,6732,6736,0,31,6.11
478.111911,6732,6736,0,31,6.12
478.211918,6732,6736,0,31,6.12
478.311913,6732,6736,0,31,6.12
478.411911,6732,6736,0,31,6.11
478.511912,6732,6736,0,31,6.11
478.611928,6732,6736,0,31,6.11
478.711912,6732,6736,0,31,6.12
478.811944,6732,6736,0,31,6.12
478.911912,6732,6736,0,31,6.11
479.011929,6732,6736,0,31,6.11
479.111911,6732,6736,0,31,6.12
479.211912,6732,6736,0,31,6.12
479.311912,6732,6736,0,31,6.12
479.411912,6732,6736,0,31,6.12
479.511912,6732,6736,0,31,6.12
479.611912,6732,6736,0,31,6.12
479.71191,6732,6736,0,31,6.11
479.811912,6732,6736,0,31,6.11
479.91191,6732,6736,0,31,6.11
480.011913,6732,6736,0,31,6.11
480.111913,6732,6736,0,31,6.12
480.211912,6732,6736,0,31,6.12
480.311911,6732,6736,0,31,6.12
480.411912,6732,6736,0,31,6.12
480.511912,6732,6736,0,31,6.12
480.611912,6732,6736,0,31,6.12
480.71191,6732,6736,0,31,6.12
480.811912,6732,6736,0,31,6.12
480.911912,6732,6736,0,31,6.12
481.011912,6732,6736,0,31,6.12
481.111912,6732,6736,0,31,6.12
481.211913,6732,6736,0,31,6.12
481.311912,6732,6736,0,31,6.12
481.411912,6732,6736,0,31,6.12
481.51192,6732,6736,0,31,6.12
481.611913,6732,6736,0,31,6.12
481.711911,6732,6736,0,31,6.11
481.811913,6732,6736,0,31,6.11
481.911921,6732,6736,0,31,6.12
482.011912,6732,6736,0,31,6.12
482.111912,6732,6736,0,31,6.12
482.211912,6732,6736,0,31,6.12
482.311912,6732,6736,0,31,6.12
482.411911,6732,6736,0,31,6.11
482.51191,6732,6736,0,31,6.11
482.611912,6732,6736,0,31,6.11
482.711919,6732,6736,0,31,6.12
482.811911,6732,6736,0,31,6.12
482.911912,6732,6736,0,31,6.12
483.011911,6732,6736,0,31,6.12
483.11191,6732,6736,0,31,6.12
483.211912,6732,6736,0,31,6.12
483.311911,6732,6736,0,31,6.12
483.411912,6732,6736,0,31,6.12
483.511913,6732,6736,0,31,6.12
483.61192,6732,6736,0,31,6.12
483.71192,6732,6736,0,31,6.12
483.811912,6732,6736,0,31,6.12
483.911912,6732,6736,0,31,6.12
484.011911,6732,6736,0,31,6.12
484.111913,6732,6736,0,31,6.12
484.211912,6732,6736,0,31,6.12
484.311911,6732,6736,0,31,6.12
484.411919,6732,6736,0,31,6.12
484.511912,6732,6736,0,31,6.12
484.611912,6732,6736,0,31,6.12
484.711911,6732,6736,0,31,6.11
484.811913,6732,6736,0,31,6.11
484.911911,6732,6736,0,31,6.12
485.011912,6732,6736,0,31,6.12
485.111911,6732,6736,0,31,6.12
485.211914,6732,6736,0,31,6.12
485.31191,6732,6736,0,31,6.12
485.411912,6732,6736,0,31,6.12
485.511912,6732,6736,0,31,6.12
485.611911,6732,6736,0,31,6.12
485.711912,6732,6736,0,31,6.11
485.811913,6732,6736,0,31,6.11
485.911912,6732,6736,0,31,6.12
486.011912,6732,6736,0,31,6.12
486.111912,6732,6736,0,31,6.12
486.211912,6732,6736,0,31,6.12
486.311913,6732,6736,0,31,6.12
486.411913,6732,6736,0,31,6.11
486.511913,7104,6768,2697,31,6.11
486.611913,7104,7072,2697,31,6.11
486.711913,7104,7080,2697,31,6.09
486.811913,7104,7076,257,31,6.09
486.911912,7104,7076,257,31,6.08
487.011912,7104,7076,257,31,6.08
487.111913,7104,7080,257,31,6.09
487.211912,7104,7076,257,31,6.09
487.311911,7104,7076,257,31,6.09
487.411912,7104,7076,257,31,6.09
487.511921,7104,7076,257,31,6.09
487.611912,7104,7080,257,31,6.09
487.711955,7104,7076,257,31,6.08
487.811913,7104,7072,462,31,6.08
487.911931,7104,7076,462,31,6.09
488.011914,7104,7076,462,30,6.09
488.111944,7104,7080,462,30,6.09
488.211912,7104,7084,221,30,6.09
488.311944,7104,7084,221,30,6.09
488.411912,7104,7080,221,30,6.1
488.511948,7104,7084,385,30,6.1
488.611912,7104,7084,385,30,6.1
488.711927,7104,7084,385,30,6.1
488.811913,7104,7088,221,30,6.1
488.911912,7104,7088,221,30,6.11
489.011913,7104,7088,221,30,6.11
489.11192,7104,7088,221,30,6.1
489.211913,7104,7084,385,30,6.1
489.311911,7104,7080,385,30,6.1
489.411912,7104,7080,385,30,6.08
489.51192,7104,7080,257,30,6.08
489.611914,7104,7076,257,30,6.08
489.711911,7104,7076,257,30,6.08
489.811912,7104,7076,221,30,6.08
489.911912,7104,7080,221,30,6.09
490.011927,7104,7076,221,30,6.09
490.111911,7104,7076,221,30,6.09
490.21194,7104,7080,257,30,6.09
490.311911,7104,7080,257,30,6.09
490.411935,7104,7080,257,30,6.11
490.511912,7104,7080,93,30,6.11
490.611912,7104,7080,93,30,6.11
490.711912,7104,7076,93,30,6.07
490.811912,7104,7080,52,30,6.07
490.911912,7104,7080,52,30,6.11
491.011912,7104,7076,52,30,6.11
491.111911,7104,7076,52,30,6.09
491.211911,7104,7080,221,30,6.09
491.311911,7104,7080,221,30,6.09
491.41191,7104,7076,221,30,6.1
491.511911,7104,7080,221,30,6.1
491.611911,7104,7076,221,30,6.1
491.71192,7104,7076,221,30,6.09
491.811921,7104,7080,93,30,6.09
491.911912,7104,7076,93,30,6.09
492.011911,7104,7080,93,30,6.09
492.111911,7104,7076,93,30,6.08
492.211912,7104,7076,257,30,6.08
492.311911,7104,7076,257,30,6.08
492.411912,7104,7076,257,30,6.07
492.511911,7104,7076,385,30,6.07
492.611912,7104,7080,385,30,6.07
492.711912,7104,7072,385,30,6.07
492.811912,7104,7080,93,30,6.07
492.911912,7104,7076,93,30,6.09
493.011922,7104,7076,93,30,6.09
493.111911,7104,7076,93,30,6.07
493.211913,7104,7076,257,30,6.07
493.311911,7104,7080,257,30,6.07
493.411911,7104,7080,257,30,6.09
493.511913,7104,7080,221,30,6.09
493.61191,7104,7080,221,30,6.09
493.711912,7104,7080,221,30,6.07
493.811912,7104,7080,221,30,6.07
493.911911,7104,7076,221,30,6.09
494.011911,7104,7080,221,30,6.09
494.11191,7104,7076,221,30,6.08
494.211912,7104,7076,351,30,6.08
494.31192,7104,7072,351,30,6.08
494.411911,7104,7076,351,30,6.08
494.511912,7104,7076,385,30,6.08
494.611913,7104,7076,385,30,6.08
494.711919,7104,7076,385,30,6.08
494.811911,7104,7076,426,30,6.08
494.911911,7104,7080,426,30,6.09
495.011912,7104,7076,426,31,6.09
495.111911,7104,7076,426,31,6.07
495.211911,7104,7080,221,31,6.07
495.311911,7104,7076,221,31,6.07
495.41192,7104,7080,221,31,6.08
495.51191,7104,7076,257,31,6.08
495.611912,7104,7076,257,31,6.08
495.711912,7104,7076,257,31,6.08
495.811912,7104,7080,221,31,6.08
495.911911,7104,7080,221,31,6.11
496.011912,7104,7076,221,31,6.11
496.111912,7104,7084,221,31,6.11
496.211911,7104,7084,221,31,6.11
496.311919,7104,7080,221,31,6.11
496.411913,7104,7080,221,31,6.11
496.511911,7104,7080,221,31,6.11
496.611911,7104,7080,221,31,6.11
496.711913,7104,7076,221,31,6.08
496.811926,7104,7080,221,31,6.08
496.911912,7104,7080,221,31,6.09
497.011912,7104,7076,221,31,6.09
497.111911,7104,7076,221,31,6.06
497.211913,7104,7080,221,31,6.06
497.311916,7104,7076,221,31,6.06
497.411912,7104,7080,221,31,6.12
497.511912,7104,7076,426,31,6.12
497.611913,7104,7080,426,31,6.12
497.711912,7104,7080,426,31,6.12
497.811912,7104,7076,426,31,6.12
497.911912,7104,7076,426,31,6.08
498.011912,7104,7080,426,31,6.08
498.111911,7104,7080,426,31,6.08
498.211911,7104,7076,528,31,6.08
498.311921,7104,7076,528,31,6.08
498.411932,7104,7080,528,31,6.09
498.511911,7104,7080,221,31,6.09
498.611912,7104,7076,221,31,6.09
498.711912,7104,7076,221,31,6.07
498.811911,7104,7076,257,31,6.07
498.911912,7104,7076,257,31,6.07
499.011913,7104,7080,257,31,6.07
499.11191,7104,7076,257,31,6.07
499.211911,7104,7076,385,31,6.07
499.311921,7104,7076,385,31,6.07
499.411912,7104,7080,385,31,6.1
499.511911,7104,7076,257,31,6.1
499.611919,7104,7076,257,31,6.1
499.711912,7104,7080,257,31,6.08
499.811914,7104,7076,257,31,6.08
499.911912,7104,7080,257,31,6.07
500.011912,7104,7076,257,31,6.07
500.11191,7104,7080,257,31,6.11
500.21192,7104,7076,257,31,6.11
500.311929,7104,7076,257,31,6.11
500.411953,7104,7076,257,31,6.06
500.51191,7104,7080,221,31,6.06
500.611929,7104,7076,221,31,6.06
500.71193,7104,7076,221,31,6.07
500.811935,7104,7076,528,31,6.07
500.91191,7104,7076,528,31,6.06
501.011948,7104,7080,528,31,6.06
501.111912,7104,7072,528,31,6.07
501.211928,7104,7076,257,31,6.07
501.311912,7104,7080,257,31,6.07
501.411912,7104,7080,257,31,6.12
501.511919,7104,7076,221,31,6.12
501.611911,7104,7076,221,31,6.12
501.711911,7104,7076,221,31,6.07
501.811912,7104,7080,221,31,6.07
501.91192,7104,7080,221,31,6.08
502.011911,7104,7072,221,31,6.08
502.111912,7104,7084,221,31,6.1
502.211912,7104,7076,257,31,6.1
502.311919,7104,7076,257,31,6.1
502.411912,7104,7072,257,31,6.08
502.511911,7104,7080,221,31,6.08
502.611912,7104,7076,221,31,6.08
502.71191,7104,7076,221,31,6.09
502.811911,7104,7080,257,31,6.09
502.91192,7104,7080,257,31,6.12
503.011911,7104,7080,257,31,6.12
503.111912,7104,7076,257,31,6.07
503.211912,7104,7076,257,31,6.07
503.311912,7104,7076,257,31,6.07
503.411913,7104,7080,257,31,6.07
503.511928,7104,7080,221,31,6.07
503.611912,7104,7080,221,31,6.07
503.71193,7104,7080,221,31,6.09
503.811912,7104,7076,257,31,6.09
503.911959,7104,7084,257,31,6.12
504.011913,7104,7080,257,31,6.12
504.111929,7104,7080,257,31,6.11
504.211912,7104,7080,221,31,6.11
504.31193,7104,7080,221,31,6.11
504.411911,7104,7076,221,31,6.08
504.511912,7104,7080,221,31,6.08
504.611921,7104,7076,221,31,6.08
504.711912,7104,7076,221,31,6.07
504.811915,7104,7076,257,31,6.07
504.911911,7104,7076,257,31,6.07
505.011912,7104,7076,257,31,6.07
505.111912,7104,7080,257,31,6.07
505.211912,7104,7080,58,31,6.07
505.311912,7104,7076,58,31,6.07
505.411913,7104,7076,58,31,6.07
505.511911,7104,7080,221,31,6.07
505.611913,7104,7076,221,31,6.07
505.711912,7104,7076,221,31,6.08
505.811912,7104,7076,257,31,6.08
505.911911,7104,7080,257,31,6.07
506.011913,7104,7076,257,31,6.07
506.111911,7104,7076,257,31,6.07
506.211913,7104,7076,257,31,6.07
506.311911,7104,7076,257,31,6.07
506.411911,7104,7076,257,31,6.05
506.51191,7104,7076,257,31,6.05
506.611911,7104,7076,257,31,6.05
506.711911,7104,7076,257,31,6.1
506.811912,7104,7076,257,31,6.1
506.911912,7104,7076,257,31,6.08
507.011911,7104,7076,257,31,6.08
507.11191,7104,7076,257,31,6.12
507.211911,7104,7072,257,31,6.12
507.311921,7104,7080,257,31,6.12
507.411912,7104,7076,257,31,6.08
507.511926,7104,7076,257,31,6.08
507.611913,7104,7080,257,31,6.08
507.711919,7104,7076,257,31,6.07
507.811924,7104,7080,52,31,6.07
507.911913,7104,7080,52,31,6.1
508.011912,7104,7080,52,30,6.1
508.111911,7104,7080,52,30,6.11
508.211912,7104,7080,221,30,6.11
508.311922,7104,7080,221,30,6.11
508.411911,7104,7076,221,30,6.12
508.511912,7104,7076,129,30,6.12
508.611912,7104,7080,129,30,6.12
508.711911,7104,7080,129,30,6.07
508.811912,7104,7072,421,30,6.07
508.911912,7104,7080,421,30,5.99
509.011912,7104,7076,421,31,5.99
509.111914,7104,7076,421,31,6.07
509.211913,6732,7036,2271,31,6.07
509.311932,6732,6740,2271,31,6.07
509.411913,6732,6736,2271,31,6.1
509.51191,6732,6736,0,31,6.1
509.611911,6732,6740,0,31,6.1
509.711912,6732,6740,0,31,6.11
509.811913,6732,6744,221,31,6.11
509.911913,6732,6740,221,31,6.12
510.011911,6732,6740,221,31,6.12
510.111912,6732,6740,221,31,6.11
510.211912,6732,6736,0,31,6.11
510.311928,6732,6740,0,31,6.11
510.41192,6732,6736,0,31,6.12
510.511912,6732,6736,0,31,6.12
510.611913,6732,6736,0,31,6.12
510.711912,6732,6736,0,31,6.1
510.811913,6732,6736,0,31,6.1
510.911911,6732,6736,0,31,6.12
511.011912,6732,6736,0,31,6.12
511.111921,6732,6736,0,31,6.12
511.211912,6732,6736,0,31,6.12
511.311924,6732,6736,0,31,6.12
511.411911,6732,6736,0,31,6.12
511.51192,6732,6736,0,31,6.12
511.611911,6732,6736,0,31,6.12
511.711912,6732,6736,0,31,6.12
511.811923,6732,6736,0,31,6.12
511.911911,6732,6736,0,31,6.1
512.011911,6732,6736,0,31,6.1
512.11192,6732,6736,0,31,6.1
512.211912,6732,6736,0,31,6.1
512.311926,6732,6736,0,31,6.1
512.411911,6732,6736,0,31,6.12
512.511928,6732,6736,0,31,6.12
512.611911,6732,6736,0,31,6.12
512.711917,6732,6736,0,31,6.12
512.811921,6732,6736,0,31,6.12
512.911933,6732,6736,0,31,6.11
513.011922,6732,6736,0,31,6.11
513.111917,6732,6736,0,31,6.12
513.211913,6732,6736,0,31,6.12
513.311926,6732,6736,0,31,6.12
513.411921,6732,6736,0,31,6.12
513.511947,6732,6736,0,31,6.12
513.611912,6732,6736,0,31,6.12
513.711927,6732,6736,0,31,6.11
513.811914,6732,6736,0,31,6.11
513.911911,6732,6736,0,31,6.12
514.011912,6732,6736,0,31,6.12
514.111913,6732,6736,0,31,6.11
514.211912,6732,6736,0,31,6.11
514.311912,6732,6736,0,31,6.11
514.411911,6732,6736,0,31,6.12
514.511911,6732,6736,0,31,6.12
514.611912,6732,6736,0,31,6.12
514.711911,6732,6736,0,31,6.11
514.811912,6732,6736,0,31,6.11
514.91191,6732,6736,0,31,6.11
515.01191,6732,6736,0,31,6.11
515.111912,6732,6736,0,31,6.12
515.211912,6732,6736,0,31,6.12
515.311911,6732,6736,0,31,6.12
515.411921,6732,6736,0,31,6.12
515.51191,6732,6736,0,31,6.12
515.611912,6732,6736,0,31,6.12
515.711911,6732,6736,0,31,6.11
515.811914,6732,6736,0,31,6.11
515.911911,6732,6736,0,31,6.12
516.011918,6732,6736,0,31,6.12
516.11191,6732,6736,0,31,6.12
516.211923,6732,6736,0,31,6.12
516.311912,6732,6736,0,31,6.12
516.411978,6732,6736,0,31,6.11
516.511912,6732,6736,0,31,6.11
516.61194,6732,6736,0,31,6.11
516.711911,6732,6736,0,31,6.12
516.811913,6732,6736,0,31,6.12
516.91192,6732,6736,0,31,6.11
517.011911,6732,6736,0,31,6.11
517.111912,6732,6736,0,31,6.12
517.211912,6732,6736,0,31,6.12
517.311912,6732,6736,0,31,6.12
517.411912,6732,6736,0,31,6.11
517.511912,6732,6736,0,31,6.11
517.611912,6732,6736,0,31,6.11
517.71191,6732,6736,0,31,6.12
517.81191,6732,6736,0,31,6.12
517.911917,6732,6736,0,31,6.12
518.011911,6732,6736,0,31,6.12
518.111913,6732,6736,0,31,6.12
518.211911,6732,6736,0,31,6.12
518.311922,6732,6736,0,31,6.12
518.41191,6732,6736,0,31,6.12
518.51192,6732,6736,0,31,6.12
518.611912,6732,6736,0,31,6.12
518.711912,6732,6736,0,31,6.12
518.811912,6732,6736,0,31,6.12
518.91194,6732,6736,0,31,6.12
519.011912,6732,6736,0,31,6.12
519.111912,6732,6736,0,31,6.12
519.21192,6732,6736,0,31,6.12
519.311913,6732,6736,0,31,6.12
519.411911,6732,6736,0,31,6.12
519.51191,6732,6736,0,31,6.12
519.611911,6732,6736,0,31,6.12
519.71191,6732,6736,0,31,6.12
519.811912,6732,6736,0,31,6.12
519.911918,6732,6736,0,31,6.11
520.011913,6732,6736,0,31,6.11
520.111911,6732,6736,0,31,6.12
520.211913,6732,6736,0,31,6.12
520.311912,6732,6736,0,31,6.12
520.41193,6732,6736,0,31,6.12
520.511912,6732,6736,0,31,6.12
520.611911,6732,6736,0,31,6.12
520.711911,6732,6736,0,31,6.12
520.811914,6732,6736,221,31,6.12
520.911911,6732,6740,221,31,6.1
521.011912,6732,6736,221,31,6.1
521.111911,6732,6736,221,31,6.12
521.211912,6732,6736,0,31,6.12
521.311912,6732,6736,0,31,6.12
521.411912,6732,6736,0,31,6.12
521.511918,6732,6736,0,31,6.12
521.611911,6732,6736,0,31,6.12
521.711912,6732,6736,0,31,6.11
521.811912,6732,6736,0,31,6.11
521.91192,6732,6736,0,31,6.12
522.011913,6732,6736,0,31,6.12
522.111911,6732,6736,0,31,6.12
522.211913,6732,6736,0,31,6.12
522.31192,6732,6736,0,31,6.12
522.411925,6732,6736,0,31,6.12
522.511912,6732,6736,0,31,6.12
522.611912,6732,6736,0,31,6.12
522.711912,6732,6736,0,31,6.12
522.811912,6732,6736,0,31,6.12
522.911929,6732,6736,0,31,6.11
523.011912,6732,6736,0,30,6.11
523.111912,6732,6736,0,30,6.12
523.211911,6732,6736,0,30,6.12
523.311911,6732,6736,0,30,6.12
523.411912,6732,6736,0,30,6.12
523.511911,6732,6736,0,30,6.12
523.611913,6732,6736,0,30,6.12
523.711912,6732,6736,0,30,6.12
523.811912,6732,6736,0,30,6.12
523.911913,6732,6736,0,30,6.11
524.011912,6732,6736,0,30,6.11
524.111911,6732,6736,0,30,6.12
524.211913,6732,6736,0,30,6.12
524.31191,6732,6736,0,30,6.12
524.411913,6732,6736,0,30,6.12
524.511911,6732,6736,0,30,6.12
524.611912,6732,6736,0,30,6.12
524.711912,6732,6736,0,30,6.12
524.811912,6732,6736,0,30,6.12
524.911911,6732,6736,0,30,6.12
525.011913,6732,6736,0,30,6.12
525.11191,6732,6736,0,30,6.11
525.211913,6732,6736,0,30,6.11
525.31191,6732,6736,0,30,6.11
525.41193,6732,6736,0,30,6.12
525.511911,6732,6736,0,30,6.12
525.611913,6732,6736,0,30,6.12
525.711911,6732,6736,0,30,6.12
525.811929,6732,6736,0,30,6.12
525.911912,6732,6736,0,30,6.12
526.011954,6732,6736,0,30,6.12
526.111912,6732,6736,0,30,6.12
526.21194,6732,6736,0,30,6.12
526.311918,6732,6736,0,30,6.12
526.411928,6732,6736,0,30,6.11
526.511909,6732,6736,0,30,6.11
526.61192,6732,6736,0,30,6.11
526.711911,6732,6736,0,30,6.12
526.811912,6732,6736,0,30,6.12
526.911911,6732,6736,0,30,6.11
527.011912,6732,6736,0,30,6.11
527.11191,6732,6736,0,30,6.12
527.211913,6732,6736,0,30,6.12
527.311911,6732,6736,0,30,6.12
527.411912,6732,6736,0,30,6.11
527.511922,6732,6736,0,30,6.11
527.611911,6732,6736,0,30,6.11
527.711911,6732,6736,0,30,6.12
527.811912,6732,6736,0,30,6.12
527.911929,6732,6736,0,30,6.12
528.011912,6732,6736,0,30,6.12
528.111911,6732,6736,0,30,6.12
528.211912,6732,6736,0,30,6.12
528.311919,6732,6736,0,30,6.12
528.411913,6732,6736,0,30,6.11
528.51191,6732,6736,0,30,6.11
528.611913,6732,6736,0,30,6.11
528.711912,6732,6736,0,30,6.11
528.811912,6732,6736,0,30,6.11
528.911911,6732,6736,0,30,6.1
529.011913,6732,6736,0,30,6.1
529.11192,6732,6736,0,30,6.12
529.211912,6732,6736,0,30,6.12
529.311911,6732,6736,0,30,6.12
529.41192,6732,6736,0,30,6.12
529.511912,6732,6736,0,30,6.12
529.611912,6732,6736,0,30,6.12
529.71191,6732,6736,0,30,6.12
529.811911,6732,6736,0,30,6.12
529.911911,6732,6736,0,30,6.12
530.011911,6732,6736,0,30,6.12
530.111927,6732,6736,0,30,6.12
530.211912,6732,6736,0,30,6.12
530.311924,6732,6736,0,30,6.12
530.411929,6732,6736,0,30,6.12
530.511928,6732,6736,0,30,6.12
530.61191,6732,6736,0,30,6.12
530.711911,6732,6736,0,30,6.12
530.811912,6732,6736,0,30,6.12
530.911919,6732,6736,0,30,6.12
531.011912,6732,6736,0,30,6.12
531.111911,6732,6736,0,30,6.12
531.211912,6732,6736,0,30,6.12
531.311912,6732,6736,0,30,6.12
531.411912,6732,6736,0,30,6.12
531.511931,6732,6736,0,30,6.12
531.611912,6732,6736,0,30,6.12
531.71194,6732,6736,0,30,6.12
531.811914,6732,6736,0,30,6.12
531.911912,6732,6736,0,30,6.11
532.011913,6732,6736,0,30,6.11
532.111919,6732,6736,0,30,6.11
532.211912,6732,6736,0,30,6.11
532.31191,6732,6736,0,30,6.11
532.411911,6732,6736,0,30,6.12
532.511911,6732,6736,0,30,6.12
532.611911,6732,6736,0,30,6.12
532.711918,6732,6736,0,30,6.12
532.811913,6732,6736,0,30,6.12
532.911937,6732,6736,0,30,6.12
533.011913,6732,6736,0,30,6.12
533.111919,6732,6736,0,30,6.12
533.211912,6732,6736,0,30,6.12
533.31191,6732,6736,0,30,6.12
533.411912,6732,6736,0,30,6.12
533.511911,6732,6736,0,30,6.12
533.611911,6732,6736,0,30,6.12
533.711911,6732,6736,0,30,6.12
533.811913,6732,6736,0,30,6.12
533.911912,6732,6736,0,30,6.12
534.011913,6732,6736,0,30,6.12
534.11191,6732,6736,0,30,6.12
534.211912,6732,6736,0,30,6.12
534.31191,6732,6736,0,30,6.12
534.411911,6732,6736,0,30,6.12
534.51192,6732,6736,0,30,6.12
534.611911,6732,6736,0,30,6.12
534.711911,6732,6736,0,30,6.12
534.81191,6732,6736,0,30,6.12
534.911911,6732,6736,0,30,6.12
535.011913,6732,6736,0,30,6.12
535.111911,6732,6736,0,30,6.12
535.211912,6732,6736,0,30,6.12
535.311911,6732,6736,0,30,6.12
535.41193,6732,6736,0,30,6.12
535.511914,6732,6736,0,30,6.12
535.611912,6732,6736,0,30,6.12
535.711912,6732,6736,0,30,6.11
535.811912,6732,6736,0,30,6.11
535.911919,6732,6736,0,30,6.11
536.011912,6732,6736,0,30,6.11
536.111911,6732,6736,0,30,6.12
536.211919,6732,6736,0,30,6.12
536.311913,6732,6736,0,30,6.12
536.411912,6732,6736,0,30,6.12
536.511911,6732,6736,0,30,6.12
536.611914,6732,6736,0,30,6.12
536.711912,6732,6736,0,30,6.12
536.811912,6732,6736,0,30,6.12
536.911911,6732,6736,0,30,6.11
537.011912,6732,6736,0,30,6.11
537.11191,6732,6736,0,30,6.12
537.211913,6732,6736,0,30,6.12
537.311912,6732,6736,0,30,6.12
537.411912,6732,6736,0,30,6.12
537.511912,6732,6736,0,30,6.12
537.611912,6732,6736,0,30,6.12
537.711919,6732,6736,0,30,6.11
537.811913,6732,6736,0,30,6.11
537.911929,6732,6736,0,30,6.12
538.011913,6732,6736,0,30,6.12
538.111912,6732,6736,0,30,6.11
538.211912,6732,6736,0,30,6.11
538.311932,6732,6736,0,30,6.11
538.411912,6732,6736,0,30,6.12
538.511942,6732,6736,0,30,6.12
538.611912,6732,6736,0,30,6.12
538.711949,6732,6736,0,30,6.12
538.811915,6732,6736,0,30,6.12
538.911939,6732,6736,0,30,6.12
539.011912,6732,6736,0,30,6.12
539.111911,6732,6736,0,30,6.12
539.211912,6732,6736,0,30,6.12
539.31191,6732,6736,0,30,6.12
539.41191,6732,6736,0,30,6.12
539.511912,6732,6736,0,30,6.12
539.611912,6732,6736,0,30,6.12
539.711912,6732,6736,0,30,6.1
539.81191,6732,6736,0,30,6.1
539.911912,6732,6736,0,30,6.12
540.011911,6732,6736,0,30,6.12
540.111911,6732,6736,0,30,6.12
540.211912,6732,6736,0,30,6.12
540.311912,6732,6736,0,30,6.12
540.411936,6732,6736,0,30,6.11
540.511919,6732,6736,0,30,6.11
540.611911,6732,6736,0,30,6.11
540.711912,6732,6736,0,30,6.12
540.811912,6732,6736,0,30,6.12
540.911921,6732,6736,0,30,6.12
541.01192,6732,6736,0,30,6.12
541.111912,6732,6736,0,30,6.12
541.211913,6732,6736,0,30,6.12
541.311911,6732,6736,0,30,6.12
541.411929,6732,6736,0,30,6.11
541.511911,6732,6736,0,30,6.11
541.611941,6732,6736,0,30,6.11
541.711911,6732,6736,0,30,6.1
541.811915,6732,6736,0,30,6.1
541.911911,6732,6736,0,30,6.12
542.011912,6732,6736,0,30,6.12
542.111912,6732,6736,0,30,6.12
542.211914,6732,6736,0,30,6.12
542.31191,6732,6736,0,30,6.12
542.411912,6732,6736,0,30,6.12
542.511911,6732,6736,0,30,6.12
542.611912,6732,6736,0,30,6.12
542.711913,6732,6736,0,30,6.12
542.811916,6732,6736,0,30,6.12
542.911927,6732,6736,0,30,6.11
543.011913,6732,6736,0,30,6.11
543.111912,6732,6736,0,30,6.11
543.211915,6732,6736,0,30,6.11
543.311919,6732,6736,0,30,6.11
543.411911,6732,6736,0,30,6.12
543.511912,6732,6736,0,30,6.12
543.611913,6732,6736,0,30,6.12
543.711911,6732,6736,0,30,6.11
543.811914,6732,6736,0,30,6.11
543.911911,6732,6736,0,30,6.12
544.011912,6732,6736,0,30,6.12
544.111914,6732,6736,0,30,6.12
544.211912,6732,6736,0,30,6.12
544.311914,6732,6736,0,30,6.12
544.411928,6732,6736,0,30,6.12
544.511911,6732,6736,0,30,6.12
544.611943,6732,6736,0,30,6.12
544.711919,6732,6736,0,30,6.12
544.811929,6732,6736,0,30,6.12
544.91192,6732,6736,0,30,6.12
545.011911,6732,6736,0,30,6.12
545.111911,6732,6736,0,30,6.11
545.211912,6732,6736,0,30,6.11
545.311911,6732,6736,0,30,6.11
545.411928,6732,6736,0,30,6.11
545.511912,6732,6736,0,30,6.11
545.611913,6732,6736,0,30,6.11
545.711912,6732,6736,0,30,6.09
545.811914,6732,6736,0,30,6.09
545.911912,6732,6736,0,30,6.12
546.011912,6732,6736,0,30,6.12
546.111928,6732,6736,0,30,6.12
546.211911,6732,6736,0,30,6.12
546.311911,6732,6736,0,30,6.12
546.411913,6732,6736,0,30,6.12
546.511912,6732,6736,0,30,6.12
546.611921,6732,6736,0,30,6.12
546.71191,6732,6736,0,30,6.12
546.811911,6732,6736,0,30,6.12
546.911911,6732,6736,0,30,6.12
547.01192,6732,6736,0,30,6.12
547.111911,6732,6736,0,30,6.11
547.211913,6732,6736,0,30,6.11
547.311921,6732,6736,0,30,6.11
547.411911,6732,6736,0,30,6.12
547.511911,6732,6736,0,30,6.12
547.61191,6732,6736,0,30,6.12
547.711925,6732,6736,0,30,6.12
547.811912,6732,6736,0,30,6.12
547.911929,6732,6736,0,30,6.11
548.011912,6732,6736,0,30,6.11
548.111911,6732,6736,0,30,6.12
548.211911,6732,6736,0,30,6.12
548.311911,6732,6736,0,30,6.12
548.41192,6732,6736,0,30,6.11
548.511911,6732,6736,0,30,6.11
548.611912,6732,6740,0,30,6.11
548.711913,6732,6736,0,30,6.1
548.811913,6732,6736,0,30,6.1
548.911911,6732,6736,0,30,6.11
549.01191,6732,6736,0,30,6.11
549.111912,6732,6736,0,30,6.12
549.211911,6732,6736,0,30,6.12
549.311911,6732,6736,0,30,6.12
549.411911,6732,6736,0,30,6.12
549.511912,6732,6736,0,30,6.12
549.611912,6732,6736,0,30,6.12
549.71191,6732,6736,0,30,6.11
549.811911,6732,6736,0,30,6.11
549.911912,6732,6736,0,30,6.11
550.01191,6732,6736,0,30,6.11
550.11191,6732,6736,0,30,6.11
550.211912,6732,6736,0,30,6.11
550.311911,6732,6736,0,30,6.11
550.411929,6732,6736,0,30,6.12
550.511912,6732,6736,0,30,6.12
550.611912,6732,6736,0,30,6.12
550.711912,6732,6736,0,30,6.11
550.811911,6732,6736,0,30,6.11
550.911912,6732,6736,0,30,6.12
551.011912,6732,6736,0,30,6.12
551.111912,6732,6736,0,30,6.11
551.211913,6732,6736,0,30,6.11
551.311912,6732,6736,0,30,6.11
551.411912,6732,6736,0,30,6.12
551.51191,6732,6736,0,30,6.12
551.611912,6732,6736,0,30,6.12
551.71193,6732,6736,0,30,6.12
551.81193,6732,6736,0,30,6.12
551.911929,6732,6736,0,30,6.11
552.011955,6732,6736,0,30,6.11
552.111928,6732,6736,0,30,6.11
552.211922,6732,6736,0,30,6.11
552.311909,6732,6736,0,30,6.11
552.411911,6732,6736,0,30,6.12
552.511909,6732,6736,0,30,6.12
552.611911,6732,6736,0,30,6.12
552.71191,6732,6736,0,30,6.12
552.811911,6732,6736,0,30,6.12
552.911931,6732,6736,0,30,6.12
553.011918,6732,6736,0,30,6.12
553.11191,6732,6736,0,30,6.1
553.211911,6732,6736,0,30,6.1
553.31191,6732,6736,0,30,6.1
553.41191,6732,6736,0,30,6.12
553.51191,6732,6736,0,30,6.12
553.611911,6732,6736,0,30,6.12
553.711918,6732,6736,0,30,6.12
553.81191,6732,6736,0,30,6.12
553.91191,6732,6736,0,30,6.12
554.011911,6732,6736,0,30,6.12
554.111911,6732,6736,0,30,6.11
554.211912,6732,6736,0,30,6.11
554.31191,6732,6736,0,30,6.11
554.411911,6732,6736,0,30,6.11
554.511912,6732,6736,0,30,6.11
554.611911,6732,6736,0,30,6.11
554.711913,6732,6736,0,30,6.12
554.811886,6732,6736,0,30,6.12
554.91191,6732,6736,0,30,6.12
555.01191,6732,6736,0,30,6.12
555.111911,6732,6736,0,30,6.12
555.211912,6732,6736,0,30,6.12
555.311918,6732,6736,0,30,6.12
555.41193,6732,6736,0,30,6.11
555.511918,6732,6736,0,30,6.11
555.61191,6732,6736,0,30,6.11
555.71191,6732,6736,0,30,6.12
555.811911,6732,6736,0,30,6.12
555.911911,6732,6736,0,30,6.11
556.01191,6732,6736,0,30,6.11
556.111912,6732,6736,0,30,6.11
556.21191,6732,6736,0,30,6.11
556.311918,6732,6736,0,30,6.11
556.411911,6732,6736,0,30,6.12
556.51191,6732,6736,0,30,6.12
556.611911,6732,6736,0,30,6.12
556.711912,6732,6736,0,30,6.11
556.811912,6732,6736,0,30,6.11
556.911913,6732,6736,0,30,6.12
557.011909,6732,6736,0,30,6.12
557.111912,6732,6736,0,30,6.11
557.211912,6732,6736,0,30,6.11
557.311912,6732,6736,0,30,6.11
557.411912,6732,6736,0,30,6.1
557.511928,6732,6736,0,30,6.1
557.611911,6732,6736,0,30,6.1
557.71193,6732,6736,0,30,6.12
557.811911,6732,6736,0,30,6.12
557.911927,6732,6736,0,30,6.11
558.01191,6732,6736,0,30,6.11
558.111911,6732,6736,0,30,6.12
558.211911,6732,6736,0,30,6.12
558.311911,6732,6736,0,30,6.12
558.41192,6732,6736,0,30,6.11
558.51191,6732,6736,0,30,6.11
558.611911,6732,6736,0,30,6.11
558.71191,6732,6736,0,30,6.12
558.811911,6732,6736,0,30,6.12
558.91191,6732,6736,0,30,6.11
559.011912,6732,6736,0,30,6.11
559.111911,6732,6736,0,30,6.12
559.211912,6732,6736,0,30,6.12
559.311911,6732,6736,0,30,6.12
559.411919,6732,6736,0,30,6.11
559.511914,6732,6736,0,30,6.11
559.611911,6732,6736,0,30,6.11
559.71191,6732,6736,0,30,6.12
559.811919,6732,6736,0,30,6.12
559.911912,6732,6736,0,30,6.12
560.011911,6732,6736,0,30,6.12
560.111919,6732,6736,0,30,6.12
560.211912,6732,6736,0,30,6.12
560.31191,6732,6736,0,30,6.12
560.411912,6732,6736,0,30,6.12
560.511912,6732,6736,0,30,6.12
560.611912,6732,6736,0,30,6.12
560.71191,6732,6736,0,30,6.12
560.811911,6732,6736,0,30,6.12
560.911918,6732,6736,0,30,6.11
561.011911,6732,6736,0,30,6.11
561.111911,6732,6736,0,30,6.11
561.211912,6732,6736,0,30,6.11
561.311919,6732,6736,0,30,6.11
561.411929,6732,6736,0,30,6.12
561.511909,6732,6736,0,30,6.12
561.611941,6732,6736,0,30,6.12
561.711911,6732,6736,0,30,6.12
561.811918,6732,6736,0,30,6.12
561.911911,6732,6736,0,30,6.12
562.01191,6732,6736,0,30,6.12
562.111919,6732,6736,0,30,6.12
562.21191,6732,6736,0,30,6.12
562.31191,6732,6736,0,30,6.12
562.411911,6732,6736,0,30,6.12
562.511913,6732,6736,0,30,6.12
562.611911,6732,6736,0,30,6.12
562.71191,6732,6736,0,30,6.12
562.81191,6732,6736,0,30,6.12
562.911911,6732,6736,0,30,6.12
563.011912,6732,6736,0,30,6.12
563.111909,6732,6736,0,30,6.12
563.211911,6732,6736,0,30,6.12
563.311911,6732,6736,0,30,6.12
563.411913,6732,6736,0,30,6.12
563.511911,6732,6736,0,30,6.12
563.611911,6732,6736,0,30,6.12
563.71191,6732,6736,0,30,6.12
563.81191,6732,6736,0,30,6.12
563.911912,6732,6736,0,30,6.12
564.011912,6732,6736,0,30,6.12
564.111919,6732,6736,0,30,6.12
564.211912,6732,6736,0,30,6.12
564.31191,6732,6736,0,30,6.12
564.41191,6732,6736,0,30,6.11
564.511911,6732,6736,0,30,6.11
564.61192,6732,6736,0,30,6.11
564.711927,6732,6736,0,30,6.12
564.811911,6732,6736,0,30,6.12
564.911941,6732,6736,0,30,6.12
565.011912,6732,6736,0,30,6.12
565.111937,6732,6736,0,30,6.12
565.211912,6732,6736,0,30,6.12
565.311911,6732,6736,0,30,6.12
565.41192,6732,6736,0,30,6.12
565.511911,6732,6736,0,30,6.12
565.611912,6732,6736,0,30,6.12
565.711911,6732,6736,0,30,6.12
565.811911,6732,6736,0,30,6.12
565.91191,6732,6736,0,30,6.12
566.011911,6732,6736,0,30,6.12
566.111931,6732,6736,0,30,6.12
566.211911,6732,6736,0,30,6.12
566.31191,6732,6736,0,30,6.12
566.411909,6732,6736,0,30,6.12
566.51191,6732,6736,0,30,6.12
566.61191,6732,6736,0,30,6.12
566.71191,6732,6736,0,30,6.12
566.811912,6732,6736,0,30,6.12
566.911911,6732,6736,0,30,6.12
567.011925,6732,6736,0,30,6.12
567.111917,6732,6736,0,30,6.12
567.211912,6732,6736,0,30,6.12
567.311912,6732,6736,0,30,6.12
567.411912,6732,6736,0,30,6.12
567.511911,6732,6736,0,30,6.12
567.611913,6732,6736,0,30,6.12
567.711912,6732,6736,0,30,6.12
567.811912,6732,6736,0,30,6.12
567.91191,6732,6736,0,30,6.12
568.011912,6732,6736,0,30,6.12
568.111911,6732,6736,0,30,6.12
568.211912,6732,6736,0,30,6.12
568.311912,6732,6736,0,30,6.12
568.411935,6732,6736,0,30,6.12
568.511912,6732,6736,0,30,6.12
568.611951,6732,6736,0,30,6.12
568.71191,6732,6736,0,30,6.12
568.81194,6732,6736,0,30,6.12
568.911911,6732,6736,0,30,6.12
569.011913,6732,6736,0,30,6.12
569.111911,6732,6736,0,30,6.12
569.21192,6732,6736,0,30,6.12
569.31191,6732,6736,0,30,6.12
569.411913,6732,6736,0,30,6.12
569.511911,6732,6736,0,30,6.12
569.611912,6732,6736,0,30,6.12
569.711911,6732,6736,0,30,6.12
569.811911,6732,6736,0,30,6.12
569.911921,6732,6736,0,30,6.11
570.011911,6732,6736,0,30,6.11
570.11191,6732,6736,0,30,6.11
570.211912,6732,6736,0,30,6.11
570.311913,6732,6736,0,30,6.11
570.411912,6732,6736,0,30,6.12
570.511911,6732,6736,0,30,6.12
570.611911,6732,6736,0,30,6.12
570.711919,6732,6736,0,30,6.11
570.811912,6732,6736,0,30,6.11
570.911911,6732,6736,0,30,6.12
571.011912,6732,6736,0,30,6.12
571.111927,6732,6736,0,30,6.12
571.211911,6732,6736,0,30,6.12
571.311946,6732,6736,0,30,6.12
571.411911,6732,6736,0,30,6.12
571.511928,6732,6736,0,30,6.12
571.61191,6732,6736,0,30,6.12
571.711912,6732,6736,0,30,6.12
571.811919,6732,6736,0,30,6.12
571.91191,6732,6736,0,30,6.11
572.011911,6732,6736,0,30,6.11
572.111913,6732,6736,0,30,6.12
572.211912,6732,6736,0,30,6.12
572.311913,6732,6736,0,30,6.12
572.411912,6732,6736,0,30,6.12
572.51191,6732,6736,0,30,6.12
572.611911,6732,6736,0,30,6.12
572.71191,6732,6736,0,30,6.11
572.81191,6732,6736,0,30,6.11
572.91191,6732,6736,0,30,6.12
573.011911,6732,6736,0,30,6.12
573.111911,6732,6736,0,30,6.12
573.211912,6732,6736,0,30,6.12
573.311913,6732,6736,0,30,6.12
573.411914,6732,6736,0,30,6.12
573.511912,6732,6736,0,30,6.12
573.611913,6732,6736,0,30,6.12
573.711914,6732,6736,0,30,6.11
573.811915,6732,6736,0,30,6.11
573.911914,6732,6736,0,30,6.12
574.011914,6732,6736,0,30,6.12
574.111912,6732,6736,0,30,6.11
574.211913,6732,6736,0,30,6.11
574.311914,6732,6736,0,30,6.11
574.411914,6732,6736,0,30,6.12
574.511913,6732,6736,0,30,6.12
574.611915,6732,6736,0,30,6.12
574.711913,6732,6736,0,30,6.11
574.811914,6732,6736,0,30,6.11
574.911913,6732,6736,0,30,6.11
575.011913,6732,6736,0,30,6.11
575.111914,6732,6736,0,30,6.12
575.211913,6732,6736,0,30,6.12
575.311913,6732,6736,0,30,6.12
575.411913,6732,6736,0,30,6.12
575.511913,6732,6736,0,30,6.12
575.611914,6732,6736,0,30,6.12
575.711915,6732,6736,0,30,6.12
575.811915,6732,6736,0,30,6.12
575.911914,6732,6736,0,30,6.12
576.011916,6732,6736,0,30,6.12
576.111914,6732,6736,0,30,6.12
576.211914,6732,6736,0,30,6.12
576.311913,6732,6736,0,30,6.12
576.411915,6732,6736,0,30,6.12
576.511913,6732,6736,0,30,6.12
576.611915,6732,6736,0,30,6.12
576.711914,6732,6736,0,30,6.11
576.811914,6732,6736,0,30,6.11
576.911913,6732,6736,0,30,6.12
577.011913,6732,6736,0,30,6.12
577.111914,6732,6736,0,30,6.12
577.211914,6732,6736,0,30,6.12
577.311913,6732,6736,0,30,6.12
577.411932,6732,6736,0,30,6.11
577.511915,6732,6736,0,30,6.11
577.611941,6732,6736,0,30,6.11
577.711922,6732,6736,0,30,6.12
577.81195,6732,6736,0,30,6.12
577.911913,6732,6736,0,30,6.11
578.011914,6732,6736,0,30,6.11
578.111913,6732,6736,0,30,6.11
578.211913,6732,6736,0,30,6.11
578.311913,6732,6736,0,30,6.11
578.411914,6732,6736,0,30,6.12
578.511914,6732,6736,0,30,6.12
578.611914,6732,6736,0,30,6.12
578.711913,6732,6736,0,30,6.12
578.811914,6732,6736,0,30,6.12
578.911913,6732,6736,0,30,6.11
579.011937,6732,6736,0,30,6.11
579.111914,6732,6736,0,30,6.11
579.211914,6732,6736,0,30,6.11
579.311913,6732,6736,0,30,6.11
579.411922,6732,6736,0,30,6.11
579.511923,6732,6736,0,30,6.11
579.611914,6732,6736,0,30,6.11
579.711912,6732,6736,0,30,6.09
579.811913,6732,6736,0,30,6.09
579.911914,6732,6736,0,30,6.12
580.011923,6732,6736,0,30,6.12
580.111915,6732,6736,0,30,6.11
580.211919,6732,6736,0,30,6.11
580.311919,6732,6736,0,30,6.11
580.41192,6732,6736,0,30,6.12
580.511941,6732,6736,0,30,6.12
580.61192,6732,6736,0,30,6.12
580.711955,6732,6736,0,30,6.12
580.811945,6732,6736,0,30,6.12
580.911981,6732,6736,0,30,6.12
581.011958,6732,6736,0,29,6.12
581.111944,6732,6736,0,29,6.12
581.21192,6732,6736,0,29,6.12
581.31192,6732,6736,0,29,6.12
581.41192,6732,6736,0,29,6.12
581.511919,6732,6736,0,29,6.12
581.611932,6732,6736,0,29,6.12
581.71192,6732,6736,0,29,6.11
581.811919,6732,6736,0,29,6.11
581.911919,6732,6736,0,29,6.11
582.011919,6732,6736,0,29,6.11
582.111919,6732,6736,0,29,6.12
582.21192,6732,6736,0,29,6.12
582.311918,6732,6736,0,29,6.12
582.411921,6732,6736,0,29,6.11
582.511919,6732,6736,0,29,6.11
582.61192,6732,6736,0,29,6.11
582.711931,6732,6736,0,29,6.12
582.81192,6732,6736,0,29,6.12
582.91192,6732,6736,0,29,6.12
583.01192,6732,6736,0,29,6.12
583.111919,6732,6736,0,29,6.12
583.211919,6732,6736,0,29,6.12
583.311918,6732,6736,0,29,6.12
583.41193,6732,6736,0,29,6.11
583.511919,6732,6736,0,29,6.11
583.611919,6732,6736,0,29,6.11
583.71192,6732,6736,0,29,6.12
583.811919,6732,6736,0,29,6.12
583.911919,6732,6736,0,29,6.12
584.011919,6732,6736,0,29,6.12
584.111919,6732,6736,0,29,6.1
584.21192,6732,6736,0,29,6.1
584.311919,6732,6736,0,29,6.1
584.411927,6732,6736,0,29,6.12
584.511919,6732,6736,0,29,6.12
584.61192,6732,6736,0,29,6.12
584.71192,6732,6736,0,29,6.12
584.811919,6732,6736,0,29,6.12
584.911918,6732,6736,0,29,6.12
585.011923,6732,6736,0,29,6.12
585.111918,6732,6736,0,29,6.12
585.211919,6732,6736,0,29,6.12
585.311917,6732,6736,0,29,6.12
585.411919,6732,6736,0,29,6.11
585.511919,6732,6736,0,29,6.11
585.611919,6732,6736,0,29,6.11
585.711917,6732,6736,0,29,6.12
585.811919,6732,6736,0,29,6.12
585.911917,6732,6736,0,29,6.12
586.011919,6732,6736,0,29,6.12
586.111917,6732,6736,0,29,6.12
586.21192,6732,6736,0,29,6.12
586.311918,6732,6736,0,29,6.12
586.411919,6732,6736,0,29,6.12
586.511919,6732,6736,0,29,6.12
586.611919,6732,6736,0,29,6.12
586.711917,6732,6736,0,29,6.12
586.81192,6732,6736,0,29,6.12
586.911918,6732,6736,0,29,6.09
587.011916,6732,6736,0,29,6.09
587.111918,6732,6736,0,29,6.11
587.211918,6732,6736,0,29,6.11
587.311918,6732,6736,0,29,6.11
587.411918,6732,6736,0,29,6.12
587.511918,6732,6736,0,29,6.12
587.611918,6732,6736,0,29,6.12
587.711916,6732,6736,0,29,6.12
587.811919,6732,6736,0,29,6.12
587.911919,6732,6736,0,29,6.12
588.011918,6732,6736,0,29,6.12
588.111917,6732,6736,0,29,6.11
588.211917,6732,6736,0,29,6.11
588.311917,6732,6736,0,29,6.11
588.411926,6732,6736,0,29,6.12
588.511917,6732,6736,0,29,6.12
588.611919,6732,6736,0,29,6.12
588.711918,6732,6736,0,29,6.11
588.811917,6732,6736,0,29,6.11
588.911918,6732,6736,0,29,6.12
589.011916,6732,6736,0,29,6.12
589.111919,6732,6736,0,29,6.11
589.211919,6732,6736,0,29,6.11
589.311919,6732,6736,0,29,6.11
589.411919,6732,6736,0,29,6.11
589.511918,6732,6736,0,29,6.11
589.611917,6732,6736,0,29,6.11
589.711919,6732,6736,0,29,6.11
589.811918,6732,6736,0,29,6.11
589.911935,6732,6736,0,29,6.12
590.011917,6732,6736,0,29,6.12
590.111976,6732,6736,0,29,6.12
590.211919,6732,6736,0,29,6.12
590.311934,6732,6736,0,29,6.12
590.411919,6732,6736,0,29,6.12
590.511948,6732,6736,0,29,6.12
590.611919,6732,6736,0,29,6.12
590.711943,6732,6736,0,29,6.11
590.811925,6732,6736,0,29,6.11
590.911917,6732,6736,0,29,6.11
591.011917,6732,6736,0,29,6.11
591.111921,6732,6736,0,29,6.12
591.211919,6732,6736,0,29,6.12
591.311924,6732,6736,0,29,6.12
591.411919,6732,6736,0,29,6.12
591.511916,6732,6736,0,29,6.12
591.611917,6732,6736,0,29,6.12
591.711924,6732,6736,0,29,6.12
591.811919,6732,6736,0,29,6.12
591.911917,6732,6736,0,29,6.12
592.011918,6732,6736,0,29,6.12
592.111917,6732,6736,0,29,6.12
592.211922,6732,6736,0,29,6.12
592.311918,6732,6736,0,29,6.12
592.411932,6732,6736,0,29,6.11
592.511927,6732,6736,0,29,6.11
592.611946,6732,6736,0,29,6.11
592.711919,6732,6736,0,29,6.11
592.811917,6732,6736,0,29,6.11
592.911924,6732,6736,0,29,6.11
593.011918,6732,6736,0,29,6.11
593.111917,6732,6736,0,29,6.12
593.211917,6732,6736,0,29,6.12
593.311919,6732,6736,0,29,6.12
593.411922,6732,6736,0,29,6.12
593.511917,6732,6736,0,29,6.12
593.611919,6732,6736,0,29,6.12
593.711918,6732,6736,0,29,6.12
593.811919,6732,6736,0,29,6.12
593.911918,6732,6736,0,29,6.12
594.011918,6732,6736,0,29,6.12
594.111927,6732,6736,0,29,6.12
594.211919,6732,6736,0,29,6.12
594.311918,6732,6736,0,29,6.12
594.411919,6732,6736,0,29,6.12
594.511919,6732,6736,0,29,6.12
594.611919,6732,6736,0,29,6.12
594.711918,6732,6736,0,29,6.12
594.811917,6732,6736,0,29,6.12
594.911919,6732,6736,0,29,6.12
595.011917,6732,6736,0,29,6.12
595.111918,6732,6736,0,29,6.12
595.211926,6732,6736,0,29,6.12
595.311921,6732,6736,0,29,6.12
595.411918,6732,6736,0,29,6.11
595.511918,6732,6736,0,29,6.11
595.611919,6732,6736,0,29,6.11
595.71192,6732,6736,0,29,6.12
595.811919,6732,6736,0,29,6.12
595.911926,6732,6736,0,29,6.12
596.011918,6732,6736,0,29,6.12
596.111919,6732,6736,0,29,6.11
596.211918,6732,6736,0,29,6.11
596.311918,6732,6736,0,29,6.11
596.41192,6732,6736,0,29,6.12
596.511916,6732,6736,0,29,6.12
596.611919,6732,6736,0,29,6.12
596.711916,6732,6736,0,29,6.11
596.811918,6732,6736,0,29,6.11
596.911926,6732,6736,0,29,6.11
597.011918,6732,6736,0,29,6.11
597.111918,6732,6736,0,29,6.12
597.211918,6732,6736,0,29,6.12
597.311928,6732,6736,0,29,6.12
597.411919,6732,6736,0,29,6.12
597.511937,6732,6736,0,29,6.12
597.611919,6732,6736,0,29,6.12
597.711919,6732,6736,0,29,6.12
597.811918,6732,6736,0,29,6.12
597.911918,6732,6736,0,29,6.12
598.011918,6732,6736,0,29,6.12
598.111918,6732,6736,0,29,6.12
598.211919,6732,6736,0,29,6.12
598.311917,6732,6736,0,29,6.12
598.41192,6732,6736,0,29,6.12
598.511918,6732,6736,0,29,6.12
598.611919,6732,6736,0,29,6.12
598.711918,6732,6736,0,29,6.12
598.811919,6732,6736,0,29,6.12
598.911919,6732,6736,0,29,6.11
599.011918,6732,6736,0,29,6.11
599.111925,6732,6736,0,29,6.12
599.211919,6732,6736,0,29,6.12
599.311918,6732,6736,0,29,6.12
599.41192,6732,6736,0,29,6.12
599.511917,6732,6736,0,29,6.12
599.611952,6732,6736,0,29,6.12
599.711919,6732,6736,0,29,6.12
599.811949,6732,6736,0,29,6.12
599.911926,6732,6736,0,29,6.11
600.011935,6732,6736,0,29,6.11
600.111918,6732,6736,0,29,6.12
600.211918,6732,6736,0,29,6.12
600.311918,6732,6736,0,29,6.12
600.41192,6732,6736,0,29,6.12
600.511919,6732,6736,0,29,6.12
600.611919,6732,6736,0,29,6.12
600.711919,6732,6736,0,29,6.12
600.811919,6732,6736,0,29,6.12
600.911917,6732,6736,0,29,6.11
601.011919,6732,6736,0,29,6.11
601.111927,6732,6736,0,29,6.12
601.21192,6732,6736,0,29,6.12
601.311918,6732,6736,0,29,6.12
601.411919,6732,6736,0,29,6.11
601.511918,6732,6736,0,29,6.11
601.61192,6732,6736,0,29,6.11
601.711926,6732,6736,0,29,6.12
601.811918,6732,6736,0,29,6.12
601.911918,6732,6736,0,29,6.11
602.011919,6732,6736,0,29,6.11
602.111921,6732,6736,0,29,6.12
602.211925,6732,6736,0,29,6.12
602.311918,6732,6736,0,29,6.12
602.411946,6732,6736,0,29,6.11
602.511918,6732,6736,0,29,6.11
602.611918,6732,6736,0,29,6.11
602.711919,6732,6736,0,29,6.12
602.811922,6732,6736,0,29,6.12
602.911919,6732,6736,0,29,6.12
603.011918,6732,6736,0,29,6.12
603.111917,6732,6736,0,29,6.11
603.211919,6732,6736,0,29,6.11
603.311918,6732,6736,0,29,6.11
603.411918,6732,6736,0,29,6.12
603.511918,6732,6736,0,29,6.12
603.611919,6732,6736,0,29,6.12
603.711919,6732,6736,0,29,6.12
603.811919,6732,6736,0,29,6.12
603.911935,6732,6736,0,29,6.11
604.011918,6732,6736,0,29,6.11
604.111926,6732,6736,0,29,6.11
604.211919,6732,6736,0,29,6.11
604.311918,6732,6736,0,29,6.11
604.411917,6732,6736,0,29,6.12
604.51192,6732,6736,0,29,6.12
604.611918,6732,6736,0,29,6.12
604.71192,6732,6736,0,29,6.12
604.811918,6732,6736,0,29,6.12
604.911918,6732,6736,0,29,6.12
605.011918,6732,6736,0,29,6.12
605.111928,6732,6736,0,29,6.12
605.211919,6732,6736,0,29,6.12
605.311937,6732,6736,0,29,6.12
605.411919,6732,6736,0,29,6.11
605.511956,6732,6736,0,29,6.11
605.611918,6732,6736,0,29,6.11
605.711932,6732,6736,0,29,6.11
605.811921,6732,6736,0,29,6.11
605.911919,6732,6736,0,29,6.12
606.011918,6732,6736,0,29,6.12
606.111919,6732,6736,0,29,6.11
606.211919,6732,6736,0,29,6.11
606.31193,6732,6736,0,29,6.11
606.41192,6732,6736,0,29,6.12
606.511918,6732,6736,0,29,6.12
606.611919,6732,6736,0,29,6.12
606.711919,6732,6736,0,29,6.12
606.811919,6732,6736,0,29,6.12
606.911918,6732,6736,0,29,6.11
607.01192,6732,6736,0,29,6.11
607.111927,6732,6736,0,29,6.12
607.211919,6732,6736,0,29,6.12
607.311917,6732,6736,0,29,6.12
607.411929,6732,6736,0,29,6.12
607.511919,6732,6736,0,29,6.12
607.611918,6732,6736,0,29,6.12
607.711918,6732,6736,0,29,6.11
607.811919,6732,6736,0,29,6.11
607.911917,6732,6736,0,29,6.12
608.011919,6732,6736,0,29,6.12
608.111929,6732,6736,0,29,6.12
608.21192,6732,6736,0,29,6.12
608.311919,6732,6736,0,29,6.12
608.411924,6732,6736,0,29,6.12
608.511918,6732,6736,0,29,6.12
608.611919,6732,6736,0,29,6.12
608.711917,6732,6736,0,29,6.12
608.811922,6732,6736,0,29,6.12
608.911918,6732,6736,0,29,6.12
609.01192,6732,6736,0,29,6.12
609.111918,6732,6736,0,29,6.12
609.211919,6732,6736,0,29,6.12
609.311918,6732,6736,0,29,6.12
609.411923,6732,6736,0,29,6.12
609.511918,6732,6736,0,29,6.12
609.611918,6732,6736,0,29,6.12
609.711953,6732,6736,0,29,6.12
609.811925,6732,6736,0,29,6.12
609.911935,6732,6736,0,29,6.11
610.011918,6732,6736,0,29,6.11
610.111918,6732,6736,0,29,6.12
610.211918,6732,6736,0,29,6.12
610.311917,6732,6736,0,29,6.12
610.411931,6732,6736,0,29,6.11
610.511918,6732,6736,0,29,6.11
610.611918,6732,6736,0,29,6.11
610.711917,6732,6736,0,29,6.12
610.811926,6732,6736,0,29,6.12
610.911916,6732,6736,0,29,6.11
611.011918,6732,6736,0,29,6.11
611.111927,6732,6736,0,29,6.12
611.211918,6732,6736,0,29,6.12
611.311918,6732,6736,0,29,6.12
611.411917,6732,6736,0,29,6.11
611.511918,6732,6736,0,29,6.11
611.611918,6732,6736,0,29,6.11
611.711917,6732,6736,0,29,6.11
611.81192,6732,6736,0,29,6.11
611.911917,6732,6736,0,29,6.12
612.011918,6732,6736,0,29,6.12
612.111918,6732,6736,0,29,6.12
612.211919,6732,6736,0,29,6.12
612.311919,6732,6736,0,29,6.12
612.411919,6732,6736,0,29,6.11
612.511918,6732,6736,0,29,6.11
612.611919,6732,6736,0,29,6.11
612.711918,6732,6736,0,29,6.12
612.811919,6732,6736,0,29,6.12
612.911919,6732,6736,0,29,6.12
613.011918,6732,6736,0,29,6.12
613.111925,6732,6736,0,29,6.12
613.211916,6732,6736,0,29,6.12
613.311917,6732,6736,0,29,6.12
613.411918,6732,6736,0,29,6.12
613.511918,6732,6736,0,29,6.12
613.61192,6732,6736,0,29,6.12
613.711922,6732,6736,0,29,6.11
613.811926,6732,6736,0,29,6.11
613.911959,6732,6736,0,29,6.11
614.011918,6732,6736,0,29,6.11
614.111933,6732,6736,0,29,6.11
614.211918,6732,6736,0,29,6.11
614.311918,6732,6736,0,29,6.11
614.41192,6732,6736,0,29,6.12
614.511926,6732,6736,0,29,6.12
614.611929,6732,6736,0,29,6.12
614.711918,6732,6736,0,29,6.12
614.81192,6732,6736,0,29,6.12
614.911917,6732,6736,0,29,6.12
615.011918,6732,6736,0,29,6.12
615.111918,6732,6736,0,29,6.12
615.211919,6732,6736,0,29,6.12
615.311918,6732,6736,0,29,6.12
615.411919,6732,6736,0,29,6.12
615.511918,6732,6736,0,29,6.12
615.611918,6732,6736,0,29,6.12
615.711918,6732,6736,0,29,6.12
615.811919,6732,6736,0,29,6.12
615.911917,6732,6736,0,29,6.11
616.011918,6732,6736,0,29,6.11
616.111919,6732,6736,0,29,6.1
616.211918,6732,6736,0,29,6.1
616.311919,6732,6736,0,29,6.1
616.411919,6732,6736,0,29,6.11
616.511919,6732,6736,0,29,6.11
616.61192,6732,6736,0,29,6.11
616.71192,6732,6736,0,29,6.12
616.81192,6732,6736,0,29,6.12
616.911918,6732,6736,0,29,6.11
617.011918,6732,6736,0,29,6.11
617.111919,6732,6736,0,29,6.12
617.211938,6732,6736,0,29,6.12
617.311919,6732,6736,0,29,6.12
617.411948,6732,6736,0,29,6.12
617.51192,6732,6736,0,29,6.12
617.611947,6732,6736,0,29,6.12
617.711929,6732,6736,0,29,6.12
617.811918,6732,6736,0,29,6.12
617.911918,6732,6736,0,29,6.11
618.011919,6732,6736,0,29,6.11
618.111918,6732,6736,0,29,6.11
618.211921,6732,6736,0,29,6.11
618.311919,6732,6736,0,29,6.11
618.411919,6732,6736,0,29,6.12
618.511918,6732,6736,0,29,6.12
618.61192,6732,6736,0,29,6.12
618.711919,6732,6736,0,29,6.11
618.81192,6732,6736,0,29,6.11
618.911921,6732,6736,0,29,6.11
619.011918,6732,6736,0,29,6.11
619.111918,6732,6736,0,29,6.12
619.211922,6732,6736,0,29,6.12
619.311919,6732,6736,0,29,6.12
619.411919,6732,6736,0,29,6.12
619.511919,6732,6736,0,29,6.12
619.611953,6732,6736,0,29,6.12
619.711919,6732,6736,0,29,6.11
619.81194,6732,6736,0,29,6.11
619.911918,6732,6736,0,29,6.11
620.01192,6732,6736,0,29,6.11
620.111917,6732,6736,0,29,6.11
620.211918,6732,6736,0,29,6.11
620.311918,6732,6736,0,29,6.11
620.411934,6732,6736,0,29,6.1
620.511919,6732,6736,0,29,6.1
620.611919,6732,6736,0,29,6.1
620.711918,6732,6736,0,29,6.11
620.81192,6732,6736,0,29,6.11
620.911919,6732,6736,0,29,6.12
621.011918,6732,6736,0,29,6.12
621.11193,6732,6736,0,29,6.12
621.211918,6732,6736,0,29,6.12
621.311918,6732,6736,0,29,6.12
621.41192,6732,6736,0,29,6.11
621.511927,6732,6736,0,29,6.11
621.611919,6732,6736,0,29,6.11
621.711918,6732,6736,0,29,6.11
621.811919,6732,6736,0,29,6.11
621.911918,6732,6736,0,29,6.1
622.011918,6732,6736,0,29,6.1
622.111917,6732,6736,0,29,6.12
622.211919,6732,6736,0,29,6.12
622.311919,6732,6736,0,29,6.12
622.41192,6732,6736,0,29,6.12
622.511919,6732,6736,0,29,6.12
622.611919,6732,6736,0,29,6.12
622.711919,6732,6736,0,29,6.11
622.811922,6732,6736,0,29,6.11
622.911919,6732,6736,0,29,6.12
623.011919,6732,6736,0,29,6.12
623.111917,6732,6736,0,29,6.12
623.211919,6732,6736,0,29,6.12
623.311918,6732,6736,0,29,6.12
623.411919,6732,6736,0,29,6.12
623.511919,6732,6736,0,29,6.12
623.611919,6732,6736,0,29,6.12
623.711918,6732,6736,0,29,6.11
623.811918,6732,6736,0,29,6.11
623.911917,6732,6736,0,29,6.12
624.01192,6732,6736,0,29,6.12
624.111918,6732,6736,0,29,6.12
624.211917,6732,6736,0,29,6.12
624.311924,6732,6736,0,29,6.12
624.411918,6732,6736,0,29,6.12
624.511917,6732,6736,0,29,6.12
624.611927,6732,6736,0,29,6.12
624.711918,6732,6736,0,29,6.12
624.811926,6732,6736,0,29,6.12
624.911919,6732,6736,0,29,6.12
625.01192,6732,6736,0,29,6.12
625.111919,6732,6736,0,29,6.11
625.21192,6732,6736,0,29,6.11
625.31192,6732,6736,0,29,6.11
625.411919,6732,6736,0,29,6.11
625.511919,6732,6736,0,29,6.11
625.611941,6732,6736,0,29,6.11
625.711919,6732,6736,0,29,6.12
625.81196,6732,6736,0,29,6.12
625.911919,6732,6736,0,29,6.12
626.011946,6732,6736,0,29,6.12
626.111918,6732,6736,0,29,6.12
626.211937,6732,6736,0,29,6.12
626.311918,6732,6736,0,29,6.12
626.411918,6732,6736,0,29,6.12
626.511917,6732,6736,0,29,6.12
626.611919,6732,6736,0,29,6.12
626.711917,6732,6736,0,29,6.12
626.811918,6732,6736,0,29,6.12
626.911917,6732,6736,0,29,6.12
627.011919,6732,6736,0,29,6.12
627.111919,6732,6736,0,29,6.12
627.211919,6732,6736,0,29,6.12
627.311919,6732,6736,0,29,6.12
627.411921,6732,6736,0,29,6.11
627.51192,6732,6736,0,29,6.11
627.611919,6732,6736,0,29,6.11
627.711919,6732,6736,0,29,6.12
627.811918,6732,6736,0,29,6.12
627.911918,6732,6736,0,29,6.12
628.011918,6732,6736,0,29,6.12
628.111918,6732,6736,0,29,6.11
628.211919,6732,6736,0,29,6.11
628.311921,6732,6736,0,29,6.11
628.411917,6732,6736,0,29,6.11
628.511938,6732,6736,0,29,6.11
628.611918,6732,6736,0,29,6.11
628.711952,6732,6736,0,29,6.12
628.81192,6732,6736,0,29,6.12
628.911935,6732,6736,0,29,6.12
629.011918,6732,6736,0,29,6.12
629.11195,6732,6736,0,29,6.11
629.211919,6732,6736,0,29,6.11
629.311933,6732,6736,0,29,6.11
629.411919,6732,6736,0,29,6.12
629.511935,6732,6736,0,29,6.12
629.611919,6732,6736,0,29,6.12
629.711918,6732,6736,0,29,6.12
629.811923,6732,6736,0,29,6.12
629.911919,6732,6736,0,29,6.12
630.011918,6732,6736,0,29,6.12
630.111941,6732,6736,0,29,6.11
630.211921,6732,6736,0,29,6.11
630.311917,6732,6736,0,29,6.11
630.411918,6732,6736,0,29,6.12
630.511927,6732,6736,0,29,6.12
630.611919,6732,6736,0,29,6.12
630.711918,6732,6736,0,29,6.12
630.811919,6732,6736,0,29,6.12
630.911928,6732,6736,0,29,6.12
631.011919,6732,6736,0,29,6.12
631.111941,6732,6736,0,29,6.11
631.21192,6732,6736,0,29,6.11
631.311918,6732,6736,0,29,6.11
631.41192,6732,6736,0,29,6.11
631.511919,6732,6736,0,29,6.11
631.611917,6732,6736,0,29,6.11
631.711918,6732,6736,0,29,6.11
631.811919,6732,6736,0,29,6.11
631.911917,6732,6736,0,29,6.1
632.011919,6732,6736,0,29,6.1
632.11193,6732,6736,0,29,6.09
632.211919,6732,6736,0,29,6.09
632.311919,6732,6736,0,29,6.09
632.41192,6732,6736,0,29,6.12
632.511918,6732,6736,0,29,6.12
632.61192,6732,6736,0,29,6.12
632.711917,6732,6736,0,29,6.12
632.811918,6732,6736,0,29,6.12
632.911919,6732,6736,0,29,6.12
633.011926,6732,6736,0,29,6.12
633.111931,6732,6736,0,29,6.12
633.211919,6732,6736,0,29,6.12
633.311919,6732,6736,0,29,6.12
633.41192,6732,6736,0,29,6.1
633.511918,6732,6736,0,29,6.1
633.611919,6732,6736,0,29,6.1
633.711927,6732,6736,0,29,6.09
633.811919,6732,6736,0,29,6.09
633.911918,6732,6736,0,29,6.11
634.011919,6732,6736,0,29,6.11
634.111918,6732,6736,0,29,6.1
634.21192,6732,6736,0,29,6.1
634.311919,6732,6736,0,29,6.1
634.411919,6732,6736,0,29,6.1
634.511919,6732,6736,0,29,6.1
634.611919,6732,6736,0,29,6.1
634.711919,6732,6736,0,29,6.11
634.811918,6732,6736,0,29,6.11
634.911919,6732,6736,0,29,6.11
635.011919,6732,6736,0,29,6.11
635.111917,6732,6736,0,29,6.12
635.211919,6732,6736,0,29,6.12
635.311917,6732,6736,0,29,6.12
635.411918,6732,6736,0,29,6.1
635.511918,6732,6736,0,29,6.1
635.611918,6732,6736,0,29,6.1
635.71192,6732,6736,0,29,6.12
635.811917,6732,6736,0,29,6.12
635.911919,6732,6736,0,29,6.08
636.011931,6732,6736,0,29,6.08
636.111956,6732,6736,0,29,6.12
636.211919,6732,6736,0,29,6.12
636.311918,6732,6736,0,29,6.12
636.411919,6732,6736,0,29,6.11
636.511918,6732,6736,0,29,6.11
636.611926,6732,6736,0,29,6.11
636.711919,6732,6736,0,29,6.11
636.811928,6732,6736,0,29,6.11
636.911919,6732,6736,0,29,6.12
637.011919,6732,6736,0,29,6.12
637.11194,6732,6736,0,29,6.12
637.211918,6732,6736,0,29,6.12
637.311953,6732,6736,0,29,6.12
637.41192,6732,6736,0,29,6.12
637.511955,6732,6736,0,29,6.12
637.611955,6732,6736,0,29,6.12
637.71192,6732,6736,0,29,6.12
637.811945,6732,6736,0,29,6.12
637.911919,6732,6736,0,29,6.11
638.011918,6732,6736,0,29,6.11
638.111918,6732,6736,0,29,6.11
638.211918,6732,6736,0,29,6.11
638.311919,6732,6736,0,29,6.11
638.41193,6732,6736,0,29,6.1
638.511918,6732,6736,0,29,6.1
638.61193,6732,6736,0,29,6.1
638.711918,6732,6736,0,29,6.11
638.811917,6732,6736,0,29,6.11
638.911919,6732,6736,0,29,6.11
639.011919,6732,6736,0,29,6.11
639.111917,6732,6736,0,29,6.12
639.211919,6732,6736,0,29,6.12
639.311919,6732,6736,0,29,6.12
639.41192,6732,6736,0,29,6.11
639.511918,6732,6736,0,29,6.11
639.611919,6732,6736,0,29,6.11
639.711919,6732,6736,0,29,6.12
639.811919,6732,6736,0,29,6.12
639.911919,6732,6736,0,29,6.12
640.011918,6732,6736,0,29,6.12
640.111919,6732,6736,0,29,6.11
640.21192,6732,6736,0,29,6.11
640.311919,6732,6736,0,29,6.11
640.41192,6732,6736,0,29,6.12
640.511919,6732,6736,0,29,6.12
640.611919,6732,6736,0,29,6.12
640.711918,6732,6736,0,29,6.12
640.811921,6732,6736,0,29,6.12
640.911918,6732,6736,0,29,6.11
641.011919,6732,6736,0,29,6.11
641.111919,6732,6736,0,29,6.1
641.211947,6732,6736,0,29,6.1
641.311937,6732,6736,0,29,6.1
641.411937,6732,6736,0,29,6.1
641.511931,6732,6736,0,29,6.1
641.611918,6732,6744,0,29,6.1
641.711919,6732,6736,0,29,6.11
641.81192,6732,6736,221,29,6.11
641.911918,6732,6740,221,29,6.09
642.011922,6732,6736,221,29,6.09
642.111919,6732,6736,221,29,6.12
642.211928,6732,6736,0,29,6.12
642.311917,6732,6736,0,29,6.12
642.411919,6732,6736,0,29,6.12
642.511918,6732,6736,0,29,6.12
642.611918,6732,6736,0,29,6.12
642.711919,6732,6736,0,29,6.11
642.811926,6732,6736,0,29,6.11
642.911919,6732,6736,0,29,6.11
643.011919,6732,6736,0,29,6.11
643.111936,6732,6736,0,29,6.11
643.211919,6732,6736,0,29,6.11
643.311918,6732,6736,0,29,6.11
643.411919,6732,6736,0,29,6.1
643.511919,6732,6736,0,29,6.1
643.61192,6732,6736,0,29,6.1
643.711918,6732,6736,0,29,6.12
643.81192,6732,6736,0,29,6.12
643.911919,6732,6736,0,29,6.1
644.011918,6732,6736,0,29,6.1
644.111926,6732,6736,0,29,6.11
644.211919,6732,6736,0,29,6.11
644.311919,6732,6736,0,29,6.11
644.411919,6732,6736,0,29,6.11
644.511918,6732,6736,0,29,6.11
644.611919,6732,6736,0,29,6.11
644.711919,6732,6736,0,29,6.1
644.811927,6732,6736,0,29,6.1
644.911919,6732,6736,0,29,6.11
645.011918,6732,6736,0,29,6.11
645.111919,6732,6736,0,29,6.12
645.211918,6732,6736,0,29,6.12
645.311919,6732,6736,0,29,6.12
645.411918,6732,6736,0,29,6.11
645.511919,6732,6736,0,29,6.11
645.61192,6732,6736,0,29,6.11
645.711919,6732,6736,0,29,6.12
645.81192,6732,6736,0,29,6.12
645.911919,6732,6736,0,29,6.11
646.01192,6732,6736,0,29,6.11
646.11192,6732,6736,0,29,6.11
646.21192,6732,6736,0,29,6.11
646.311919,6732,6736,0,29,6.11
646.411918,6732,6736,0,29,6.11
646.511919,6732,6736,0,29,6.11
646.611919,6732,6736,0,29,6.11
646.711927,6732,6736,0,29,6.12
646.811919,6732,6736,0,29,6.12
646.911921,6732,6736,0,29,6.1
647.011919,6732,6736,0,29,6.1
647.111953,6732,6736,0,29,6.12
647.211918,6732,6736,0,29,6.12
647.311949,6732,6736,0,29,6.12
647.411919,6732,6736,0,29,6.12
647.511918,6732,6736,0,29,6.12
647.611931,6732,6736,0,29,6.12
647.711919,6732,6736,0,29,6.12
647.811919,6732,6736,0,29,6.12
647.911918,6732,6736,0,29,6.12
648.011918,6732,6736,0,29,6.12
648.11192,6732,6736,0,29,6.12
648.211919,6732,6736,0,29,6.12
648.311919,6732,6736,0,29,6.12
648.411919,6732,6736,0,29,6.12
648.511917,6732,6736,0,29,6.12
648.61192,6732,6736,0,29,6.12
648.711918,6732,6736,0,29,6.12
648.811926,6732,6736,0,29,6.12
648.911919,6732,6736,0,29,6.11
649.011919,6732,6736,0,29,6.11
649.111919,6732,6736,0,29,6.12
649.211921,6732,6736,0,29,6.12
649.311927,6732,6736,0,29,6.12
649.41192,6732,6736,0,29,6.12
649.511919,6732,6736,0,29,6.12
649.61192,6732,6736,0,29,6.12
649.71192,6732,6736,0,29,6.12
649.811921,6732,6736,0,29,6.12
649.91192,6732,6736,0,29,6.11
650.01192,6732,6736,0,29,6.11
650.11192,6732,6736,0,29,6.12
650.211921,6732,6736,0,29,6.12
650.311927,6732,6736,0,29,6.12
650.411977,6732,6736,0,29,6.11
650.511931,6732,6736,0,29,6.11
650.611975,6732,6736,0,29,6.11
650.711933,6732,6736,0,29,6.12
650.811952,6732,6736,0,29,6.12
650.911932,6732,6736,0,29,6.12
651.011933,6732,6736,0,29,6.12
651.111931,6732,6736,0,29,6.11
651.211934,6732,6736,0,29,6.11
651.311933,6732,6736,0,29,6.11
651.411931,6732,6736,0,29,6.11
651.511932,6732,6736,0,29,6.11
651.611932,6732,6736,0,29,6.11
651.711932,6732,6736,0,29,6.11
651.811932,6732,6736,0,29,6.11
651.911931,6732,6736,0,29,6.11
652.011933,6732,6736,0,29,6.11
652.111941,6732,6736,0,29,6.12
652.211934,6732,6736,0,29,6.12
652.311932,6732,6736,0,29,6.12
652.411933,6732,6736,0,29,6.12
652.511933,6732,6736,0,29,6.12
652.611932,6732,6736,0,29,6.12
652.711932,6732,6736,0,29,6.12
652.811933,6732,6736,0,29,6.12
652.911931,6732,6736,0,29,6.12
653.011933,6732,6736,0,29,6.12
653.11194,6732,6736,0,29,6.12
653.211933,6732,6736,0,29,6.12
653.311931,6732,6736,0,29,6.12
653.411931,6732,6736,0,29,6.11
653.511931,6732,6736,0,29,6.11
653.611931,6732,6736,0,29,6.11
653.711941,6732,6736,0,29,6.11
653.811934,6732,6736,0,29,6.11
653.911933,6732,6736,0,29,6.11
654.011932,6732,6736,0,29,6.11
654.111932,6732,6736,0,29,6.12
654.211932,6732,6736,0,29,6.12
654.311931,6732,6736,0,29,6.12
654.411932,6732,6736,0,29,6.11
654.511931,6732,6736,0,29,6.11
654.611933,6732,6736,0,29,6.11
654.711933,6732,6736,0,29,6.11
654.811932,6732,6736,0,29,6.11
654.911931,6732,6736,0,29,6.12
655.011933,6732,6736,0,29,6.12
655.111933,6732,6736,0,29,6.12
655.211932,6732,6736,0,29,6.12
655.311933,6732,6736,0,29,6.12
655.411931,6732,6736,0,29,6.12
655.51195,6732,6736,0,29,6.12
655.611942,6732,6736,0,29,6.12
655.711982,6732,6736,0,29,6.12
655.81194,6732,6736,0,29,6.12
655.911949,6732,6736,0,29,6.11
656.011933,6732,6736,0,28,6.11
656.111931,6732,6736,0,28,6.12
656.211933,6732,6736,0,28,6.12
656.311931,6732,6736,0,28,6.12
656.411933,6732,6736,0,28,6.12
656.511933,6732,6736,0,28,6.12
656.611978,6732,6736,0,28,6.12
656.71194,6732,6736,0,28,6.12
656.811981,6732,6736,0,28,6.12
656.911932,6732,6736,0,28,6.11
657.011949,6732,6736,0,28,6.11
657.111932,6732,6736,0,28,6.12
657.211933,6732,6736,0,28,6.12
657.311932,6732,6736,0,28,6.12
657.411933,6732,6736,0,28,6.12
657.511933,6732,6736,0,28,6.12
657.611933,6732,6736,0,28,6.12
657.71193,6732,6736,0,28,6.11
657.811931,6732,6736,0,28,6.11
657.911932,6732,6736,0,28,6.1
658.011933,6732,6736,0,28,6.1
658.111933,6732,6736,0,28,6.12
658.211932,6732,6736,0,28,6.12
658.311933,6732,6736,0,28,6.12
658.411934,6732,6736,0,28,6.11
658.511932,6732,6736,0,28,6.11
658.611932,6732,6736,0,28,6.11
658.711932,6732,6736,0,28,6.11
658.811933,6732,6736,0,28,6.11
658.911932,6732,6736,0,28,6.11
659.011932,6732,6736,0,28,6.11
659.111932,6732,6736,0,28,6.11
659.211933,6732,6736,0,28,6.11
659.311932,6732,6736,0,28,6.11
659.411934,6732,6736,0,28,6.12
659.511933,6732,6736,0,28,6.12
659.611933,6732,6736,0,28,6.12
659.711933,6732,6736,0,28,6.12
659.811932,6732,6736,0,28,6.12
659.911933,6732,6736,0,28,6.11
660.011932,6732,6736,0,28,6.11
660.111933,6732,6736,0,28,6.12
660.211932,6732,6736,0,28,6.12
660.311941,6732,6736,0,28,6.12
660.411933,6732,6736,0,28,6.12
660.511933,6732,6736,0,28,6.12
660.611931,6732,6736,0,28,6.12
660.711934,6732,6736,0,28,6.12
660.811934,6732,6736,0,28,6.12
660.911943,6732,6736,0,28,6.12
661.011931,6732,6736,0,28,6.12
661.111932,6732,6736,0,28,6.12
661.211932,6732,6736,0,28,6.12
661.311934,6732,6736,0,28,6.12
661.411933,6732,6736,0,28,6.11
661.511939,6732,6736,0,28,6.11
661.611933,6732,6736,0,28,6.11
661.711934,6732,6736,0,28,6.11
661.811933,6732,6736,0,28,6.11
661.911933,6732,6736,0,28,6.12
662.011934,6732,6736,0,28,6.12
662.111933,6732,6736,0,28,6.1
662.211932,6732,6736,0,28,6.1
662.311948,6732,6736,0,28,6.1
662.411933,6732,6736,0,28,6.11
662.511944,6732,6736,0,28,6.11
662.611932,6732,6736,0,28,6.11
662.711987,6732,6736,0,28,6.11
662.811932,6732,6736,0,28,6.11
662.911947,6732,6736,0,28,6.12
663.011932,6732,6736,0,28,6.12
663.11193,6732,6736,0,28,6.1
663.211933,6732,6736,0,28,6.1
663.311933,6732,6736,0,28,6.1
663.411933,6732,6736,0,28,6.12
663.511931,6732,6736,0,28,6.12
663.611932,6732,6736,0,28,6.12
663.71193,6732,6736,0,28,6.11
663.811934,6732,6736,0,28,6.11
663.911931,6732,6736,0,28,6.11
664.011931,6732,6736,0,28,6.11
664.111932,6732,6736,0,28,6.11
664.211932,6732,6736,0,28,6.11
664.311932,6732,6736,0,28,6.11
664.411931,6732,6736,0,28,6.11
664.511932,6732,6736,0,28,6.11
664.611932,6732,6736,0,28,6.11
664.711931,6732,6736,0,28,6.1
664.811933,6732,6736,0,28,6.1
664.911932,6732,6736,0,28,6.11
665.011932,6732,6736,0,28,6.11
665.111932,6732,6736,0,28,6.11
665.211933,6732,6736,0,28,6.11
665.311932,6732,6736,0,28,6.11
665.411932,6732,6736,0,28,6.12
665.511939,6732,6736,0,28,6.12
665.611932,6732,6736,0,28,6.12
665.711931,6732,6736,0,28,6.09
665.811934,6732,6736,0,28,6.09
665.911935,6732,6736,0,28,6.12
666.011932,6732,6736,0,28,6.12
666.11198,6732,6736,0,28,6.12
666.211939,6732,6736,0,28,6.12
666.31196,6732,6736,0,28,6.12
666.411931,6732,6736,0,28,6.11
666.511949,6732,6736,0,28,6.11
666.611948,6732,6736,0,28,6.11
666.711932,6732,6736,0,28,6.12
666.811941,6732,6736,0,28,6.12
666.911932,6732,6736,0,28,6.12
667.011932,6732,6736,0,28,6.12
667.111932,6732,6736,0,28,6.11
667.211934,6732,6736,0,28,6.11
667.311932,6732,6736,0,28,6.11
667.411933,6732,6736,0,28,6.09
667.511931,6732,6736,0,28,6.09
667.611933,6732,6736,0,28,6.09
667.711932,6732,6736,0,28,6.12
667.811933,6732,6736,0,28,6.12
667.911933,6732,6736,0,28,6.12
668.011933,6732,6736,0,28,6.12
668.111932,6732,6736,0,28,6.1
668.211932,6732,6736,0,28,6.1
668.311932,6732,6736,0,28,6.1
668.411932,6732,6736,0,28,6.12
668.511933,6732,6736,0,28,6.12
668.611933,6732,6736,0,28,6.12
668.711941,6732,6736,0,28,6.11
668.811932,6732,6736,0,28,6.11
668.911932,6732,6736,0,28,6.11
669.011933,6732,6736,0,28,6.11
669.111932,6732,6736,0,28,6.12
669.211933,6732,6736,0,28,6.12
669.311938,6732,6736,0,28,6.12
669.411933,6732,6736,0,28,6.12
669.511933,6732,6736,0,28,6.12
669.611935,6732,6736,0,28,6.12
669.711932,6732,6736,0,28,6.12
669.811983,6732,6736,0,28,6.12
669.911933,6732,6736,0,28,6.12
670.011951,6732,6736,0,28,6.12
670.111933,6732,6736,0,28,6.11
670.211934,6732,6736,0,28,6.11
670.311932,6732,6736,0,28,6.11
670.411932,6732,6736,0,28,6.11
670.511932,6732,6736,0,28,6.11
670.611933,6732,6736,0,28,6.11
670.711932,6732,6736,0,28,6.12
670.811941,6732,6736,0,28,6.12
670.911932,6732,6736,0,28,6.11
671.011933,6732,6736,0,28,6.11
671.111931,6732,6736,0,28,6.11
671.211932,6732,6736,0,28,6.11
671.311932,6732,6736,0,28,6.11
671.411933,6732,6736,0,28,6.12
671.511939,6732,6736,0,28,6.12
671.611933,6732,6736,0,28,6.12
671.711932,6732,6736,0,28,6.12
671.811935,6732,6736,0,28,6.12
671.911932,6732,6736,0,28,6.12
672.011932,6732,6736,0,28,6.12
672.111934,6732,6736,0,28,6.12
672.211934,6732,6736,0,28,6.12
672.311933,6732,6736,0,28,6.12
672.411933,6732,6736,0,28,6.11
672.511932,6732,6736,0,28,6.11
672.611934,6732,6736,0,28,6.11
672.711935,6732,6736,0,28,6.11
672.811935,6732,6736,0,28,6.11
672.911934,6732,6736,0,28,6.12
673.011933,6732,6736,0,28,6.12
673.111933,6732,6736,0,28,6.12
673.211933,6732,6736,0,28,6.12
673.311933,6732,6736,0,28,6.12
673.411931,6732,6736,0,28,6.11
673.511932,6732,6736,0,28,6.11
673.611934,6732,6736,0,28,6.11
673.711931,6732,6736,0,28,6.12
673.811933,6732,6736,0,28,6.12
673.911931,6732,6736,0,28,6.12
674.011934,6732,6736,0,28,6.12
674.111934,6732,6736,0,28,6.11
674.211933,6732,6736,0,28,6.11
674.311933,6732,6736,0,28,6.11
674.411941,6732,6736,0,28,6.12
674.511933,6732,6736,0,28,6.12
674.611934,6732,6736,0,28,6.12
674.711931,6732,6736,0,28,6.11
674.811933,6732,6736,0,28,6.11
674.911934,6732,6736,0,28,6.12
675.011987,6732,6736,0,28,6.12
675.111932,6732,6736,0,28,6.11
675.211976,6732,6736,0,28,6.11
675.311933,6732,6736,0,28,6.11
675.411944,6732,6736,0,28,6.12
675.511931,6732,6736,0,28,6.12
675.611981,6732,6736,0,28,6.12
675.711933,6732,6736,0,28,6.11
675.811961,6732,6736,0,28,6.11
675.911932,6732,6736,0,28,6.11
676.01195,6732,6736,0,28,6.11
676.111933,6732,6736,0,28,6.12
676.211933,6732,6736,0,28,6.12
676.311933,6732,6736,0,28,6.12
676.411933,6732,6736,0,28,6.11
676.511935,6732,6736,0,28,6.11
676.611932,6732,6736,0,28,6.11
676.711941,6732,6736,0,28,6.12
676.811932,6732,6736,0,28,6.12
676.911933,6732,6736,0,28,6.12
677.011933,6732,6736,0,28,6.12
677.111933,6732,6736,0,28,6.12
677.211944,6732,6736,0,28,6.12
677.311931,6732,6736,0,28,6.12
677.411932,6732,6736,0,28,6.12
677.511939,6732,6736,0,28,6.12
677.611933,6732,6736,0,28,6.12
677.711933,6732,6736,0,28,6.1
677.811934,6732,6736,0,28,6.1
677.911933,6732,6736,0,28,6.12
678.011933,6732,6736,0,28,6.12
678.11194,6732,6736,0,28,6.11
678.211933,6732,6736,0,28,6.11
678.311933,6732,6736,0,28,6.11
678.411932,6732,6736,0,28,6.12
678.511932,6732,6736,0,28,6.12
678.611933,6732,6736,0,28,6.12
678.711933,6732,6736,0,28,6.11
678.811933,6732,6736,0,28,6.11
678.911941,6732,6736,0,28,6.12
679.011933,6732,6736,0,28,6.12
679.111934,6732,6736,0,28,6.11
679.211932,6732,6736,0,28,6.11
679.311941,6732,6736,0,28,6.11
679.411934,6732,6736,0,28,6.12
679.511935,6732,6736,0,28,6.12
679.611932,6732,6736,0,28,6.12
679.711933,6732,6736,0,28,6.11
679.811933,6732,6736,0,28,6.11
679.911932,6732,6736,0,28,6.12
680.011933,6732,6740,0,28,6.12
680.111932,6732,6736,0,28,6.1
680.211931,6732,6736,0,28,6.1
680.311933,6732,6736,0,28,6.1
680.411934,6732,6736,0,28,6.11
680.511933,6732,6736,0,28,6.11
680.611933,6732,6736,0,28,6.11
680.711932,6732,6736,0,28,6.12
680.811934,6732,6736,0,28,6.12
680.911932,6732,6736,0,28,6.11
681.011933,6732,6736,0,28,6.11
681.111932,6732,6736,0,28,6.11
681.211932,6732,6736,0,28,6.11
681.311932,6732,6736,0,28,6.11
681.411933,6732,6736,0,28,6.12
681.511935,6732,6736,0,28,6.12
681.611932,6732,6736,0,28,6.12
681.711933,6732,6736,0,28,6.12
681.811933,6732,6736,0,28,6.12
681.911934,6732,6736,0,28,6.12
682.011932,6732,6736,0,28,6.12
682.111989,6732,6736,0,28,6.12
682.211942,6732,6736,0,28,6.12
682.31195,6732,6736,0,28,6.12
682.411932,6732,6736,0,28,6.11
682.511932,6732,6736,0,28,6.11
682.611932,6732,6736,0,28,6.11
682.711932,6732,6736,0,28,6.11
682.811941,6732,6736,0,28,6.11
682.911932,6732,6736,0,28,6.12
683.011932,6732,6736,0,28,6.12
683.111934,6732,6736,0,28,6.11
683.211934,6732,6736,0,28,6.11
683.311951,6732,6736,0,28,6.11
683.411933,6732,6736,0,28,6.12
683.511933,6732,6736,0,28,6.12
683.611933,6732,6736,0,28,6.12
683.711932,6732,6736,0,28,6.11
683.811935,6732,6736,0,28,6.11
683.911934,6732,6736,0,28,6.11
684.011941,6732,6736,0,28,6.11
684.111939,6732,6736,0,28,6.12
684.211933,6732,6736,0,28,6.12
684.311932,6732,6736,0,28,6.12
684.411933,6732,6736,0,28,6.12
684.511941,6732,6736,0,28,6.12
684.611933,6732,6736,0,28,6.12
684.71199,6732,6736,0,28,6.12
684.811933,6732,6736,0,28,6.12
684.91195,6732,6736,0,28,6.12
685.011934,6732,6736,0,28,6.12
685.111932,6732,6736,0,28,6.11
685.211933,6732,6736,0,28,6.11
685.311932,6732,6736,0,28,6.11
685.411934,6732,6736,0,28,6.11
685.511936,6732,6736,0,28,6.11
685.611944,6732,6736,0,28,6.11
685.711932,6732,6736,0,28,6.11
685.811932,6732,6736,0,28,6.11
685.911932,6732,6736,0,28,6.12
686.011931,6732,6736,0,28,6.12
686.111933,6732,6736,0,28,6.11
686.211933,6732,6736,0,28,6.11
686.311932,6732,6736,0,28,6.11
686.411933,6732,6736,0,28,6.12
686.511934,6732,6736,0,28,6.12
686.611932,6732,6736,0,28,6.12
686.711932,6732,6736,0,28,6.11
686.811932,6732,6736,0,28,6.11
686.911932,6732,6736,0,28,6.11
687.011933,6732,6736,0,28,6.11
687.111933,6732,6736,0,28,6.12
687.211933,6732,6736,0,28,6.12
687.311932,6732,6736,0,28,6.12
687.411931,6732,6736,0,28,6.12
687.511932,6732,6736,0,28,6.12
687.611931,6732,6736,0,28,6.12
687.711979,6732,6736,0,28,6.11
687.811933,6732,6736,0,28,6.11
687.911991,6732,6736,0,28,6.11
688.011932,6732,6736,0,28,6.11
688.111983,6732,6736,0,28,6.12
688.211931,6732,6736,0,28,6.12
688.311951,6732,6736,0,28,6.12
688.411933,6732,6736,0,28,6.11
688.511949,6732,6736,0,28,6.11
688.611934,6732,6736,0,28,6.11
688.711933,6732,6736,0,28,6.12
688.81193,6732,6736,0,28,6.12
688.911933,6732,6736,0,28,6.11
689.011934,6732,6736,0,28,6.11
689.111932,6732,6736,0,28,6.12
689.211933,6732,6736,0,28,6.12
689.311933,6732,6736,0,28,6.12
689.41193,6732,6736,0,28,6.12
689.511931,6732,6736,0,28,6.12
689.611932,6732,6736,0,28,6.12
689.711934,6732,6736,0,28,6.12
689.811933,6732,6736,0,28,6.12
689.911933,6732,6736,0,28,6.11
690.011933,6732,6736,0,28,6.11
690.111931,6732,6736,0,28,6.12
690.211932,6732,6736,0,28,6.12
690.311942,6732,6736,0,28,6.12
690.411933,6732,6736,0,28,6.12
690.511931,6732,6736,0,28,6.12
690.611932,6732,6736,0,28,6.12
690.711932,6732,6736,0,28,6.11
690.811932,6732,6736,0,28,6.11
690.911931,6732,6736,0,28,6.11
691.011932,6732,6736,0,28,6.11
691.111939,6732,6736,0,28,6.11
691.211933,6732,6736,0,28,6.11
691.311931,6732,6736,0,28,6.11
691.411933,6732,6736,0,28,6.11
691.511933,6732,6736,0,28,6.11
691.611931,6732,6736,0,28,6.11
691.711932,6732,6736,0,28,6.11
691.811933,6732,6736,0,28,6.11
691.911931,6732,6736,0,28,6.11
692.011933,6732,6736,0,28,6.11
692.111938,6732,6736,0,28,6.12
692.211932,6732,6736,0,28,6.12
692.311935,6732,6736,0,28,6.12
692.411933,6732,6736,0,28,6.11
692.511933,6732,6736,0,28,6.11
692.611933,6732,6736,0,28,6.11
692.711933,6732,6736,0,28,6.12
692.811932,6732,6736,0,28,6.12
692.911933,6732,6736,0,28,6.12
693.011933,6732,6736,0,28,6.12
693.111932,6732,6736,0,28,6.12
693.211934,6732,6736,0,28,6.12
693.311932,6732,6736,0,28,6.12
693.411934,6732,6736,0,28,6.11
693.511931,6732,6736,0,28,6.11
693.611933,6732,6736,0,28,6.11
693.711933,6732,6736,0,28,6.12
693.811956,6732,6736,0,28,6.12
693.911933,6732,6736,0,28,6.12
694.011955,6732,6736,0,28,6.12
694.111933,6732,6736,0,28,6.12
694.21201,6732,6736,0,28,6.12
694.311932,6732,6736,0,28,6.12
694.411976,6732,6736,0,28,6.12
694.511933,6732,6736,0,28,6.12
694.611993,6732,6736,0,28,6.12
694.711932,6732,6736,0,28,6.12
694.811946,6732,6736,0,28,6.12
694.911932,6732,6736,0,28,6.11
695.011952,6732,6736,0,28,6.11
695.111933,6732,6736,0,28,6.12
695.211937,6732,6736,0,28,6.12
695.311932,6732,6736,0,28,6.12
695.411934,6732,6736,0,28,6.11
695.511939,6732,6736,0,28,6.11
695.611934,6732,6736,0,28,6.11
695.711933,6732,6736,0,28,6.06
695.811935,6732,6736,0,28,6.06
695.911935,6732,6736,0,28,6.12
696.011933,6732,6736,0,28,6.12
696.111934,6732,6736,0,28,6.12
696.211932,6732,6736,0,28,6.12
696.311933,6732,6736,0,28,6.12
696.411932,6732,6736,0,28,6.12
696.511933,6732,6736,0,28,6.12
696.611934,6732,6736,0,28,6.12
696.711933,6732,6736,0,28,6.12
696.811933,6732,6736,0,28,6.12
696.911932,6732,6736,0,28,6.12
697.011933,6732,6736,0,28,6.12
697.111932,6732,6736,0,28,6.12
697.211933,6732,6736,0,28,6.12
697.311933,6732,6736,0,28,6.12
697.411932,6732,6736,0,28,6.11
697.511932,6732,6736,0,28,6.11
697.611933,6732,6736,0,28,6.11
697.711931,6732,6736,0,28,6.12
697.811933,6732,6736,0,28,6.12
697.911932,6732,6736,0,28,6.11
698.011934,6732,6736,0,28,6.11
698.111931,6732,6736,0,28,6.12
698.211934,6732,6736,0,28,6.12
698.311931,6732,6736,0,28,6.12
698.411933,6732,6736,0,28,6.12
698.511932,6732,6736,0,28,6.12
698.611933,6732,6736,0,28,6.12
698.711932,6732,6736,0,28,6.12
698.811933,6732,6736,0,28,6.12
698.911933,6732,6736,0,28,6.11
699.011933,6732,6736,0,28,6.11
699.111933,6732,6736,0,28,6.11
699.211933,6732,6736,0,28,6.11
699.311932,6732,6736,0,28,6.11
699.411932,6732,6736,0,28,6.12
699.511942,6732,6736,0,28,6.12
699.611949,6732,6736,0,28,6.12
699.711932,6732,6736,0,28,6.11
699.811945,6732,6736,0,28,6.11
699.911932,6732,6736,0,28,6.12
700.011955,6732,6736,0,28,6.12
700.11194,6732,6736,0,28,6.12
700.211959,6732,6736,0,28,6.12
700.311932,6732,6736,0,28,6.12
700.411933,6732,6736,0,28,6.11
700.511933,6732,6736,0,28,6.11
700.611932,6732,6736,0,28,6.11
700.711932,6732,6736,0,28,6.12
700.811935,6732,6736,0,28,6.12
700.911934,6732,6736,0,28,6.12
701.011932,6732,6736,0,28,6.12
701.111933,6732,6736,0,28,6.11
701.211932,6732,6736,0,28,6.11
701.311931,6732,6736,0,28,6.11
701.411933,6732,6736,0,28,6.12
701.511931,6732,6736,0,28,6.12
701.611933,6732,6736,0,28,6.12
701.711933,6732,6736,0,28,6.11
701.811933,6732,6736,0,28,6.11
701.911933,6732,6736,0,28,6.11
702.011932,6732,6736,0,28,6.11
702.111933,6732,6736,0,28,6.12
702.211934,6732,6736,0,28,6.12
702.311932,6732,6736,0,28,6.12
702.411933,6732,6736,0,28,6.12
702.511933,6732,6736,0,28,6.12
702.611933,6732,6736,0,28,6.12
702.711933,6732,6736,0,28,6.12
702.811944,6732,6736,0,28,6.12
702.911933,6732,6736,0,28,6.12
703.011934,6732,6736,0,28,6.12
703.111932,6732,6736,0,28,6.11
703.211933,6732,6736,0,28,6.11
703.311931,6732,6736,0,28,6.11
703.411932,6732,6736,0,28,6.12
703.511933,6732,6736,0,28,6.12
703.611933,6732,6736,0,28,6.12
703.71194,6732,6736,0,28,6.12
703.811932,6732,6736,0,28,6.12
703.911932,6732,6736,0,28,6.11
704.011932,6732,6736,0,28,6.11
704.111948,6732,6736,0,28,6.11
704.211933,6732,6736,0,28,6.11
704.311983,6732,6736,0,28,6.11
704.411932,6732,6736,0,28,6.12
704.511951,6732,6736,0,28,6.12
704.611942,6732,6736,0,28,6.12
704.711932,6732,6736,0,28,6.12
704.811932,6732,6736,0,28,6.12
704.911933,6732,6736,0,28,6.12
705.011933,6732,6736,0,28,6.12
705.111932,6732,6736,0,28,6.12
705.211932,6732,6736,0,28,6.12
705.311932,6732,6736,0,28,6.12
705.411932,6732,6736,0,28,6.12
705.511954,6732,6736,0,28,6.12
705.611933,6732,6736,0,28,6.12
705.711932,6732,6736,0,28,6.12
705.811932,6732,6736,0,28,6.12
705.911935,6732,6736,0,28,6.12
706.011934,6732,6736,0,28,6.12
706.111933,6732,6736,0,28,6.12
706.211932,6732,6736,0,28,6.12
706.311935,6732,6736,0,28,6.12
706.411933,6732,6736,0,28,6.11
706.512001,6732,6736,0,28,6.11
706.611934,6732,6736,0,28,6.11
706.711949,6732,6736,0,28,6.12
706.811934,6732,6736,0,28,6.12
706.911931,6732,6736,0,28,6.12
707.011932,6732,6736,0,28,6.12
707.111932,6732,6736,0,28,6.11
707.211931,6732,6736,0,28,6.11
707.311932,6732,6736,0,28,6.11
707.411931,6732,6736,0,28,6.12
707.511936,6732,6736,0,28,6.12
707.611931,6732,6736,0,28,6.12
707.711931,6732,6736,0,28,6.11
707.811932,6732,6736,0,28,6.11
707.911931,6732,6736,0,28,6.12
708.011932,6732,6736,0,28,6.12
708.111931,6732,6736,0,28,6.11
708.211932,6732,6736,0,28,6.11
708.311933,6732,6736,0,28,6.11
708.411933,6732,6736,0,28,6.12
708.511947,6732,6736,0,28,6.12
708.611941,6732,6736,0,28,6.12
708.711933,6732,6736,0,28,6.11
708.811941,6732,6736,0,28,6.11
708.911933,6732,6736,0,28,6.11
709.011934,6732,6736,0,28,6.11
709.111932,6732,6736,0,28,6.11
709.211933,6732,6736,0,28,6.11
709.311932,6732,6748,0,28,6.11
709.411933,6732,6744,0,28,6.1
709.511944,6732,6740,221,28,6.1
709.611932,6732,6736,221,28,6.1
709.711932,6732,6736,221,28,6.11
709.81195,6732,6736,0,28,6.11
709.911931,6732,6736,0,28,6.11
710.011931,6732,6736,0,28,6.11
710.111932,6732,6736,0,28,6.12
710.211933,6732,6736,0,28,6.12
710.311938,6732,6736,0,28,6.12
710.411931,6732,6736,0,28,6.12
710.511942,6732,6736,0,28,6.12
710.611932,6732,6736,0,28,6.12
710.711933,6732,6736,0,28,6.11
710.811932,6732,6736,0,28,6.11
710.911931,6732,6736,0,28,6.11
711.011932,6732,6736,0,28,6.11
711.111931,6732,6736,0,28,6.11
711.211933,6732,6736,0,28,6.11
711.311939,6732,6736,0,28,6.11
711.411932,6732,6736,0,28,6.12
711.511948,6732,6736,0,28,6.12
711.611932,6732,6736,0,28,6.12
711.711996,6732,6736,0,28,6.11
711.811932,6732,6736,0,28,6.11
711.911933,6732,6736,0,28,6.09
712.01194,6732,6736,0,28,6.09
712.111932,6732,6736,0,28,6.09
712.211931,6732,6736,0,28,6.09
712.311932,6732,6736,0,28,6.09
712.411933,6732,6736,0,28,6.09
712.511933,6732,6736,0,28,6.09
712.611931,6732,6736,0,28,6.09
712.711932,6732,6736,0,28,6.11
712.811933,6732,6736,0,28,6.11
712.911931,6732,6736,0,28,6.11
713.011933,6732,6736,0,28,6.11
713.111931,6732,6736,0,28,6.12
713.211933,6732,6736,0,28,6.12
713.311932,6732,6736,0,28,6.12
713.411949,6732,6736,0,28,6.11
713.511932,6732,6736,0,28,6.11
713.611989,6732,6736,0,28,6.11
713.711931,6732,6736,0,28,6.12
713.811932,6732,6736,0,28,6.12
713.911932,6732,6736,0,28,6.11
714.01194,6732,6736,0,28,6.11
714.111931,6732,6736,0,28,6.11
714.211932,6732,6736,0,28,6.11
714.311932,6732,6736,0,28,6.11
714.411932,6732,6736,0,28,6.12
714.511934,6732,6736,0,28,6.12
714.611934,6732,6736,0,28,6.12
714.711932,6732,6736,0,28,6.12
714.811933,6732,6736,0,28,6.12
714.911932,6732,6736,0,28,6.11
715.011933,6732,6736,0,28,6.11
715.111931,6732,6736,0,28,6.12
715.211932,6732,6736,0,28,6.12
715.311933,6732,6736,0,28,6.12
715.411933,6732,6736,0,28,6.11
715.511931,6732,6736,0,28,6.11
715.611933,6732,6736,0,28,6.11
715.711939,6732,6736,0,28,6.11
715.811933,6732,6736,0,28,6.11
715.911931,6732,6736,0,28,6.11
716.011933,6732,6736,0,28,6.11
716.111932,6732,6736,0,28,6.11
716.211933,6732,6736,0,28,6.11
716.311931,6732,6736,0,28,6.11
716.411932,6732,6736,0,28,6.12
716.511933,6732,6736,0,28,6.12
716.611933,6732,6736,0,28,6.12
716.711931,6732,6736,0,28,6.11
716.811933,6732,6736,0,28,6.11
716.911932,6732,6736,0,28,6.12
717.011932,6732,6736,0,28,6.12
717.111932,6732,6736,0,28,6.11
717.211943,6732,6736,0,28,6.11
717.311932,6732,6736,0,28,6.11
717.411933,6732,6736,0,28,6.12
717.51194,6732,6736,0,28,6.12
717.611933,6732,6736,0,28,6.12
717.711945,6732,6736,0,28,6.11
717.811932,6732,6736,0,28,6.11
717.911932,6732,6736,0,28,6.12
718.011934,6732,6736,0,28,6.12
718.111931,6732,6736,0,28,6.12
718.211933,6732,6736,0,28,6.12
718.31193,6732,6736,0,28,6.12
718.411949,6732,6736,0,28,6.1
718.511932,6732,6736,0,28,6.1
718.61198,6732,6736,0,28,6.1
718.711932,6732,6736,0,28,6.12
718.811983,6732,6736,0,28,6.12
718.911933,6732,6736,0,28,6.12
719.01195,6732,6736,0,28,6.12
719.111931,6732,6736,0,28,6.09
719.211932,6732,6736,0,28,6.09
719.311931,6732,6736,0,28,6.09
719.411932,6732,6736,0,28,6.12
719.511932,6732,6736,0,28,6.12
719.611931,6732,6736,0,28,6.12
719.711931,6732,6736,0,28,6.12
719.811934,6732,6736,0,28,6.12
719.911938,6732,6736,0,28,6.12
720.011933,6732,6736,0,28,6.12
720.111931,6732,6736,0,28,6.11
720.211932,6732,6736,0,28,6.11
720.311931,6732,6736,0,28,6.11
720.411932,6732,6736,0,28,6.12
720.51193,6732,6736,0,28,6.12
720.611931,6732,6736,0,28,6.12
720.711932,6732,6736,0,28,6.11
720.811933,6732,6736,0,28,6.11
720.911932,6732,6736,0,28,6.12
721.011932,6732,6736,0,28,6.12
721.111932,6732,6736,0,28,6.12
721.211934,6732,6736,0,28,6.12
721.31193,6732,6736,0,28,6.12
721.411932,6732,6736,0,28,6.12
721.511931,6732,6736,0,28,6.12
721.611932,6732,6736,0,28,6.12
721.711938,6732,6736,0,28,6.12
721.811933,6732,6736,0,28,6.12
721.911931,6732,6736,0,28,6.09
722.011932,6732,6736,0,28,6.09
722.111934,6732,6736,0,28,6.1
722.211932,6732,6736,0,28,6.1
722.311955,6732,6736,0,28,6.1
722.411931,6732,6736,0,28,6.12
722.511976,6732,6736,0,28,6.12
722.61193,6732,6736,0,28,6.12
722.711932,6732,6736,0,28,6.12
722.811932,6732,6736,0,28,6.12
722.911939,6732,6736,0,28,6.12
723.011935,6732,6736,0,28,6.12
723.111931,6732,6736,0,28,6.11
723.211932,6732,6736,0,28,6.11
723.311933,6732,6736,0,28,6.11
723.411932,6732,6736,0,28,6.11
723.511932,6732,6736,0,28,6.11
723.611943,6732,6736,0,28,6.11
723.711932,6732,6736,0,28,6.12
723.811948,6732,6736,0,28,6.12
723.91193,6732,6736,0,28,6.11
724.011961,6732,6736,0,28,6.11
724.111931,6732,6736,0,28,6.1
724.21196,6732,6736,0,28,6.1
724.311931,6732,6736,0,28,6.1
724.411948,6732,6736,0,28,6.1
724.511932,6732,6736,0,28,6.1
724.611932,6732,6736,0,28,6.1
724.711932,6732,6736,0,28,6.11
724.811932,6732,6736,0,28,6.11
724.911933,6732,6736,0,28,6.09
725.011932,6732,6736,0,28,6.09
725.111933,6732,6736,0,28,6.12
725.211932,6732,6736,0,28,6.12
725.311931,6732,6736,0,28,6.12
725.411941,6732,6736,0,28,6.11
725.511932,6732,6736,0,28,6.11
725.611932,6732,6736,0,28,6.11
725.711932,6732,6736,0,28,6.11
725.811932,6732,6736,0,28,6.11
725.911932,6732,6736,0,28,6.09
726.011933,6732,6736,0,28,6.09
726.111931,6732,6736,0,28,6.12
726.211933,6732,6736,0,28,6.12
726.311932,6732,6736,0,28,6.12
726.411933,6732,6736,0,28,6.12
726.511932,6732,6736,0,28,6.12
726.611932,6732,6736,0,28,6.12
726.711932,6732,6736,0,28,6.12
726.811934,6732,6736,0,28,6.12
726.911931,6732,6736,0,28,6.11
727.011932,6732,6736,0,28,6.11
727.111932,6732,6736,0,28,6.11
727.211932,6732,6736,0,28,6.11
727.311931,6732,6736,0,28,6.11
727.411933,6732,6736,0,28,6.11
727.511932,6732,6736,0,28,6.11
727.611934,6732,6736,0,28,6.11
727.711932,6732,6736,0,28,6.12
727.811933,6732,6736,0,28,6.12
727.911932,6732,6736,0,28,6.11
728.011933,6732,6736,0,28,6.11
728.111932,6732,6736,0,28,6.11
728.211932,6732,6736,0,28,6.11
728.311933,6732,6736,0,28,6.11
728.411933,6732,6736,0,28,6.11
728.511932,6732,6736,0,28,6.11
728.611933,6732,6736,0,28,6.11
728.711931,6732,6736,0,28,6.12
728.811932,6732,6736,0,28,6.12
728.911931,6732,6736,0,28,6.12
729.011932,6732,6736,0,28,6.12
729.111932,6732,6736,0,28,6.11
729.211932,6732,6736,0,28,6.11
729.311932,6732,6736,0,28,6.11
729.411932,6732,6736,0,28,6.11
729.511932,6732,6736,0,28,6.11
729.611933,6732,6736,0,28,6.11
729.711932,6732,6736,0,28,6.12
729.811931,6732,6736,0,28,6.12
729.911931,6732,6736,0,28,6.11
730.011934,6732,6736,0,27,6.11
730.111932,6732,6736,0,27,6.12
730.211935,6732,6736,0,27,6.12
730.311932,6732,6736,0,27,6.12
730.411932,6732,6736,0,27,6.1
730.511932,6732,6736,0,27,6.1
730.611933,6732,6736,0,27,6.1
730.711936,6732,6736,0,27,6.11
730.811934,6732,6736,0,27,6.11
730.911932,6732,6736,0,27,6.12
731.011933,6732,6736,0,27,6.12
731.111932,6732,6736,0,27,6.12
731.211934,6732,6736,0,27,6.12
731.311941,6732,6736,0,27,6.12
731.411932,6732,6736,0,27,6.12
731.511932,6732,6736,0,27,6.12
731.611958,6732,6736,0,27,6.12
731.71194,6732,6736,0,27,6.11
731.811975,6732,6736,0,27,6.11
731.91194,6732,6736,0,27,6.12
732.01199,6732,6736,0,27,6.12
732.111932,6732,6736,0,27,6.11
732.211949,6732,6736,0,27,6.11
732.311934,6732,6736,0,27,6.11
732.411933,6732,6736,0,27,6.11
732.511943,6732,6736,0,27,6.11
732.611932,6732,6736,0,27,6.11
732.711933,6732,6736,0,27,6.11
732.811932,6732,6736,0,27,6.11
732.911933,6732,6736,0,27,6.11
733.011932,6732,6736,0,27,6.11
733.111934,6732,6736,0,27,6.12
733.211931,6732,6736,0,27,6.12
733.31195,6732,6736,0,27,6.12
733.411933,6732,6736,0,27,6.08
733.51196,6732,6736,0,27,6.08
733.611933,6732,6736,0,27,6.08
733.711944,6732,6736,0,27,6.12
733.811936,6732,6736,0,27,6.12
733.911949,6732,6736,0,27,6.11
734.011932,6732,6736,0,27,6.11
734.111931,6732,6736,0,27,6.1
734.211941,6732,6736,0,27,6.1
734.31193,6732,6736,0,27,6.1
734.411934,6732,6736,0,27,6.11
734.511931,6732,6736,0,27,6.11
734.611933,6732,6736,0,27,6.11
734.711931,6732,6736,0,27,6.1
734.811933,6732,6736,0,27,6.1
734.911931,6732,6736,0,27,6.12
735.011933,6732,6736,0,27,6.12
735.111931,6732,6736,0,27,6.11
735.211932,6732,6736,0,27,6.11
735.311932,6732,6736,0,27,6.11
735.411934,6732,6736,0,27,6.12
735.511933,6732,6736,0,27,6.12
735.611932,6732,6736,0,27,6.12
735.711932,6732,6736,0,27,6.11
735.811933,6732,6736,0,27,6.11
735.911932,6732,6736,0,27,6.12
736.011932,6732,6736,0,27,6.12
736.111932,6732,6736,0,27,6.12
736.211932,6732,6736,0,27,6.12
736.311934,6732,6736,0,27,6.12
736.411933,6732,6736,0,27,6.12
736.511932,6732,6736,0,27,6.12
736.611933,6732,6736,0,27,6.12
736.711934,6732,6736,0,27,6.11
736.811933,6732,6736,0,27,6.11
736.911949,6732,6736,0,27,6.09
737.011932,6732,6736,0,27,6.09
737.111984,6732,6736,0,27,6.11
737.211933,6732,6736,0,27,6.11
737.311945,6732,6736,0,27,6.11
737.411933,6732,6736,0,27,6.12
737.511932,6732,6736,0,27,6.12
737.611933,6732,6736,0,27,6.12
737.711933,6732,6736,0,27,6.11
737.811934,6732,6736,0,27,6.11
737.911933,6732,6736,0,27,6.11
738.011932,6732,6736,0,27,6.11
738.111932,6732,6736,0,27,6.12
738.211932,6732,6736,0,27,6.12
738.311933,6732,6736,0,27,6.12
738.411933,6732,6736,0,27,6.11
738.511933,6732,6736,0,27,6.11
738.611941,6732,6736,0,27,6.11
738.711932,6732,6736,0,27,6.11
738.811931,6732,6736,0,27,6.11
738.911932,6732,6736,0,27,6.11
739.011932,6732,6736,0,27,6.11
739.111932,6732,6736,0,27,6.12
739.211932,6732,6736,0,27,6.12
739.311933,6732,6736,0,27,6.12
739.411933,6732,6736,0,27,6.11
739.511932,6732,6736,0,27,6.11
739.611933,6732,6736,0,27,6.11
739.71194,6732,6736,0,27,6.12
739.811934,6732,6736,0,27,6.12
739.911932,6732,6736,0,27,6.12
740.011932,6732,6736,0,27,6.12
740.111932,6732,6736,0,27,6.11
740.211931,6732,6736,0,27,6.11
740.311934,6732,6736,0,27,6.11
740.411932,6732,6736,0,27,6.12
740.511934,6732,6736,0,27,6.12
740.611933,6732,6736,0,27,6.12
740.711932,6732,6736,0,27,6.12
740.811942,6732,6736,0,27,6.12
740.911933,6732,6736,0,27,6.11
741.011933,6732,6736,0,27,6.11
741.111934,6732,6736,0,27,6.11
741.211933,6732,6736,0,27,6.11
741.311933,6732,6736,0,27,6.11
741.411932,6732,6736,0,27,6.11
741.511933,6732,6736,0,27,6.11
741.611933,6732,6736,0,27,6.11
741.711955,6732,6736,0,27,6.11
741.811933,6732,6736,0,27,6.11
741.911974,6732,6736,0,27,6.11
742.011932,6732,6736,0,27,6.11
742.111949,6732,6736,0,27,6.12
742.211932,6732,6736,0,27,6.12
742.311933,6732,6736,0,27,6.12
742.411934,6732,6736,0,27,6.11
742.511934,6732,6736,0,27,6.11
742.611933,6732,6736,0,27,6.11
742.711933,6732,6736,0,27,6.12
742.811933,6732,6736,0,27,6.12
742.911932,6732,6736,0,27,6.11
743.011933,6732,6736,0,27,6.11
743.111932,6732,6736,0,27,6.11
743.211932,6732,6736,0,27,6.11
743.311932,6732,6736,0,27,6.11
743.411934,6732,6736,0,27,6.11
743.511932,6732,6736,0,27,6.11
743.611933,6732,6736,0,27,6.11
743.71194,6732,6736,0,27,6.12
743.811932,6732,6736,0,27,6.12
743.911931,6732,6736,0,27,6.12
744.011932,6732,6736,0,27,6.12
744.111933,6732,6736,0,27,6.1
744.211934,6732,6736,0,27,6.1
744.311932,6732,6736,0,27,6.1
744.411933,6732,6736,0,27,6.11
744.511931,6732,6736,0,27,6.11
744.611933,6732,6736,0,27,6.11
744.711932,6732,6736,0,27,6.11
744.811933,6732,6736,0,27,6.11
744.91193,6732,6736,0,27,6.1
745.011933,6732,6736,0,27,6.1
745.111939,6732,6736,0,27,6.1
745.211936,6732,6736,0,27,6.1
745.311932,6732,6736,0,27,6.1
745.411956,6732,6736,0,27,6.11
745.511932,6732,6736,0,27,6.11
745.611979,6732,6736,0,27,6.11
745.711932,6732,6736,0,27,6.11
745.811984,6732,6736,0,27,6.11
745.911932,6732,6736,0,27,6.11
746.01196,6732,6736,0,27,6.11
746.111933,6732,6736,0,27,6.11
746.21195,6732,6736,0,27,6.11
746.311943,6732,6736,0,27,6.11
746.411932,6732,6736,0,27,6.11
746.511933,6732,6736,0,27,6.11
746.611933,6732,6736,0,27,6.11
746.711934,6732,6736,0,27,6.12
746.811934,6732,6736,0,27,6.12
746.911932,6732,6736,0,27,6.12
747.011931,6732,6736,0,27,6.12
747.111932,6732,6736,0,27,6.12
747.211933,6732,6736,0,27,6.12
747.311932,6732,6736,0,27,6.12
747.411933,6732,6736,0,27,6.11
747.511934,6732,6736,0,27,6.11
747.611934,6732,6736,0,27,6.11
747.711933,6732,6736,0,27,6.11
747.811933,6732,6736,0,27,6.11
747.911934,6732,6736,0,27,6.04
748.011933,6732,6736,0,27,6.04
748.111932,6732,6736,0,27,6.1
748.211932,6732,6736,0,27,6.1
748.311933,6732,6736,0,27,6.1
748.411933,6732,6736,0,27,6.12
748.511932,6732,6736,0,27,6.12
748.611932,6732,6736,0,27,6.12
748.711932,6732,6736,0,27,6.12
748.811933,6732,6736,0,27,6.12
748.911932,6732,6736,0,27,6.12
749.01195,6732,6736,0,27,6.12
749.111933,6732,6736,0,27,6.1
749.211984,6732,6736,0,27,6.1
749.311932,6732,6736,0,27,6.1
749.411949,6732,6736,0,27,6.11
749.511932,6732,6736,0,27,6.11
749.611932,6732,6736,0,27,6.11
749.711931,6732,6736,0,27,6.11
749.811932,6732,6736,0,27,6.11
749.91194,6732,6736,0,27,6.12
750.011932,6732,6736,0,27,6.12
750.111932,6732,6736,0,27,6.11
750.211932,6732,6736,0,27,6.11
750.311939,6732,6736,0,27,6.11
750.411933,6732,6736,0,27,6.11
750.511932,6732,6736,0,27,6.11
750.611932,6732,6736,0,27,6.11
750.711932,6732,6736,0,27,6.12
750.811932,6732,6736,0,27,6.12
750.911933,6732,6736,0,27,6.12
751.011933,6732,6736,0,27,6.12
751.111932,6732,6736,0,27,6.11
751.211933,6732,6736,0,27,6.11
751.311933,6732,6736,0,27,6.11
751.411932,6732,6736,0,27,6.12
751.511932,6732,6736,0,27,6.12
751.611944,6732,6736,0,27,6.12
751.711932,6732,6736,0,27,6.12
751.811982,6732,6736,0,27,6.12
751.911933,6732,6736,0,27,6.11
752.011951,6732,6736,0,27,6.11
752.111933,6732,6736,0,27,6.12
752.211933,6732,6736,0,27,6.12
752.311932,6732,6736,0,27,6.12
752.411933,6732,6736,0,27,6.12
752.511931,6732,6736,0,27,6.12
752.611932,6732,6736,0,27,6.12
752.711932,6732,6736,0,27,6.12
752.811951,6732,6736,0,27,6.12
752.911933,6732,6736,0,27,6.12
753.011932,6732,6736,0,27,6.12
753.111931,6732,6736,0,27,6.12
753.211933,6732,6736,0,27,6.12
753.311932,6732,6736,0,27,6.12
753.411934,6732,6736,0,27,6.11
753.511932,6732,6736,0,27,6.11
753.611933,6732,6736,0,27,6.11
753.711934,6732,6736,0,27,6.11
753.811934,6732,6736,0,27,6.11
753.911942,6732,6736,0,27,6.11
754.011931,6732,6736,0,27,6.11
754.111932,6732,6736,0,27,6.11
754.211932,6732,6736,0,27,6.11
754.311932,6732,6736,0,27,6.11
754.411933,6732,6736,0,27,6.12
754.511932,6732,6736,0,27,6.12
754.611932,6732,6736,0,27,6.12
754.711933,6732,6736,0,27,6.11
754.811933,6732,6736,0,27,6.11
754.911932,6732,6736,0,27,6.11
755.011934,6732,6736,0,27,6.11
755.111932,6732,6736,0,27,6.12
755.211933,6732,6736,0,27,6.12
755.311931,6732,6736,0,27,6.12
755.411932,6732,6736,0,27,6.12
755.511933,6732,6736,0,27,6.12
755.611932,6732,6736,0,27,6.12
755.711952,6732,6736,0,27,6.11
755.811933,6732,6736,0,27,6.11
755.911932,6732,6736,0,27,6.12
756.011933,6732,6736,0,27,6.12
756.111932,6732,6736,0,27,6.12
756.211933,6732,6736,0,27,6.12
756.311957,6732,6736,0,27,6.12
756.411932,6732,6736,0,27,6.12
756.511931,6732,6736,0,27,6.12
756.611932,6732,6736,0,27,6.12
756.711932,6732,6736,0,27,6.12
756.811932,6732,6736,0,27,6.12
756.911933,6732,6736,0,27,6.11
757.011932,6732,6736,0,27,6.11
757.111931,6732,6736,0,27,6.11
757.211933,6732,6736,0,27,6.11
757.311936,6732,6736,0,27,6.11
757.411934,6732,6736,0,27,6.11
757.511933,6732,6736,0,27,6.11
757.61194,6732,6736,0,27,6.11
757.711932,6732,6736,0,27,6.11
757.811933,6732,6736,0,27,6.11
757.911934,6732,6736,0,27,6.12
758.011933,6732,6736,0,27,6.12
758.11195,6732,6736,0,27,6.11
758.211932,6732,6736,0,27,6.11
758.311952,6732,6736,0,27,6.11
758.411933,6732,6736,0,27,6.11
758.511959,6732,6736,0,27,6.11
758.611934,6732,6736,0,27,6.11
758.711949,6732,6736,0,27,6.12
758.811932,6732,6736,0,27,6.12
758.911933,6732,6736,0,27,6.11
759.011934,6732,6736,0,27,6.11
759.111931,6732,6736,0,27,6.12
759.211932,6732,6736,0,27,6.12
759.311932,6732,6736,0,27,6.12
759.411934,6732,6736,0,27,6.1
759.511935,6732,6736,0,27,6.1
759.611932,6732,6736,0,27,6.1
759.711933,6732,6736,0,27,6.12
759.811932,6732,6736,0,27,6.12
759.911933,6732,6736,0,27,6.12
760.011933,6732,6736,0,27,6.12
760.111933,6732,6736,0,27,6.11
760.211934,6732,6736,0,27,6.11
760.311932,6732,6736,0,27,6.11
760.411933,6732,6736,0,27,6.1
760.511932,6732,6736,0,27,6.1
760.611933,6732,6736,0,27,6.1
760.711944,6732,6736,0,27,6.12
760.811932,6732,6736,0,27,6.12
760.91196,6732,6736,0,27,6.1
761.011932,6732,6736,0,27,6.1
761.111932,6732,6736,0,27,6.11
761.211932,6732,6736,0,27,6.11
761.311932,6732,6736,0,27,6.11
761.411932,6732,6736,0,27,6.12
761.511932,6732,6736,0,27,6.12
761.611931,6732,6736,0,27,6.12
761.711932,6732,6736,0,27,6.11
761.81194,6732,6736,0,27,6.11
761.911933,6732,6736,0,27,6.11
762.011933,6732,6736,0,27,6.11
762.111931,6732,6736,0,27,6.11
762.211941,6732,6736,0,27,6.11
762.311931,6732,6736,0,27,6.11
762.411933,6732,6736,0,27,6.12
762.511932,6732,6736,0,27,6.12
762.611932,6732,6736,0,27,6.12
762.711935,6732,6736,0,27,6.11
762.811932,6732,6736,0,27,6.11
762.911932,6732,6736,0,27,6.11
763.011933,6732,6736,0,27,6.11
763.111947,6732,6736,0,27,6.12
763.211941,6732,6736,0,27,6.12
763.311978,6732,6736,0,27,6.12
763.411932,6732,6736,0,27,6.11
763.51198,6732,6736,0,27,6.11
763.611942,6732,6736,0,27,6.11
763.71196,6732,6736,0,27,6.11
763.811933,6732,6736,0,27,6.11
763.911949,6732,6736,0,27,6.11
764.011932,6732,6736,0,27,6.11
764.111933,6732,6736,0,27,6.11
764.211932,6732,6736,0,27,6.11
764.311933,6732,6736,0,27,6.11
764.41194,6732,6736,0,27,6.12
764.511932,6732,6736,0,27,6.12
764.611932,6732,6736,0,27,6.12
764.711931,6732,6736,0,27,6.11
764.811933,6732,6736,0,27,6.11
764.911931,6732,6736,0,27,6.11
765.011932,6732,6736,0,27,6.11
765.11193,6732,6736,0,27,6.11
765.211933,6732,6736,0,27,6.11
765.311931,6732,6736,0,27,6.11
765.411932,6732,6736,0,27,6.11
765.511932,6732,6736,0,27,6.11
765.611933,6732,6736,0,27,6.11
765.711932,6732,6736,0,27,6.11
765.811931,6732,6736,0,27,6.11
765.911932,6732,6736,0,27,6.12
766.011932,6732,6736,0,27,6.12
766.111931,6732,6736,0,27,6.11
766.211931,6732,6736,0,27,6.11
766.311932,6732,6736,0,27,6.11
766.411932,6732,6736,0,27,6.11
766.511932,6732,6736,0,27,6.11
766.611932,6732,6736,0,27,6.11
766.711933,6732,6736,0,27,6.11
766.811933,6732,6736,0,27,6.11
766.911931,6732,6736,0,27,6.11
767.011941,6732,6736,0,27,6.11
767.111931,6732,6736,0,27,6.12
767.211933,6732,6736,0,27,6.12
767.311931,6732,6736,0,27,6.12
767.411933,6732,6736,0,27,6.11
767.511933,6732,6736,0,27,6.11
767.611933,6732,6736,0,27,6.11
767.711932,6732,6736,0,27,6.1
767.811936,6732,6736,0,27,6.1
767.911932,6732,6736,0,27,6.12
768.011932,6732,6736,0,27,6.12
768.111933,6732,6736,0,27,6.1
768.211933,6732,6736,0,27,6.1
768.311932,6732,6736,0,27,6.1
768.411932,6732,6736,0,27,6.12
768.511933,6732,6736,0,27,6.12
768.611933,6732,6736,0,27,6.12
768.711932,6732,6736,0,27,6.11
768.811933,6732,6736,0,27,6.11
768.911931,6732,6736,0,27,6.12
769.011933,6732,6736,0,27,6.12
769.111931,6732,6736,0,27,6.12
769.211932,6732,6736,0,27,6.12
769.311932,6732,6736,0,27,6.12
769.411953,6732,6736,0,27,6.11
769.511931,6732,6736,0,27,6.11
769.61198,6732,6736,0,27,6.11
769.711932,6732,6736,0,27,6.11
769.811953,6732,6736,0,27,6.11
769.911931,6732,6736,0,27,6.12
770.011951,6732,6736,0,27,6.12
770.111931,6732,6736,0,27,6.11
770.211933,6732,6736,0,27,6.11
770.311931,6732,6736,0,27,6.11
770.411932,6732,6736,0,27,6.1
770.511932,6732,6736,0,27,6.1
770.61195,6732,6736,0,27,6.1
770.711931,6732,6736,0,27,6.11
770.811985,6732,6736,0,27,6.11
770.911931,6732,6736,0,27,6.11
771.011948,6732,6736,0,27,6.11
771.111933,6732,6736,0,27,6.11
771.211931,6732,6736,0,27,6.11
771.311931,6732,6736,0,27,6.11
771.411933,6732,6736,0,27,6.12
771.511933,6732,6736,0,27,6.12
771.611932,6732,6736,0,27,6.12
771.711931,6732,6736,0,27,6.12
771.811934,6732,6736,0,27,6.12
771.911932,6732,6736,0,27,6.12
772.011933,6732,6736,0,27,6.12
772.111932,6732,6736,0,27,6.09
772.211932,6732,6736,0,27,6.09
772.311933,6732,6736,0,27,6.09
772.411932,6732,6736,0,27,6.11
772.511933,6732,6736,0,27,6.11
772.611932,6732,6736,0,27,6.11
772.711932,6732,6736,0,27,6.1
772.811932,6732,6736,0,27,6.1
772.911931,6732,6736,0,27,6.11
773.011932,6732,6736,0,27,6.11
773.111931,6732,6736,0,27,6.12
773.211933,6732,6736,0,27,6.12
773.311933,6732,6736,0,27,6.12
773.411933,6732,6736,0,27,6.12
773.511932,6732,6736,0,27,6.12
773.611932,6732,6736,0,27,6.12
773.711933,6732,6736,0,27,6.1
773.811932,6732,6736,0,27,6.1
773.911932,6732,6736,0,27,6.11
774.011932,6732,6736,0,27,6.11
774.111933,6732,6736,0,27,6.11
774.211935,6732,6736,0,27,6.11
774.311932,6732,6736,0,27,6.11
774.411933,6732,6736,0,27,6.12
774.511932,6732,6736,0,27,6.12
774.61194,6732,6736,0,27,6.12
774.711933,6732,6736,0,27,6.11
774.811933,6732,6736,0,27,6.11
774.911938,6732,6736,0,27,6.11
775.011932,6732,6736,0,27,6.11
775.111939,6732,6736,0,27,6.12
775.211933,6732,6736,0,27,6.12
775.311933,6732,6736,0,27,6.12
775.411936,6732,6736,0,27,6.11
775.51195,6732,6736,0,27,6.11
775.61195,6732,6736,0,27,6.11
775.711932,6732,6736,0,27,6.11
775.81195,6732,6736,0,27,6.11
775.911935,6732,6736,0,27,6.12
776.011985,6732,6736,0,27,6.12
776.111932,6732,6736,0,27,6.11
776.211976,6732,6736,0,27,6.11
776.31194,6732,6736,0,27,6.11
776.411952,6732,6736,0,27,6.12
776.511933,6732,6736,0,27,6.12
776.611933,6732,6736,0,27,6.12
776.711938,6732,6736,0,27,6.11
776.811935,6732,6736,0,27,6.11
776.911935,6732,6736,0,27,6.11
777.011958,6732,6736,0,27,6.11
777.111949,6732,6736,0,27,6.11
777.211949,6732,6736,0,27,6.11
777.311948,6732,6736,0,27,6.11
777.411975,6732,6736,0,27,6.11
777.51196,6732,6736,0,27,6.11
777.611949,6732,6736,0,27,6.11
777.711957,6732,6736,0,27,6.11
777.811952,6732,6736,0,27,6.11
777.911948,6732,6736,0,27,6.12
778.011933,6732,6736,0,27,6.12
778.111932,6732,6736,0,27,6.1
778.211933,6732,6736,0,27,6.1
778.311932,6732,6736,0,27,6.1
778.411932,6732,6736,0,27,6.11
778.511933,6732,6736,0,27,6.11
778.611933,6732,6736,0,27,6.11
778.711939,6732,6736,0,27,6.11
778.811932,6732,6736,0,27,6.11
778.911932,6732,6736,0,27,6.12
779.011941,6732,6736,0,27,6.12
779.111978,6732,6736,0,27,6.11
779.211933,6732,6736,0,27,6.11
779.311961,6732,6736,0,27,6.11
779.411941,6732,6736,0,27,6.11
779.511949,6732,6736,0,27,6.11
779.611933,6732,6736,0,27,6.11
779.711934,6732,6736,0,27,6.12
779.811941,6732,6736,0,27,6.12
779.91193,6732,6736,0,27,6.08
780.011933,6732,6736,0,27,6.08
780.111931,6732,6736,0,27,6.12
780.211934,6732,6736,0,27,6.12
780.311935,6732,6736,0,27,6.12
780.411935,6732,6736,0,27,6.12
780.511937,6732,6736,0,27,6.12
780.611934,6732,6736,0,27,6.12
780.711936,6732,6736,0,27,6.12
780.811936,6732,6736,0,27,6.12
780.911937,6732,6736,0,27,6.11
781.011936,6732,6736,0,27,6.11
781.111935,6732,6736,0,27,6.11
781.211937,6732,6736,0,27,6.11
781.311933,6732,6736,0,27,6.11
781.411934,6732,6736,0,27,6.12
781.511935,6732,6736,0,27,6.12
781.611934,6732,6736,0,27,6.12
781.711935,6732,6736,0,27,6.11
781.811935,6732,6736,0,27,6.11
781.911933,6732,6736,0,27,6.12
782.011935,6732,6736,0,27,6.12
782.111934,6732,6736,0,27,6.11
782.211942,6732,6736,0,27,6.11
782.311934,6732,6736,0,27,6.11
782.411935,6732,6736,0,27,6.12
782.511941,6732,6736,0,27,6.12
782.611943,6732,6736,0,27,6.12
782.711934,6732,6736,0,27,6.12
782.811935,6732,6736,0,27,6.12
782.911944,6732,6736,0,27,6.12
783.011934,6732,6736,0,27,6.12
783.111983,6732,6736,0,27,6.12
783.211935,6732,6736,0,27,6.12
783.311976,6732,6736,0,27,6.12
783.411934,6732,6736,0,27,6.11
783.511933,6732,6736,0,27,6.11
783.611936,6732,6736,0,27,6.11
783.711934,6732,6736,0,27,6.12
783.811934,6732,6736,0,27,6.12
783.911935,6732,6736,0,27,6.12
784.011934,6732,6736,0,27,6.12
784.111953,6732,6736,0,27,6.11
784.211942,6732,6736,0,27,6.11
784.311939,6732,6736,0,27,6.11
784.411935,6732,6736,0,27,6.12
784.511935,6732,6736,0,27,6.12
784.611934,6732,6736,0,27,6.12
784.711934,6732,6736,0,27,6.11
784.811936,6732,6736,0,27,6.11
784.911935,6732,6736,0,27,6.12
785.011943,6732,6736,0,27,6.12
785.111934,6732,6736,0,27,6.12
785.211935,6732,6736,0,27,6.12
785.311934,6732,6736,0,27,6.12
785.411935,6732,6736,0,27,6.12
785.511934,6732,6736,0,27,6.12
785.611934,6732,6736,0,27,6.12
785.711933,6732,6736,0,27,6.11
785.811934,6732,6736,0,27,6.11
785.911935,6732,6736,0,27,6.11
786.011936,6732,6736,0,27,6.11
786.111934,6732,6736,0,27,6.11
786.211933,6732,6736,0,27,6.11
786.311933,6732,6736,0,27,6.11
786.411935,6732,6736,0,27,6.12
786.511933,6732,6736,0,27,6.12
786.611933,6732,6736,0,27,6.12
786.711934,6732,6736,0,27,6.11
786.811934,6732,6736,0,27,6.11
786.91194,6732,6736,0,27,6.12
787.011934,6732,6736,0,27,6.12
787.111934,6732,6736,0,27,6.12
787.211933,6732,6736,0,27,6.12
787.311935,6732,6736,0,27,6.12
787.411919,6732,6736,0,27,6.11
787.511956,6732,6736,0,27,6.11
787.611919,6732,6736,0,27,6.11
787.711936,6732,6736,0,27,6.11
787.811926,6732,6736,0,27,6.11
787.911918,6732,6736,0,27,6.12
788.01192,6732,6736,0,27,6.12
788.111918,6732,6736,0,27,6.11
788.211919,6732,6736,0,27,6.11
788.311918,6732,6736,0,27,6.11
788.41192,6732,6736,0,27,6.11
788.511926,6732,6736,0,27,6.11
788.611922,6732,6736,0,27,6.11
788.711919,6732,6736,0,27,6.12
788.811948,6732,6736,0,27,6.12
788.911919,6732,6736,0,27,6.12
789.011935,6732,6736,0,27,6.12
789.111919,6732,6736,0,27,6.12
789.211919,6732,6736,0,27,6.12
789.311919,6732,6736,0,27,6.12
789.41192,6732,6736,0,27,6.11
789.511918,6732,6736,0,27,6.11
789.61192,6732,6736,0,27,6.11
789.711927,6732,6736,0,27,6.11
789.81192,6732,6736,0,27,6.11
789.911919,6732,6736,0,27,6.11
790.01192,6732,6736,0,27,6.11
790.111919,6732,6736,0,27,6.11
790.211919,6732,6736,0,27,6.11
790.311918,6732,6736,0,27,6.11
790.411919,6732,6736,0,27,6.11
790.51192,6732,6736,0,27,6.11
790.611918,6732,6736,0,27,6.11
790.711918,6732,6736,0,27,6.12
790.81192,6732,6736,0,27,6.12
790.911919,6732,6736,0,27,6.12
791.01192,6732,6736,0,27,6.12
791.111919,6732,6736,0,27,6.11
791.21192,6732,6736,0,27,6.11
791.311919,6732,6736,0,27,6.11
791.411919,6732,6736,0,27,6.11
791.511918,6732,6736,0,27,6.11
791.61192,6732,6736,0,27,6.11
791.711919,6732,6736,0,27,6.11
791.811921,6732,6736,0,27,6.11
791.911918,6732,6736,0,27,6.12
792.01192,6732,6736,0,27,6.12
792.111919,6732,6736,0,27,6.11
792.211919,6732,6736,0,27,6.11
792.311919,6732,6736,0,27,6.11
792.41192,6732,6736,0,27,6.11
792.51192,6732,6736,0,27,6.11
792.61192,6732,6736,0,27,6.11
792.711926,6732,6736,0,27,6.11
792.81192,6732,6736,0,27,6.11
792.911919,6732,6736,0,27,6.12
793.011921,6732,6736,0,27,6.12
793.111918,6732,6736,0,27,6.11
793.211919,6732,6736,0,27,6.11
793.311921,6732,6736,0,27,6.11
793.411919,6732,6736,0,27,6.12
793.51192,6732,6736,0,27,6.12
793.611919,6732,6736,0,27,6.12
793.711919,6732,6736,0,27,6.11
793.811918,6732,6736,0,27,6.11
793.911919,6732,6736,0,27,6.09
794.011919,6732,6736,0,27,6.09
794.111917,6732,6736,0,27,6.1
794.211919,6732,6736,0,27,6.1
794.311917,6732,6736,0,27,6.1
794.411919,6732,6736,0,27,6.11
794.511918,6732,6736,0,27,6.11
794.611919,6732,6736,0,27,6.11
794.711918,6732,6736,0,27,6.11
794.811935,6732,6736,0,27,6.11
794.911918,6732,6736,0,27,6.11
795.011951,6732,6736,0,27,6.11
795.111917,6732,6736,0,27,6.11
795.211936,6732,6736,0,27,6.11
795.311917,6732,6736,0,27,6.11
795.411936,6732,6736,0,27,6.11
795.511918,6732,6736,0,27,6.11
795.611926,6732,6736,0,27,6.11
795.711919,6732,6736,0,27,6.11
795.81192,6732,6736,0,27,6.11
795.911918,6732,6736,0,27,6.12
796.011917,6732,6736,0,27,6.12
796.111917,6732,6736,0,27,6.11
796.211919,6732,6736,0,27,6.11
796.311918,6732,6736,0,27,6.11
796.411919,6732,6736,0,27,6.11
796.511917,6732,6736,0,27,6.11
796.61192,6732,6736,0,27,6.11
796.711917,6732,6736,0,27,6.11
796.811919,6732,6736,0,27,6.11
796.911921,6732,6736,0,27,6.12
797.01192,6732,6736,0,27,6.12
797.111919,6732,6736,0,27,6.12
797.211919,6732,6736,0,27,6.12
797.31192,6732,6736,0,27,6.12
797.411918,6732,6736,0,27,6.12
797.511936,6732,6736,0,27,6.12
797.611919,6732,6736,0,27,6.12
797.711955,6732,6736,0,27,6.12
797.811918,6732,6736,0,27,6.12
797.911945,6732,6736,0,27,6.11
798.011919,6732,6736,0,27,6.11
798.111919,6732,6736,0,27,6.12
798.211919,6732,6736,0,27,6.12
798.31193,6732,6736,0,27,6.12
798.41192,6732,6736,0,27,6.11
798.511919,6732,6736,0,27,6.11
798.61192,6732,6736,0,27,6.11
798.711918,6732,6736,0,27,6.11
798.811919,6732,6736,0,27,6.11
798.911919,6732,6736,0,27,6.12
799.011919,6732,6736,0,27,6.12
799.111919,6732,6736,0,27,6.11
799.21192,6732,6736,0,27,6.11
799.311918,6732,6736,0,27,6.11
799.411918,6732,6736,0,27,6.12
799.511919,6732,6736,0,27,6.12
799.611921,6732,6736,0,27,6.12
799.711919,6732,6736,0,27,6.11
799.811953,6732,6736,0,27,6.11
799.911918,6732,6736,0,27,6.11
800.011951,6732,6736,0,27,6.11
800.111918,6732,6736,0,27,6.11
800.211937,6732,6736,0,27,6.11
800.311917,6732,6736,0,27,6.11
800.411918,6732,6736,0,27,6.12
800.511917,6732,6736,0,27,6.12
800.611927,6732,6736,0,27,6.12
800.711919,6732,6736,0,27,6.11
800.811917,6732,6736,0,27,6.11
800.911918,6732,6736,0,27,6.11
801.011919,6732,6736,0,27,6.11
801.111918,6732,6736,0,27,6.11
801.21192,6732,6736,0,27,6.11
801.311937,6732,6736,0,27,6.11
801.411919,6732,6736,0,27,6.11
801.511918,6732,6736,0,27,6.11
801.611919,6732,6736,0,27,6.11
801.711918,6732,6736,0,27,6.12
801.811928,6732,6736,0,27,6.12
801.911916,6732,6736,0,27,6.12
802.01192,6732,6736,0,27,6.12
802.11192,6732,6736,0,27,6.11
802.211919,6732,6736,0,27,6.11
802.311926,6732,6736,0,27,6.11
802.411921,6732,6736,0,27,6.1
802.511924,6732,6736,0,27,6.1
802.611919,6732,6736,0,27,6.1
802.711918,6732,6736,0,27,6.12
802.811923,6732,6736,0,27,6.12
802.911918,6732,6736,0,27,6.11
803.011922,6732,6736,0,27,6.11
803.111918,6732,6736,0,27,6.11
803.211919,6732,6736,0,27,6.11
803.311919,6732,6736,0,27,6.11
803.411917,6732,6736,0,27,6.11
803.511918,6732,6736,0,27,6.11
803.611923,6732,6736,0,27,6.11
803.711919,6732,6736,0,27,6.11
803.811927,6732,6736,0,27,6.11
803.911919,6732,6736,0,27,6.11
804.011918,6732,6736,0,27,6.11
804.111917,6732,6736,0,27,6.11
804.211919,6732,6736,0,27,6.11
804.311918,6732,6736,0,27,6.11
804.411918,6732,6736,0,27,6.1
804.511918,6732,6736,0,27,6.1
804.611931,6732,6736,0,27,6.1
804.711918,6732,6736,0,27,6.11
804.811926,6732,6736,0,27,6.11
804.911919,6732,6736,0,27,6.11
805.011919,6732,6736,0,27,6.11
805.111918,6732,6736,0,27,6.11
805.21192,6732,6736,0,27,6.11
805.311921,6732,6736,0,27,6.11
805.41192,6732,6736,0,27,6.11
805.511918,6732,6736,0,27,6.11
805.611939,6732,6736,0,27,6.11
805.711918,6732,6736,0,27,6.12
805.811926,6732,6736,0,27,6.12
805.91192,6732,6736,0,27,6.11
806.011919,6732,6736,0,27,6.11
806.111918,6732,6736,0,27,6.11
806.211921,6732,6736,0,27,6.11
806.311918,6732,6736,0,27,6.11
806.411921,6732,6736,0,27,6.12
806.511927,6732,6736,0,27,6.12
806.61193,6732,6736,0,27,6.12
806.711921,6732,6736,0,27,6.1
806.811927,6732,6736,0,27,6.1
806.911919,6732,6736,0,27,6.11
807.011919,6732,6736,0,27,6.11
807.11192,6732,6736,0,27,6.11
807.211936,6732,6736,0,27,6.11
807.311941,6732,6736,0,27,6.11
807.411948,6732,6736,0,27,6.11
807.511948,6732,6736,0,27,6.11
807.611935,6732,6736,0,27,6.11
807.711937,6732,6736,0,27,6.12
807.811919,6732,6736,0,27,6.12
807.911917,6732,6736,0,27,6.12
808.011918,6732,6736,0,27,6.12
808.111917,6732,6736,0,27,6.11
808.211919,6732,6736,0,27,6.11
808.311919,6732,6736,0,27,6.11
808.41192,6732,6736,0,27,6.12
808.511919,6732,6736,0,27,6.12
808.611919,6732,6736,0,27,6.12
808.711919,6732,6736,0,27,6.12
808.811919,6732,6736,0,27,6.12
808.911918,6732,6736,0,27,6.11
809.011918,6732,6736,0,27,6.11
809.111916,6732,6736,0,27,6.1
809.211918,6732,6736,0,27,6.1
809.311919,6732,6736,0,27,6.1
809.411929,6732,6736,0,27,6.12
809.511918,6732,6736,0,27,6.12
809.611919,6732,6736,0,27,6.12
809.711918,6732,6736,0,27,6.12
809.811926,6732,6736,0,27,6.12
809.911918,6732,6736,0,27,6.11
810.011918,6732,6736,0,27,6.11
810.111927,6732,6736,0,27,6.1
810.211919,6732,6736,0,27,6.1
810.311919,6732,6736,0,27,6.1
810.411918,6732,6736,0,27,6.11
810.51192,6732,6736,0,27,6.11
810.611919,6732,6736,0,27,6.11
810.711919,6732,6736,0,27,6.11
810.811918,6732,6736,0,27,6.11
810.911918,6732,6736,0,27,6.1
811.011918,6732,6736,0,27,6.1
811.11192,6732,6736,0,27,6.11
811.211918,6732,6736,0,27,6.11
811.311933,6732,6736,0,27,6.11
811.411918,6732,6736,0,27,6.11
811.511936,6732,6736,0,27,6.11
811.61192,6732,6736,0,27,6.11
811.711958,6732,6736,0,27,6.12
811.811919,6732,6736,0,27,6.12
811.911954,6732,6736,0,27,6.11
812.01192,6732,6736,0,27,6.11
812.111919,6732,6736,0,27,6.11
812.211919,6732,6736,0,27,6.11
812.311925,6732,6736,0,27,6.11
812.411919,6732,6736,0,27,6.12
812.511925,6732,6736,0,27,6.12
812.611919,6732,6736,0,27,6.12
812.711925,6732,6736,0,27,6.11
812.811919,6732,6736,0,27,6.11
812.911918,6732,6736,0,27,6.11
813.011918,6732,6736,0,27,6.11
813.111918,6732,6736,0,27,6.11
813.211917,6732,6736,0,27,6.11
813.311927,6732,6736,0,27,6.11
813.411944,6732,6736,0,27,6.12
813.511918,6732,6736,0,27,6.12
813.611918,6732,6736,0,27,6.12
813.711918,6732,6736,0,27,6.12
813.811919,6732,6736,0,27,6.12
813.911918,6732,6736,0,27,6.11
814.011918,6732,6736,0,27,6.11
814.111918,6732,6736,0,27,6.12
814.211919,6732,6736,0,27,6.12
814.311926,6732,6736,0,27,6.12
814.411918,6732,6736,0,27,6.11
814.511918,6732,6736,0,27,6.11
814.611938,6732,6736,0,27,6.11
814.711918,6732,6736,0,27,6.12
814.811927,6732,6736,0,27,6.12
814.911918,6732,6736,0,27,6.1
815.01192,6732,6736,0,27,6.1
815.111919,6732,6736,0,27,6.11
815.21192,6732,6736,0,27,6.11
815.311919,6732,6736,0,27,6.11
815.411918,6732,6736,0,27,6.1
815.511926,6732,6736,0,27,6.1
815.611919,6732,6736,0,27,6.1
815.71192,6732,6736,0,27,6.11
815.811919,6732,6736,0,27,6.11
815.911919,6732,6736,0,27,6.12
816.01192,6732,6736,0,26,6.12
816.11192,6732,6736,0,26,6.11
816.211919,6732,6736,0,26,6.11
816.311918,6732,6736,0,26,6.11
816.41193,6732,6736,0,26,6.11
816.511935,6732,6736,0,26,6.11
816.61192,6732,6736,0,26,6.11
816.711974,6732,6736,0,26,6.11
816.811921,6732,6736,0,26,6.11
816.911947,6732,6736,0,26,6.11
817.011919,6732,6736,0,26,6.11
817.111919,6732,6736,0,26,6.12
817.211918,6732,6736,0,26,6.12
817.311916,6732,6736,0,26,6.12
817.411919,6732,6736,0,26,6.11
817.511918,6732,6736,0,26,6.11
817.611918,6732,6736,0,26,6.11
817.711918,6732,6736,0,26,6.11
817.811918,6732,6736,0,26,6.11
817.911918,6732,6736,0,26,6.12
818.011926,6732,6736,0,26,6.12
818.111918,6732,6736,0,26,6.1
818.211928,6732,6736,0,26,6.1
818.311919,6732,6736,0,26,6.1
818.411928,6732,6736,0,26,6.12
818.511918,6732,6736,0,26,6.12
818.61192,6732,6736,0,26,6.12
818.711919,6732,6736,0,26,6.11
818.811919,6732,6736,0,26,6.11
818.911918,6732,6736,0,26,6.11
819.011923,6732,6736,0,26,6.11
819.111926,6732,6736,0,26,6.12
819.211937,6732,6736,0,26,6.12
819.311919,6732,6736,0,26,6.12
819.411952,6732,6736,0,26,6.12
819.511918,6732,6736,0,26,6.12
819.611958,6732,6736,0,26,6.12
819.711918,6732,6736,0,26,6.11
819.811937,6732,6736,0,26,6.11
819.911918,6732,6736,0,26,6.11
820.011925,6732,6736,0,26,6.11
820.111928,6732,6736,0,26,6.12
820.211926,6732,6736,0,26,6.12
820.311936,6732,6736,0,26,6.12
820.411937,6732,6736,0,26,6.11
820.511935,6732,6736,0,26,6.11
820.611935,6732,6736,0,26,6.11
820.711934,6732,6736,0,26,6.11
820.811936,6732,6736,0,26,6.11
820.911934,6732,6736,0,26,6.12
821.011927,6732,6736,0,26,6.12
821.111918,6732,6736,0,26,6.12
821.211919,6732,6736,0,26,6.12
821.311919,6732,6736,0,26,6.12
821.411919,6732,6736,0,26,6.12
821.511927,6732,6736,0,26,6.12
821.61192,6732,6736,0,26,6.12
821.711918,6732,6736,0,26,6.1
821.811919,6732,6736,0,26,6.1
821.911917,6732,6736,0,26,6.11
822.01192,6732,6736,0,26,6.11
822.111918,6732,6736,0,26,6.11
822.21192,6732,6736,0,26,6.11
822.311919,6732,6736,0,26,6.11
822.411919,6732,6736,0,26,6.12
822.511918,6732,6736,0,26,6.12
822.61192,6732,6736,0,26,6.12
822.711917,6732,6736,0,26,6.11
822.811928,6732,6736,0,26,6.11
822.911919,6732,6736,0,26,6.11
823.011921,6732,6736,0,26,6.11
823.111926,6732,6736,0,26,6.11
823.21192,6732,6736,0,26,6.11
823.311919,6732,6736,0,26,6.11
823.411941,6732,6736,0,26,6.11
823.511918,6732,6736,0,26,6.11
823.611955,6732,6736,0,26,6.11
823.711918,6732,6736,0,26,6.11
823.811943,6732,6736,0,26,6.11
823.911918,6732,6736,0,26,6.09
824.011917,6732,6736,0,26,6.09
824.111918,6732,6736,0,26,6.11
824.211918,6732,6736,0,26,6.11
824.311919,6732,6736,0,26,6.11
824.41192,6732,6736,0,26,6.12
824.511917,6732,6736,0,26,6.12
824.611917,6732,6736,0,26,6.12
824.711918,6732,6736,0,26,6.11
824.811919,6732,6736,0,26,6.11
824.911918,6732,6736,0,26,6.11
825.011918,6732,6736,0,26,6.11
825.111917,6732,6736,0,26,6.12
825.211919,6732,6736,0,26,6.12
825.311918,6732,6736,0,26,6.12
825.411918,6732,6736,0,26,6.11
825.511919,6732,6736,0,26,6.11
825.611918,6732,6736,0,26,6.11
825.711926,6732,6736,0,26,6.1
825.81192,6732,6736,0,26,6.1
825.911917,6732,6736,0,26,6.11
826.011935,6732,6736,0,26,6.11
826.111918,6732,6736,0,26,6.12
826.211939,6732,6736,0,26,6.12
826.311917,6732,6736,0,26,6.12
826.411936,6732,6736,0,26,6.11
826.51192,6732,6736,0,26,6.11
826.611918,6732,6736,0,26,6.11
826.711918,6732,6736,0,26,6.11
826.811918,6732,6736,0,26,6.11
826.911919,6732,6736,0,26,6.11
827.01192,6732,6736,0,26,6.11
827.111919,6732,6736,0,26,6.11
827.211919,6732,6736,0,26,6.11
827.311919,6732,6736,0,26,6.11
827.41192,6732,6736,0,26,6.11
827.51192,6732,6736,0,26,6.11
827.611919,6732,6736,0,26,6.11
827.711917,6732,6736,0,26,6.12
827.81192,6732,6736,0,26,6.12
827.911926,6732,6736,0,26,6.11
828.011917,6732,6736,0,26,6.11
828.111918,6732,6736,0,26,6.11
828.211918,6732,6736,0,26,6.11
828.311918,6732,6736,0,26,6.11
828.411919,6732,6736,0,26,6.11
828.511925,6732,6736,0,26,6.11
828.611918,6732,6736,0,26,6.11
828.711918,6732,6736,0,26,6.11
828.811918,6732,6736,0,26,6.11
828.911918,6732,6736,0,26,6.12
829.011917,6732,6736,0,26,6.12
829.111918,6732,6736,0,26,6.12
829.211919,6732,6736,0,26,6.12
829.311917,6732,6736,0,26,6.12
829.411917,6732,6736,0,26,6.11
829.511919,6732,6736,0,26,6.11
829.611918,6732,6736,0,26,6.11
829.711919,6732,6736,0,26,6.12
829.811918,6732,6736,0,26,6.12
829.911926,6732,6736,0,26,6.11
830.011919,6732,6736,0,26,6.11
830.111918,6732,6736,0,26,6.12
830.211918,6732,6736,0,26,6.12
830.311918,6732,6736,0,26,6.12
830.411918,6732,6736,0,26,6.11
830.511927,6732,6736,0,26,6.11
830.611918,6732,6736,0,26,6.11
830.711959,6732,6736,0,26,6.11
830.81192,6732,6736,0,26,6.11
830.911943,6732,6736,0,26,6.12
831.01192,6732,6736,0,26,6.12
831.111918,6732,6736,0,26,6.11
831.211919,6732,6736,0,26,6.11
831.311918,6732,6736,0,26,6.11
831.411919,6732,6736,0,26,6.11
831.511917,6732,6736,0,26,6.11
831.61192,6732,6736,0,26,6.11
831.711919,6732,6736,0,26,6.11
831.811917,6732,6736,0,26,6.11
831.911917,6732,6736,0,26,6.11
832.01192,6732,6736,0,26,6.11
832.111919,6732,6736,0,26,6.11
832.211926,6732,6736,0,26,6.11
832.311931,6732,6736,0,26,6.11
832.411919,6732,6736,0,26,6.12
832.511918,6732,6736,0,26,6.12
832.611918,6732,6736,0,26,6.12
832.711918,6732,6736,0,26,6.1
832.81192,6732,6736,0,26,6.1
832.911926,6732,6736,0,26,6.11
833.011918,6732,6736,0,26,6.11
833.111917,6732,6736,0,26,6.12
833.211919,6732,6736,0,26,6.12
833.311918,6732,6736,0,26,6.12
833.411917,6732,6736,0,26,6.11
833.511918,6732,6736,0,26,6.11
833.611918,6732,6736,0,26,6.11
833.711918,6732,6736,0,26,6.11
833.811919,6732,6736,0,26,6.11
833.911926,6732,6736,0,26,6.11
834.011928,6732,6736,0,26,6.11
834.111916,6732,6736,0,26,6.11
834.211924,6732,6736,0,26,6.11
834.311917,6732,6736,0,26,6.11
834.411919,6732,6736,0,26,6.11
834.511919,6732,6736,0,26,6.11
834.611918,6732,6736,0,26,6.11
834.711918,6732,6736,0,26,6.11
834.811918,6732,6736,0,26,6.11
834.911925,6732,6736,0,26,6.12
835.011924,6732,6736,0,26,6.12
835.111917,6732,6736,0,26,6.11
835.211919,6732,6736,0,26,6.11
835.311918,6732,6736,0,26,6.11
835.411917,6732,6736,0,26,6.11
835.511918,6732,6736,0,26,6.11
835.611918,6732,6736,0,26,6.11
835.71192,6732,6736,0,26,6.12
835.811917,6732,6736,0,26,6.12
835.911952,6732,6736,0,26,6.11
836.011918,6732,6736,0,26,6.11
836.111946,6732,6736,0,26,6.12
836.211918,6732,6736,0,26,6.12
836.311949,6732,6736,0,26,6.12
836.411919,6732,6736,0,26,6.12
836.511947,6732,6736,0,26,6.12
836.611917,6732,6736,0,26,6.12
836.71194,6732,6736,0,26,6.12
836.811917,6732,6736,0,26,6.12
836.911916,6732,6736,0,26,6.12
837.011918,6732,6736,0,26,6.12
837.111916,6732,6736,0,26,6.12
837.211918,6732,6736,0,26,6.12
837.311919,6732,6736,0,26,6.12
837.411918,6732,6736,0,26,6.12
837.511936,6732,6736,0,26,6.12
837.611918,6732,6736,0,26,6.12
837.711916,6732,6736,0,26,6.11
837.811919,6732,6736,0,26,6.11
837.911917,6732,6736,0,26,6.1
838.011927,6732,6736,0,26,6.1
838.111918,6732,6736,0,26,6.11
838.211918,6732,6736,0,26,6.11
838.311918,6732,6736,0,26,6.11
838.411916,6732,6736,0,26,6.11
838.51192,6732,6736,0,26,6.11
838.611919,6732,6736,0,26,6.11
838.71192,6732,6736,0,26,6.11
838.81192,6732,6736,0,26,6.11
838.91192,6732,6736,0,26,6.12
839.01192,6732,6736,0,26,6.12
839.111921,6732,6736,0,26,6.1
839.21192,6732,6736,0,26,6.1
839.311918,6732,6736,0,26,6.1
839.411919,6732,6736,0,26,6.12
839.511917,6732,6736,0,26,6.12
839.61192,6732,6736,0,26,6.12
839.711918,6732,6736,0,26,6.11
839.811918,6732,6736,0,26,6.11
839.911918,6732,6736,0,26,6.12
840.011926,6732,6736,0,26,6.12
840.111919,6732,6736,0,26,6.11
840.211926,6732,6736,0,26,6.11
840.311918,6732,6736,0,26,6.11
840.411918,6732,6736,0,26,6.11
840.511919,6732,6736,0,26,6.11
840.611919,6732,6736,0,26,6.11
840.711926,6732,6736,0,26,6.12
840.811917,6732,6736,0,26,6.12
840.911918,6732,6736,0,26,6.12
841.011917,6732,6736,0,26,6.12
841.111926,6732,6736,0,26,6.12
841.211917,6732,6736,0,26,6.12
841.311925,6732,6736,0,26,6.12
841.41192,6732,6736,0,26,6.12
841.511917,6732,6736,0,26,6.12
841.611918,6732,6736,0,26,6.12
841.711917,6732,6736,0,26,6.11
841.811927,6732,6736,0,26,6.11
841.911918,6732,6736,0,26,6.12
842.011919,6732,6736,0,26,6.12
842.11192,6732,6736,0,26,6.12
842.211919,6732,6736,0,26,6.12
842.311917,6732,6736,0,26,6.12
842.411919,6732,6736,0,26,6.11
842.511926,6732,6736,0,26,6.11
842.611926,6732,6736,0,26,6.11
842.711919,6732,6736,0,26,6.11
842.811952,6732,6736,0,26,6.11
842.911919,6732,6736,0,26,6.12
843.011936,6732,6736,0,26,6.12
843.111918,6732,6736,0,26,6.11
843.211918,6732,6736,0,26,6.11
843.311918,6732,6736,0,26,6.11
843.411918,6732,6736,0,26,6.11
843.511916,6732,6736,0,26,6.11
843.611918,6732,6736,0,26,6.11
843.711917,6732,6736,0,26,6.11
843.811917,6732,6736,0,26,6.11
843.911919,6732,6736,0,26,6.12
844.011919,6732,6736,0,26,6.12
844.111919,6732,6736,0,26,6.11
844.211922,6732,6736,0,26,6.11
844.311917,6732,6736,0,26,6.11
844.411918,6732,6736,0,26,6.11
844.511917,6732,6736,0,26,6.11
844.611916,6732,6736,0,26,6.11
844.711918,6732,6736,0,26,6.11
844.81192,6732,6736,0,26,6.11
844.911918,6732,6736,0,26,6.11
845.01192,6732,6736,0,26,6.11
845.111918,6732,6736,0,26,6.11
845.211919,6732,6736,0,26,6.11
845.311917,6732,6736,0,26,6.11
845.411921,6732,6736,0,26,6.11
845.511917,6732,6736,0,26,6.11
845.611919,6732,6736,0,26,6.11
845.711919,6732,6736,0,26,6.11
845.811927,6732,6736,0,26,6.11
845.911918,6732,6736,0,26,6.11
846.011952,6732,6736,0,26,6.11
846.111918,6732,6736,0,26,6.12
846.211947,6732,6736,0,26,6.12
846.311917,6732,6736,0,26,6.12
846.411921,6732,6736,0,26,6.11
846.511917,6732,6736,0,26,6.11
846.611938,6732,6736,0,26,6.11
846.711918,6732,6736,0,26,6.12
846.811918,6732,6736,0,26,6.12
846.911918,6732,6736,0,26,6.11
847.011919,6732,6736,0,26,6.11
847.111918,6732,6736,0,26,6.11
847.211921,6732,6736,0,26,6.11
847.311918,6732,6736,0,26,6.11
847.411919,6732,6736,0,26,6.11
847.511918,6732,6736,0,26,6.11
847.611918,6732,6736,0,26,6.11
847.711917,6732,6736,0,26,6.12
847.811919,6732,6736,0,26,6.12
847.911918,6732,6736,0,26,6.11
848.01192,6732,6736,0,26,6.11
848.111918,6732,6736,0,26,6.12
848.211926,6732,6736,0,26,6.12
848.311918,6732,6736,0,26,6.12
848.411918,6732,6736,0,26,6.11
848.511919,6732,6736,0,26,6.11
848.611917,6732,6736,0,26,6.11
848.711916,6732,6736,0,26,6.11
848.811936,6732,6736,0,26,6.11
848.911926,6732,6736,0,26,6.12
849.011949,6732,6736,0,26,6.12
849.111918,6732,6736,0,26,6.1
849.211937,6732,6736,0,26,6.1
849.311919,6732,6736,0,26,6.1
849.411918,6732,6736,0,26,6.11
849.511918,6732,6736,0,26,6.11
849.611919,6732,6736,0,26,6.11
849.711917,6732,6736,0,26,6.12
849.81192,6732,6736,0,26,6.12
849.911917,6732,6736,0,26,6.11
850.011917,6732,6736,0,26,6.11
850.111919,6732,6736,0,26,6.11
850.21192,6732,6736,0,26,6.11
850.311918,6732,6736,0,26,6.11
850.411919,6732,6736,0,26,6.12
850.511918,6732,6736,0,26,6.12
850.611919,6732,6736,0,26,6.12
850.711919,6732,6736,0,26,6.11
850.811926,6732,6736,0,26,6.11
850.911919,6732,6736,0,26,6.11
851.011918,6732,6736,0,26,6.11
851.111919,6732,6736,0,26,6.12
851.211918,6732,6736,0,26,6.12
851.311924,6732,6736,0,26,6.12
851.411919,6732,6736,0,26,6.11
851.511917,6732,6736,0,26,6.11
851.611919,6732,6736,0,26,6.11
851.711917,6732,6736,0,26,6.11
851.811918,6732,6736,0,26,6.11
851.911919,6732,6736,0,26,6.11
852.011918,6732,6736,0,26,6.11
852.111919,6732,6736,0,26,6.11
852.21192,6732,6736,0,26,6.11
852.31192,6732,6736,0,26,6.11
852.411918,6732,6736,0,26,6.11
852.511921,6732,6736,0,26,6.11
852.611918,6732,6736,0,26,6.11
852.711919,6732,6736,0,26,6.12
852.811919,6732,6736,0,26,6.12
852.911989,6732,6736,0,26,6.11
853.011925,6732,6736,0,26,6.11
853.111936,6732,6736,0,26,6.12
853.211928,6732,6736,0,26,6.12
853.311917,6732,6736,0,26,6.12
853.41192,6732,6736,0,26,6.11
853.511918,6732,6736,0,26,6.11
853.611918,6732,6736,0,26,6.11
853.711921,6732,6736,0,26,6.11
853.811921,6732,6736,0,26,6.11
853.911917,6732,6736,0,26,6.11
854.01192,6732,6736,0,26,6.11
854.111919,6732,6736,0,26,6.12
854.211919,6732,6736,0,26,6.12
854.311917,6732,6736,0,26,6.12
854.411919,6732,6736,0,26,6.11
854.511917,6732,6736,0,26,6.11
854.61192,6732,6736,0,26,6.11
854.711918,6732,6736,0,26,6.11
854.811918,6732,6736,0,26,6.11
854.911918,6732,6736,0,26,6.11
855.011918,6732,6736,0,26,6.11
855.111917,6732,6736,0,26,6.12
855.211919,6732,6736,0,26,6.12
855.311925,6732,6736,0,26,6.12
855.411918,6732,6736,0,26,6.11
855.511945,6732,6736,0,26,6.11
855.611918,6732,6736,0,26,6.11
855.711925,6732,6736,0,26,6.12
855.811921,6732,6736,0,26,6.12
855.911918,6732,6736,0,26,6.11
856.011919,6732,6736,0,26,6.11
856.111917,6732,6736,0,26,6.11
856.211918,6732,6736,0,26,6.11
856.311917,6732,6736,0,26,6.11
856.411918,6732,6736,0,26,6.11
856.511917,6732,6736,0,26,6.11
856.611917,6732,6736,0,26,6.11
856.711916,6732,6736,0,26,6.12
856.811918,6732,6736,0,26,6.12
856.911917,6732,6736,0,26,6.11
857.011918,6732,6736,0,26,6.11
857.111917,6732,6736,0,26,6.11
857.211918,6732,6736,0,26,6.11
857.311917,6732,6736,0,26,6.11
857.411918,6732,6736,0,26,6.12
857.511917,6732,6736,0,26,6.12
857.611918,6732,6736,0,26,6.12
857.711918,6732,6736,0,26,6.11
857.81192,6732,6736,0,26,6.11
857.911919,6732,6736,0,26,6.11
858.011919,6732,6736,0,26,6.11
858.111917,6732,6736,0,26,6.11
858.211926,6732,6736,0,26,6.11
858.311917,6732,6736,0,26,6.11
858.411918,6732,6736,0,26,6.11
858.511918,6732,6736,0,26,6.11
858.611917,6732,6736,0,26,6.11
858.711918,6732,6736,0,26,6.11
858.811926,6732,6736,0,26,6.11
858.911919,6732,6736,0,26,6.12
859.011918,6732,6736,0,26,6.12
859.111926,6732,6736,0,26,6.11
859.211919,6732,6736,0,26,6.11
859.311917,6732,6736,0,26,6.11
859.411918,6732,6736,0,26,6.12
859.511916,6732,6736,0,26,6.12
859.611919,6732,6736,0,26,6.12
859.711918,6732,6736,0,26,6.11
859.811918,6732,6736,0,26,6.11
859.911918,6732,6736,0,26,6.11
860.011919,6732,6736,0,26,6.11
860.111919,6732,6736,0,26,6.12
860.211919,6732,6736,0,26,6.12
860.311919,6732,6736,0,26,6.12
860.411918,6732,6736,0,26,6.11
860.51194,6732,6736,0,26,6.11
860.611918,6732,6736,0,26,6.11
860.711947,6732,6736,0,26,6.12
860.811918,6732,6736,0,26,6.12
860.911918,6732,6736,0,26,6.11
861.01192,6732,6736,0,26,6.11
861.111918,6732,6736,0,26,6.11
861.21192,6732,6736,0,26,6.11
861.311918,6732,6736,0,26,6.11
861.411919,6732,6736,0,26,6.11
861.511918,6732,6736,0,26,6.11
861.611918,6732,6736,0,26,6.11
861.711926,6732,6736,0,26,6.11
861.811919,6732,6736,0,26,6.11
861.911925,6732,6736,0,26,6.11
862.011918,6732,6736,0,26,6.11
862.111919,6732,6736,0,26,6.11
862.211918,6732,6736,0,26,6.11
862.311925,6732,6736,0,26,6.11
862.411918,6732,6736,0,26,6.12
862.511919,6732,6736,0,26,6.12
862.611917,6732,6736,0,26,6.12
862.711917,6732,6736,0,26,6.11
862.81192,6732,6736,0,26,6.11
862.911918,6732,6736,0,26,6.12
863.011928,6732,6736,0,26,6.12
863.111918,6732,6736,0,26,6.11
863.211919,6732,6736,0,26,6.11
863.311919,6732,6736,0,26,6.11
863.411919,6732,6736,0,26,6.1
863.511919,6732,6736,0,26,6.1
863.611919,6732,6736,0,26,6.1
863.711918,6732,6736,0,26,6.12
863.811919,6732,6736,0,26,6.12
863.911928,6732,6736,0,26,6.11
864.011918,6732,6736,0,26,6.11
864.111918,6732,6736,0,26,6.12
864.21192,6732,6736,0,26,6.12
864.311919,6732,6736,0,26,6.12
864.411919,6732,6736,0,26,6.11
864.511918,6732,6736,0,26,6.11
864.611918,6732,6736,0,26,6.11
864.711917,6732,6736,0,26,6.11
864.81192,6732,6736,0,26,6.11
864.911917,6732,6736,0,26,6.11
865.011934,6732,6736,0,26,6.11
865.111916,6732,6736,0,26,6.12
865.211985,6732,6736,0,26,6.12
865.311918,6732,6736,0,26,6.12
865.411945,6732,6736,0,26,6.11
865.511918,6732,6736,0,26,6.11
865.611918,6732,6736,0,26,6.11
865.711926,6732,6736,0,26,6.12
865.811937,6732,6736,0,26,6.12
865.911919,6732,6736,0,26,6.12
866.011941,6732,6736,0,26,6.12
866.111918,6732,6736,0,26,6.11
866.211936,6732,6736,0,26,6.11
866.311918,6732,6736,0,26,6.11
866.411919,6732,6736,0,26,6.12
866.511917,6732,6736,0,26,6.12
866.611919,6732,6736,0,26,6.12
866.711917,6732,6736,0,26,6.11
866.81192,6732,6736,0,26,6.11
866.911929,6732,6736,0,26,6.11
867.011919,6732,6736,0,26,6.11
867.111918,6732,6736,0,26,6.12
867.211919,6732,6736,0,26,6.12
867.311917,6732,6736,0,26,6.12
867.411918,6732,6736,0,26,6.11
867.511947,6732,6736,0,26,6.11
867.611919,6732,6736,0,26,6.11
867.711925,6732,6736,0,26,6.11
867.811919,6732,6736,0,26,6.11
867.911918,6732,6736,0,26,6.11
868.011917,6732,6736,0,26,6.11
868.111918,6732,6736,0,26,6.1
868.21192,6732,6736,0,26,6.1
868.311919,6732,6736,0,26,6.1
868.411918,6732,6736,0,26,6.12
868.511929,6732,6736,0,26,6.12
868.611919,6732,6736,0,26,6.12
868.711924,6732,6736,0,26,6.11
868.811919,6732,6736,0,26,6.11
868.911917,6732,6736,0,26,6.11
869.011918,6732,6736,0,26,6.11
869.111918,6732,6736,0,26,6.11
869.211918,6732,6736,0,26,6.11
869.311919,6732,6736,0,26,6.11
869.411919,6732,6736,0,26,6.11
869.511929,6732,6736,0,26,6.11
869.611918,6732,6736,0,26,6.11
869.711918,6732,6736,0,26,6.12
869.811918,6732,6736,0,26,6.12
869.911918,6732,6736,0,26,6.11
870.011918,6732,6736,0,26,6.11
870.111919,6732,6736,0,26,6.11
870.211919,6732,6736,0,26,6.11
870.311918,6732,6736,0,26,6.11
870.41192,6732,6736,0,26,6.11
870.51195,6732,6736,0,26,6.11
870.611917,6732,6736,0,26,6.11
870.711919,6732,6736,0,26,6.11
870.811921,6732,6736,0,26,6.11
870.911926,6732,6736,0,26,6.1
871.01192,6732,6736,0,26,6.1
871.111918,6732,6736,0,26,6.11
871.211918,6732,6736,0,26,6.11
871.311918,6732,6736,0,26,6.11
871.411918,6732,6736,0,26,6.11
871.511925,6732,6736,0,26,6.11
871.611919,6732,6736,0,26,6.11
871.711918,6732,6736,0,26,6.11
871.811919,6732,6736,0,26,6.11
871.911919,6732,6736,0,26,6.11
872.011919,6732,6736,0,26,6.11
872.111919,6732,6736,0,26,6.11
872.21192,6732,6736,0,26,6.11
872.311917,6732,6736,0,26,6.11
872.411927,6732,6736,0,26,6.11
872.511918,6732,6736,0,26,6.11
872.611919,6732,6736,0,26,6.11
872.711918,6732,6736,0,26,6.11
872.811918,6732,6736,0,26,6.11
872.911918,6732,6736,0,26,6.11
873.011921,6732,6736,0,26,6.11
873.111926,6732,6736,0,26,6.11
873.211951,6732,6736,0,26,6.11
873.311918,6732,6736,0,26,6.11
873.411956,6732,6736,0,26,6.11
873.511948,6732,6736,0,26,6.11
873.611934,6732,6736,0,26,6.11
873.711925,6732,6736,0,26,6.12
873.811919,6732,6736,0,26,6.12
873.911925,6732,6736,0,26,6.11
874.011927,6732,6736,0,26,6.11
874.111918,6732,6736,0,26,6.11
874.21192,6732,6736,0,26,6.11
874.311941,6732,6736,0,26,6.11
874.411919,6732,6736,0,26,6.11
874.511943,6732,6736,0,26,6.11
874.611918,6732,6736,0,26,6.11
874.711933,6732,6736,0,26,6.12
874.811922,6732,6736,0,26,6.12
874.911919,6732,6736,0,26,6.11
875.011918,6732,6736,0,26,6.11
875.111922,6732,6736,0,26,6.11
875.211918,6732,6736,0,26,6.11
875.311918,6732,6736,0,26,6.11
875.411919,6732,6736,0,26,6.11
875.511918,6732,6736,0,26,6.11
875.611926,6732,6736,0,26,6.11
875.71192,6732,6736,0,26,6.11
875.811919,6732,6736,0,26,6.11
875.911918,6732,6736,0,26,6.11
876.011918,6732,6736,0,26,6.11
876.111917,6732,6736,0,26,6.11
876.211936,6732,6736,0,26,6.11
876.311919,6732,6736,0,26,6.11
876.411918,6732,6736,0,26,6.11
876.511918,6732,6736,0,26,6.11
876.61192,6732,6736,0,26,6.11
876.711918,6732,6736,0,26,6.11
876.811918,6732,6736,0,26,6.11
876.911918,6732,6736,0,26,6.1
877.011919,6732,6736,0,26,6.1
877.111919,6732,6736,0,26,6.11
877.211919,6732,6736,0,26,6.11
877.311919,6732,6736,0,26,6.11
877.41192,6732,6736,0,26,6.1
877.511919,6732,6736,0,26,6.1
877.611918,6732,6736,0,26,6.1
877.71192,6732,6736,0,26,6.1
877.811918,6732,6736,0,26,6.1
877.911918,6732,6736,0,26,6.11
878.011918,6732,6736,0,26,6.11
878.11192,6732,6736,0,26,6.11
878.211919,6732,6736,0,26,6.11
878.311919,6732,6736,0,26,6.11
878.411919,6732,6736,0,26,6.11
878.51195,6732,6736,0,26,6.11
878.61193,6732,6736,0,26,6.11
878.711941,6732,6736,0,26,6.11
878.811919,6732,6736,0,26,6.11
878.911941,6732,6736,0,26,6.11
879.01192,6732,6736,0,26,6.11
879.111919,6732,6736,0,26,6.11
879.21192,6732,6736,0,26,6.11
879.311918,6732,6736,0,26,6.11
879.411919,6732,6736,0,26,6.11
879.511918,6732,6736,0,26,6.11
879.611919,6732,6736,0,26,6.11
879.711919,6732,6736,0,26,6.11
879.811919,6732,6736,0,26,6.11
879.91192,6732,6736,0,26,6.11
880.011918,6732,6736,0,26,6.11
880.111918,6732,6736,0,26,6.11
880.211921,6732,6736,0,26,6.11
880.311917,6732,6736,0,26,6.11
880.411918,6732,6736,0,26,6.11
880.511918,6732,6736,0,26,6.11
880.611919,6732,6736,0,26,6.11
880.711919,6732,6736,0,26,6.11
880.811919,6732,6736,0,26,6.11
880.911926,6732,6736,0,26,6.12
881.011918,6732,6736,0,26,6.12
881.111921,6732,6736,0,26,6.11
881.211918,6732,6736,0,26,6.11
881.311918,6732,6736,0,26,6.11
881.41192,6732,6736,0,26,6.11
881.511919,6732,6736,0,26,6.11
881.611927,6732,6736,0,26,6.11
881.711918,6732,6736,0,26,6.11
881.811918,6732,6736,0,26,6.11
881.911918,6732,6736,0,26,6.11
882.011919,6732,6736,0,26,6.11
882.111917,6732,6736,0,26,6.11
882.21192,6732,6736,0,26,6.11
882.311918,6732,6736,0,26,6.11
882.411919,6732,6736,0,26,6.11
882.511918,6732,6736,0,26,6.11
882.611918,6732,6736,0,26,6.11
882.711918,6732,6736,0,26,6.11
882.811919,6732,6736,0,26,6.11
882.911917,6732,6736,0,26,6.12
883.011917,6732,6736,0,26,6.12
883.111917,6732,6736,0,26,6.11
883.211919,6732,6736,0,26,6.11
883.31192,6732,6736,0,26,6.11
883.411918,6732,6736,0,26,6.11
883.511918,6732,6736,0,26,6.11
883.611918,6732,6736,0,26,6.11
883.711919,6732,6736,0,26,6.11
883.811922,6732,6736,0,26,6.11
883.911927,6732,6736,0,26,6.11
884.01192,6732,6736,0,26,6.11
884.111919,6732,6736,0,26,6.12
884.211919,6732,6736,0,26,6.12
884.311918,6732,6736,0,26,6.12
884.411934,6732,6736,0,26,6.11
884.511918,6732,6736,0,26,6.11
884.611948,6732,6736,0,26,6.11
884.711934,6732,6736,0,26,6.11
884.811919,6732,6736,0,26,6.11
884.911977,6732,6736,0,26,6.11
885.011919,6732,6736,0,26,6.11
885.11195,6732,6736,0,26,6.11
885.211918,6732,6736,0,26,6.11
885.311941,6732,6736,0,26,6.11
885.411919,6732,6736,0,26,6.11
885.511918,6732,6736,0,26,6.11
885.61192,6732,6736,0,26,6.11
885.711919,6732,6736,0,26,6.11
885.811918,6732,6736,0,26,6.11
885.911925,6732,6736,0,26,6.11
886.011917,6732,6736,0,26,6.11
886.111917,6732,6736,0,26,6.11
886.211918,6732,6736,0,26,6.11
886.311919,6732,6736,0,26,6.11
886.411919,6732,6736,0,26,6.11
886.51192,6732,6736,0,26,6.11
886.611919,6732,6736,0,26,6.11
886.711918,6732,6736,0,26,6.12
886.81192,6732,6736,0,26,6.12
886.911918,6732,6736,0,26,6.11
887.011919,6732,6736,0,26,6.11
887.111919,6732,6736,0,26,6.12
887.211919,6732,6736,0,26,6.12
887.311918,6732,6736,0,26,6.12
887.411919,6732,6736,0,26,6.11
887.511925,6732,6736,0,26,6.11
887.611919,6732,6736,0,26,6.11
887.711918,6732,6736,0,26,6.1
887.811919,6732,6736,0,26,6.1
887.911918,6732,6736,0,26,6.11
888.011919,6732,6736,0,25,6.11
888.111917,6732,6736,0,25,6.11
888.211918,6732,6736,0,25,6.11
888.311918,6732,6736,0,25,6.11
888.41192,6732,6736,0,25,6.11
888.511918,6732,6736,0,25,6.11
888.611919,6732,6736,0,25,6.11
888.711919,6732,6736,0,25,6.12
888.811918,6732,6736,0,25,6.12
888.911918,6732,6736,0,25,6.11
889.011919,6732,6736,0,25,6.11
889.111917,6732,6736,0,25,6.11
889.211918,6732,6736,0,25,6.11
889.311919,6732,6736,0,25,6.11
889.411919,6732,6736,0,25,6.11
889.511918,6732,6736,0,25,6.11
889.611917,6732,6736,0,25,6.11
889.711918,6732,6736,0,25,6.11
889.811918,6732,6736,0,25,6.11
889.911917,6732,6736,0,25,6.1
890.011919,6732,6736,0,25,6.1
890.111918,6732,6736,0,25,6.12
890.211918,6732,6736,0,25,6.12
890.311916,6732,6736,0,25,6.12
890.411921,6732,6736,0,25,6.1
890.511919,6732,6736,0,25,6.1
890.611919,6732,6736,0,25,6.1
890.711917,6732,6736,0,25,6.11
890.811927,6732,6736,0,25,6.11
890.911918,6732,6736,0,25,6.11
891.011919,6732,6736,0,25,6.11
891.111917,6732,6736,0,25,6.1
891.211921,6732,6736,0,25,6.1
891.311916,6732,6736,0,25,6.1
891.411934,6732,6736,0,25,6.11
891.511919,6732,6736,0,25,6.11
891.611939,6732,6736,0,25,6.11
891.711917,6732,6736,0,25,6.11
891.811945,6732,6736,0,25,6.11
891.911918,6732,6736,0,25,6.11
892.011919,6732,6736,0,25,6.11
892.111918,6732,6736,0,25,6.12
892.211917,6732,6736,0,25,6.12
892.311919,6732,6736,0,25,6.12
892.411919,6732,6736,0,25,6.11
892.511918,6732,6736,0,25,6.11
892.611919,6732,6736,0,25,6.11
892.711917,6732,6736,0,25,6.11
892.811919,6732,6736,0,25,6.11
892.911918,6732,6736,0,25,6.11
893.011922,6732,6736,0,25,6.11
893.11192,6732,6736,0,25,6.11
893.211921,6732,6736,0,25,6.11
893.311936,6732,6736,0,25,6.11
893.411918,6732,6736,0,25,6.1
893.511947,6732,6736,0,25,6.1
893.611919,6732,6736,0,25,6.1
893.711937,6732,6736,0,25,6.1
893.811919,6732,6736,0,25,6.1
893.911919,6732,6736,0,25,6.11
894.011918,6732,6736,0,25,6.11
894.111917,6732,6736,0,25,6.11
894.211919,6732,6736,0,25,6.11
894.311926,6732,6736,0,25,6.11
894.411919,6732,6736,0,25,6.12
894.511918,6732,6736,0,25,6.12
894.61192,6732,6736,0,25,6.12
894.711917,6732,6736,0,25,6.11
894.811924,6732,6736,0,25,6.11
894.911919,6732,6736,0,25,6.11
895.011919,6732,6736,0,25,6.11
895.111918,6732,6736,0,25,6.11
895.211918,6732,6736,0,25,6.11
895.311916,6732,6736,0,25,6.11
895.411918,6732,6736,0,25,6.11
895.511918,6732,6736,0,25,6.11
895.61192,6732,6736,0,25,6.11
895.711917,6732,6736,0,25,6.11
895.811919,6732,6736,0,25,6.11
895.911918,6732,6736,0,25,6.11
896.011919,6732,6736,0,25,6.11
896.111918,6732,6736,0,25,6.11
896.211919,6732,6736,0,25,6.11
896.311918,6732,6736,0,25,6.11
896.411918,6732,6736,0,25,6.12
896.511919,6732,6736,0,25,6.12
896.611938,6732,6736,0,25,6.12
896.711918,6732,6736,0,25,6.1
896.811918,6732,6736,0,25,6.1
896.911926,6732,6736,0,25,6.12
897.011919,6732,6736,0,25,6.12
897.111918,6732,6736,0,25,6.11
897.211932,6732,6736,0,25,6.11
897.311927,6732,6736,0,25,6.11
897.411931,6732,6736,0,25,6.11
897.511919,6732,6736,0,25,6.11
897.61195,6732,6736,0,25,6.11
897.711918,6732,6736,0,25,6.12
897.811926,6732,6736,0,25,6.12
897.911918,6732,6736,0,25,6.12
898.011917,6732,6736,0,25,6.12
898.111917,6732,6736,0,25,6.12
898.211919,6732,6736,0,25,6.12
898.311917,6732,6736,0,25,6.12
898.411918,6732,6736,0,25,6.12
898.511924,6732,6736,0,25,6.12
898.611922,6732,6736,0,25,6.12
898.711918,6732,6736,0,25,6.1
898.81192,6732,6736,0,25,6.1
898.91192,6732,6736,0,25,6.1
899.011918,6732,6736,0,25,6.1
899.111917,6732,6736,0,25,6.1
899.211919,6732,6736,0,25,6.1
899.311917,6732,6736,0,25,6.1
899.411918,6732,6736,0,25,6.1
899.511921,6732,6736,0,25,6.1
899.611918,6732,6736,0,25,6.1
899.711917,6732,6736,0,25,6.11
899.811918,6732,6736,0,25,6.11
899.911918,6732,6736,0,25,6.12
900.011918,6732,6736,0,25,6.12
900.111917,6732,6736,0,25,6.11
900.211917,6732,6736,0,25,6.11
900.311917,6732,6736,0,25,6.11
900.411917,6732,6736,0,25,6.1
900.511927,6732,6736,0,25,6.1
900.611918,6732,6736,0,25,6.1
900.711916,6732,6736,0,25,6.12
900.811925,6732,6736,0,25,6.12
900.911917,6732,6736,0,25,6.12
901.011918,6732,6736,0,25,6.12
901.111917,6732,6736,0,25,6.11
901.211922,6732,6736,0,25,6.11
901.311916,6732,6736,0,25,6.11
901.411918,6732,6736,0,25,6.11
901.511925,6732,6736,0,25,6.11
901.611917,6732,6736,0,25,6.11
901.711926,6732,6736,0,25,6.11
901.811917,6732,6736,0,25,6.11
901.911917,6732,6736,0,25,6.11
902.011926,6732,6736,0,25,6.11
902.111917,6732,6736,0,25,6.12
902.211918,6732,6736,0,25,6.12
902.311918,6732,6736,0,25,6.12
902.411918,6732,6736,0,25,6.11
902.511917,6732,6736,0,25,6.11
902.611919,6732,6736,0,25,6.11
902.711932,6732,6736,0,25,6.1
902.811921,6732,6736,0,25,6.1
902.911918,6732,6736,0,25,6.11
903.011934,6732,6736,0,25,6.11
903.111917,6732,6736,0,25,6.11
903.211951,6732,6736,0,25,6.11
903.311917,6732,6736,0,25,6.11
903.411932,6732,6736,0,25,6.11
903.511918,6732,6736,0,25,6.11
903.611934,6732,6736,0,25,6.11
903.711938,6732,6736,0,25,6.12
903.81192,6732,6736,0,25,6.12
903.911917,6732,6736,0,25,6.11
904.011918,6732,6736,0,25,6.11
904.111917,6732,6736,0,25,6.11
904.211917,6732,6736,0,25,6.11
904.311918,6732,6736,0,25,6.11
904.411917,6732,6736,0,25,6.12
904.511916,6732,6736,0,25,6.12
904.611918,6732,6736,0,25,6.12
904.711922,6732,6736,0,25,6.11
904.811918,6732,6736,0,25,6.11
904.911933,6732,6736,0,25,6.11
905.011917,6732,6736,0,25,6.11
905.111931,6732,6736,0,25,6.1
905.211918,6732,6736,0,25,6.1
905.311946,6732,6736,0,25,6.1
905.411918,6732,6736,0,25,6.12
905.511934,6732,6736,0,25,6.12
905.611928,6732,6736,0,25,6.12
905.711928,6732,6736,0,25,6.11
905.811917,6732,6736,0,25,6.11
905.911917,6732,6736,0,25,6.11
906.011919,6732,6736,0,25,6.11
906.111919,6732,6736,0,25,6.11
906.211919,6732,6736,0,25,6.11
906.311918,6732,6736,0,25,6.11
906.411919,6732,6736,0,25,6.12
906.511919,6732,6736,0,25,6.12
906.61192,6732,6736,0,25,6.12
906.71193,6732,6736,0,25,6.11
906.81192,6732,6736,0,25,6.11
906.911917,6732,6736,0,25,6.11
907.011919,6732,6736,0,25,6.11
907.111918,6732,6736,0,25,6.11
907.211918,6732,6736,0,25,6.11
907.311918,6732,6736,0,25,6.11
907.411918,6732,6736,0,25,6.11
907.511919,6732,6736,0,25,6.11
907.611919,6732,6736,0,25,6.11
907.711919,6732,6736,0,25,6.11
907.811919,6732,6736,0,25,6.11
907.911918,6732,6736,0,25,6.11
908.011919,6732,6736,0,25,6.11
908.111918,6732,6736,0,25,6.1
908.211918,6732,6736,0,25,6.1
908.311919,6732,6736,0,25,6.1
908.411918,6732,6740,0,25,6.08
908.511918,6732,6736,0,25,6.08
908.611918,6732,6736,0,25,6.08
908.711918,6732,6736,0,25,6.11
908.811919,6732,6736,0,25,6.11
908.911918,6732,6736,0,25,6.11
909.011926,6732,6736,0,25,6.11
909.111919,6732,6736,0,25,6.11
909.211918,6732,6736,0,25,6.11
909.311928,6732,6736,0,25,6.11
909.41192,6732,6736,0,25,6.1
909.511919,6732,6736,0,25,6.1
909.61192,6732,6736,0,25,6.1
909.711921,6732,6736,0,25,6.12
909.811918,6732,6736,0,25,6.12
909.911918,6732,6736,0,25,6.11
910.011918,6732,6736,0,25,6.11
910.111935,6732,6736,0,25,6.11
910.21192,6732,6736,0,25,6.11
910.31195,6732,6736,0,25,6.11
910.411917,6732,6736,0,25,6.12
910.511936,6732,6736,0,25,6.12
910.61192,6732,6736,0,25,6.12
910.711919,6732,6736,0,25,6.12
910.811921,6732,6736,0,25,6.12
910.911944,6732,6736,0,25,6.11
911.011925,6732,6736,0,25,6.11
911.11192,6732,6736,0,25,6.11
911.211927,6732,6736,0,25,6.11
911.31192,6732,6736,0,25,6.11
911.411922,6732,6736,0,25,6.11
911.511925,6732,6736,0,25,6.11
911.61192,6732,6736,0,25,6.11
911.711918,6732,6736,0,25,6.1
911.811919,6732,6736,0,25,6.1
911.911919,6732,6736,0,25,6.11
912.011922,6732,6736,0,25,6.11
912.111918,6732,6736,0,25,6.11
912.211922,6732,6736,0,25,6.11
912.311919,6732,6736,0,25,6.11
912.411919,6732,6736,0,25,6.11
912.511919,6732,6736,0,25,6.11
912.611919,6732,6736,0,25,6.11
912.711919,6732,6736,0,25,6.11
912.811919,6732,6736,0,25,6.11
912.911919,6732,6736,0,25,6.11
913.011918,6732,6736,0,25,6.11
913.111921,6732,6736,0,25,6.11
913.211918,6732,6736,0,25,6.11
913.311939,6732,6736,0,25,6.11
913.411919,6732,6736,0,25,6.12
913.511947,6732,6736,0,25,6.12
913.611918,6732,6736,0,25,6.12
913.711918,6732,6736,0,25,6.11
913.811918,6732,6736,0,25,6.11
913.911919,6732,6736,0,25,6.1
914.011919,6732,6736,0,25,6.1
914.11192,6732,6736,0,25,6.1
914.211921,6732,6736,0,25,6.1
914.311917,6732,6736,0,25,6.1
914.411918,6732,6736,0,25,6.11
914.511917,6732,6736,0,25,6.11
914.611918,6732,6736,0,25,6.11
914.711928,6732,6736,0,25,6.11
914.811919,6732,6736,0,25,6.11
914.911919,6732,6736,0,25,6.11
915.011919,6732,6736,0,25,6.11
915.111918,6732,6736,0,25,6.1
915.211918,6732,6736,0,25,6.1
915.311919,6732,6736,0,25,6.1
915.411918,6732,6736,0,25,6.12
915.511926,6732,6736,0,25,6.12
915.611917,6732,6736,0,25,6.12
915.711923,6732,6736,0,25,6.1
915.811918,6732,6736,0,25,6.1
915.911918,6732,6736,0,25,6.11
916.011919,6732,6736,0,25,6.11
916.111918,6732,6736,0,25,6.11
916.211918,6732,6736,0,25,6.11
916.311917,6732,6736,0,25,6.11
916.411919,6732,6736,0,25,6.11
916.511918,6732,6736,0,25,6.11
916.611921,6732,6736,0,25,6.11
916.711917,6732,6736,0,25,6.11
916.811919,6732,6736,0,25,6.11
916.911918,6732,6736,0,25,6.11
917.011918,6732,6736,0,25,6.11
917.111917,6732,6736,0,25,6.11
917.211919,6732,6736,0,25,6.11
917.311926,6732,6736,0,25,6.11
917.41192,6732,6736,0,25,6.11
917.511918,6732,6736,0,25,6.11
917.611926,6732,6736,0,25,6.11
917.711917,6732,6736,0,25,6.11
917.811919,6732,6736,0,25,6.11
917.911917,6732,6736,0,25,6.11
918.011919,6732,6736,0,25,6.11
918.111917,6732,6736,0,25,6.11
918.211918,6732,6736,0,25,6.11
918.311918,6732,6736,0,25,6.11
918.41193,6732,6736,0,25,6.11
918.511918,6732,6736,0,25,6.11
918.611936,6732,6736,0,25,6.11
918.711919,6732,6736,0,25,6.12
918.811943,6732,6736,0,25,6.12
918.911919,6732,6736,0,25,6.11
919.011975,6732,6736,0,25,6.11
919.111918,6732,6736,0,25,6.11
919.211934,6732,6736,0,25,6.11
919.311918,6732,6736,0,25,6.11
919.411927,6732,6736,0,25,6.12
919.511919,6732,6736,0,25,6.12
919.611919,6732,6736,0,25,6.12
919.711918,6732,6736,0,25,6.12
919.811918,6732,6736,0,25,6.12
919.911917,6732,6736,0,25,6.11
920.011919,6732,6736,0,25,6.11
920.111917,6732,6736,0,25,6.11
920.211919,6732,6736,0,25,6.11
920.311919,6732,6736,0,25,6.11
920.411929,6732,6736,0,25,6.11
920.511928,6732,6736,0,25,6.11
920.611919,6732,6736,0,25,6.11
920.711917,6732,6736,0,25,6.12
920.811927,6732,6736,0,25,6.12
920.911919,6732,6736,0,25,6.11
921.011919,6732,6736,0,25,6.11
921.111918,6732,6736,0,25,6.11
921.211918,6732,6736,0,25,6.11
921.311917,6732,6736,0,25,6.11
921.411918,6732,6736,0,25,6.11
921.511917,6732,6736,0,25,6.11
921.611921,6732,6736,0,25,6.11
921.711919,6732,6736,0,25,6.11
921.811919,6732,6736,0,25,6.11
921.911918,6732,6736,0,25,6.11
922.01192,6732,6736,0,25,6.11
922.111917,6732,6736,0,25,6.11
922.211918,6732,6736,0,25,6.11
922.31192,6732,6736,0,25,6.11
922.411919,6732,6736,0,25,6.11
922.511917,6732,6736,0,25,6.11
922.611927,6732,6736,0,25,6.11
922.711918,6732,6736,0,25,6.1
922.811919,6732,6736,0,25,6.1
922.911918,6732,6736,0,25,6.11
923.01192,6732,6736,0,25,6.11
923.111917,6732,6736,0,25,6.09
923.211937,6732,6736,0,25,6.09
923.31192,6732,6736,0,25,6.09
923.411938,6732,6736,0,25,6.12
923.511917,6732,6736,0,25,6.12
923.611952,6732,6736,0,25,6.12
923.711918,6732,6736,0,25,6.11
923.811946,6732,6736,0,25,6.11
923.911926,6732,6736,0,25,6.09
924.01192,6732,6736,0,25,6.09
924.111919,6732,6736,0,25,6.11
924.211919,6732,6736,0,25,6.11
924.311917,6732,6736,0,25,6.11
924.411919,6732,6736,0,25,6.1
924.511924,6732,6736,0,25,6.1
924.611919,6732,6736,0,25,6.1
924.711918,6732,6736,0,25,6.11
924.81192,6732,6736,0,25,6.11
924.911926,6732,6736,0,25,6.11
925.011918,6732,6736,0,25,6.11
925.111918,6732,6736,0,25,6.11
925.211919,6732,6736,0,25,6.11
925.311926,6732,6736,0,25,6.11
925.411919,6732,6736,0,25,6.11
925.511918,6732,6736,0,25,6.11
925.61192,6732,6736,0,25,6.11
925.711918,6732,6736,0,25,6.11
925.81192,6732,6736,0,25,6.11
925.911918,6732,6736,0,25,6.11
926.01192,6732,6736,0,25,6.11
926.111918,6732,6736,0,25,6.11
926.211929,6732,6736,0,25,6.11
926.311918,6732,6736,0,25,6.11
926.411931,6732,6736,0,25,6.11
926.511918,6732,6736,0,25,6.11
926.611919,6732,6736,0,25,6.11
926.711919,6732,6736,0,25,6.11
926.811918,6732,6736,0,25,6.11
926.911918,6732,6736,0,25,6.11
927.011921,6732,6736,0,25,6.11
927.111919,6732,6736,0,25,6.11
927.211919,6732,6736,0,25,6.11
927.311918,6732,6736,0,25,6.11
927.411919,6732,6736,0,25,6.11
927.511917,6732,6736,0,25,6.11
927.611919,6732,6736,0,25,6.11
927.711926,6732,6736,0,25,6.11
927.811919,6732,6736,0,25,6.11
927.911918,6732,6736,0,25,6.11
928.011939,6732,6736,0,25,6.11
928.111917,6732,6736,0,25,6.11
928.211919,6732,6736,0,25,6.11
928.311918,6732,6736,0,25,6.11
928.411926,6732,6736,0,25,6.12
928.511917,6732,6736,0,25,6.12
928.611917,6732,6736,0,25,6.12
928.711918,6732,6736,0,25,6.11
928.811918,6732,6736,0,25,6.11
928.911918,6732,6736,0,25,6.12
929.011918,6732,6736,0,25,6.12
929.111917,6732,6736,0,25,6.11
929.211919,6732,6736,0,25,6.11
929.311918,6732,6736,0,25,6.11
929.411918,6732,6736,0,25,6.12
929.511917,6732,6736,0,25,6.12
929.611917,6732,6736,0,25,6.12
929.711937,6732,6736,0,25,6.11
929.811921,6732,6736,0,25,6.11
929.911918,6732,6736,0,25,6.1
930.011919,6732,6736,0,25,6.1
930.111918,6732,6736,0,25,6.11
930.211918,6732,6736,0,25,6.11
930.311918,6732,6736,0,25,6.11
930.411919,6732,6736,0,25,6.11
930.511919,6732,6736,0,25,6.11
930.611919,6732,6736,0,25,6.11
930.711926,6732,6736,0,25,6.11
930.811925,6732,6736,0,25,6.11
930.911917,6732,6736,0,25,6.11
931.011919,6732,6736,0,25,6.11
931.111918,6732,6736,0,25,6.11
931.21192,6732,6736,0,25,6.11
931.311919,6732,6736,0,25,6.11
931.411918,6732,6736,0,25,6.11
931.511918,6732,6736,0,25,6.11
931.611918,6732,6736,0,25,6.11
931.711917,6732,6736,0,25,6.11
931.811918,6732,6736,0,25,6.11
931.911927,6732,6736,0,25,6.11
932.011917,6732,6736,0,25,6.11
932.111918,6732,6736,0,25,6.11
932.21192,6732,6736,0,25,6.11
932.311919,6732,6736,0,25,6.11
932.411918,6732,6736,0,25,6.11
932.511918,6732,6736,0,25,6.11
932.61196,6732,6736,0,25,6.11
932.711956,6732,6736,0,25,6.11
932.811919,6732,6736,0,25,6.11
932.91193,6732,6736,0,25,6.12
933.011919,6732,6736,0,25,6.12
933.111932,6732,6736,0,25,6.11
933.211919,6732,6736,0,25,6.11
933.311952,6732,6736,0,25,6.11
933.411919,6732,6736,0,25,6.11
933.511927,6732,6736,0,25,6.11
933.611922,6732,6736,0,25,6.11
933.711923,6732,6736,0,25,6.11
933.811919,6732,6736,0,25,6.11
933.911919,6732,6736,0,25,6.11
934.011919,6732,6736,0,25,6.11
934.111925,6732,6736,0,25,6.11
934.211919,6732,6736,0,25,6.11
934.311918,6732,6736,0,25,6.11
934.411918,6732,6736,0,25,6.1
934.51192,6732,6736,0,25,6.1
934.611919,6732,6736,0,25,6.1
934.71192,6732,6736,0,25,6.12
934.811919,6732,6736,0,25,6.12
934.91192,6732,6736,0,25,6.11
935.011918,6732,6736,0,25,6.11
935.111925,6732,6736,0,25,6.11
935.21192,6732,6736,0,25,6.11
935.311919,6732,6736,0,25,6.11
935.411918,6732,6736,0,25,6.11
935.511918,6732,6736,0,25,6.11
935.611918,6732,6736,0,25,6.11
935.711918,6732,6736,0,25,6.1
935.811919,6732,6736,0,25,6.1
935.911919,6732,6736,0,25,6.11
936.01192,6732,6736,0,25,6.11
936.11193,6732,6736,0,25,6.11
936.211919,6732,6736,0,25,6.11
936.311953,6732,6736,0,25,6.11
936.411918,6732,6736,0,25,6.11
936.511939,6732,6736,0,25,6.11
936.61192,6732,6736,0,25,6.11
936.711934,6732,6736,0,25,6.11
936.811921,6732,6736,0,25,6.11
936.911916,6732,6736,0,25,6.11
937.011917,6732,6736,0,25,6.11
937.111926,6732,6736,0,25,6.11
937.211918,6732,6736,0,25,6.11
937.311918,6732,6736,0,25,6.11
937.411928,6732,6736,0,25,6.1
937.511918,6732,6736,0,25,6.1
937.611919,6732,6736,0,25,6.1
937.711927,6732,6736,0,25,6.11
937.811919,6732,6736,0,25,6.11
937.911919,6732,6736,0,25,6.11
938.011918,6732,6736,0,25,6.11
938.111926,6732,6736,0,25,6.11
938.211917,6732,6736,0,25,6.11
938.311918,6732,6736,0,25,6.11
938.411918,6732,6736,0,25,6.11
938.511917,6732,6736,0,25,6.11
938.611918,6732,6736,0,25,6.11
938.711919,6732,6736,0,25,6.12
938.811919,6732,6736,0,25,6.12
938.911918,6732,6736,0,25,6.11
939.011918,6732,6736,0,25,6.11
939.111919,6732,6736,0,25,6.11
939.211919,6732,6736,0,25,6.11
939.311918,6732,6736,0,25,6.11
939.41192,6732,6736,0,25,6.11
939.511918,6732,6736,0,25,6.11
939.611918,6732,6736,0,25,6.11
939.711918,6732,6736,0,25,6.1
939.811919,6732,6736,0,25,6.1
939.911926,6732,6736,0,25,6.12
940.011919,6732,6736,0,25,6.12
940.111917,6732,6736,0,25,6.11
940.211919,6732,6736,0,25,6.11
940.311918,6732,6736,0,25,6.11
940.41192,6732,6736,0,25,6.11
940.511917,6732,6736,0,25,6.11
940.61192,6732,6736,0,25,6.11
940.711918,6732,6736,0,25,6.12
940.81192,6732,6736,0,25,6.12
940.911919,6732,6736,0,25,6.1
941.011919,6732,6736,0,25,6.1
941.111918,6732,6736,0,25,6.11
941.211918,6732,6736,0,25,6.11
941.311918,6732,6736,0,25,6.11
941.41192,6732,6736,0,25,6.11
941.511918,6732,6736,0,25,6.11
941.611918,6732,6736,0,25,6.11
941.711924,6732,6736,0,25,6.11
941.811923,6732,6736,0,25,6.11
941.911918,6732,6736,0,25,6.11
942.011922,6732,6736,0,25,6.11
942.111917,6732,6736,0,25,6.11
942.211919,6732,6736,0,25,6.11
942.311919,6732,6736,0,25,6.11
942.411947,6732,6736,0,25,6.11
942.511919,6732,6736,0,25,6.11
942.611947,6732,6736,0,25,6.11
942.711918,6732,6736,0,25,6.12
942.811919,6732,6736,0,25,6.12
942.911918,6732,6736,0,25,6.11
943.01192,6732,6736,0,25,6.11
943.111919,6732,6736,0,25,6.1
943.211919,6732,6736,0,25,6.1
943.311918,6732,6736,0,25,6.1
943.41192,6732,6736,0,25,6.11
943.511917,6732,6736,0,25,6.11
943.61192,6732,6736,0,25,6.11
943.711925,6732,6736,0,25,6.11
943.811919,6732,6736,0,25,6.11
943.91192,6732,6736,0,25,6.1
944.011919,6732,6736,0,25,6.1
944.111918,6732,6736,0,25,6.11
944.211919,6732,6736,0,25,6.11
944.311918,6732,6736,0,25,6.11
944.411919,6732,6736,0,25,6.11
944.511918,6732,6736,0,25,6.11
944.611918,6732,6736,0,25,6.11
944.711919,6732,6736,0,25,6.11
944.81192,6732,6736,0,25,6.11
944.911918,6732,6736,0,25,6.11
945.01192,6732,6736,0,25,6.11
945.111919,6732,6736,0,25,6.11
945.211919,6732,6736,0,25,6.11
945.311918,6732,6736,0,25,6.11
945.411919,6732,6736,0,25,6.11
945.511917,6732,6736,0,25,6.11
945.61193,6732,6736,0,25,6.11
945.711917,6732,6736,0,25,6.11
945.811919,6732,6736,0,25,6.11
945.911936,6732,6736,0,25,6.12
946.011918,6732,6736,0,25,6.12
946.111917,6732,6736,0,25,6.11
946.211918,6732,6736,0,25,6.11
946.311918,6732,6736,0,25,6.11
946.411918,6732,6736,0,25,6.12
946.511917,6732,6736,0,25,6.12
946.611924,6732,6736,0,25,6.12
946.711917,6732,6736,0,25,6.11
946.811921,6732,6736,0,25,6.11
946.911918,6732,6736,0,25,6.11
947.011946,6732,6736,0,25,6.11
947.111917,6732,6736,0,25,6.11
947.211945,6732,6736,0,25,6.11
947.311918,6732,6736,0,25,6.11
947.411935,6732,6736,0,25,6.11
947.511918,6732,6736,0,25,6.11
947.611918,6732,6736,0,25,6.11
947.711919,6732,6736,0,25,6.11
947.811918,6732,6736,0,25,6.11
947.911917,6732,6736,0,25,6.12
948.011917,6732,6736,0,25,6.12
948.111938,6732,6736,0,25,6.11
948.211918,6732,6736,0,25,6.11
948.311917,6732,6736,0,25,6.11
948.411919,6732,6736,0,25,6.12
948.511918,6732,6736,0,25,6.12
948.611919,6732,6736,0,25,6.12
948.711918,6732,6736,0,25,6.12
948.811919,6732,6736,0,25,6.12
948.911918,6732,6736,0,25,6.11
949.011919,6732,6736,0,25,6.11
949.111916,6732,6736,0,25,6.11
949.211947,6732,6736,0,25,6.11
949.311918,6732,6736,0,25,6.11
949.411959,6732,6736,0,25,6.11
949.511918,6732,6736,0,25,6.11
949.611947,6732,6736,0,25,6.11
949.711918,6732,6736,0,25,6.11
949.811934,6732,6736,0,25,6.11
949.911919,6732,6736,0,25,6.11
950.011919,6732,6736,0,25,6.11
950.111917,6732,6736,0,25,6.11
950.211921,6732,6736,0,25,6.11
950.311917,6732,6736,0,25,6.11
950.411918,6732,6736,0,25,6.12
950.511918,6732,6736,0,25,6.12
950.611918,6732,6736,0,25,6.12
950.711918,6732,6736,0,25,6.12
950.811918,6732,6736,0,25,6.12
950.911919,6732,6736,0,25,6.11
951.011919,6732,6736,0,25,6.11
951.111917,6732,6736,0,25,6.11
951.211917,6732,6736,0,25,6.11
951.311918,6732,6736,0,25,6.11
951.411919,6732,6736,0,25,6.11
951.511919,6732,6736,0,25,6.11
951.611919,6732,6736,0,25,6.11
951.711922,6732,6736,0,25,6.11
951.811918,6732,6736,0,25,6.11
951.911919,6732,6736,0,25,6.11
952.011918,6732,6736,0,25,6.11
952.111933,6732,6736,0,25,6.11
952.211918,6732,6736,0,25,6.11
952.311946,6732,6736,0,25,6.11
952.411919,6732,6736,0,25,6.11
952.511919,6732,6736,0,25,6.11
952.611918,6732,6736,0,25,6.11
952.711917,6732,6736,0,25,6.11
952.811919,6732,6736,0,25,6.11
952.911918,6732,6736,0,25,6.11
953.011919,6732,6736,0,25,6.11
953.111919,6732,6736,0,25,6.11
953.211919,6732,6736,0,25,6.11
953.311918,6732,6736,0,25,6.11
953.41192,6732,6736,0,25,6.11
953.511919,6732,6736,0,25,6.11
953.611918,6732,6736,0,25,6.11
953.711918,6732,6736,0,25,6.11
953.811918,6732,6736,0,25,6.11
953.911918,6732,6736,0,25,6.11
954.011921,6732,6736,0,25,6.11
954.111918,6732,6736,0,25,6.11
954.211918,6732,6736,0,25,6.11
954.311919,6732,6736,0,25,6.11
954.411919,6732,6736,0,25,6.11
954.511919,6732,6736,0,25,6.11
954.611919,6732,6736,0,25,6.11
954.711925,6732,6736,0,25,6.11
954.811919,6732,6736,0,25,6.11
954.911916,6732,6736,0,25,6.11
955.011918,6732,6736,0,25,6.11
955.111916,6732,6736,0,25,6.11
955.211917,6732,6736,0,25,6.11
955.311918,6732,6736,0,25,6.11
955.411928,6732,6736,0,25,6.11
955.511918,6732,6736,0,25,6.11
955.61192,6732,6736,0,25,6.11
955.711927,6732,6736,0,25,6.11
955.811919,6732,6736,0,25,6.11
955.911919,6732,6736,0,25,6.11
956.011919,6732,6736,0,25,6.11
956.111919,6732,6736,0,25,6.12
956.211919,6732,6736,0,25,6.12
956.311917,6732,6736,0,25,6.12
956.411919,6732,6736,0,25,6.1
956.511917,6732,6736,0,25,6.1
956.611919,6732,6736,0,25,6.1
956.711923,6732,6736,0,25,6.11
956.811927,6732,6736,0,25,6.11
956.91192,6732,6736,0,25,6.11
957.011918,6732,6736,0,25,6.11
957.111918,6732,6736,0,25,6.11
957.211917,6732,6736,0,25,6.11
957.311918,6732,6736,0,25,6.11
957.411918,6732,6736,0,25,6.11
957.51192,6732,6736,0,25,6.11
957.611921,6732,6736,0,25,6.11
957.711917,6732,6736,0,25,6.11
957.811919,6732,6736,0,25,6.11
957.911917,6732,6736,0,25,6.11
958.011917,6732,6736,0,25,6.11
958.111918,6732,6736,0,25,6.11
958.211917,6732,6736,0,25,6.11
958.311919,6732,6736,0,25,6.11
958.411919,6732,6736,0,25,6.11
958.511917,6732,6736,0,25,6.11
958.611919,6732,6736,0,25,6.11
958.711918,6732,6736,0,25,6.12
958.811917,6732,6736,0,25,6.12
958.911918,6732,6736,0,25,6.12
959.011921,6732,6736,0,25,6.12
959.111917,6732,6736,0,25,6.11
959.211918,6732,6736,0,25,6.11
959.311918,6732,6736,0,25,6.11
959.411919,6732,6736,0,25,6.11
959.511918,6732,6736,0,25,6.11
959.611918,6732,6736,0,25,6.11
959.711919,6732,6736,0,25,6.11
959.811917,6732,6736,0,25,6.11
959.911918,6732,6736,0,25,6.11
960.011919,6732,6736,0,25,6.11
960.111918,6732,6736,0,25,6.12
960.211918,6732,6736,0,25,6.12
960.311918,6732,6736,0,25,6.12
960.411918,6732,6736,0,25,6.12
960.511919,6732,6736,0,25,6.12
960.611919,6732,6736,0,25,6.12
960.711919,6732,6736,0,25,6.11
960.811918,6732,6736,0,25,6.11
960.911921,6732,6736,0,25,6.11
961.011919,6732,6736,0,25,6.11
961.11193,6732,6736,0,25,6.11
961.211919,6732,6736,0,25,6.11
961.311952,6732,6736,0,25,6.11
961.411918,6732,6736,0,25,6.11
961.511934,6732,6736,0,25,6.11
961.611939,6732,6736,0,25,6.11
961.711918,6732,6736,0,25,6.11
961.811955,6732,6736,0,25,6.11
961.911919,6732,6736,0,25,6.11
962.011934,6732,6736,0,25,6.11
962.111918,6732,6736,0,25,6.11
962.211919,6732,6736,0,25,6.11
962.311934,6732,6736,0,25,6.11
962.411919,6732,6736,0,25,6.11
962.511948,6732,6736,0,25,6.11
962.611919,6732,6736,0,25,6.11
962.711918,6732,6736,0,25,6.11
962.811918,6732,6736,0,25,6.11
962.911919,6732,6736,0,25,6.11
963.011918,6732,6736,0,25,6.11
963.111917,6732,6736,0,25,6.11
963.211917,6732,6736,0,25,6.11
963.311918,6732,6736,0,25,6.11
963.411919,6732,6736,0,25,6.11
963.511917,6732,6736,0,25,6.11
963.611918,6732,6736,0,25,6.11
963.711926,6732,6736,0,25,6.11
963.811917,6732,6736,0,25,6.11
963.911918,6732,6736,0,25,6.11
964.011935,6732,6736,0,25,6.11
964.111918,6732,6736,0,25,6.1
964.211918,6732,6736,0,25,6.1
964.311917,6732,6736,0,25,6.1
964.411935,6732,6736,0,25,6.11
964.511916,6732,6736,0,25,6.11
964.611919,6732,6736,0,25,6.11
964.711917,6732,6736,0,25,6.11
964.811935,6732,6736,0,25,6.11
964.911917,6732,6736,0,25,6.11
965.011918,6732,6736,0,25,6.11
965.111918,6732,6736,0,25,6.11
965.211918,6732,6736,0,25,6.11
965.311918,6732,6736,0,25,6.11
965.411919,6732,6736,0,25,6.11
965.511917,6732,6736,0,25,6.11
965.611919,6732,6736,0,25,6.11
965.711918,6732,6736,0,25,6.11
965.811918,6732,6736,0,25,6.11
965.911917,6732,6736,0,25,6.12
966.011918,6732,6736,0,25,6.12
966.111917,6732,6736,0,25,6.11
966.21192,6732,6736,0,25,6.11
966.311918,6732,6736,0,25,6.11
966.411935,6732,6736,0,25,6.11
966.511918,6732,6736,0,25,6.11
966.611918,6732,6736,0,25,6.11
966.711918,6732,6736,0,25,6.11
966.811919,6732,6736,0,25,6.11
966.911927,6732,6736,0,25,6.11
967.01192,6732,6736,0,25,6.11
967.111917,6732,6736,0,25,6.11
967.211933,6732,6736,0,25,6.11
967.311917,6732,6736,0,25,6.11
967.411918,6732,6736,0,25,6.11
967.511919,6732,6736,0,25,6.11
967.611935,6732,6736,0,25,6.11
967.711918,6732,6736,0,25,6.11
967.811922,6732,6736,0,25,6.11
967.911918,6732,6736,0,25,6.11
968.011948,6732,6736,0,25,6.11
968.111918,6732,6736,0,25,6.11
968.211921,6732,6736,0,25,6.11
968.311917,6732,6736,0,25,6.11
968.411936,6732,6736,0,25,6.11
968.511918,6732,6736,0,25,6.11
968.611921,6732,6736,0,25,6.11
968.711926,6732,6736,0,25,6.12
968.811935,6732,6736,0,25,6.12
968.911919,6732,6736,0,25,6.11
969.011918,6732,6736,0,25,6.11
969.111926,6732,6736,0,25,6.09
969.211935,6732,6736,0,25,6.09
969.311918,6732,6736,0,25,6.09
969.411918,6732,6736,0,25,6.11
969.511918,6732,6736,0,25,6.11
969.611937,6732,6736,0,25,6.11
969.71192,6732,6736,0,25,6.11
969.811918,6732,6736,0,25,6.11
969.911925,6732,6736,0,25,6.1
970.011934,6732,6736,0,25,6.1
970.111918,6732,6736,0,25,6.11
970.211919,6732,6736,0,25,6.11
970.311918,6732,6736,0,25,6.11
970.411935,6732,6736,0,25,6.11
970.511918,6732,6736,0,25,6.11
970.611918,6732,6736,0,25,6.11
970.711918,6732,6736,0,25,6.11
970.811935,6732,6736,0,25,6.11
970.911917,6732,6736,0,25,6.11
971.011918,6732,6736,0,25,6.11
971.111925,6732,6736,0,25,6.11
971.211935,6732,6736,0,25,6.11
971.311917,6732,6736,0,25,6.11
971.411918,6732,6736,0,25,6.11
971.511919,6732,6736,0,25,6.11
971.611936,6732,6736,0,25,6.11
971.711918,6732,6736,0,25,6.11
971.811919,6732,6736,0,25,6.11
971.911921,6732,6736,0,25,6.11
972.011934,6732,6736,0,25,6.11
972.11194,6732,6736,0,25,6.11
972.211918,6732,6736,0,25,6.11
972.311935,6732,6736,0,25,6.11
972.411936,6732,6736,0,25,6.11
972.511917,6732,6736,0,25,6.11
972.61192,6732,6736,0,25,6.11
972.711919,6732,6736,0,25,6.11
972.811935,6732,6736,0,25,6.11
972.911925,6732,6736,0,25,6.11
973.011919,6732,6736,0,25,6.11
973.111919,6732,6736,0,25,6.11
973.211935,6732,6736,0,25,6.11
973.311919,6732,6736,0,25,6.11
973.41192,6732,6736,0,25,6.12
973.511919,6732,6736,0,25,6.12
973.611937,6732,6736,0,25,6.12
973.711919,6732,6736,0,25,6.11
973.811919,6732,6736,0,25,6.11
973.911926,6732,6736,0,25,6.11
974.011935,6732,6736,0,25,6.11
974.111918,6732,6736,0,25,6.1
974.21192,6732,6736,0,25,6.1
974.311925,6732,6736,0,25,6.1
974.411937,6732,6736,0,25,6.12
974.511917,6732,6736,0,25,6.12
974.611919,6732,6736,0,25,6.12
974.711928,6732,6736,0,25,6.1
974.811937,6732,6736,0,25,6.1
974.911918,6732,6736,0,25,6.11
975.011952,6732,6736,0,25,6.11
975.111918,6732,6736,0,25,6.12
975.211953,6732,6736,0,25,6.12
975.311918,6732,6736,0,25,6.12
975.41192,6732,6736,0,25,6.11
975.511918,6732,6736,0,25,6.11
975.611954,6732,6736,0,25,6.11
975.711929,6732,6736,0,25,6.11
975.811959,6732,6736,0,25,6.11
975.911919,6732,6736,0,25,6.11
976.011936,6732,6736,0,25,6.11
976.111919,6732,6736,0,25,6.11
976.211918,6732,6736,0,25,6.11
976.311927,6732,6736,0,25,6.11
976.411937,6732,6736,0,25,6.1
976.511918,6732,6736,0,25,6.1
976.611918,6732,6736,0,25,6.1
976.711919,6732,6736,0,25,6.11
976.811937,6732,6736,0,25,6.11
976.91193,6732,6736,0,25,6.1
977.011919,6732,6736,0,25,6.1
977.111918,6732,6736,0,25,6.11
977.211935,6732,6736,0,25,6.11
977.31192,6732,6736,0,25,6.11
977.411928,6732,6736,0,25,6.11
977.511918,6732,6736,0,25,6.11
977.611937,6732,6736,0,25,6.11
977.711918,6732,6736,0,25,6.11
977.811918,7104,6908,1324,25,6.11
977.911917,7104,7080,1324,25,6.06
978.011936,7104,7072,1324,25,6.06
978.111927,7104,7076,1324,25,6.05
978.211918,7104,7080,221,25,6.05
978.311926,7104,7080,221,25,6.05
978.411937,7104,7080,221,25,6.08
978.511917,7104,7076,257,25,6.08
978.611919,7104,7076,257,25,6.08
978.711919,7104,7080,257,25,6.06
978.811937,7104,7080,58,25,6.06
978.911919,7104,7076,58,25,6.08
979.011919,7104,7080,58,25,6.08
979.111919,7104,7080,58,25,6.1
979.211942,7104,7072,293,25,6.1
979.311917,7104,7072,293,25,6.1
979.411918,7104,7072,293,25,6.07
979.511918,7104,7076,293,25,6.07
979.611935,7104,7080,293,25,6.07
979.71192,7104,7076,293,25,6.05
979.81192,7104,7076,293,25,6.05
979.911931,7104,7080,293,25,6.09
980.011937,7104,7076,293,25,6.09
980.111917,7104,7072,293,25,6.06
980.211919,7104,7076,257,25,6.06
980.31192,7104,7072,257,25,6.06
980.411936,7104,7080,257,25,6.08
980.511919,7104,7080,221,25,6.08
980.611921,7104,7084,221,25,6.08
980.711918,7104,7072,221,25,6.07
980.811937,7104,7076,34,25,6.07
980.911919,7104,7076,34,25,6.06
981.011918,7104,7076,34,25,6.06
981.111918,7104,7072,34,25,6.06
981.211936,7104,7072,293,25,6.06
981.311917,7104,7076,293,25,6.06
981.411919,7104,7072,293,25,6.08
981.511926,7104,7076,257,25,6.08
981.611935,7104,7076,257,25,6.08
981.711919,7104,7076,257,25,6.07
981.811917,7104,7076,257,25,6.07
981.911919,7104,7076,257,25,6.07
982.011936,7104,7072,257,25,6.07
982.111919,7104,7076,257,25,6.08
982.211919,7104,7080,221,25,6.08
982.311919,7104,7080,221,25,6.08
982.411937,7104,7080,221,25,6.09
982.511919,7104,7076,221,25,6.09
982.611918,7104,7076,221,25,6.09
982.711917,7104,7080,221,25,6.09
982.811938,7104,7080,257,25,6.09
982.911917,7104,7076,257,25,6.08
983.01192,7104,7080,257,25,6.08
983.111917,7104,7076,257,25,6.07
983.211977,7104,7076,257,25,6.07
983.311917,7104,7080,257,25,6.07
983.411974,7104,7076,257,25,6.09
983.511918,7104,7072,564,25,6.09
983.611946,7104,7076,564,25,6.09
983.711916,7104,7080,564,25,6.11
983.811935,7104,7080,221,25,6.11
983.911917,7104,7080,221,25,6.09
984.011936,7104,7072,221,25,6.09
984.111917,7104,7080,221,25,6.09
984.211918,7104,7076,257,25,6.09
984.311918,7104,7076,257,25,6.09
984.411936,7104,7072,257,25,6.05
984.511927,7104,7076,257,25,6.05
984.611919,7104,7080,257,25,6.05
984.711918,7104,7076,257,25,6.06
984.811936,7104,7076,257,25,6.06
984.911917,7104,7072,257,25,6.06
985.011919,7104,7080,257,25,6.06
985.111918,7104,7076,257,25,6.1
985.211935,7104,7072,293,25,6.1
985.311918,7104,7072,293,25,6.1
985.411927,7104,7072,293,25,6.07
985.511918,7104,7076,257,25,6.07
985.611935,7104,7076,257,25,6.07
985.711916,7104,7080,257,25,6.08
985.811918,7104,7072,462,25,6.08
985.911917,7104,7072,462,25,6.06
986.011936,7104,7076,462,25,6.06
986.111926,7104,7080,462,25,6.06
986.211919,7104,7076,221,25,6.06
986.311918,7104,7072,221,25,6.06
986.411944,7104,7076,221,25,6.07
986.511919,7104,7080,52,25,6.07
986.61192,7104,7076,52,25,6.07
986.711919,7104,7076,52,25,6.06
986.811935,7104,7080,221,25,6.06
986.911919,7104,7076,221,25,6.07
987.011918,7104,7076,221,25,6.07
987.111918,7104,7076,221,25,6.07
987.211944,7104,7076,257,25,6.07
987.311917,7104,7080,257,25,6.07
987.411916,7104,7076,257,25,6.06
987.511919,7104,7076,426,25,6.06
987.611943,7104,7072,426,25,6.06
987.711932,7104,7072,426,25,6.05
987.811918,7104,7076,257,25,6.05
987.911935,7104,7076,257,25,6.06
988.011936,7104,7076,257,25,6.06
988.111974,7104,7076,257,25,6.07
988.211918,7104,7076,257,25,6.07
988.311935,7104,7072,257,25,6.07
988.411936,7104,7072,257,25,6.05
988.51195,7104,7076,257,25,6.05
988.611918,7104,7080,257,25,6.05
988.711955,7104,7076,257,25,6.06
988.811938,7104,7076,385,25,6.06
988.911936,7104,7076,385,25,6.08
989.011919,7104,7076,385,25,6.08
989.111918,7104,7080,385,25,6.09
989.211937,7104,7080,93,25,6.09
989.311919,7104,7080,93,25,6.09
989.41192,7104,7076,93,25,6.07
989.51192,7104,7076,421,25,6.07
989.611936,7104,7080,421,25,6.07
989.711936,7104,7080,421,25,6.08
989.811919,7104,7076,257,25,6.08
989.911918,7104,7076,257,25,6.06
990.011936,7104,7076,257,25,6.06
990.111919,7104,7076,257,25,6.07
990.211927,7104,7080,221,25,6.07
990.311918,7104,7076,221,25,6.07
990.411937,7104,7076,221,25,6.06
990.511928,7104,7076,257,25,6.06
990.611921,7104,7080,257,25,6.06
990.711936,7104,7076,257,25,6.08
990.811938,7104,7076,257,25,6.08
990.91192,7104,7076,257,25,6.08
991.011919,7104,7080,257,25,6.08
991.11192,7104,7076,257,25,6.07
991.211939,7104,7076,528,25,6.07
991.311919,7104,7076,528,25,6.07
991.411919,7104,7076,528,25,6.08
991.511921,7104,7076,257,25,6.08
991.611938,7104,7080,257,25,6.08
991.71192,7104,7080,257,25,6.08
991.811919,7104,7076,426,25,6.08
991.911919,7104,7076,426,25,6.07
992.011935,7104,7076,426,25,6.07
992.111917,7104,7076,426,25,6.08
992.21192,7104,7076,257,25,6.08
992.311918,7104,7080,257,25,6.08
992.411938,7104,7080,257,25,6.08
992.51192,7104,7076,257,25,6.08
992.611919,7104,7076,257,25,6.08
992.711927,7104,7076,257,25,6.08
992.811937,7104,7080,221,25,6.08
992.911918,7104,7080,221,25,6.09
993.011918,7104,7076,221,25,6.09
993.111921,7104,7076,221,25,6.07
993.211936,7104,7076,257,25,6.07
993.311918,7104,7076,257,25,6.07
993.411917,7104,7076,257,25,6.06
993.511918,7104,7080,93,25,6.06
993.611935,7104,7080,93,25,6.06
993.711919,7104,7076,93,25,6.06
993.811928,7104,7076,528,25,6.06
993.911926,7104,7076,528,25,6.07
994.011937,7104,7076,528,25,6.07
994.111919,7104,7076,528,25,6.07
994.211918,7104,7076,257,25,6.07
994.311916,7104,7076,257,25,6.07
994.411937,7104,7076,257,25,6.07
994.511919,7104,7076,257,25,6.07
994.611918,7104,7080,257,25,6.07
994.711923,7104,7080,257,25,6.08
994.811944,7104,7076,221,25,6.08
994.911921,7104,7076,221,25,6.08
995.011919,7104,7076,221,25,6.08
995.111919,7104,7076,221,25,6.08
995.211937,7104,7076,257,25,6.08
995.311918,7104,7076,257,25,6.08
995.411917,7104,7076,257,25,6.07
995.511936,7104,7076,257,25,6.07
995.611935,7104,7080,257,25,6.07
995.711947,7104,7076,257,25,6.07
995.811918,7104,7076,221,25,6.07
995.911934,7104,7076,221,25,6.08
996.011937,7104,7076,221,25,6.08
996.111918,7104,7076,221,25,6.06
996.211918,7104,7076,257,25,6.06
996.311938,7104,7076,257,25,6.06
996.411934,7104,7080,257,25,6.07
996.511917,7104,7076,221,25,6.07
996.611918,7104,7076,221,25,6.07
996.711918,7104,7076,221,25,6.08
996.811945,7104,7076,257,25,6.08
996.911918,7104,7072,257,25,6.06
997.011919,7104,7076,257,25,6.06
997.111917,7104,7080,257,25,6.09
997.211935,7104,7080,93,25,6.09
997.311918,7104,7080,93,25,6.09
997.411919,7104,7076,93,25,6.07
997.511919,7104,7076,426,25,6.07
997.611935,7104,7076,426,25,6.07
997.711918,7104,7076,426,25,6.08
997.811929,7104,7076,257,25,6.08
997.911917,7104,7080,257,25,6.08
998.011935,7104,7080,257,25,6.08
998.111919,7104,7076,257,25,6.07
998.211919,7104,7076,426,25,6.07
998.311935,7104,7076,426,25,6.07
998.411936,7104,7072,426,25,6.07
998.511918,7104,7076,257,25,6.07
998.611919,7104,7076,257,25,6.07
998.711918,7104,7076,257,25,6.05
998.811953,7104,7080,221,25,6.05
998.911918,7104,7080,221,25,6.08
999.011919,7104,7076,221,25,6.08
999.111916,7104,7076,221,25,6.11
999.211935,7104,7076,257,25,6.11
999.311918,7104,7076,257,25,6.11
999.41192,7104,7076,257,25,6.07
999.511919,7104,7080,52,25,6.07
999.611936,7104,7080,52,25,6.07
999.711918,7104,7076,52,25,6.1
999.81193,7104,7076,257,25,6.1
999.911918,7104,7076,257,25,6.08
1000.011944,7104,7080,257,25,6.08
1000.111917,7104,7076,257,25,6.09
1000.211919,7104,7076,385,25,6.09
1000.311918,7104,7076,385,25,6.09
1000.411936,7104,7080,385,25,6.09
1000.511918,7104,7076,257,25,6.09
1000.611921,7104,7076,257,25,6.09
1000.711918,7104,7076,257,25,6.08
1000.811958,7104,7076,293,25,6.08
1000.911918,7104,7076,293,25,6.08
1001.011935,7104,7076,293,25,6.08
1001.111926,7104,7076,293,25,6.07
1001.211935,7104,7080,58,25,6.07
1001.311918,7104,7076,58,25,6.07
1001.411947,7104,7076,58,25,6.11
1001.511927,7104,7076,257,25,6.11
1001.611936,7104,7076,257,25,6.11
1001.711918,7104,7076,257,25,6.09
1001.81193,7104,7076,257,25,6.09
1001.911917,7104,7076,257,25,6.09
1002.011936,7104,7080,257,25,6.09
1002.111918,7104,7076,257,25,6.1
1002.21192,7104,7076,257,25,6.1
1002.311918,7104,7076,257,25,6.1
1002.411943,7104,7076,257,25,6.07
1002.511919,7104,7080,52,25,6.07
1002.611918,7104,7076,52,25,6.07
1002.711918,7104,7076,52,25,6.08
1002.81194,7104,7080,257,25,6.08
1002.911923,7104,7076,257,25,6.09
1003.011921,7104,7076,257,25,6.09
1003.111926,7104,7080,257,25,6.07
1003.211937,7104,7080,93,25,6.07
1003.311918,7104,7076,93,25,6.07
1003.41192,7104,7076,93,25,6.09
1003.51192,7104,7076,257,25,6.09
1003.611938,7104,7080,257,25,6.09
1003.71192,7104,7080,257,25,6.09
1003.811953,7104,7076,385,25,6.09
1003.911919,7104,7076,385,25,6.07
1004.011938,7104,7080,385,25,6.07
1004.111917,7104,7080,385,25,6.07
1004.211945,7104,7076,221,25,6.07
1004.311918,7104,7076,221,25,6.07
1004.411935,7104,7076,221,25,6.09
1004.511919,7104,7076,257,25,6.09
1004.611919,7104,7076,257,25,6.09
1004.711918,7104,7076,257,25,6.07
1004.811948,7104,7080,93,25,6.07
1004.911919,7104,7080,93,25,6.08
1005.01192,7104,7076,93,25,6.08
1005.111921,7104,7076,93,25,6.07
1005.211938,7104,7076,257,25,6.07
1005.31193,7104,7076,257,25,6.07
1005.411938,7104,7076,257,25,6.08
1005.511919,7104,7076,257,25,6.08
1005.611937,7104,7076,257,25,6.08
1005.711918,7104,7076,257,25,6.06
1005.81192,7104,7080,221,25,6.06
1005.911918,7104,7080,221,25,6.08
1006.011936,7104,7076,221,25,6.08
1006.111918,7104,7080,221,25,6.09
1006.211918,7104,7076,528,25,6.09
1006.311918,7104,7080,528,25,6.09
1006.411935,7104,7076,528,25,6.08
1006.511917,7104,7076,257,25,6.08
1006.611918,7104,7076,257,25,6.08
1006.711925,7104,7076,257,25,6.1
1006.811935,7104,7080,257,25,6.1
1006.911917,7104,7076,257,25,6.08
1007.011919,7104,7076,257,25,6.08
1007.111926,7104,7080,257,25,6.07
1007.211938,7104,7080,52,25,6.07
1007.311917,7104,7080,52,25,6.07
1007.411918,7104,7076,52,25,6.07
1007.511916,7104,7076,385,25,6.07
1007.611936,7104,7076,385,25,6.07
1007.711918,7104,7072,385,25,6.09
1007.811929,7104,7076,257,25,6.09
1007.911919,7104,7072,257,25,6.07
1008.011952,7104,7076,257,25,6.07
1008.111918,7104,7076,257,25,6.05
1008.211946,7104,7080,52,25,6.05
1008.311919,7104,7076,52,25,6.05
1008.411948,7104,7076,52,25,6.09
1008.511918,7104,7072,421,25,6.09
1008.611936,7104,7072,421,25,6.09
1008.711918,7104,7076,421,25,6.06
1008.811936,7104,7076,257,25,6.06
1008.911918,7104,7080,257,25,6.07
1009.011918,7104,7076,257,25,6.07
1009.111919,7104,7080,257,25,6.07
1009.211935,7104,7076,129,25,6.07
1009.311917,7104,7076,129,25,6.07
1009.411919,7104,7076,129,25,6.07
1009.511917,7104,7076,257,25,6.07
1009.611936,7104,7076,257,25,6.07
1009.711918,7104,7076,257,25,6.09
1009.811919,7104,7076,257,25,6.09
1009.911918,7104,7076,257,25,6.11
1010.011935,7104,7076,257,25,6.11
1010.111919,7104,7072,257,25,6.08
1010.211917,7104,7072,421,25,6.08
1010.311917,7104,7076,421,25,6.08
1010.411938,7104,7080,421,25,6.07
1010.511917,7104,7076,351,25,6.07
1010.61192,7104,7076,351,25,6.07
1010.711919,7104,7076,351,25,6.08
1010.811935,7104,7076,257,25,6.08
1010.911919,7104,7076,257,25,6.05
1011.011918,7104,7084,257,25,6.05
1011.111926,7104,7076,257,25,6.06
1011.211935,7104,7080,221,25,6.06
1011.311919,7104,7076,221,25,6.06
1011.41192,7104,7076,221,25,6.07
1011.511919,7104,7080,221,25,6.07
1011.611942,7104,7076,221,25,6.07
1011.711919,7104,7080,221,25,6.07
1011.81192,7104,7076,528,25,6.07
1011.911918,7104,7076,528,25,6.06
1012.011937,7104,7072,528,25,6.06
1012.111918,7104,7076,528,25,6.09
1012.211919,7104,7076,257,25,6.09
1012.311918,7104,7076,257,25,6.09
1012.411936,7104,7080,257,25,6.09
1012.511918,7104,7076,257,25,6.09
1012.611919,7104,7080,257,25,6.09
1012.711921,7104,7080,257,25,6.08
1012.811935,7104,7088,221,25,6.08
1012.911918,7104,7088,221,25,6.1
1013.011919,7104,7080,221,25,6.1
1013.111918,7104,7072,221,25,6.06
1013.211936,7104,7080,221,25,6.06
1013.311919,7104,7072,221,25,6.06
1013.411918,7104,7076,221,25,6.06
1013.511917,7104,7076,257,25,6.06
1013.611936,7104,7080,257,25,6.06
1013.711918,7104,7072,257,25,6.06
1013.811926,7104,7080,385,25,6.06
1013.911919,7104,7072,385,25,6.06
1014.011936,7104,7076,385,25,6.06
1014.111919,7104,7076,385,25,6.06
1014.211927,7104,7076,221,25,6.06
1014.311918,7104,7072,221,25,6.06
1014.411934,7104,7076,221,25,6.06
1014.511919,7104,7076,257,25,6.06
1014.61192,7104,7076,257,25,6.06
1014.711919,7104,7076,257,25,6.07
1014.811935,7104,7072,257,25,6.07
1014.911918,7104,7076,257,25,6.11
1015.01192,7104,7072,257,25,6.11
1015.111922,7104,7076,257,25,6.07
1015.211935,7104,7084,221,25,6.07
1015.311952,7104,7084,221,25,6.07
1015.41192,7104,7076,221,25,6.06
1015.511976,7104,7076,221,25,6.06
1015.611935,7104,7076,221,25,6.06
1015.711936,7104,7072,221,25,6.07
1015.811919,7104,7076,257,25,6.07
1015.911918,7104,7076,257,25,6.06
1016.011934,7104,7072,257,25,6.06
1016.111919,7104,7072,257,25,6.07
1016.211918,7104,7080,257,25,6.07
1016.311925,7104,7076,257,25,6.07
1016.411936,7104,7076,257,25,6.09
1016.511918,7104,7080,221,25,6.09
1016.611917,7104,7080,221,25,6.09
1016.71192,7104,7068,221,25,6.03
1016.811947,7104,7072,293,25,6.03
1016.911919,7104,7076,293,25,6.09
1017.011919,7104,7076,293,25,6.09
1017.111918,7104,7080,293,25,6.07
1017.211934,7104,7076,426,25,6.07
1017.311918,7104,7080,426,25,6.07
1017.41192,7104,7076,426,25,6.09
1017.511918,7104,7076,257,25,6.09
1017.611935,7104,7080,257,25,6.09
1017.711918,7104,7080,257,25,6.07
1017.811922,7104,7080,93,25,6.07
1017.911926,7104,7080,93,25,6.09
1018.011935,7104,7080,93,25,6.09
1018.111949,7104,7080,93,25,6.06
1018.21193,7104,7080,221,25,6.06
1018.311953,7104,7076,221,25,6.06
1018.411936,7104,7076,221,25,6.09
1018.511935,7104,7076,257,25,6.09
1018.611919,7104,7076,257,25,6.09
1018.711935,7104,7076,257,25,6.07
1018.811935,7104,7080,221,25,6.07
1018.911919,7104,7080,221,25,6.07
1019.011919,7104,7076,221,25,6.07
1019.111918,7104,7076,221,25,6.08
1019.211934,7104,7080,257,25,6.08
1019.311919,7104,7080,257,25,6.08
1019.411917,7104,7076,257,25,6.07
1019.511919,7104,7076,257,25,6.07
1019.611957,7104,7076,257,25,6.07
1019.711918,7104,7080,257,25,6.08
1019.811923,7104,7080,221,25,6.08
1019.911918,7104,7076,221,25,6.06
1020.011936,7104,7076,221,25,6.06
1020.111919,7104,7076,221,25,6.08
1020.211936,7104,7072,293,25,6.08
1020.311919,7104,7080,293,25,6.08
1020.411935,7104,7076,293,25,6.09
1020.511919,7104,7076,257,25,6.09
1020.61192,7104,7080,257,25,6.09
1020.711929,7104,7080,257,25,6.08
1020.811934,7104,7080,221,25,6.08
1020.911917,7104,7080,221,25,6.07
1021.011919,7104,7084,221,25,6.07
1021.111919,7104,7076,221,25,6.05
1021.211978,7104,7080,221,25,6.05
1021.311943,7104,7076,221,25,6.05
1021.411919,7104,7076,221,25,6.09
1021.511979,7104,7076,257,25,6.09
1021.611934,7104,7080,257,25,6.09
1021.711945,7104,7076,257,25,6.05
1021.811918,7104,7076,257,25,6.05
1021.911917,7104,7080,257,25,6.1
1022.011934,7104,7076,257,25,6.1
1022.111918,7104,7076,257,25,6.05
1022.21192,7104,7076,257,25,6.05
1022.311917,7104,7076,257,25,6.05
1022.411946,7104,7080,257,25,6.08
1022.511926,7104,7076,257,25,6.08
1022.611918,7104,7076,257,25,6.08
1022.711918,7104,7076,257,25,6.06
1022.811946,7104,7076,351,25,6.06
1022.911926,7104,7076,351,25,6.06
1023.011917,7104,7072,351,25,6.06
1023.111916,7104,7076,351,25,6.05
1023.211947,7104,7076,257,25,6.05
1023.311917,7104,7072,257,25,6.05
1023.411918,7104,7076,257,25,6.08
1023.511917,7104,7080,52,25,6.08
1023.611935,7104,7080,52,25,6.08
1023.711918,7104,7080,52,25,6.06
1023.811919,7104,7076,257,25,6.06
1023.911917,7104,7080,257,25,6.08
1024.011934,7104,7076,257,25,6.08
1024.111918,7104,7076,257,25,6.08
1024.211919,7104,7076,257,25,6.08
1024.311926,7104,7080,257,25,6.08
1024.411946,7104,7080,257,25,6.08
1024.511918,7104,7080,257,25,6.08
1024.611918,7104,7080,257,25,6.08
1024.711918,7104,7076,257,25,6.05
1024.811948,7104,7080,221,25,6.05
1024.911919,7104,7076,221,25,6.05
1025.011918,7104,7076,221,25,6.05
1025.111917,7104,7076,221,25,6.06
1025.211947,7104,7076,257,25,6.06
1025.311919,7104,7076,257,25,6.06
1025.411921,7104,7080,257,25,6.08
1025.511918,7104,7084,17,25,6.08
1025.611948,7104,7080,17,25,6.08
1025.711918,7104,7076,17,25,6.07
1025.81192,7104,7076,93,25,6.07
1025.911917,7104,7076,93,25,6.08
1026.011954,7104,7076,93,25,6.08
1026.111918,7104,7076,93,25,6.09
1026.211917,7104,7076,385,25,6.09
1026.311919,7104,7076,385,25,6.09
1026.411947,7104,7076,385,25,6.08
1026.511929,7104,7080,93,25,6.08
1026.61192,7104,7080,93,25,6.08
1026.711918,7104,7076,93,25,6.07
1026.811947,7104,7076,257,25,6.07
1026.911917,7104,7076,257,25,6.06
1027.011917,7104,7072,257,25,6.06
1027.111918,7104,7080,257,25,6.08
1027.211947,7104,7076,257,25,6.08
1027.311938,7104,7076,257,25,6.08
1027.41192,7104,7076,257,25,6.06
1027.511918,7104,7072,421,25,6.06
1027.611946,7104,7076,421,25,6.06
1027.711918,7104,7076,421,25,6.06
1027.811919,7104,7076,257,25,6.06
1027.911919,7104,7076,257,25,6.08
1028.011935,7104,7080,257,25,6.08
1028.111919,7104,7076,257,25,6.07
1028.211937,7104,7080,221,25,6.07
1028.311917,7104,7076,221,25,6.07
1028.411959,7104,7080,221,25,6.09
1028.511919,7104,7076,257,25,6.09
1028.61194,7104,7076,257,25,6.09
1028.711917,7104,7080,257,25,6.09
1028.811957,7104,7080,385,25,6.09
1028.911919,7104,7076,385,25,6.09
1029.011947,7104,7080,385,25,6.09
1029.111926,7104,7076,385,25,6.07
1029.211945,7104,7080,221,25,6.07
1029.311916,7104,7080,221,25,6.07
1029.411935,7104,7080,221,25,6.09
1029.511917,7104,7080,221,25,6.09
1029.611947,7104,7076,221,25,6.09
1029.711916,7104,7076,221,25,6.07
1029.81192,7104,7080,257,25,6.07
1029.911917,7104,7072,257,25,6.06
1030.011946,7104,7072,257,25,6.06
1030.111918,7104,7076,257,25,6.07
1030.211919,7104,7076,257,25,6.07
1030.311918,7104,7076,257,25,6.07
1030.411934,7104,7072,257,25,6.07
1030.511926,7104,7080,221,25,6.07
1030.611918,7104,7080,221,25,6.07
1030.711916,7104,7076,221,25,6.06
1030.811932,7104,7080,221,25,6.06
1030.911917,7104,7076,221,25,6.07
1031.011918,7104,7076,221,25,6.07
1031.111926,7104,7076,221,25,6.07
1031.211941,7104,7076,385,25,6.07
1031.311918,7104,7076,385,25,6.07
1031.41192,7104,7076,385,25,6.09
1031.511918,7104,7076,257,25,6.09
1031.611938,7104,7076,257,25,6.09
1031.711919,7104,7080,257,25,6.09
1031.811927,7104,7080,221,25,6.09
1031.911918,7104,7080,221,25,6.06
1032.011945,7104,7076,221,25,6.06
1032.111918,7104,7076,221,25,6.07
1032.21194,7104,7076,528,25,6.07
1032.311918,7104,7076,528,25,6.07
1032.411976,7104,7076,528,25,6.08
1032.511917,7104,7076,257,25,6.08
1032.611948,7104,7076,257,25,6.08
1032.711918,7104,7076,257,25,6.08
1032.81193,7104,7076,257,25,6.08
1032.911918,7104,7076,257,25,6.08
1033.011919,7104,7076,257,25,6.08
1033.111918,7104,7076,257,25,6.08
1033.211942,7104,7072,421,25,6.08
1033.311918,7104,7076,421,25,6.08
1033.411917,7104,7076,421,25,6.08
1033.511925,7104,7076,257,25,6.08
1033.61195,7104,7076,257,25,6.08
1033.711918,7104,7080,257,25,6.08
1033.811951,7104,7080,58,25,6.08
1033.911918,7104,7076,58,25,6.07
1034.011931,7104,7080,58,25,6.07
1034.111917,7104,7076,58,25,6.1
1034.211918,7104,7080,52,25,6.1
1034.311918,7104,7080,52,25,6.1
1034.411929,7104,7076,52,25,6.07
1034.511918,7104,7076,385,25,6.07
1034.611919,7104,7076,385,25,6.07
1034.711918,7104,7080,385,25,6.09
1034.811932,7104,7080,221,25,6.09
1034.911917,7104,7080,221,25,6.1
1035.011918,7104,7076,221,25,6.1
1035.111925,7104,7076,221,25,6.07
1035.21193,7104,7080,52,25,6.07
1035.311918,7104,7076,52,25,6.07
1035.411919,7104,7076,52,25,6.07
1035.511918,7104,7076,257,25,6.07
1035.61193,7104,7076,257,25,6.07
1035.711917,7104,7080,257,25,6.09
1035.811919,7104,7084,221,25,6.09
1035.911926,7104,7076,221,25,6.08
1036.011929,7104,7076,221,25,6.08
1036.111921,7104,7076,221,25,6.09
1036.211926,7104,7080,93,25,6.09
1036.311918,7104,7080,93,25,6.09
1036.411949,7104,7076,93,25,6.07
1036.511919,7104,7076,257,25,6.07
1036.611917,7104,7076,257,25,6.07
1036.711921,7104,7080,257,25,6.08
1036.811931,7104,7080,93,25,6.08
1036.911917,7104,7080,93,25,6.08
1037.011919,7104,7080,93,25,6.08
1037.111917,7104,7076,93,25,6.06
1037.21193,7104,7076,257,25,6.06
1037.311918,7104,7076,257,25,6.06
1037.411918,7104,7076,257,25,6.06
1037.511917,7104,7076,257,25,6.06
1037.611949,7104,7076,257,25,6.06
1037.711917,7104,7076,257,25,6.05
1037.811918,7104,7080,221,25,6.05
1037.911918,7104,7080,221,25,6.08
1038.011947,7104,7076,221,25,6.08
1038.111917,7104,7076,221,25,6.05
1038.211919,7104,7076,257,25,6.05
1038.311926,7104,7076,257,25,6.05
1038.41193,7104,7076,257,25,6.09
1038.511917,7104,7080,257,25,6.09
1038.611918,7104,7080,257,25,6.09
1038.711919,7104,7076,257,25,6.07
1038.811948,7104,7080,93,25,6.07
1038.911917,7104,7080,93,25,6.07
1039.011918,7104,7080,93,25,6.07
1039.111918,7104,7076,93,25,6.08
1039.21193,7104,7080,221,25,6.08
1039.311918,7104,7076,221,25,6.08
1039.41192,7104,7080,221,25,6.06
1039.511918,7104,7076,257,25,6.06
1039.611947,7104,7076,257,25,6.06
1039.711918,7104,7076,257,25,6.06
1039.811922,7104,7076,257,25,6.06
1039.911918,7104,7076,257,25,6.09
1040.011947,7104,7080,257,25,6.09
1040.111918,7104,7076,257,25,6.07
1040.211918,7104,7076,257,25,6.07
1040.311926,7104,7080,257,25,6.07
1040.411948,7104,7080,257,25,6.08
1040.511935,7104,7076,257,25,6.08
1040.611917,7104,7076,257,25,6.08
1040.711917,7104,7076,257,25,6.08
1040.811947,7104,7076,257,25,6.08
1040.911916,7104,7080,257,25,6.09
1041.01192,7104,7080,257,25,6.09
1041.111917,7104,7076,257,25,6.07
1041.211946,7104,7076,257,25,6.07
1041.311919,7104,7076,257,25,6.07
1041.411917,7104,7076,257,25,6.07
1041.511918,7104,7080,221,25,6.07
1041.611948,7104,7080,221,25,6.07
1041.711919,7104,7076,221,25,6.07
1041.811919,7104,7076,257,25,6.07
1041.911919,7104,7076,257,25,6.08
1042.011949,7104,7076,257,25,6.08
1042.111917,7104,7076,257,25,6.08
1042.211918,7104,7076,257,25,6.08
1042.311918,7104,7080,257,25,6.08
1042.411947,7104,7080,257,25,6.11
1042.511917,7104,7080,257,25,6.11
1042.611916,7104,7076,257,25,6.11
1042.711936,7104,7076,257,25,6.06
1042.811947,7104,7080,221,25,6.06
1042.911935,7104,7076,221,25,6.06
1043.011918,7104,7072,221,25,6.06
1043.111942,7104,7076,221,25,6.07
1043.211948,7104,7076,257,25,6.07
1043.311946,7104,7072,257,25,6.07
1043.411917,7104,7076,257,25,6.07
1043.511936,7104,7076,88,25,6.07
1043.611946,7104,7080,88,25,6.07
1043.711919,7104,7080,88,25,6.08
1043.811917,7104,7072,293,25,6.08
1043.911917,7104,7076,293,25,6.06
1044.011948,7104,7072,293,25,6.06
1044.111919,7104,7084,293,25,6.1
1044.21192,7104,7080,221,25,6.1
1044.311918,7104,7080,221,25,6.1
1044.411946,7104,7080,221,25,6.07
1044.511919,7104,7076,257,25,6.07
1044.611917,7104,7072,257,25,6.07
1044.711919,7104,7072,257,25,6.06
1044.811948,7104,7076,257,25,6.06
1044.911919,7104,7076,257,25,6.07
1045.011918,7104,7080,257,25,6.07
1045.111919,7104,7084,257,25,6.07
1045.211948,7104,7072,257,25,6.07
1045.311941,7104,7072,257,25,6.07
1045.411917,7104,7072,257,25,6.07
1045.511935,7104,7080,221,25,6.07
1045.611947,7104,7072,221,25,6.07
1045.711975,7104,7072,221,25,6.04
1045.811924,7104,7076,257,25,6.04
1045.911935,7104,7072,257,25,6.05
1046.011946,7104,7072,257,25,6.05
1046.111934,7104,7076,257,25,6.06
1046.211918,7104,7072,293,25,6.06
1046.311918,7104,7076,293,25,6.06
1046.411948,7104,7072,293,25,6.06
1046.511918,7104,7080,52,25,6.06
1046.61192,7104,7076,52,25,6.06
1046.711926,7104,7080,52,25,6.08
1046.811989,7104,7076,257,25,6.08
1046.911919,7104,7072,257,25,6.07
1047.011919,7104,7076,257,25,6.07
1047.111926,7104,7076,257,25,6.06
1047.211948,7104,7072,293,25,6.06
1047.311919,7104,7076,293,25,6.06
1047.411918,7104,7080,293,25,6.07
1047.51195,7104,7076,257,25,6.07
1047.611947,7104,7076,257,25,6.07
1047.711953,7104,7076,257,25,6.06
1047.811917,7104,7076,257,25,6.06
1047.911935,7104,7076,257,25,6.08
1048.011948,7104,7076,257,25,6.08
1048.111918,7104,7072,257,25,6.08
1048.211919,7104,7072,293,25,6.08
1048.311919,7104,7076,293,25,6.08
1048.411955,7104,7076,293,25,6.08
1048.511918,7104,7076,293,25,6.08
1048.611917,7104,7080,293,25,6.08
1048.711919,7104,7076,293,25,6.06
1048.811945,7104,7080,221,25,6.06
1048.911918,7104,7076,221,25,6.07
1049.011918,7104,7080,221,25,6.07
1049.111916,7104,7080,221,25,6.09
1049.211944,7104,7076,257,25,6.09
1049.311917,7104,7076,257,25,6.09
1049.411918,7104,7080,257,25,6.09
1049.511918,7104,7080,52,25,6.09
1049.611933,7104,7080,52,25,6.09
1049.711918,7104,7080,52,25,6.08
1049.811918,7104,7080,52,25,6.08
1049.911917,7104,7076,52,25,6.07
1050.011938,7104,7076,52,25,6.07
1050.111918,7104,7076,52,25,6.06
1050.211918,7104,7080,257,25,6.06
1050.311917,7104,7076,257,25,6.06
1050.411938,7104,7080,257,25,6.07
1050.511917,7104,7080,221,25,6.07
1050.611918,7104,7076,221,25,6.07
1050.711917,7104,7076,221,25,6.07
1050.811935,7104,7072,293,25,6.07
1050.911937,7104,7076,293,25,6.07
1051.011919,7104,7076,293,25,6.07
1051.111918,7104,7076,293,25,6.07
1051.211934,7104,7072,462,25,6.07
1051.311918,7104,7076,462,25,6.07
1051.411917,7104,7080,462,25,6.09
1051.511918,7104,7080,221,25,6.09
1051.611946,7104,7072,221,25,6.09
1051.711916,7104,7076,221,25,6.08
1051.811918,7104,7076,257,25,6.08
1051.911919,7104,7076,257,25,6.08
1052.011948,7104,7076,257,25,6.08
1052.111917,7104,7076,257,25,6.08
1052.211918,7104,7076,257,25,6.08
1052.311917,7104,7076,257,25,6.08
1052.411947,7104,7076,257,25,6.09
1052.511919,7104,7076,385,25,6.09
1052.611918,7104,7076,385,25,6.09
1052.711917,7104,7076,385,25,6.07
1052.811947,7104,7076,257,25,6.07
1052.911917,7104,7080,257,25,6.1
1053.011919,7104,7076,257,25,6.1
1053.111917,7104,7076,257,25,6.08
1053.211948,7104,7076,257,25,6.08
1053.311928,7104,7080,257,25,6.08
1053.411919,7104,7076,257,25,6.07
1053.511918,7104,7072,421,25,6.07
1053.611947,7104,7076,421,25,6.07
1053.711925,7104,7076,421,25,6.09
1053.811918,7104,7076,257,25,6.09
1053.911917,7104,7076,257,25,6.08
1054.011954,7104,7072,257,25,6.08
1054.111918,7104,7076,257,25,6.06
1054.211918,7104,7080,221,25,6.06
1054.311919,7104,7076,221,25,6.06
1054.411948,7104,7076,221,25,6.06
1054.511918,7104,7080,52,25,6.06
1054.611919,7104,7080,52,25,6.06
1054.711916,7104,7076,52,25,6.08
1054.811935,7104,7076,426,25,6.08
1054.911917,7104,7076,426,25,6.07
1055.011919,7104,7080,426,25,6.07
1055.111917,7104,7076,426,25,6.08
1055.211948,7104,7080,93,25,6.08
1055.311918,7104,7080,93,25,6.08
1055.411926,7104,7076,93,25,6.08
1055.511919,7104,7084,221,25,6.08
1055.611946,7104,7080,221,25,6.08
1055.711917,7104,7076,221,25,6.09
1055.811921,7104,7076,257,25,6.09
1055.911924,7104,7076,257,25,6.08
1056.011951,7104,7076,257,25,6.08
1056.111917,7104,7076,257,25,6.08
1056.211945,7104,7076,426,25,6.08
1056.311918,7104,7076,426,25,6.08
1056.411947,7104,7076,426,25,6.07
1056.511918,7104,7080,93,25,6.07
1056.611926,7104,7076,93,25,6.07
1056.711916,7104,7072,93,25,6.06
1056.811947,7104,7072,293,25,6.06
1056.911918,7104,7080,293,25,6.05
1057.011918,7104,7076,293,25,6.05
1057.111918,7104,7080,293,25,6.08
1057.211947,7104,7076,257,25,6.08
1057.311917,7104,7076,257,25,6.08
1057.411918,7104,7076,257,25,6.07
1057.511924,7104,7080,257,25,6.07
1057.611947,7104,7080,257,25,6.07
1057.711918,7104,7076,257,25,6.07
1057.81192,7104,7076,221,25,6.07
1057.911917,7104,7076,221,25,6.06
1058.011949,7104,7076,221,25,6.06
1058.111919,7104,7076,221,25,6.07
1058.21192,7104,7076,257,25,6.07
1058.311918,7104,7076,257,25,6.07
1058.411947,7104,7076,257,25,6.07
1058.511917,7104,7080,221,25,6.07
1058.611919,7104,7076,221,25,6.07
1058.711937,7104,7076,221,25,6.09
1058.81195,7104,7076,257,25,6.09
1058.911917,7104,7076,257,25,6.07
1059.011937,7104,7076,257,25,6.07
1059.111918,7104,7080,257,25,6.06
1059.211951,7104,7080,93,25,6.06
1059.311917,7104,7080,93,25,6.06
1059.411938,7104,7076,93,25,6.07
1059.511917,7104,7076,426,25,6.07
1059.611947,7104,7076,426,25,6.07
1059.711918,7104,7076,426,25,6.08
1059.811937,7104,7076,257,25,6.08
1059.911917,7104,7076,257,25,6.07
1060.011947,7104,7076,257,25,6.07
1060.111918,7104,7080,257,25,6.07
1060.211926,7104,7076,257,25,6.07
1060.311918,7104,7076,257,25,6.07
1060.411947,7104,7076,257,25,6.06
1060.511918,7104,7076,257,25,6.06
1060.611918,7104,7080,257,25,6.06
1060.711918,7104,7080,257,25,6.07
1060.811942,7104,7080,221,25,6.07
1060.911917,7104,7080,221,25,6.08
1061.011954,7104,7080,221,25,6.08
1061.111918,7104,7076,221,25,6.08
1061.211946,7104,7076,257,25,6.08
1061.311919,7104,7076,257,25,6.08
1061.411917,7104,7076,257,25,6.08
1061.511925,7104,7076,257,25,6.08
1061.611947,7104,7076,257,25,6.08
1061.711917,7104,7080,257,25,6.11
1061.81192,7104,7076,257,25,6.11
1061.911918,7104,7076,257,25,6.08
1062.011943,7104,7080,257,25,6.08
1062.111917,7104,7080,257,25,6.08
1062.211919,7104,7080,221,25,6.08
1062.311917,7104,7076,221,25,6.08
1062.411946,7104,7076,221,25,6.08
1062.511918,7104,7076,221,25,6.08
1062.611917,7104,7076,221,25,6.08
1062.711919,7104,7076,221,25,6.08
1062.811947,7104,7072,293,25,6.08
1062.911918,7104,7080,293,25,6.08
1063.011919,7104,7080,293,25,6.08
1063.111924,7104,7080,293,25,6.06
1063.211945,7104,7080,221,25,6.06
1063.311918,7104,7080,221,25,6.06
1063.411917,7104,7076,221,25,6.1
1063.511918,7104,7076,257,25,6.1
1063.611948,7104,7080,257,25,6.1
1063.711917,7104,7080,257,25,6.06
1063.811926,7104,7076,58,25,6.06
1063.911917,7104,7076,58,25,6.09
1064.011946,7104,7076,58,25,6.09
1064.111918,7104,7076,58,25,6.09
1064.211918,7104,7076,257,25,6.09
1064.311918,7104,7076,257,25,6.09
1064.411945,7104,7076,257,25,6.07
1064.511918,7104,7072,257,25,6.07
1064.611918,7104,7072,257,25,6.07
1064.711918,7104,7076,257,25,6.05
1064.811942,7104,7080,221,25,6.05
1064.911919,7104,7080,221,25,6.07
1065.011919,7104,7076,221,25,6.07
1065.111919,7104,7076,221,25,6.08
1065.211941,7104,7076,257,25,6.08
1065.311918,7104,7080,257,25,6.08
1065.411919,7104,7076,257,25,6.07
1065.511918,7104,7076,257,25,6.07
1065.611948,7104,7080,257,25,6.07
1065.711917,7104,7076,257,25,6.09
1065.811918,7104,7076,257,25,6.09
1065.911918,7104,7080,257,25,6.08
1066.011945,7104,7076,257,25,6.08
1066.111918,7104,7076,257,25,6.09
1066.211919,7104,7076,426,25,6.09
1066.311918,7104,7076,426,25,6.09
1066.411945,7104,7076,426,25,6.06
1066.511917,7104,7076,385,25,6.06
1066.611918,7104,7076,385,25,6.06
1066.711918,7104,7076,385,25,6.07
1066.811935,7104,7076,257,25,6.07
1066.911918,7104,7080,257,25,6.09
1067.01192,7104,7076,257,25,6.09
1067.111918,6732,7080,257,25,6.1
1067.211933,6732,6744,324,25,6.1
1067.311917,6732,6740,324,25,6.1
1067.41192,6732,6736,324,25,6.11
1067.511918,6732,6740,221,25,6.11
1067.611932,6732,6740,221,25,6.11
1067.711918,6732,6740,221,25,6.11
1067.811926,6732,6740,221,25,6.11
1067.911919,6732,6736,221,25,6.1
1068.011946,6732,6736,221,25,6.1
1068.11192,6732,6736,221,25,6.11
1068.211918,6732,6736,0,25,6.11
1068.31192,6732,6736,0,25,6.11
1068.411945,6732,6736,0,25,6.11
1068.511919,6732,6736,0,25,6.11
1068.611917,6732,6736,0,25,6.11
1068.711918,6732,6736,0,25,6.11
1068.811947,6732,6736,0,25,6.11
1068.911951,6732,6736,0,25,6.11
1069.011918,6732,6736,0,25,6.11
1069.111946,6732,6736,0,25,6.11
1069.211948,6732,6736,0,25,6.11
1069.311934,6732,6736,0,25,6.11
1069.41192,6732,6736,0,25,6.11
1069.511916,6732,6736,0,25,6.11
1069.611949,6732,6736,0,25,6.11
1069.711918,6732,6736,0,25,6.12
1069.811918,6732,6736,0,25,6.12
1069.91192,6732,6736,0,25,6.11
1070.011949,6732,6736,0,25,6.11
1070.111918,6732,6736,0,25,6.12
1070.211927,6732,6736,0,25,6.12
1070.311916,6732,6736,0,25,6.12
1070.411948,6732,6736,0,25,6.11
1070.511918,6732,6736,0,25,6.11
1070.61192,6732,6736,0,25,6.11
1070.711917,6732,6736,0,25,6.11
1070.811949,6732,6736,0,25,6.11
1070.911918,6732,6736,0,25,6.11
1071.011918,6732,6736,0,25,6.11
1071.11192,6732,6736,0,25,6.11
1071.211946,6732,6736,0,25,6.11
1071.311918,6732,6736,0,25,6.11
1071.411918,6732,6736,0,25,6.11
1071.511936,6732,6736,0,25,6.11
1071.611948,6732,6736,0,25,6.11
1071.711934,6732,6736,0,25,6.11
1071.811918,6732,6736,0,25,6.11
1071.911918,6732,6736,0,25,6.11
1072.011945,6732,6736,0,25,6.11
1072.111919,6732,6736,0,25,6.12
1072.211918,6732,6736,0,25,6.12
1072.311919,6732,6736,0,25,6.12
1072.411946,6732,6736,0,25,6.12
1072.511919,6732,6736,0,25,6.12
1072.611918,6732,6736,0,25,6.12
1072.711918,6732,6736,0,25,6.11
1072.811945,6732,6736,0,25,6.11
1072.911918,6732,6736,0,25,6.11
1073.011918,6732,6736,0,25,6.11
1073.111919,6732,6736,0,25,6.11
1073.211947,6732,6736,0,25,6.11
1073.311927,6732,6736,0,25,6.11
1073.411919,6732,6736,0,25,6.11
1073.511919,6732,6736,0,25,6.11
1073.611948,6732,6736,0,25,6.11
1073.711924,6732,6736,0,25,6.11
1073.811919,6732,6736,0,25,6.11
1073.91192,6732,6736,0,25,6.11
1074.011946,6732,6736,0,25,6.11
1074.111927,6732,6736,0,25,6.12
1074.211919,6732,6736,0,25,6.12
1074.311942,6732,6736,0,25,6.12
1074.411947,6732,6736,0,25,6.11
1074.51195,6732,6736,0,25,6.11
1074.61192,6732,6736,0,25,6.11
1074.711945,6732,6736,0,25,6.11
1074.811946,6732,6736,0,25,6.11
1074.911917,6732,6736,0,25,6.11
1075.011918,6732,6736,0,25,6.11
1075.111918,6732,6736,0,25,6.11
1075.211946,6732,6736,0,25,6.11
1075.311919,6732,6736,0,25,6.11
1075.411919,6732,6736,0,25,6.11
1075.511917,6732,6736,0,25,6.11
1075.611944,6732,6736,0,25,6.11
1075.711925,6732,6736,0,25,6.11
1075.811918,6732,6736,0,25,6.11
1075.911918,6732,6736,0,25,6.11
1076.011947,6732,6736,0,25,6.11
1076.111918,6732,6736,0,25,6.11
1076.211918,6732,6736,0,25,6.11
1076.311925,6732,6736,0,25,6.11
1076.411946,6732,6736,0,25,6.1
1076.511917,6732,6736,0,25,6.1
1076.611917,6732,6736,0,25,6.1
1076.711918,6732,6736,0,25,6.11
1076.811948,6732,6736,0,25,6.11
1076.911918,6732,6736,0,25,6.11
1077.01192,6732,6736,0,25,6.11
1077.111916,6732,6736,0,25,6.11
1077.211943,6732,6736,0,25,6.11
1077.311917,6732,6736,0,25,6.11
1077.411919,6732,6736,0,25,6.11
1077.511917,6732,6736,0,25,6.11
1077.611951,6732,6736,0,25,6.11
1077.711917,6732,6736,0,25,6.11
1077.811919,6732,6736,0,25,6.11
1077.911916,6732,6736,0,25,6.11
1078.011945,6732,6736,0,25,6.11
1078.111918,6732,6736,0,25,6.1
1078.211921,6732,6736,0,25,6.1
1078.311919,6732,6736,0,25,6.1
1078.41194,6732,6736,0,25,6.11
1078.511919,6732,6736,0,25,6.11
1078.611919,6732,6736,0,25,6.11
1078.711919,6732,6736,0,25,6.11
1078.811939,6732,6736,0,25,6.11
1078.911918,6732,6736,0,25,6.12
1079.011918,6732,6736,0,25,6.12
1079.111917,6732,6736,0,25,6.11
1079.211944,6732,6736,0,25,6.11
1079.311918,6732,6736,0,25,6.11
1079.411918,6732,6736,0,25,6.11
1079.511918,6732,6736,0,25,6.11
1079.611945,6732,6736,0,25,6.11
1079.711919,6732,6736,0,25,6.11
1079.811919,6732,6736,0,25,6.11
1079.911918,6732,6736,0,25,6.11
1080.011946,6732,6736,0,25,6.11
1080.111917,6732,6736,0,25,6.1
1080.211919,6732,6736,0,25,6.1
1080.311919,6732,6736,0,25,6.1
1080.411936,6732,6736,0,25,6.12
1080.511927,6732,6736,0,25,6.12
1080.611919,6732,6736,0,25,6.12
1080.711916,7104,6736,0,25,6.12
1080.811939,7104,7060,278,25,6.12
1080.911917,7104,7076,278,25,6.06
1081.011929,7104,7076,278,25,6.06
1081.111918,7104,7076,278,25,6.06
1081.211945,7104,7076,257,25,6.06
1081.311918,7104,7080,257,25,6.06
1081.411951,7104,7076,257,25,6.09
1081.511917,7104,7080,93,25,6.09
1081.611947,7104,7072,93,25,6.09
1081.711917,7104,7076,93,25,6.07
1081.811919,7104,7076,257,25,6.07
1081.911917,7104,7080,257,25,6.07
1082.011929,7104,7080,257,25,6.07
1082.111918,7104,7076,257,25,6.05
1082.21192,7104,7076,257,25,6.05
1082.311917,7104,7080,257,25,6.05
1082.411934,7104,7076,257,25,6.06
1082.511919,7104,7076,257,25,6.06
1082.611919,7104,7076,257,25,6.06
1082.71192,7104,7076,257,25,6.07
1082.811929,7104,7076,257,25,6.07
1082.911918,7104,7076,257,25,6.08
1083.011918,7104,7076,257,25,6.08
1083.111918,7104,7076,257,25,6.06
1083.211931,7104,7076,385,25,6.06
1083.311918,7104,7076,385,25,6.06
1083.41192,7104,7076,385,25,6.07
1083.511926,7104,7076,221,25,6.07
1083.611931,7104,7080,221,25,6.07
1083.711917,7104,7076,221,25,6.07
1083.811919,7104,7076,257,25,6.07
1083.911945,7104,7076,257,25,6.09
1084.01193,7104,7076,257,25,6.09
1084.111917,7104,7080,257,25,6.09
1084.211918,7104,7076,257,25,6.09
1084.311918,7104,7080,257,25,6.09
1084.411934,7104,7076,257,25,6.09
1084.511919,7104,7076,257,25,6.09
1084.611918,7104,7076,257,25,6.09
1084.711917,7104,7076,257,25,6.08
1084.811929,7104,7080,221,25,6.08
1084.911917,7104,7080,221,25,6.09
1085.011926,7104,7080,221,25,6.09
1085.111936,7104,7076,221,25,6.06
1085.21193,7104,7080,93,25,6.06
1085.311917,7104,7076,93,25,6.06
1085.411918,7104,7076,93,25,6.05
1085.511918,7104,7076,257,25,6.05
1085.611943,7104,7076,257,25,6.05
1085.711927,7104,7076,257,25,6.07
1085.811918,7104,7076,257,25,6.07
1085.911918,7104,7076,257,25,6.07
1086.011952,7104,7076,257,25,6.07
1086.111916,7104,7076,257,25,6.09
1086.211921,7104,7076,385,25,6.09
1086.311917,7104,7076,385,25,6.09
1086.41196,7104,7076,385,25,6.07
1086.511918,7104,7080,58,25,6.07
1086.611918,7104,7076,58,25,6.07
1086.711919,7104,7076,58,25,6.08
1086.811942,7104,7076,257,25,6.08
1086.911919,7104,7080,257,25,6.08
1087.011918,7104,7076,257,25,6.08
1087.111917,7104,7076,257,25,6.08
1087.211945,7104,7080,257,25,6.08
1087.311926,7104,7076,257,25,6.08
1087.411923,7104,7076,257,25,6.07
1087.511918,7104,7080,93,25,6.07
1087.611951,7104,7076,93,25,6.07
1087.711917,7104,7076,93,25,6.07
1087.811958,7104,7076,257,25,6.07
1087.911918,7104,7080,257,25,6.09
1088.011942,7104,7080,257,25,6.09
1088.111917,7104,7076,257,25,6.07
1088.211918,7104,7076,257,25,6.07
1088.311918,7104,7084,257,25,6.07
1088.411947,7104,7080,257,25,6.1
1088.511916,7104,7080,221,25,6.1
1088.611919,7104,7076,221,25,6.1
1088.711926,7104,7076,221,25,6.09
1088.81195,7104,7076,257,25,6.09
1088.911917,7104,7080,257,25,6.08
1089.011918,7104,7080,257,25,6.08
1089.111918,7104,7076,257,25,6.07
1089.211942,7104,7076,257,25,6.07
1089.311918,7104,7072,257,25,6.07
1089.411918,7104,7076,257,25,6.07
1089.511918,7104,7080,257,25,6.07
1089.611931,7104,7080,257,25,6.07
1089.711925,7104,7080,257,25,6.09
1089.811925,7104,7080,221,25,6.09
1089.911917,7104,7076,221,25,6.07
1090.011936,7104,7076,221,25,6.07
1090.111927,7104,7076,221,25,6.07
1090.211918,7104,7076,257,25,6.07
1090.311916,7104,7076,257,25,6.07
1090.411949,7104,7076,257,25,6.08
1090.511926,7104,7076,462,25,6.08
1090.611919,7104,7076,462,25,6.08
1090.711918,7104,7076,462,25,6.09
1090.811948,7104,7076,257,25,6.09
1090.911917,7104,7076,257,25,6.09
1091.011918,7104,7076,257,25,6.09
1091.111917,7104,7076,257,25,6.06
1091.211948,7104,7076,257,25,6.06
1091.311919,7104,7080,257,25,6.06
1091.411918,7104,7076,257,25,6.07
1091.511919,7104,7076,257,25,6.07
1091.611976,7104,7076,257,25,6.07
1091.711931,7104,7076,257,25,6.07
1091.811931,7104,7076,129,25,6.07
1091.911939,7104,7076,129,25,6.08
1092.01196,7104,7076,129,25,6.08
1092.111932,7104,7076,129,25,6.07
1092.211932,7104,7076,257,25,6.07
1092.31193,7104,7080,257,25,6.07
1092.411961,7104,7076,257,25,6.08
1092.511931,7104,7076,293,25,6.08
1092.611932,7104,7080,293,25,6.08
1092.711931,7104,7076,293,25,6.07
1092.81196,7104,7076,257,25,6.07
1092.911938,7104,7076,257,25,6.07
1093.011932,7104,7080,257,25,6.07
1093.111931,7104,7076,257,25,6.07
1093.21196,7104,7076,257,25,6.07
1093.311932,7104,7076,257,25,6.07
1093.411931,7104,7076,257,25,6.08
1093.511941,7104,7080,221,25,6.08
1093.611976,7104,7076,221,25,6.08
1093.711931,7104,7076,221,25,6.07
1093.811938,7104,7080,93,25,6.07
1093.911932,7104,7076,93,25,6.08
1094.011957,7104,7076,93,25,6.08
1094.111939,7104,7076,93,25,6.08
1094.211932,7104,7076,385,25,6.08
1094.311932,7104,7076,385,25,6.08
1094.411961,7104,7072,385,25,6.05
1094.511953,7104,7076,257,25,6.05
1094.611933,7104,7072,257,25,6.05
1094.711976,7104,7076,257,25,6.08
1094.811983,7104,7076,257,25,6.08
1094.91199,7104,7080,257,25,6.07
1095.011931,7104,7080,257,25,6.07
1095.112,7104,7080,257,25,6.08
1095.211972,7104,7080,221,25,6.08
1095.311992,7104,7076,221,25,6.08
1095.411932,7104,7080,221,25,6.07
1095.511948,7104,7080,221,25,6.07
1095.611956,7104,7076,221,25,6.07
1095.711931,7104,7076,221,25,6.07
1095.811931,7104,7076,257,25,6.07
1095.911931,7104,7080,257,25,6.08
1096.011977,7104,7080,257,25,6.08
1096.111932,7104,7080,257,25,6.09
1096.211932,7104,7080,528,25,6.09
1096.311931,7104,7076,528,25,6.09
1096.411959,7104,7072,528,25,6.09
1096.511931,7104,7072,257,25,6.09
1096.611932,7104,7076,257,25,6.09
1096.711932,7104,7076,257,25,6.08
1096.811974,7104,7076,221,25,6.08
1096.911931,7104,7080,221,25,6.09
1097.011932,7104,7080,221,25,6.09
1097.111931,7104,7080,221,25,6.09
1097.21196,7104,7080,93,25,6.09
1097.311932,7104,7076,93,25,6.09
1097.411934,7104,7076,93,25,6.06
1097.511931,7104,7080,221,25,6.06
1097.611956,7104,7080,221,25,6.06
1097.71193,7104,7080,221,25,6.07
1097.811976,7104,7080,221,25,6.07
1097.911945,7104,7076,221,25,6.07
1098.011956,7104,7080,221,25,6.07
1098.11193,7104,7080,221,25,6.09
1098.211931,7104,7080,221,25,6.09
1098.311931,7104,7080,221,25,6.09
1098.411955,7104,7076,221,25,6.09
1098.51193,7104,7080,221,25,6.09
1098.611931,7104,7080,221,25,6.09
1098.71193,7104,7076,221,25,6.04
1098.811946,7104,7080,52,25,6.04
1098.911953,7104,7076,52,25,6.09
1099.011931,7104,7080,52,25,6.09
1099.111929,7104,7080,52,25,6.06
1099.211952,7104,7076,257,25,6.06
1099.311931,7104,7080,257,25,6.06
1099.411932,7104,7076,257,25,6.07
1099.51193,7104,7072,421,25,6.07
1099.61195,7104,7076,421,25,6.07
1099.711932,7104,7076,421,25,6.07
1099.811932,7104,7076,426,25,6.07
1099.911935,7104,7080,426,25,6.07
1100.011948,7104,7076,426,25,6.07
1100.111933,7104,7076,426,25,6.07
1100.211931,7104,7072,293,25,6.07
1100.311931,6732,6900,293,25,6.07
1100.411947,6732,6736,293,25,6.1
1100.511931,6732,6736,0,25,6.1
1100.611931,6732,6740,0,25,6.1
1100.711931,6732,6740,0,25,6.1
1100.811946,6732,6740,221,25,6.1
1100.911944,6732,6740,221,25,6.11
1101.01193,6732,6740,221,25,6.11
1101.111933,6732,6740,221,25,6.11
1101.21195,7104,6740,394,25,6.11
1101.311931,7104,7080,394,25,6.11
1101.411932,7104,7080,394,25,6.09
1101.511931,7104,7080,221,25,6.09
1101.611947,7104,7080,221,25,6.09
1101.711933,7104,7076,221,25,6.12
1101.811932,7104,7084,180,25,6.12
1101.911981,7104,7080,180,25,6.1
1102.011945,7104,7080,180,25,6.1
1102.111954,7104,7076,180,25,6.06
1102.211933,7104,7076,257,25,6.06
1102.311959,7104,7076,257,25,6.06
1102.411945,7104,7076,257,25,6.07
1102.511932,7104,7080,93,25,6.07
1102.61194,7104,7072,93,25,6.07
1102.71193,7104,7076,93,25,6.08
1102.811948,7104,7072,257,25,6.08
1102.911934,7104,7080,257,25,6.11
1103.011931,7104,7072,257,25,6.11
1103.111931,7104,7080,257,25,6.08
1103.211944,7104,7076,257,25,6.08
1103.31193,7104,7076,257,25,6.08
1103.411932,7104,7076,257,25,6.08
1103.511931,7104,7080,221,25,6.08
1103.611944,7104,7076,221,25,6.08
1103.711931,7104,7076,221,25,6.06
1103.811932,7104,7080,221,25,6.06
1103.911932,7104,7080,221,25,6.07
1104.011944,7104,7080,221,25,6.07
1104.111931,7104,7076,221,25,6.06
1104.211931,7104,7076,257,25,6.06
1104.311941,7104,7076,257,25,6.06
1104.411944,7104,7076,257,25,6.07
1104.511931,7104,7076,34,25,6.07
1104.611932,7104,7076,34,25,6.07
1104.711931,7104,7076,34,25,6.06
1104.811943,7104,7076,221,25,6.06
1104.911953,7104,7076,221,25,6.07
1105.011932,7104,7076,221,25,6.07
1105.111931,7104,7080,221,25,6.05
1105.211945,7104,7080,93,25,6.05
1105.31193,7104,7080,93,25,6.05
1105.411931,7104,7076,93,25,6.05
1105.51193,7104,7076,426,25,6.05
1105.611946,7104,7076,426,25,6.05
1105.71193,7104,7076,426,25,6.08
1105.811931,7104,7076,257,25,6.08
1105.911939,7104,7080,257,25,6.09
1106.011945,7104,7080,257,25,6.09
1106.111933,7104,7076,257,25,6.05
1106.211931,7104,7076,257,25,6.05
1106.311932,7104,7084,257,25,6.05
1106.411944,7104,7076,257,25,6.06
1106.511931,7104,7076,58,25,6.06
1106.611952,7104,7076,58,25,6.06
1106.711935,7104,7076,58,25,6.07
1106.811961,7104,7076,221,25,6.07
1106.911931,7104,7076,221,25,6.07
1107.011949,7104,7076,221,25,6.07
1107.111931,7104,7080,221,25,6.07
1107.21198,7104,7080,221,25,6.07
1107.31193,7104,7072,221,25,6.07
1107.411931,7104,7076,221,25,6.07
1107.511931,7104,7076,88,25,6.07
1107.61195,7104,7080,88,25,6.07
1107.711931,7104,7076,88,25,6.08
1107.811932,7104,7076,257,25,6.08
1107.911931,7104,7076,257,25,6.08
1108.011976,7104,7080,257,25,6.08
1108.111931,7104,7080,257,25,6.07
1108.211977,7104,7076,257,25,6.07
1108.311934,7104,7076,257,25,6.07
1108.411976,7104,7072,257,25,6.03
1108.511932,7104,7072,293,25,6.03
1108.611949,7104,7080,293,25,6.03
1108.711931,7104,7080,293,25,6.07
1108.811961,7104,7072,462,25,6.07
1108.911932,7104,7076,462,25,6.05
1109.011933,7104,7076,462,25,6.05
1109.111932,7104,7076,462,25,6.07
1109.21196,7104,7080,58,25,6.07
1109.311932,7104,7076,58,25,6.07
1109.411939,7104,7076,58,25,6.07
1109.511931,7104,7080,221,25,6.07
1109.611961,7104,7080,221,25,6.07
1109.711931,7104,7080,221,25,6.1
1109.811931,7104,7080,385,25,6.1
1109.911931,7104,7076,385,25,6.05
1110.011961,7104,7076,385,25,6.05
1110.111931,7104,7080,385,25,6.09
1110.211931,7104,7084,221,25,6.09
1110.311931,7104,7080,221,25,6.09
1110.411959,7104,7076,221,25,6.1
1110.511939,7104,7076,257,25,6.1
1110.611931,7104,7080,257,25,6.1
1110.711931,7104,7080,257,25,6.09
1110.81196,7104,7076,257,25,6.09
1110.911933,7104,7080,257,25,6.1
1111.011934,7104,7080,257,25,6.1
1111.11193,7104,7076,257,25,6.07
1111.21196,7104,7080,221,25,6.07
1111.311931,7104,7076,221,25,6.07
1111.411932,7104,7076,221,25,6.07
1111.511932,7104,7072,293,25,6.07
1111.611975,7104,7080,293,25,6.07
1111.711932,7104,7076,293,25,6.06
1111.811931,7104,7076,528,25,6.06
1111.911932,7104,7076,528,25,6.07
1112.011976,7104,7076,528,25,6.07
1112.111939,7104,7076,528,25,6.1
1112.211931,7104,7076,257,25,6.1
1112.311932,7104,7076,257,25,6.1
1112.41196,7104,7076,257,25,6.07
1112.51193,7104,7080,221,25,6.07
1112.611932,7104,7076,221,25,6.07
1112.711931,7104,7076,221,25,6.06
1112.81196,7104,7076,257,25,6.06
1112.911931,7104,7080,257,25,6.07
1113.011932,7104,7072,257,25,6.07
1113.111931,7104,7072,257,25,6.01
1113.21196,7104,7076,462,25,6.01
1113.311931,7104,7076,462,25,6.01
1113.411932,7104,7080,462,25,6.08
1113.51194,7104,7076,257,25,6.08
1113.611973,7104,7076,257,25,6.08
1113.711931,7104,7072,257,25,6.05
1113.811932,7104,7076,257,25,6.05
1113.911932,7104,7076,257,25,6.06
1114.01196,7104,7072,257,25,6.06
1114.111939,7104,7072,257,25,6.06
1114.211933,7104,7076,257,25,6.06
1114.311932,7104,7076,257,25,6.06
1114.411975,7104,7076,257,25,6.07
1114.511932,7104,7076,293,25,6.07
1114.611932,7104,7080,293,25,6.07
1114.71194,7104,7080,293,25,6.08
1114.811975,7104,7076,257,25,6.08
1114.911931,7104,7080,257,25,6.08
1115.011932,7104,7076,257,25,6.08
1115.111944,7104,7076,257,25,6.07
1115.211975,7104,7080,221,25,6.07
1115.31193,7104,7076,221,25,6.07
1115.411931,7104,7080,221,25,6.07
1115.51195,7104,7076,257,25,6.07
1115.611976,7104,7076,257,25,6.07
1115.711932,7104,7076,257,25,6.08
1115.811933,7104,7072,421,25,6.08
1115.911932,7104,7076,421,25,6.05
1116.011959,7104,7076,421,25,6.05
1116.111932,7104,7076,421,25,6.09
1116.211947,7104,7076,385,25,6.09
1116.311931,7104,7076,385,25,6.09
1116.411978,7104,7072,385,25,6.05
1116.51193,7104,7072,257,25,6.05
1116.611953,7104,7076,257,25,6.05
1116.711931,7104,7080,257,25,6.1
1116.81196,7104,7080,221,25,6.1
1116.911931,7104,7080,221,25,6.08
1117.011948,7104,7080,221,25,6.08
1117.11193,7104,7080,221,25,6.06
1117.211959,7104,7076,257,25,6.06
1117.31193,7104,7080,257,25,6.06
1117.411933,7104,7076,257,25,6.09
1117.511932,7104,7076,257,25,6.09
1117.611951,7104,7076,257,25,6.09
1117.71193,7104,7076,257,25,6.09
1117.811931,7104,7076,257,25,6.09
1117.911931,7104,7080,257,25,6.09
1118.011959,7104,7072,257,25,6.09
1118.111932,7104,7072,257,25,6.06
1118.211932,7104,7072,293,25,6.06
1118.311931,7104,7076,293,25,6.06
1118.411959,7104,7080,293,25,6.08
1118.511931,7104,7080,221,25,6.08
1118.611931,7104,7072,221,25,6.08
1118.711932,7104,7072,221,25,6.07
1118.811956,7104,7076,129,25,6.07
1118.911939,7104,7080,129,25,6.05
1119.011932,7104,7072,129,25,6.05
1119.111932,7104,7076,129,25,6.09
1119.211954,7104,7076,257,25,6.09
1119.311931,7104,7080,257,25,6.09
1119.411934,7104,7076,257,25,6.09
1119.511931,7104,7076,528,25,6.09
1119.611953,7104,7072,528,25,6.09
1119.711931,7104,7076,528,25,6.08
1119.811931,7104,7076,34,25,6.08
1119.911932,7104,7080,34,25,6.08
1120.011947,7104,7080,34,25,6.08
1120.111931,7104,7072,34,25,6.06
1120.211932,7104,7076,221,25,6.06
1120.31193,7104,7072,221,25,6.06
1120.411951,7104,7084,221,25,6.09
1120.511941,7104,7080,257,25,6.09
1120.611931,7104,7072,257,25,6.09
1120.711947,7104,7076,257,25,6.09
1120.811949,7104,7080,93,25,6.09
1120.911961,7104,7080,93,25,6.09
1121.011931,7104,7080,93,25,6.09
1121.11196,7104,7080,93,25,6.09
1121.211947,7104,7080,221,25,6.09
1121.311948,7104,7080,221,25,6.09
1121.411931,7104,7080,221,25,6.08
1121.511948,7104,7080,52,25,6.08
1121.611947,7104,7076,52,25,6.08
1121.711946,7104,7080,52,25,6.11
1121.811932,7104,7076,257,25,6.11
1121.911985,7104,7076,257,25,6.1
1122.011949,7104,7076,257,26,6.1
1122.11196,7104,7072,257,26,6.08
1122.211932,7104,7076,155,26,6.08
1122.311931,7104,7076,155,26,6.08
1122.411975,7104,7072,155,26,6.05
1122.511932,7104,7076,257,26,6.05
1122.611933,7104,7076,257,26,6.05
1122.711932,7104,7076,257,26,6.07
1122.81195,7104,7076,257,26,6.07
1122.911931,7104,7080,257,26,6.08
1123.011932,7104,7076,257,26,6.08
1123.111938,7104,7076,257,26,6.06
1123.211961,7104,7076,257,26,6.06
1123.311931,7104,7076,257,26,6.06
1123.411933,7104,7080,257,26,6.07
1123.511931,7104,7076,93,26,6.07
1123.611989,7104,7076,93,26,6.07
1123.711931,7104,7076,93,26,6.09
1123.811931,7104,7076,385,26,6.09
1123.911932,7104,7072,385,26,6.08
1124.011972,7104,7072,385,26,6.08
1124.111931,7104,7072,385,26,6.05
1124.211931,7104,7076,257,26,6.05
1124.311931,7104,7076,257,26,6.05
1124.411982,7104,7076,257,26,6.07
1124.511931,7104,7076,257,26,6.07
1124.611931,7104,7076,257,26,6.07
1124.711931,7104,7080,257,26,6.07
1124.811973,7104,7080,93,26,6.07
1124.911932,7104,7080,93,26,6.07
1125.011934,7104,7080,93,26,6.07
1125.111932,7104,7076,93,26,6.07
1125.211974,7104,7076,426,26,6.07
1125.311939,7104,7072,426,26,6.07
1125.41193,7104,7076,426,26,6.09
1125.511931,7104,7076,257,26,6.09
1125.611982,7104,7076,257,26,6.09
1125.711931,7104,7076,257,26,6.07
1125.811932,7104,7080,52,26,6.07
1125.911939,7104,7080,52,26,6.08
1126.011975,7104,7080,52,26,6.08
1126.111932,7104,7080,52,26,6.06
1126.211931,7104,7080,221,26,6.06
1126.311934,7104,7076,221,26,6.06
1126.411976,7104,7080,221,26,6.09
1126.511931,7104,7072,257,26,6.09
1126.611939,7104,7076,257,26,6.09
1126.711931,7104,7076,257,26,6.09
1126.811972,7104,7076,257,26,6.09
1126.911931,7104,7080,257,26,6.07
1127.011932,7104,7080,257,26,6.07
1127.111932,7104,7076,257,26,6.07
1127.21196,7104,7076,385,26,6.07
1127.311932,7104,7076,385,26,6.07
1127.411932,7104,7072,385,26,6.08
1127.511932,7104,7072,421,26,6.08
1127.61196,7104,7076,421,26,6.08
1127.711938,7104,7072,421,26,6.08
1127.811931,7104,7076,257,26,6.08
1127.911931,7104,7076,257,26,6.07
1128.01196,7104,7080,257,26,6.07
1128.11193,7104,7080,257,26,6.07
1128.211932,7104,7080,93,26,6.07
1128.31193,7104,7076,93,26,6.07
1128.411961,7104,7076,93,26,6.08
1128.511932,7104,7076,385,26,6.08
1128.611932,7104,7072,385,26,6.08
1128.711932,7104,7076,385,26,6.08
1128.811973,7104,7076,421,26,6.08
1128.911932,7104,7076,421,26,6.05
1129.011931,7104,7076,421,26,6.05
1129.111932,7104,7076,421,26,6.07
1129.21196,7104,7080,93,26,6.07
1129.311932,7104,7080,93,26,6.07
1129.411933,7104,7076,93,26,6.08
1129.511932,7104,7072,421,26,6.08
1129.611959,7104,7076,421,26,6.08
1129.711948,7104,7072,421,26,6.07
1129.81193,7104,7076,257,26,6.07
1129.911932,7104,7076,257,26,6.08
1130.011977,7104,7080,257,26,6.08
1130.111932,7104,7080,257,26,6.06
1130.211931,7104,7076,351,26,6.06
1130.311932,7104,7076,351,26,6.06
1130.41196,7104,7072,351,26,6.09
1130.511941,7104,7076,88,26,6.09
1130.611932,7104,7076,88,26,6.09
1130.71193,7104,7076,88,26,6.07
1130.811959,7104,7076,257,26,6.07
1130.911948,7104,7076,257,26,6.07
1131.011932,7104,7072,257,26,6.07
1131.111989,7104,7080,257,26,6.06
1131.21196,7104,7080,221,26,6.06
1131.31198,7104,7080,221,26,6.06
1131.411932,7104,7080,221,26,6.1
1131.511957,7104,7072,257,26,6.1
1131.611973,7104,7076,257,26,6.1
1131.711932,7104,7080,257,26,6.09
1131.811931,7104,7080,221,26,6.09
1131.911931,7104,7080,221,26,6.09
1132.011975,7104,7076,221,26,6.09
1132.111931,7104,7076,221,26,6.09
1132.211932,7104,7072,293,26,6.09
1132.311932,7104,7076,293,26,6.09
1132.411959,7104,7080,293,26,6.05
1132.511932,7104,7076,221,26,6.05
1132.611932,7104,7076,221,26,6.05
1132.711939,7104,7076,221,26,6.11
1132.811959,7104,7076,257,26,6.11
1132.911931,7104,7080,257,26,6.1
1133.011931,7104,7076,257,26,6.1
1133.111931,7104,7080,257,26,6.09
1133.211974,7104,7076,293,26,6.09
1133.311931,7104,7076,293,26,6.09
1133.411931,7104,7076,293,26,6.09
1133.511939,7104,7076,257,26,6.09
1133.61196,7104,7076,257,26,6.09
1133.711931,7104,7076,257,26,6.09
1133.811932,7104,7076,257,26,6.09
1133.911931,7104,7076,257,26,6.09
1134.011951,7104,7076,257,26,6.09
1134.111931,7104,7076,257,26,6.08
1134.211952,7104,7076,257,26,6.08
1134.311931,7104,7076,257,26,6.08
1134.41196,7104,7076,257,26,6.07
1134.51193,7104,7076,257,26,6.07
1134.611948,7104,7076,257,26,6.07
1134.711931,7104,7076,257,26,6.08
1134.811944,7104,7076,257,26,6.08
1134.91193,7104,7072,257,26,6.08
1135.011953,7104,7076,257,26,6.08
1135.111931,7104,7080,257,26,6.07
1135.211989,7104,7080,52,26,6.07
1135.31193,7104,7080,52,26,6.07
1135.411953,7104,7076,52,26,6.07
1135.511932,7104,7076,385,26,6.07
1135.61196,7104,7076,385,26,6.07
1135.711931,7104,7076,385,26,6.1
1135.811936,7104,7076,257,26,6.1
1135.91193,7104,7076,257,26,6.1
1136.011958,7104,7076,257,26,6.1
1136.111931,7104,7080,257,26,6.09
1136.211932,7104,7080,52,26,6.09
1136.31193,7104,7080,52,26,6.09
1136.411959,7104,7080,52,26,6.08
1136.511931,7104,7080,221,26,6.08
1136.611931,7104,7080,221,26,6.08
1136.711932,7104,7076,221,26,6.08
1136.811958,7104,7076,257,26,6.08
1136.91193,7104,7072,257,26,6.07
1137.011932,7104,7080,257,26,6.07
1137.111931,7104,7080,257,26,6.07
1137.211955,7104,7076,221,26,6.07
1137.311931,7104,7072,221,26,6.07
1137.411933,7104,7072,221,26,6.07
1137.51193,7104,7076,257,26,6.07
1137.611953,7104,7076,257,26,6.07
1137.71193,7104,7076,257,26,6.06
1137.811931,7104,7076,257,26,6.06
1137.911931,7104,7076,257,26,6.05
1138.011954,7104,7072,257,26,6.05
1138.111931,7104,7076,257,26,6.1
1138.211931,7104,7076,293,26,6.1
1138.311931,7104,7080,293,26,6.1
1138.411952,7104,7076,293,26,6.07
1138.511931,7104,7072,257,26,6.07
1138.611932,7104,7076,257,26,6.07
1138.71193,7104,7080,257,26,6.06
1138.811959,7104,7076,385,26,6.06
1138.91193,7104,7072,385,26,6.1
1139.011931,7104,7076,385,26,6.1
1139.111932,7104,7076,385,26,6.06
1139.211949,7104,7072,421,26,6.06
1139.311931,7104,7072,421,26,6.06
1139.411931,7104,7076,421,26,6.09
1139.511932,7104,7080,93,26,6.09
1139.611958,7104,7080,93,26,6.09
1139.711931,7104,7080,93,26,6.09
1139.81194,7104,7080,221,26,6.09
1139.911932,7104,7080,221,26,6.07
1140.011946,7104,7080,221,26,6.07
1140.111931,7104,7080,221,26,6.07
1140.211932,7104,7076,426,26,6.07
1140.311932,7104,7072,426,26,6.07
1140.411946,7104,7076,426,26,6.09
1140.51193,7104,7076,257,26,6.09
1140.611932,7104,7080,257,26,6.09
1140.71193,7104,7080,257,26,6.07
1140.811961,7104,7076,257,26,6.07
1140.911932,7104,7076,257,26,6.05
1141.011932,7104,7076,257,26,6.05
1141.111947,7104,7080,257,26,6.08
1141.211975,7104,7076,257,26,6.08
1141.311934,7104,7080,257,26,6.08
1141.411932,7104,7080,257,26,6.08
1141.511932,7104,7084,221,26,6.08
1141.611975,7104,7076,221,26,6.08
1141.711939,7104,7076,221,26,6.08
1141.811932,7104,7072,293,26,6.08
1141.911931,7104,7076,293,26,6.09
1142.01196,7104,7080,293,26,6.09
1142.111931,7104,7076,293,26,6.07
1142.211931,7104,7072,421,26,6.07
1142.311931,7104,7076,421,26,6.07
1142.411959,7104,7076,421,26,6.06
1142.511932,7104,7076,221,26,6.06
1142.611932,7104,7076,221,26,6.06
1142.711932,7104,7076,221,26,6.09
1142.811975,7104,7076,257,26,6.09
1142.911931,7104,7080,257,26,6.08
1143.011932,7104,7076,257,26,6.08
1143.111931,7104,7076,257,26,6.07
1143.211961,7104,7076,257,26,6.07
1143.311932,7104,7076,257,26,6.07
1143.411932,7104,7076,257,26,6.1
1143.51193,7104,7072,167,26,6.1
1143.611961,7104,7080,167,26,6.1
1143.711931,7104,7076,167,26,6.07
1143.811931,7104,7072,462,26,6.07
1143.911932,7104,7072,462,26,6.06
1144.01196,7104,7072,462,26,6.06
1144.111939,7104,7072,462,26,6.06
1144.211933,7104,7076,257,26,6.06
1144.311931,7104,7072,257,26,6.06
1144.411959,7104,7076,257,26,6.09
1144.511932,7104,7080,221,26,6.09
1144.611933,7104,7080,221,26,6.09
1144.711931,7104,7076,221,26,6.07
1144.811975,7104,7080,93,26,6.07
1144.911931,7104,7076,93,26,6.05
1145.011933,7104,7080,93,26,6.05
1145.11193,7104,7080,93,26,6.08
1145.211949,7104,7084,58,26,6.08
1145.311932,7104,7076,58,26,6.08
1145.411979,7104,7080,58,26,6.06
1145.511932,7104,7076,426,26,6.06
1145.611982,7104,7080,426,26,6.06
1145.711932,7104,7080,426,26,6.09
1145.81195,7104,7080,426,26,6.09
1145.911932,7104,7080,426,26,6.09
1146.011961,7104,7076,426,26,6.09
1146.111932,7104,7076,426,26,6.06
1146.211933,7104,7076,257,26,6.06
1146.311931,7104,7076,257,26,6.06
1146.411959,7104,7076,257,26,6.06
1146.511931,7104,7076,421,26,6.06
1146.611941,7104,7076,421,26,6.06
1146.711933,7104,7076,421,26,6.08
1146.81196,7104,7080,257,26,6.08
1146.91193,7104,7076,257,26,6.05
1147.011932,7104,7080,257,26,6.05
1147.111933,7104,7076,257,26,6.05
1147.211961,7104,7076,385,26,6.05
1147.311932,7104,7076,385,26,6.05
1147.411933,7104,7076,385,26,6.07
1147.511932,7104,7072,293,26,6.07
1147.61196,7104,7072,293,26,6.07
1147.711932,7104,7076,293,26,6.09
1147.811932,7104,7076,257,26,6.09
1147.911945,7104,7076,257,26,6.08
1148.01196,7104,7080,257,26,6.08
1148.111979,7104,7076,257,26,6.05
1148.211931,7104,7080,221,26,6.05
1148.311976,7104,7080,221,26,6.05
1148.411959,7104,7080,221,26,6.07
1148.511958,7104,7080,221,26,6.07
1148.611933,7104,7080,221,26,6.07
1148.711939,7104,7080,221,26,6.09
1148.811959,7104,7080,221,26,6.09
1148.911932,7104,7080,221,26,6.08
1149.011932,7104,7076,221,26,6.08
1149.111932,7104,7076,221,26,6.1
1149.21196,7104,7076,257,26,6.1
1149.311932,7104,7076,257,26,6.1
1149.41195,7104,7076,257,26,6.1
1149.511932,7104,7076,257,26,6.1
1149.611959,7104,7080,257,26,6.1
1149.711931,7104,7080,257,26,6.08
1149.811931,7104,7080,221,26,6.08
1149.911939,7104,7080,221,26,6.09
1150.011959,7104,7080,221,26,6.09
1150.111932,7104,7072,221,26,6.05
1150.211932,7104,7076,257,26,6.05
1150.311932,7104,7072,257,26,6.05
1150.411959,7104,7076,257,26,6.08
1150.511932,7104,7080,52,26,6.08
1150.611932,7104,7080,52,26,6.08
1150.711939,7104,7076,52,26,6.05
1150.811959,7104,7076,257,26,6.05
1150.911932,7104,7072,257,26,6.06
1151.011931,7104,7076,257,26,6.06
1151.11193,7104,7076,257,26,6.06
1151.211958,7104,7076,257,26,6.06
1151.311932,7104,7072,257,26,6.06
1151.411932,7104,7080,257,26,6.08
1151.511948,7104,7076,257,26,6.08
1151.611958,7104,7076,257,26,6.08
1151.71196,7104,7080,257,26,6.09
1151.811934,7104,7088,17,26,6.09
1151.911949,7104,7084,17,26,6.11
1152.011958,7104,7080,17,26,6.11
1152.11196,7104,7076,17,26,6.07
1152.211932,7104,7076,58,26,6.07
1152.311931,7104,7076,58,26,6.07
1152.411983,7104,7076,58,26,6.07
1152.511931,7104,7076,257,26,6.07
1152.611931,7104,7076,257,26,6.07
1152.711931,7104,7076,257,26,6.08
1152.811957,7104,7072,564,26,6.08
1152.911931,7104,7076,564,26,6.09
1153.011931,7104,7072,564,26,6.09
1153.111931,7104,7076,564,26,6.09
1153.21196,7104,7076,385,26,6.09
1153.311933,7104,7076,385,26,6.09
1153.411932,7104,7076,385,26,6.07
1153.511933,7104,7076,221,26,6.07
1153.611985,7104,7072,221,26,6.07
1153.711944,7104,7076,221,26,6.08
1153.811931,7104,7080,221,26,6.08
1153.911933,7104,7076,221,26,6.07
1154.011989,7104,7076,221,26,6.07
1154.111929,7104,7076,221,26,6.07
1154.211931,7104,7080,221,26,6.07
1154.311931,7104,7072,221,26,6.07
1154.411979,7104,7080,221,26,6.09
1154.511931,7104,7076,385,26,6.09
1154.611939,7104,7080,385,26,6.09
1154.711933,7104,7076,385,26,6.06
1154.811976,7104,7072,421,26,6.06
1154.911932,7104,7076,421,26,6.07
1155.011935,7104,7080,421,26,6.07
1155.111933,7104,7072,421,26,6.05
1155.211974,7104,7076,257,26,6.05
1155.311939,7104,7076,257,26,6.05
1155.411934,7104,7076,257,26,6.07
1155.511932,7104,7076,385,26,6.07
1155.61196,7104,7076,385,26,6.07
1155.711935,7104,7076,385,26,6.09
1155.811933,7104,7080,52,26,6.09
1155.911933,7104,7080,52,26,6.09
1156.01196,7104,7080,52,26,6.09
1156.111941,7104,7076,52,26,6.06
1156.211931,7104,7076,385,26,6.06
1156.311931,7104,7076,385,26,6.06
1156.411974,7104,7076,385,26,6.08
1156.511941,7104,7076,257,26,6.08
1156.611933,7104,7076,257,26,6.08
1156.711933,7104,7076,257,26,6.09
1156.811953,7104,7080,93,26,6.09
1156.911932,7104,7080,93,26,6.05
1157.011933,7104,7080,93,26,6.05
1157.111931,7104,7080,93,26,6.08
1157.211955,7104,7076,385,26,6.08
1157.31194,7104,7076,385,26,6.08
1157.411932,7104,7076,385,26,6.08
1157.511932,7104,7076,257,26,6.08
1157.611956,7104,7080,257,26,6.08
1157.711939,7104,7076,257,26,6.07
1157.811932,7104,7076,257,26,6.07
1157.91193,7104,7076,257,26,6.07
1158.011956,7104,7080,257,26,6.07
1158.111939,7104,7080,257,26,6.08
1158.211931,7104,7076,385,26,6.08
1158.31195,7104,7076,385,26,6.08
1158.411975,7104,7076,385,26,6.09
1158.511959,7104,7076,88,26,6.09
1158.611931,7104,7076,88,26,6.09
1158.71196,7104,7080,88,26,6.08
1158.811954,7104,7080,221,26,6.08
1158.911948,7104,7076,221,26,6.07
1159.011931,7104,7072,221,26,6.07
1159.111932,7104,7076,221,26,6.08
1159.211976,7104,7080,257,26,6.08
1159.311932,7104,7076,257,26,6.08
1159.411933,7104,7072,257,26,6.06
1159.511932,7104,7076,257,26,6.06
1159.611947,7104,7076,257,26,6.06
1159.71193,7104,7076,257,26,6.07
1159.811932,7104,7072,257,26,6.07
1159.911932,7104,7072,257,26,6.05
1160.011954,7104,7080,257,26,6.05
1160.111932,7104,7076,257,26,6.06
1160.211932,7104,7072,293,26,6.06
1160.311932,7104,7080,293,26,6.06
1160.411953,7104,7080,293,26,6.07
1160.511931,7104,7080,257,26,6.07
1160.611934,7104,7076,257,26,6.07
1160.711931,7104,7072,257,26,6.06
1160.811993,7104,7076,257,26,6.06
1160.911931,7104,7076,257,26,6.09
1161.011933,7104,7076,257,26,6.09
1161.11194,7104,7076,257,26,6.08
1161.211953,7104,7076,257,26,6.08
1161.311931,7104,7076,257,26,6.08
1161.411949,7104,7080,257,26,6.06
1161.511932,7104,7080,221,26,6.06
1161.611947,7104,7080,221,26,6.06
1161.711932,7104,7076,221,26,6.09
1161.811954,7104,7076,426,26,6.09
1161.91194,7104,7076,426,26,6.08
1162.011955,7104,7076,426,26,6.08
1162.111931,7104,7076,426,26,6.08
1162.211951,7104,7076,528,26,6.08
1162.311939,7104,7076,528,26,6.08
1162.411955,7104,7080,528,26,6.08
1162.511932,7104,7076,221,26,6.08
1162.611931,7104,7080,221,26,6.08
1162.711931,7104,7080,221,26,6.07
1162.811978,7104,7084,221,26,6.07
1162.911932,7104,7080,221,26,6.08
1163.011931,7104,7080,221,26,6.08
1163.111932,7104,7076,221,26,6.07
1163.211953,7104,7076,257,26,6.07
1163.311931,7104,7080,257,26,6.07
1163.41193,7104,7076,257,26,6.07
1163.511931,7104,7080,221,26,6.07
1163.611976,7104,7076,221,26,6.07
1163.711941,7104,7080,221,26,6.1
1163.811932,7104,7076,257,26,6.1
1163.911932,7104,7080,257,26,6.08
1164.011984,7104,7076,257,26,6.08
1164.111931,7104,7076,257,26,6.08
1164.211932,7104,7076,257,26,6.08
1164.311931,7104,7072,257,26,6.08
1164.411956,7104,7076,257,26,6.07
1164.511932,7104,7076,88,26,6.07
1164.611932,7104,7080,88,26,6.07
1164.71193,7104,7072,88,26,6.04
1164.811955,7104,7076,257,26,6.04
1164.911932,7104,7072,257,26,6.06
1165.01195,7104,7076,257,26,6.06
1165.111932,7104,7080,257,26,6.06
1165.211973,7104,7072,257,26,6.06
1165.311931,7104,7076,257,26,6.06
1165.41196,7104,7080,257,26,6.07
1165.511931,7104,7080,257,26,6.07
1165.61196,7104,7076,257,26,6.07
1165.711951,7104,7080,257,26,6.07
1165.811931,7104,7080,58,26,6.07
1165.911931,7104,7076,58,26,6.09
1166.012001,7104,7076,58,26,6.09
1166.111939,7104,7076,58,26,6.1
1166.211932,7104,7076,257,26,6.1
1166.311932,7104,7076,257,26,6.1
1166.411959,7104,7076,257,26,6.07
1166.511931,7104,7084,17,26,6.07
1166.611931,7104,7080,17,26,6.07
1166.711931,7104,7080,17,26,6.12
1166.811983,7104,7080,281,26,6.12
1166.911931,7104,7076,281,26,6.08
1167.011942,7104,7076,281,26,6.08
1167.111933,7104,7076,281,26,6.08
1167.21196,7104,7080,221,26,6.08
1167.31193,7104,7080,221,26,6.08
1167.411933,7104,7080,221,26,6.1
1167.511932,7104,7080,221,26,6.1
1167.611959,7104,7080,221,26,6.1
1167.711931,7104,7080,221,26,6.09
1167.811933,7104,7080,221,26,6.09
1167.911932,7104,7076,221,26,6.07
1168.011953,7104,7076,221,26,6.07
1168.111932,7104,7076,221,26,6.08
1168.211931,7104,7076,257,26,6.08
1168.311932,7104,7080,257,26,6.08
1168.411959,7104,7080,257,26,6.07
1168.51193,7104,7076,257,26,6.07
1168.611932,7104,7076,257,26,6.07
1168.711931,7104,7084,257,26,6.1
1168.811959,7104,7080,221,26,6.1
1168.911932,7104,7076,221,26,6.08
1169.011931,7104,7080,221,26,6.08
1169.11193,7104,7080,221,26,6.09
1169.21196,7104,7076,257,26,6.09
1169.31193,7104,7080,257,26,6.09
1169.41193,7104,7076,257,26,6.07
1169.511939,7104,7076,88,26,6.07
1169.611956,7104,7080,88,26,6.07
1169.711931,7104,7076,88,26,6.06
1169.811931,7104,7072,462,26,6.06
1169.911931,7104,7076,462,26,6.08
1170.011953,7104,7080,462,26,6.08
1170.111931,7104,7076,462,26,6.07
1170.211931,7104,7076,257,26,6.07
1170.311932,7104,7076,257,26,6.07
1170.411984,7104,7080,257,26,6.07
1170.51193,7104,7076,257,26,6.07
1170.611931,7104,7076,257,26,6.07
1170.71194,7104,7076,257,26,6.08
1170.811953,7104,7076,257,26,6.08
1170.91193,7104,7076,257,26,6.1
1171.011932,7104,7076,257,26,6.1
1171.111931,7104,7080,257,26,6.08
1171.211988,7104,7080,257,26,6.08
1171.311931,7104,7076,257,26,6.08
1171.411932,7104,7076,257,26,6.08
1171.511931,7104,7072,421,26,6.08
1171.611973,7104,7072,421,26,6.08
1171.711931,7104,7080,421,26,6.09
1171.811932,7104,7080,221,26,6.09
1171.911931,7104,7080,221,26,6.09
1172.011975,7104,7080,221,26,6.09
1172.111938,7104,7080,221,26,6.09
1172.211976,7104,7076,257,26,6.09
1172.311932,7104,7072,257,26,6.09
1172.411947,7104,7076,257,26,6.07
1172.51194,7104,7076,257,26,6.07
1172.611949,7104,7076,257,26,6.07
1172.711932,7104,7080,257,26,6.09
1172.81195,6732,7076,93,26,6.09
1172.911931,6732,6740,93,26,6.11
1173.011931,6732,6740,93,26,6.11
1173.111933,6732,6740,93,26,6.11
1173.211948,6732,6740,221,26,6.11
1173.311932,6732,6740,221,26,6.11
1173.411931,6732,6740,221,26,6.11
1173.511932,6732,6740,221,26,6.11
1173.611948,6732,6740,221,26,6.11
1173.711931,6732,6740,221,26,6.11
1173.811936,6732,6740,221,26,6.11
1173.911931,6732,6740,221,26,6.1
1174.011947,6732,6740,221,26,6.1
1174.111932,6732,6740,221,26,6.12
1174.211933,6732,6740,221,26,6.12
1174.311949,6732,6740,221,26,6.12
1174.411944,7104,6912,221,26,5.94
1174.511974,7104,7076,257,26,5.94
1174.611932,7104,7076,257,26,5.94
1174.71195,7104,7080,257,26,6.06
1174.811945,7104,7080,221,26,6.06
1174.911931,7104,7076,221,26,6.07
1175.01193,7104,7076,221,26,6.07
1175.11193,7104,7076,221,26,6.07
1175.211946,7104,7076,257,26,6.07
1175.31193,7104,7076,257,26,6.07
1175.411932,7104,7080,257,26,6.09
1175.511932,7104,7076,257,26,6.09
1175.611945,7104,7080,257,26,6.09
1175.711931,7104,7080,257,26,6.07
1175.811932,7104,7080,221,26,6.07
1175.91193,7104,7080,221,26,6.08
1176.011953,7104,7080,221,26,6.08
1176.111931,7104,7076,221,26,6.07
1176.211931,7104,7076,426,26,6.07
1176.311933,7104,7076,426,26,6.07
1176.411945,7104,7076,426,26,6.1
1176.511931,7104,7076,426,26,6.1
1176.611931,7104,7072,426,26,6.1
1176.711933,7104,7076,426,26,6.09
1176.811952,7104,7076,257,26,6.09
1176.911931,7104,7076,257,26,6.08
1177.011931,7104,7072,257,26,6.08
1177.111931,7104,7072,257,26,6.06
1177.211946,7104,7072,293,26,6.06
1177.31194,7104,7076,293,26,6.06
1177.411931,7104,7076,293,26,6.07
1177.511932,7104,7076,257,26,6.07
1177.611949,7104,7080,257,26,6.07
1177.711932,7104,7080,257,26,6.08
1177.81193,7104,7076,257,26,6.08
1177.911931,7104,7072,257,26,6.06
1178.011958,7104,7076,257,26,6.06
1178.111931,7104,7076,257,26,6.06
1178.211931,7104,7080,221,26,6.06
1178.31193,7104,7076,221,26,6.06
1178.41196,7104,7076,221,26,6.1
1178.511943,7104,7076,257,26,6.1
1178.611931,7104,7080,257,26,6.1
1178.711948,7104,7076,257,26,6.08
1178.811981,7104,7076,257,26,6.08
1178.911984,7104,7076,257,26,6.07
1179.011933,7104,7080,257,26,6.07
1179.111961,7104,7080,257,26,6.07
1179.211976,7104,7080,221,26,6.07
1179.31195,7104,7076,221,26,6.07
1179.411931,7104,7080,221,26,6.1
1179.511932,7104,7072,462,26,6.1
1179.611976,7104,7076,462,26,6.1
1179.711931,7104,7076,462,26,6.07
1179.811935,7104,7080,257,26,6.07
1179.911932,7104,7080,257,26,6.08
1180.011973,7104,7080,257,26,6.08
1180.111931,7104,7080,257,26,6.07
1180.211935,7104,7076,528,26,6.07
1180.311932,7104,7076,528,26,6.07
1180.41196,7104,7072,528,26,6.08
1180.511931,7104,7080,257,26,6.08
1180.611932,7104,7080,257,26,6.08
1180.711931,7104,7080,257,26,6.08
1180.811976,7104,7076,528,26,6.08
1180.911932,7104,7076,528,26,6.09
1181.011951,7104,7076,528,26,6.09
1181.111931,7104,7080,528,26,6.06
1181.21196,7104,7076,426,26,6.06
1181.31193,7104,7076,426,26,6.06
1181.411939,7104,7076,426,26,6.08
1181.511932,7104,7076,257,26,6.08
1181.611961,7104,7080,257,26,6.08
1181.711931,7104,7076,257,26,6.09
1181.811936,7104,7076,257,26,6.09
1181.911932,7104,7076,257,26,6.09
1182.011982,7104,7076,257,26,6.09
1182.111931,7104,7080,257,26,6.07
1182.211931,7104,7076,221,26,6.07
1182.31193,7104,7076,221,26,6.07
1182.411992,7104,7076,221,26,6.08
1182.511931,7104,7076,528,26,6.08
1182.611932,7104,7076,528,26,6.08
1182.711931,7104,7076,528,26,6.08
1182.81196,7104,7076,257,26,6.08
1182.911931,7104,7076,257,26,6.08
1183.011931,7104,7080,257,26,6.08
1183.11193,7104,7080,257,26,6.08
1183.211944,7104,7080,52,26,6.08
1183.311931,7104,7080,52,26,6.08
1183.411932,7104,7080,52,26,6.07
1183.511932,7104,7080,93,26,6.07
1183.611975,7104,7080,93,26,6.07
1183.711939,7104,7076,93,26,6.07
1183.811931,7104,7076,426,26,6.07
1183.91193,7104,7076,426,26,6.08
1184.011975,7104,7080,426,26,6.08
1184.111933,7104,7076,426,26,6.09
1184.211931,7104,7076,88,26,6.09
1184.311932,7104,7076,88,26,6.09
1184.41196,7104,7080,88,26,6.08
1184.511939,7104,7076,257,26,6.08
1184.611931,7104,7080,257,26,6.08
1184.711931,7104,7076,257,26,6.08
1184.811973,7104,7076,257,26,6.08
1184.911931,7104,7080,257,26,6.07
1185.011932,7104,7076,257,26,6.07
1185.11195,7104,7076,257,26,6.06
1185.211976,7104,7076,257,26,6.06
1185.311931,7104,7076,257,26,6.06
1185.411934,7104,7076,257,26,6.06
1185.511931,7104,7076,257,26,6.06
1185.61196,7104,7076,257,26,6.06
1185.711931,7104,7080,257,26,6.09
1185.811935,7104,7076,257,26,6.09
1185.911933,6732,7080,257,26,6.1
1186.01196,6732,6744,257,26,6.1
1186.111932,6732,6736,257,26,6.11
1186.211931,6732,6736,0,26,6.11
1186.311931,6732,6740,0,26,6.11
1186.411958,6732,6740,0,26,6.12
1186.511932,6732,6740,221,26,6.12
1186.611934,6732,6740,221,26,6.12
1186.711936,6732,6740,221,26,6.12
1186.811982,6732,6740,221,26,6.12
1186.911951,6732,6740,221,26,6.11
1187.011976,6732,6740,221,26,6.11
1187.111976,6732,6740,221,26,6.1
1187.211976,6732,6736,0,26,6.1
1187.311933,6732,6736,0,26,6.1
1187.411935,6732,6736,0,26,6.11
1187.511933,6732,6736,0,26,6.11
1187.611976,6732,6736,0,26,6.11
1187.711934,6732,6736,0,26,6.12
1187.811935,6732,6736,0,26,6.12
1187.911935,6732,6736,0,26,6.11
1188.011977,6732,6736,0,26,6.11
1188.111934,6732,6736,0,26,6.12
1188.211934,6732,6736,0,26,6.12
1188.311934,6732,6736,0,26,6.12
1188.411975,6732,6736,0,26,6.11
1188.511934,6732,6736,0,26,6.11
1188.611934,6732,6736,0,26,6.11
1188.711933,6732,6736,0,26,6.12
1188.811976,6732,6736,0,26,6.12
1188.911931,6732,6736,0,26,6.11
1189.011932,6732,6736,0,26,6.11
1189.111933,6732,6736,0,26,6.12
1189.211974,6732,6736,0,26,6.12
1189.311932,6732,6736,0,26,6.12
1189.411936,6732,6736,0,26,6.11
1189.511934,6732,6736,0,26,6.11
1189.611977,6732,6736,0,26,6.11
1189.711933,6732,6736,0,26,6.11
1189.811932,6732,6736,0,26,6.11
1189.911932,6732,6736,0,26,6.11
1190.011959,6732,6736,0,26,6.11
1190.111933,6732,6736,0,26,6.11
1190.211934,6732,6736,0,26,6.11
1190.311931,6732,6736,0,26,6.11
1190.411974,6732,6736,0,26,6.12
1190.511934,6732,6736,0,26,6.12
1190.611932,6732,6736,0,26,6.12
1190.711931,6732,6736,0,26,6.11
1190.81196,6732,6736,0,26,6.11
1190.911932,6732,6736,0,26,6.12
1191.011944,6732,6736,0,26,6.12
1191.111933,6732,6736,0,26,6.11
1191.211978,6732,6736,0,26,6.11
1191.311932,6732,6736,0,26,6.11
1191.411948,6732,6736,0,26,6.11
1191.511932,6732,6736,0,26,6.11
1191.61196,6732,6736,0,26,6.11
1191.711932,6732,6736,0,26,6.1
1191.811932,6732,6736,0,26,6.1
1191.911932,6732,6736,0,26,6.11
1192.011954,6732,6736,0,26,6.11
1192.111933,6732,6736,0,26,6.11
1192.211934,6732,6736,0,26,6.11
1192.311932,6732,6736,0,26,6.11
1192.41196,6732,6736,0,26,6.1
1192.511935,6732,6736,0,26,6.1
1192.611934,6732,6736,0,26,6.1
1192.711932,6732,6736,0,26,6.12
1192.811946,6732,6736,0,26,6.12
1192.911933,6732,6736,0,26,6.12
1193.011931,6732,6736,0,26,6.12
1193.11193,6732,6736,0,26,6.12
1193.211982,6732,6736,0,26,6.12
1193.311932,7104,6736,0,26,6.12
1193.411932,7104,7056,0,26,6.06
1193.511934,7104,7076,257,26,6.06
1193.611955,7104,7076,257,26,6.06
1193.711943,7104,7076,257,26,6.07
1193.811941,7104,7076,351,26,6.07
1193.91194,7104,7076,351,26,6.07
1194.01196,7104,7076,351,26,6.07
1194.11193,7104,7080,351,26,6.09
1194.211931,7104,7076,129,26,6.09
1194.311932,7104,7076,129,26,6.09
1194.411945,7104,7076,129,26,6.07
1194.511931,7104,7076,385,26,6.07
1194.611956,7104,7076,385,26,6.07
1194.711931,7104,7076,385,26,6.07
1194.811949,7104,7080,52,26,6.07
1194.911931,7104,7080,52,26,6.07
1195.011942,7104,7076,52,26,6.07
1195.111932,7104,7080,52,26,6.07
1195.211957,7104,7080,93,26,6.07
1195.311932,7104,7076,93,26,6.07
1195.411931,7104,7076,93,26,6.06
1195.51193,7104,7080,221,26,6.06
1195.611952,7104,7072,221,26,6.06
1195.711932,7104,7076,221,26,6.07
1195.811932,6732,7076,221,26,6.07
1195.911932,6732,6740,221,26,6.1
1196.01195,6732,6740,221,26,6.1
1196.111932,6732,6736,221,26,6.1
1196.211932,6732,6736,0,26,6.1
1196.311941,6732,6740,0,26,6.1
1196.41195,6732,6736,0,26,6.11
1196.511931,6732,6740,221,26,6.11
1196.611932,6732,6740,221,26,6.11
1196.711934,6732,6740,221,26,6.1
1196.811975,6732,6740,204,26,6.1
1196.911932,6732,6736,204,26,6.11
1197.011946,6732,6736,204,26,6.11
1197.111931,6732,6736,204,26,6.11
1197.211956,6732,6736,0,26,6.11
1197.311988,6732,6736,0,26,6.11
1197.411931,6732,6736,0,26,6.11
1197.51193,6732,6736,0,26,6.11
1197.611949,6732,6736,0,26,6.11
1197.711932,6732,6736,0,26,6.12
1197.811934,6732,6736,0,26,6.12
1197.911931,6732,6736,0,26,6.12
1198.011959,6732,6736,0,26,6.12
1198.111931,6732,6736,0,26,6.11
1198.211931,6732,6736,0,26,6.11
1198.311931,6732,6736,0,26,6.11
1198.41196,6732,6736,0,26,6.11
1198.511933,6732,6736,0,26,6.11
1198.611935,6732,6736,0,26,6.11
1198.711939,6732,6736,0,26,6.11
1198.811983,6732,6736,0,26,6.11
1198.911931,6732,6736,0,26,6.12
1199.011991,6732,6736,0,26,6.12
1199.111934,6732,6736,0,26,6.11
1199.211975,6732,6736,0,26,6.11
1199.311933,6732,6736,0,26,6.11
1199.411931,6732,6736,0,26,6.11
1199.511933,6732,6736,0,26,6.11
1199.611973,6732,6736,0,26,6.11
1199.71193,6732,6736,0,26,6.12
1199.811933,6732,6736,0,26,6.12
1199.911932,6732,6736,0,26,6.12
1200.011957,6732,6736,0,26,6.12
1200.111931,6732,6736,0,26,6.11
1200.21193,6732,6736,0,26,6.11
1200.311931,6732,6736,0,26,6.11
1200.41196,6732,6736,0,26,6.12
1200.511933,6732,6736,0,26,6.12
1200.611932,6732,6736,0,26,6.12
1200.71193,6732,6736,0,26,6.12
1200.811944,6732,6736,0,26,6.12
1200.911932,6732,6736,0,26,6.12
1201.011933,6732,6736,0,26,6.12
1201.111939,6732,6736,0,26,6.11
1201.211961,6732,6736,0,26,6.11
1201.311932,6732,6736,0,26,6.11
1201.41194,6732,6736,0,26,6.1
1201.511932,6732,6736,0,26,6.1
1201.611995,6732,6736,0,26,6.1
1201.711931,6732,6736,0,26,6.11
1201.811934,6732,6736,0,26,6.11
1201.911933,6732,6736,0,26,6.12
1202.011974,6732,6736,0,26,6.12
1202.111942,6732,6736,0,26,6.11
1202.211932,6732,6736,0,26,6.11
1202.311933,6732,6736,0,26,6.11
1202.411975,6732,6736,0,26,6.11
1202.511931,6732,6736,0,26,6.11
1202.611932,6732,6736,0,26,6.11
1202.711931,6732,6736,0,26,6.12
1202.811975,6732,6736,0,26,6.12
1202.911931,6732,6736,0,26,6.12
1203.011931,6732,6736,0,26,6.12
1203.111931,6732,6736,0,26,6.11
1203.21198,6732,6736,0,26,6.11
1203.311938,6732,6736,0,26,6.11
1203.411932,6732,6736,0,26,6.11
1203.511932,6732,6736,0,26,6.11
1203.61196,6732,6736,0,26,6.11
1203.711932,6732,6736,0,26,6.12
1203.811932,6732,6736,0,26,6.12
1203.911932,6732,6736,0,26,6.12
1204.011948,6732,6736,0,26,6.12
1204.111932,6732,6736,0,26,6.12
1204.211932,6732,6736,0,26,6.12
1204.311941,6732,6736,0,26,6.12
1204.411961,6732,6736,0,26,6.11
1204.511979,6732,6736,0,26,6.11
1204.611933,6732,6736,0,26,6.11
1204.711988,6732,6736,0,26,6.12
1204.811974,6732,6736,0,26,6.12
1204.911949,6732,6736,0,26,6.11
1205.011932,6732,6736,0,26,6.11
1205.11194,6732,6736,0,26,6.11
1205.211975,6732,6736,0,26,6.11
1205.311931,6732,6736,0,26,6.11
1205.411932,6732,6736,0,26,6.11
1205.511933,6732,6736,0,26,6.11
1205.61196,6732,6736,0,26,6.11
1205.711933,6732,6736,0,26,6.11
1205.811932,6732,6736,0,26,6.11
1205.911932,6732,6736,0,26,6.11
1206.011973,6732,6736,0,26,6.11
1206.111931,6732,6736,0,26,6.11
1206.211941,6732,6736,0,26,6.11
1206.311932,6732,6736,0,26,6.11
1206.411959,6732,6736,0,26,6.12
1206.511931,6732,6736,0,26,6.12
1206.611938,6732,6736,0,26,6.12
1206.711932,6732,6736,0,26,6.11
1206.811982,6732,6736,0,26,6.11
1206.911932,6732,6736,0,26,6.11
1207.011948,6732,6736,0,26,6.11
1207.11193,6732,6736,0,26,6.11
1207.211961,6732,6736,0,26,6.11
1207.31193,6732,6736,0,26,6.11
1207.411931,6732,6736,0,26,6.11
1207.511931,6732,6736,0,26,6.11
1207.61196,6732,6736,0,26,6.11
1207.711933,6732,6736,0,26,6.12
1207.811931,6732,6736,0,26,6.12
1207.911932,6732,6736,0,26,6.12
1208.01196,6732,6736,0,26,6.12
1208.111931,6732,6736,0,26,6.11
1208.211932,6732,6736,0,26,6.11
1208.311932,6732,6736,0,26,6.11
1208.411973,6732,6736,0,26,6.11
1208.51193,6732,6736,0,26,6.11
1208.611932,6732,6736,0,26,6.11
1208.71193,6732,6736,0,26,6.12
1208.811948,6732,6736,0,26,6.12
1208.911932,6732,6736,0,26,6.11
1209.01193,6732,6736,0,26,6.11
1209.111931,6732,6736,0,26,6.12
1209.211973,6732,6736,0,26,6.12
1209.311931,6732,6736,0,26,6.12
1209.411933,6732,6736,0,26,6.12
1209.511931,6732,6736,0,26,6.12
1209.61196,6732,6736,0,26,6.12
1209.711933,6732,6736,0,26,6.11
1209.811932,6732,6736,0,26,6.11
1209.911932,6732,6736,0,26,6.12
1210.011958,6732,6736,0,26,6.12
1210.111931,6732,6736,0,26,6.12
1210.211933,6732,6736,0,26,6.12
1210.311932,6732,6736,0,26,6.12
1210.411954,6732,6736,0,26,6.11
1210.511932,6732,6736,0,26,6.11
1210.611932,6732,6736,0,26,6.11
1210.711931,6732,6736,0,26,6.11
1210.81198,6732,6736,0,26,6.11
1210.911931,6732,6736,0,26,6.12
1211.011931,6732,6736,0,26,6.12
1211.111975,6732,6736,0,26,6.12
1211.21198,6732,6736,0,26,6.12
1211.311989,6732,6736,0,26,6.12
1211.411932,6732,6736,0,26,6.08
1211.511949,7104,6736,204,26,6.08
1211.61196,7104,7076,204,26,6.08
1211.711931,7104,7080,204,26,6.12
1211.811932,7104,7080,257,26,6.12
1211.91193,7104,7080,257,26,6.11
1212.011961,7104,7076,257,26,6.11
1212.111931,7104,7080,257,26,6.07
1212.211934,7104,7076,385,26,6.07
1212.31193,7104,7076,385,26,6.07
1212.411979,7104,7076,385,26,6.06
1212.511931,7104,7076,221,26,6.06
1212.611932,7104,7076,221,26,6.06
1212.711932,7104,7076,221,26,6.08
1212.811989,7104,7076,257,26,6.08
1212.911932,7104,7072,257,26,6.07
1213.01193,7104,7076,257,26,6.07
1213.111931,7104,7076,257,26,6.07
1213.211948,7104,7080,93,26,6.07
1213.311932,7104,7076,93,26,6.07
1213.411932,7104,7076,93,26,6.07
1213.511931,7104,7076,257,26,6.07
1213.611946,7104,7072,257,26,6.07
1213.711933,7104,7072,257,26,6.06
1213.811932,7104,7076,129,26,6.06
1213.911931,7104,7076,129,26,6.06
1214.011957,7104,7080,129,26,6.06
1214.11193,7104,7076,129,26,6.07
1214.211935,7104,7076,257,26,6.07
1214.311932,7104,7080,257,26,6.07
1214.411984,7104,7080,257,26,6.09
1214.511932,7104,7080,221,26,6.09
1214.611933,7104,7076,221,26,6.09
1214.711931,7104,7076,221,26,6.07
1214.811952,7104,7080,221,26,6.07
1214.911932,7104,7076,221,26,6.07
1215.011932,7104,7076,221,26,6.07
1215.11193,7104,7076,221,26,6.07
1215.211976,7104,7080,93,26,6.07
1215.311931,7104,7080,93,26,6.07
1215.411932,7104,7076,93,26,6.09
1215.51194,7104,7076,129,26,6.09
1215.611951,7104,7072,129,26,6.09
1215.711932,6732,7032,129,26,5.58
1215.811933,6732,6736,0,26,5.58
1215.911932,6732,6736,0,26,6.11
1216.011948,6732,6740,0,26,6.11
1216.111931,6732,6740,0,26,6.11
1216.211933,6732,6740,221,26,6.11
1216.311932,6732,6740,221,26,6.11
1216.411961,6732,6740,221,26,6.12
1216.511938,6732,6740,221,26,6.12
1216.611932,6732,6740,221,26,6.12
1216.71193,6732,6740,221,26,6.12
1216.811972,6732,6740,221,26,6.12
1216.911933,6732,6740,221,26,6.11
1217.011941,6732,6736,221,26,6.11
1217.111987,6732,6740,221,26,6.11
1217.211989,6732,6740,0,26,6.11
1217.311988,6732,6740,0,26,6.11
1217.411944,6732,6740,0,26,6.11
1217.511948,6732,6740,0,26,6.11
1217.611948,6732,6736,0,26,6.11
1217.711932,6732,6736,0,26,6.1
1217.811939,6732,6736,0,26,6.1
1217.911932,6732,6736,0,26,6.12
1218.01196,6732,6736,0,26,6.12
1218.111931,6732,6736,0,26,6.12
1218.211934,6732,6736,0,26,6.12
1218.31193,6732,6736,0,26,6.12
1218.41196,6732,6736,0,26,6.1
1218.511931,6732,6736,0,26,6.1
1218.611933,6732,6736,0,26,6.1
1218.711932,6732,6736,0,26,6.1
1218.811982,6732,6736,0,26,6.1
1218.911931,6732,6736,0,26,6.11
1219.011932,6732,6736,0,26,6.11
1219.111931,6732,6736,0,26,6.11
1219.211961,6732,6736,0,26,6.11
1219.311932,6732,6736,0,26,6.11
1219.411932,6732,6736,0,26,6.11
1219.511932,6732,6736,0,26,6.11
1219.611985,6732,6736,0,26,6.11
1219.711932,6732,6736,0,26,6.12
1219.811932,6732,6736,0,26,6.12
1219.91193,6732,6736,0,26,6.12
1220.01195,6732,6736,0,26,6.12
1220.11193,6732,6736,0,26,6.11
1220.211932,6732,6736,0,26,6.11
1220.31194,6732,6736,0,26,6.11
1220.411954,6732,6736,0,26,6.11
1220.51193,6732,6736,0,26,6.11
1220.611933,6732,6736,0,26,6.11
1220.711931,6732,6736,0,26,6.12
1220.811951,6732,6736,0,26,6.12
1220.911931,6732,6736,0,26,6.12
1221.011932,6732,6736,0,26,6.12
1221.111933,6732,6736,0,26,6.11
1221.211958,6732,6736,0,26,6.11
1221.311932,6732,6736,0,26,6.11
1221.411931,6732,6736,0,26,6.12
1221.511931,6732,6736,0,26,6.12
1221.611961,6732,6736,0,26,6.12
1221.711931,6732,6736,0,26,6.12
1221.811935,6732,6736,0,26,6.12
1221.911931,6732,6736,0,26,6.11
1222.01196,6732,6736,0,26,6.11
1222.111931,6732,6736,0,26,6.11
1222.211932,6732,6736,0,26,6.11
1222.311931,6732,6736,0,26,6.11
1222.41196,6732,6736,0,26,6.11
1222.511932,6732,6736,0,26,6.11
1222.611931,6732,6736,0,26,6.11
1222.711933,6732,6736,0,26,6.11
1222.811992,6732,6736,0,26,6.11
1222.911933,6732,6736,0,26,6.12
1223.011931,6732,6736,0,26,6.12
1223.11193,6732,6736,0,26,6.12
1223.211959,7104,7012,448,26,6.12
1223.311931,7104,7076,448,26,6.12
1223.411933,7104,7076,448,26,6.07
1223.511931,7104,7080,221,26,6.07
1223.611975,7104,7076,221,26,6.07
1223.711931,7104,7076,221,26,6.06
1223.811948,7104,7080,257,26,6.06
1223.911931,7104,7076,257,26,6.07
1224.011981,7104,7076,257,26,6.07
1224.111932,7104,7080,257,26,6.07
1224.211984,7104,7076,257,26,6.07
1224.311931,7104,7076,257,26,6.07
1224.411985,7104,7076,257,26,6.07
1224.511931,7104,7076,385,26,6.07
1224.611932,7104,7080,385,26,6.07
1224.711932,7104,7076,385,26,6.07
1224.811984,7104,7076,129,26,6.07
1224.911931,7104,7076,129,26,6.07
1225.01193,7104,7072,129,26,6.07
1225.111932,7104,7080,129,26,6.08
1225.211947,7104,7080,93,26,6.08
1225.311931,7104,7080,93,26,6.08
1225.411932,7104,7080,93,26,6.09
1225.511931,7104,7080,221,26,6.09
1225.61196,7104,7080,221,26,6.09
1225.71193,7104,7080,221,26,6.09
1225.811932,7104,7080,221,26,6.09
1225.911931,7104,7080,221,26,6.1
1226.011958,7104,7076,221,26,6.1
1226.11193,7104,7080,221,26,6.11
1226.211931,7104,7076,257,26,6.11
1226.311931,7104,7072,257,26,6.11
1226.41196,7104,7076,257,26,6.07
1226.511931,7104,7080,93,26,6.07
1226.611939,7104,7076,93,26,6.07
1226.71193,7104,7080,93,26,6.08
1226.811984,7104,7076,257,26,6.08
1226.911931,7104,7080,257,26,6.08
1227.011932,7104,7076,257,26,6.08
1227.111957,7104,7076,257,26,6.06
1227.21196,7104,7080,221,26,6.06
1227.311931,7104,7076,221,26,6.06
1227.411935,7104,7080,221,26,6.07
1227.511932,7104,7080,221,26,6.07
1227.611958,7104,7080,221,26,6.07
1227.711932,7104,7076,221,26,6.08
1227.811933,7104,7080,93,26,6.08
1227.911932,7104,7080,93,26,6.1
1228.01196,7104,7076,93,26,6.1
1228.111938,7104,7076,93,26,6.08
1228.211947,7104,7080,257,26,6.08
1228.311938,7104,7080,257,26,6.08
1228.411982,7104,7076,257,26,6.06
1228.511938,7104,7080,221,26,6.06
1228.61195,7104,7076,221,26,6.06
1228.711932,7104,7080,221,26,6.07
1228.811982,7104,7076,385,26,6.07
1228.911939,7104,7076,385,26,6.1
1229.011942,7104,7080,385,26,6.1
1229.111931,7104,7076,385,26,6.07
1229.211961,7104,7076,426,26,6.07
1229.311932,7104,7076,426,26,6.07
1229.411931,7104,7076,426,26,6.08
1229.511932,7104,7076,257,26,6.08
1229.611984,7104,7080,257,26,6.08
1229.711948,7104,7076,257,26,6.1
1229.811931,7104,7072,257,26,6.1
1229.911985,7104,7076,257,26,6.08
1230.011958,7104,7076,257,26,6.08
1230.111944,7104,7080,257,26,6.07
1230.211933,7104,7076,528,26,6.07
1230.31196,7104,7076,528,26,6.07
1230.411958,7104,7076,528,26,6.08
1230.51195,7104,7076,257,26,6.08
1230.611952,7104,7076,257,26,6.08
1230.71193,7104,7080,257,26,6.07
1230.811983,7104,7076,257,26,6.07
1230.911931,7104,7080,257,26,6.06
1231.01194,7104,7080,257,26,6.06
1231.111932,7104,7076,257,26,6.08
1231.211957,7104,7076,426,26,6.08
1231.311943,7104,7076,426,26,6.08
1231.411931,7104,7076,426,26,6.09
1231.511931,7104,7076,257,26,6.09
1231.61196,7104,7080,257,26,6.09
1231.71193,7104,7076,257,26,6.07
1231.811932,7104,7076,421,26,6.07
1231.91194,7104,7076,421,26,6.1
1232.011959,7104,7076,421,26,6.1
1232.111932,7104,7080,421,26,6.08
1232.211933,7104,7076,385,26,6.08
1232.311931,7104,7080,385,26,6.08
1232.411981,7104,7076,385,26,6.07
1232.51193,7104,7076,257,26,6.07
1232.61194,7104,7080,257,26,6.07
1232.711932,7104,7076,257,26,6.07
1232.811993,7104,7076,426,26,6.07
1232.911932,7104,7080,426,26,6.08
1233.011933,7104,7080,426,26,6.08
1233.111931,7104,7076,426,26,6.06
1233.211953,7104,7080,257,26,6.06
1233.311931,7104,7076,257,26,6.06
1233.411931,7104,7076,257,26,6.08
1233.511931,7104,7076,257,26,6.08
1233.611956,7104,7080,257,26,6.08
1233.711932,7104,7076,257,26,6.09
1233.811932,6732,7080,221,26,6.09
1233.911932,6732,6748,221,26,6.11
1234.01196,6732,6740,221,26,6.11
1234.111938,6732,6744,221,26,6.1
1234.211932,6732,6740,221,26,6.1
1234.311932,6732,6740,221,26,6.1
1234.411951,6732,6740,221,26,6.11
1234.511932,6732,6740,221,26,6.11
1234.611932,6732,6740,221,26,6.11
1234.711932,6732,6740,221,26,6.11
1234.811953,6732,6740,221,26,6.11
1234.911933,6732,6740,221,26,6.11
1235.01193,6732,6740,221,27,6.11
1235.111931,6732,6740,221,27,6.11
1235.211978,6732,6740,221,27,6.11
1235.311931,6732,6740,221,27,6.11
1235.411932,6732,6740,221,27,6.12
1235.511931,6732,6740,163,27,6.12
1235.611945,6732,6740,163,27,6.12
1235.711931,6732,6740,163,27,6.1
1235.811933,6732,6740,327,27,6.1
1235.911939,6732,6736,327,27,6.11
1236.01195,6732,6736,327,27,6.11
1236.111931,6732,6736,327,27,6.11
1236.211932,6732,6736,0,27,6.11
1236.311932,6732,6736,0,27,6.11
1236.411951,6732,6736,0,27,6.11
1236.511931,6732,6736,0,27,6.11
1236.611931,6732,6736,0,27,6.11
1236.711932,6732,6736,0,27,6.12
1236.811985,6732,6736,0,27,6.12
1236.911932,6732,6736,0,27,6.11
1237.011933,6732,6736,0,27,6.11
1237.111931,6732,6736,0,27,6.11
1237.211953,6732,6736,0,27,6.11
1237.311933,6732,6736,0,27,6.11
1237.411932,6732,6736,0,27,6.12
1237.511956,6732,6736,0,27,6.12
1237.611952,6732,6736,0,27,6.12
1237.711958,6732,6736,0,27,6.12
1237.811936,6732,6736,0,27,6.12
1237.911949,6732,6736,0,27,6.12
1238.011977,6732,6736,0,27,6.12
1238.111933,6732,6736,0,27,6.11
1238.211951,6732,6736,0,27,6.11
1238.311939,6732,6736,0,27,6.11
1238.411977,6732,6736,0,27,6.11
1238.511933,6732,6736,0,27,6.11
1238.611932,6732,6736,0,27,6.11
1238.71194,6732,6736,0,27,6.12
1238.811975,6732,6736,0,27,6.12
1238.911931,6732,6736,0,27,6.12
1239.011931,6732,6736,0,27,6.12
1239.111949,6732,6736,0,27,6.11
1239.211943,6732,6736,0,27,6.11
1239.311984,6732,6736,0,27,6.11
1239.411932,6732,6736,0,27,6.12
1239.511948,6732,6736,0,27,6.12
1239.611953,6732,6736,0,27,6.12
1239.711939,6732,6736,0,27,6.11
1239.811934,6732,6736,0,27,6.11
1239.911931,6732,6736,0,27,6.11
1240.011951,6732,6736,0,27,6.11
1240.111931,6732,6736,0,27,6.11
1240.211931,6732,6736,0,27,6.11
1240.311933,6732,6736,0,27,6.11
1240.411957,6732,6736,0,27,6.11
1240.511941,6732,6736,0,27,6.11
1240.611933,6732,6736,0,27,6.11
1240.71193,6732,6736,0,27,6.12
1240.811975,6732,6736,0,27,6.12
1240.911931,6732,6736,0,27,6.11
1241.011934,6732,6736,0,27,6.11
1241.111939,6732,6736,0,27,6.1
1241.211952,6732,6736,0,27,6.1
1241.311932,6732,6736,0,27,6.1
1241.411931,6732,6736,0,27,6.11
1241.511942,6732,6736,0,27,6.11
1241.611958,6732,6736,0,27,6.11
1241.711931,6732,6736,0,27,6.11
1241.811935,6732,6736,0,27,6.11
1241.911934,6732,6736,0,27,6.11
1242.011953,6732,6736,0,27,6.11
1242.111932,6732,6736,0,27,6.11
1242.211932,6732,6736,0,27,6.11
1242.311932,6732,6736,0,27,6.11
1242.411961,6732,6736,0,27,6.12
1242.511931,6732,6736,0,27,6.12
1242.611933,6732,6736,0,27,6.12
1242.711939,6732,6736,0,27,6.11
1242.811954,6732,6736,0,27,6.11
1242.911932,6732,6736,0,27,6.11
1243.011938,6732,6736,0,27,6.11
1243.111932,6732,6736,0,27,6.11
1243.211948,6732,6736,0,27,6.11
1243.311931,6732,6736,0,27,6.11
1243.411984,6732,6736,0,27,6.11
1243.511932,6732,6736,0,27,6.11
1243.611954,6732,6736,0,27,6.11
1243.711944,6732,6736,0,27,6.11
1243.811934,6732,6736,0,27,6.11
1243.911931,6732,6736,0,27,6.12
1244.011954,6732,6736,0,27,6.12
1244.11194,6732,6736,0,27,6.1
1244.211931,6732,6736,0,27,6.1
1244.31193,6732,6736,0,27,6.1
1244.411975,6732,6736,0,27,6.11
1244.511931,6732,6736,0,27,6.11
1244.611931,6732,6736,0,27,6.11
1244.71193,6732,6736,0,27,6.11
1244.811979,6732,6736,0,27,6.11
1244.911931,6732,6736,0,27,6.12
1245.011931,6732,6736,0,27,6.12
1245.111932,6732,6736,0,27,6.12
1245.211961,6732,6736,0,27,6.12
1245.311931,6732,6736,0,27,6.12
1245.411932,6732,6736,0,27,6.11
1245.511931,6732,6736,0,27,6.11
1245.611956,6732,6736,0,27,6.11
1245.711929,6732,6736,0,27,6.12
1245.811947,6732,6736,0,27,6.12
1245.91194,6732,6736,0,27,6.11
1246.011961,6732,6736,0,27,6.11
1246.111932,6732,6736,0,27,6.12
1246.211931,6732,6736,0,27,6.12
1246.311931,6732,6736,0,27,6.12
1246.411959,6732,6736,0,27,6.11
1246.511932,6732,6736,0,27,6.11
1246.611931,6732,6736,0,27,6.11
1246.71193,6732,6736,0,27,6.11
1246.811985,6732,6736,0,27,6.11
1246.911931,6732,6736,0,27,6.12
1247.011931,6732,6736,0,27,6.12
1247.111931,6732,6736,0,27,6.12
1247.211959,6732,6736,0,27,6.12
1247.311931,6732,6736,0,27,6.12
1247.41193,7104,6776,0,27,5.35
1247.511938,7104,7076,257,27,5.35
1247.611973,7104,7076,257,27,5.35
1247.71193,7104,7076,257,27,6.08
1247.811934,7104,7072,293,27,6.08
1247.911931,7104,7072,293,27,6.07
1248.011944,7104,7076,293,27,6.07
1248.111932,7104,7076,293,27,6.06
1248.211932,7104,7076,257,27,6.06
1248.311931,7104,7076,257,27,6.06
1248.41196,7104,7076,257,27,6.07
1248.511932,7104,7072,257,27,6.07
1248.61198,7104,7076,257,27,6.07
1248.711932,7104,7080,257,27,6.11
1248.811956,7104,7076,257,27,6.11
1248.91193,7104,7076,257,27,6.09
1249.011933,7104,7076,257,26,6.09
1249.111932,7104,7080,257,26,6.08
1249.211974,7104,7076,293,26,6.08
1249.311931,7104,7076,293,26,6.08
1249.411988,7104,7076,293,26,6.04
1249.511932,7104,7080,52,26,6.04
1249.611947,7104,7076,52,26,6.04
1249.711932,7104,7076,52,26,6.08
1249.811991,7104,7076,257,26,6.08
1249.911932,7104,7076,257,26,6.05
1250.011984,7104,7076,257,26,6.05
1250.111932,7104,7076,257,26,6.07
1250.211933,7104,7080,221,26,6.07
1250.311931,7104,7076,221,26,6.07
1250.411954,7104,7076,221,26,6.08
1250.511932,7104,7080,221,26,6.08
1250.611933,7104,7076,221,26,6.08
1250.711932,7104,7080,221,26,6.1
1250.811977,7104,7076,129,26,6.1
1250.911931,7104,7076,129,26,6.11
1251.011932,6732,7076,129,26,6.11
1251.111932,6732,6740,129,26,6.1
1251.211978,6732,6736,17,26,6.1
1251.311932,6732,6740,17,26,6.1
1251.41195,6732,6740,17,26,6.11
1251.511931,6732,6740,221,26,6.11
1251.611959,6732,6740,221,26,6.11
1251.711932,6732,6740,221,26,6.11
1251.811945,6732,6740,221,26,6.11
1251.911931,6732,6740,221,26,6.12
1252.011977,6732,6740,221,27,6.12
1252.111931,6732,6740,221,27,6.11
1252.211934,6732,6740,221,27,6.11
1252.311931,6732,6740,221,27,6.11
1252.41196,6732,6740,221,27,6.11
1252.511934,6732,6740,221,27,6.11
1252.611932,6732,6740,221,27,6.11
1252.711931,6732,6740,221,27,6.11
1252.811973,6732,6740,221,27,6.11
1252.911932,6732,6740,221,27,6.11
1253.011932,6732,6740,221,27,6.11
1253.11193,6732,6740,221,27,6.11
1253.211959,6732,6740,163,27,6.11
1253.31193,7104,6904,163,27,6.11
1253.411932,7104,7072,163,27,6.06
1253.511934,7104,7076,564,27,6.06
1253.611957,7104,7072,564,27,6.06
1253.711931,7104,7076,564,27,6.1
1253.811952,7104,7076,257,27,6.1
1253.91193,7104,7076,257,27,6.06
1254.011959,7104,7076,257,26,6.06
1254.11194,7104,7080,257,26,6.07
1254.211933,7104,7080,221,26,6.07
1254.311931,7104,7076,221,26,6.07
1254.411957,7104,7076,221,26,6.07
1254.51193,7104,7080,93,26,6.07
1254.61194,7104,7076,93,26,6.07
1254.711931,7104,7080,93,26,6.07
1254.811977,7104,7076,257,26,6.07
1254.911931,7104,7076,257,26,6.08
1255.011933,7104,7080,257,26,6.08
1255.111932,7104,7076,257,26,6.06
1255.211946,7104,7080,58,26,6.06
1255.311931,7104,7076,58,26,6.06
1255.411939,7104,7080,58,26,6.07
1255.511932,7104,7076,528,26,6.07
1255.611952,7104,7076,528,26,6.07
1255.711931,7104,7080,528,26,6.1
1255.811934,7104,7076,34,26,6.1
1255.911932,7104,7076,34,26,6.1
1256.011945,7104,7076,34,27,6.1
1256.111931,7104,7080,34,27,6.09
1256.211932,7104,7076,257,27,6.09
1256.311979,7104,7076,257,27,6.09
1256.411954,7104,7076,257,27,6.07
1256.511943,7104,7076,257,27,6.07
1256.61193,7104,7080,257,27,6.07
1256.711949,7104,7076,257,27,6.06
1256.811977,7104,7076,221,27,6.06
1256.911931,7104,7076,221,27,6.06
1257.011934,7104,7076,221,26,6.06
1257.111931,7104,7080,221,26,6.08
1257.211958,7104,7076,257,26,6.08
1257.311931,7104,7080,257,26,6.08
1257.411933,7104,7080,257,26,6.09
1257.511932,7104,7080,93,26,6.09
1257.611945,7104,7076,93,26,6.09
1257.711931,7104,7076,93,26,6.07
1257.811951,7104,7076,129,26,6.07
1257.911931,7104,7076,129,26,6.08
1258.011941,7104,7076,129,27,6.08
1258.111932,7104,7072,129,27,6.05
1258.211933,7104,7072,293,27,6.05
1258.311931,7104,7076,293,27,6.05
1258.41194,7104,7080,293,27,6.07
1258.511932,7104,7076,257,27,6.07
1258.611931,7104,7080,257,27,6.07
1258.711932,7104,7080,257,27,6.08
1258.81196,7104,7080,221,27,6.08
1258.91193,7104,7072,221,27,6.08
1259.011931,7104,7072,221,27,6.08
1259.111931,7104,7076,221,27,6.08
1259.211957,7104,7076,257,27,6.08
1259.311931,7104,7068,257,27,6.08
1259.411932,7104,7072,257,27,6.08
1259.511932,7104,7072,457,27,6.08
1259.611943,7104,7076,457,27,6.08
1259.711931,7104,7080,457,27,6.08
1259.811934,7104,7076,257,27,6.08
1259.911932,7104,7076,257,27,6.07
1260.011941,7104,7080,257,27,6.07
1260.111932,7104,7080,257,27,6.05
1260.211933,7104,7080,52,27,6.05
1260.311932,7104,7084,52,27,6.05
1260.411941,7104,7080,52,27,6.07
1260.511932,7104,7080,93,27,6.07
1260.611933,7104,7080,93,27,6.07
1260.711933,7104,7076,93,27,6.11
1260.811977,7104,7080,221,27,6.11
1260.911932,7104,7080,221,27,6.07
1261.011932,7104,7080,221,27,6.07
1261.111946,7104,7080,221,27,6.08
1261.211945,7104,7080,221,27,6.08
1261.311981,7104,7080,221,27,6.08
1261.411941,6732,7080,221,27,6.12
1261.511948,6732,6744,105,27,6.12
1261.611958,6732,6744,105,27,6.12
1261.711931,6732,6740,105,27,6.11
1261.811947,6732,6740,221,27,6.11
1261.911934,6732,6740,221,27,6.1
1262.011953,6732,6740,221,27,6.1
1262.111933,6732,6740,221,27,6.11
1262.211932,6732,6740,221,27,6.11
1262.311931,6732,6740,221,27,6.11
1262.411942,6732,6740,221,27,6.1
1262.511933,6732,6740,221,27,6.1
1262.61194,6732,6740,221,27,6.1
1262.711933,6732,6740,221,27,6.11
1262.811989,6732,6740,221,27,6.11
1262.911956,6732,6740,221,27,6.11
1263.011933,6732,6740,221,27,6.11
1263.111945,6732,6740,221,27,6.12
1263.211959,6732,6740,221,27,6.12
1263.311959,6732,6740,221,27,6.12
1263.411932,6732,6740,221,27,6.11
1263.511956,6732,6736,0,27,6.11
1263.611941,6732,6736,0,27,6.11
1263.711933,6732,6736,0,27,6.09
1263.811948,7104,6900,1264,27,6.09
1263.91194,7104,7076,1264,27,6.05
1264.011957,7104,7080,1264,27,6.05
1264.111931,7104,7076,1264,27,6.1
1264.21194,7104,7080,426,27,6.1
1264.311931,7104,7076,426,27,6.1
1264.411957,7104,7080,426,27,6.06
1264.511934,7104,7076,257,27,6.06
1264.611932,7104,7080,257,27,6.06
1264.711932,7104,7076,257,27,6.09
1264.811979,7104,7072,293,27,6.09
1264.911933,7104,7076,293,27,6.07
1265.011944,7104,7076,293,27,6.07
1265.111933,7104,7076,293,27,6.09
1265.21198,7104,7076,257,27,6.09
1265.311932,7104,7076,257,27,6.09
1265.411932,7104,7076,257,27,6.07
1265.511932,7104,7076,34,27,6.07
1265.611957,7104,7076,34,27,6.07
1265.711932,7104,7076,34,27,6.06
1265.811949,7104,7080,221,27,6.06
1265.911932,7104,7076,221,27,6.08
1266.011957,7104,7076,221,27,6.08
1266.111939,7104,7076,221,27,6.07
1266.211931,7104,7076,257,27,6.07
1266.311932,7104,7076,257,27,6.07
1266.411957,7104,7072,257,27,6.05
1266.511931,7104,7076,257,27,6.05
1266.611931,7104,7076,257,27,6.05
1266.71193,7104,7076,257,27,6.08
1266.811981,7104,7080,52,27,6.08
1266.91193,7104,7076,52,27,6.05
1267.011933,7104,7076,52,27,6.05
1267.11194,7104,7076,52,27,6.07
1267.211958,7104,7076,293,27,6.07
1267.311932,7104,7072,293,27,6.07
1267.411933,7104,7080,293,27,6.06
1267.511931,7104,7076,257,27,6.06
1267.611976,7104,7076,257,27,6.06
1267.711932,7104,7076,257,27,6.07
1267.811949,7104,7076,426,27,6.07
1267.911931,7104,7072,426,27,6.05
1268.01196,7104,7072,426,27,6.05
1268.111931,7104,7076,426,27,6.07
1268.211933,7104,7076,257,27,6.07
1268.31194,7104,7080,257,27,6.07
1268.411978,7104,7076,257,27,6.08
1268.511942,7104,7080,257,27,6.08
1268.61198,7104,7080,257,27,6.08
1268.711934,7104,7076,257,27,6.06
1268.811979,7104,7076,257,27,6.06
1268.911932,7104,7080,257,27,6.09
1269.011951,7104,7076,257,27,6.09
1269.111932,7104,7076,257,27,6.05
1269.211958,7104,7072,421,27,6.05
1269.311931,7104,7076,421,27,6.05
1269.411931,7104,7072,421,27,6.07
1269.511932,7104,7080,93,27,6.07
1269.611958,7104,7080,93,27,6.07
1269.711932,7104,7076,93,27,6.07
1269.811949,7104,7076,257,27,6.07
1269.911932,7104,7084,257,27,6.07
1270.011958,7104,7080,257,27,6.07
1270.111932,7104,7076,257,27,6.07
1270.211932,7104,7080,93,27,6.07
1270.311931,7104,7076,93,27,6.07
1270.411959,7104,7076,93,27,6.07
1270.51195,7104,7080,221,27,6.07
1270.611933,7104,7076,221,27,6.07
1270.711932,7104,7076,221,27,6.07
1270.811981,7104,7076,257,27,6.07
1270.911933,7104,7076,257,27,6.07
1271.011933,7104,7080,257,27,6.07
1271.111934,7104,7076,257,27,6.1
1271.211957,7104,7076,385,27,6.1
1271.311932,7104,7080,385,27,6.1
1271.411932,7104,7076,385,27,6.07
1271.511931,7104,7076,257,27,6.07
1271.611957,7104,7072,257,27,6.07
1271.711932,7104,7080,257,27,6.07
1271.811957,7104,7080,221,27,6.07
1271.911931,7104,7080,221,27,6.09
1272.011958,7104,7076,221,27,6.09
1272.111933,7104,7080,221,27,6.07
1272.211932,7104,7076,257,27,6.07
1272.311931,7104,7080,257,27,6.07
1272.411956,7104,7076,257,27,6.1
1272.511932,7104,7080,52,27,6.1
1272.611933,7104,7076,52,27,6.1
1272.711933,7104,7080,52,27,6.11
1272.811984,7104,7080,221,27,6.11
1272.911932,7104,7076,221,27,6.08
1273.011932,7104,7080,221,27,6.08
1273.111939,7104,7076,221,27,6.08
1273.211956,7104,7080,257,27,6.08
1273.311931,7104,7080,257,27,6.08
1273.411933,7104,7076,257,27,6.06
1273.511932,7104,7080,221,27,6.06
1273.611955,7104,7076,221,27,6.06
1273.71193,7104,7076,221,27,6.08
1273.811951,7104,7080,257,27,6.08
1273.91193,7104,7076,257,27,6.06
1274.01196,7104,7072,257,27,6.06
1274.111931,7104,7076,257,27,6.07
1274.21194,7104,7072,421,27,6.07
1274.311932,7104,7076,421,27,6.07
1274.411981,7104,7076,421,27,6.07
1274.511933,7104,7076,257,27,6.07
1274.611958,7104,7080,257,27,6.07
1274.711932,7104,7076,257,27,6.06
1274.811979,7104,7076,257,27,6.06
1274.911932,7104,7076,257,27,6.08
1275.011952,7104,7076,257,27,6.08
1275.111933,7104,7076,257,27,6.06
1275.211942,7104,7076,257,27,6.06
1275.311932,7104,7072,257,27,6.06
1275.41194,7104,7076,257,27,6.07
1275.511933,7104,7080,221,27,6.07
1275.611976,7104,7080,221,27,6.07
1275.711931,7104,7076,221,27,6.06
1275.81195,7104,7080,58,27,6.06
1275.911933,7104,7076,58,27,6.07
1276.011979,7104,7076,58,27,6.07
1276.111933,7104,7080,58,27,6.05
1276.21198,7104,7076,257,27,6.05
1276.311931,7104,7076,257,27,6.05
1276.411979,7104,7076,257,27,6.07
1276.511932,7104,7080,221,27,6.07
1276.611933,7104,7076,221,27,6.07
1276.711932,7104,7076,221,27,6.07
1276.811976,7104,7080,221,27,6.07
1276.911932,7104,7084,221,27,6.11
1277.011932,7104,7076,221,27,6.11
1277.111931,7104,7084,221,27,6.11
1277.211976,7104,7080,221,27,6.11
1277.311932,7104,7072,221,27,6.11
1277.411932,7104,7080,221,27,7.45
1277.511933,7104,7084,221,27,7.45
1277.611953,7224,7088,221,27,7.45
1277.711931,7418,7288,221,27,7.35
1277.811949,7516,7444,563,27,7.35
1277.911938,7702,7556,563,27,7.36
1278.011953,7930,7772,563,27,7.36
1278.111931,8034,7960,563,27,7.41
1278.211932,8180,8084,578,27,7.41
1278.311931,8316,8204,578,27,7.41
1278.411957,8537,8396,578,27,7.37
1278.511932,8567,8552,221,27,7.37
1278.611932,8766,8604,221,27,7.37
1278.711931,8961,8860,221,27,7.42
1278.811997,9084,9028,286,27,7.42
1278.911934,9223,9116,286,27,7.41
1279.011932,9378,9312,286,27,7.41
1279.111931,9375,9388,286,27,7.4
1279.211975,9597,9464,402,27,7.4
1279.311932,9747,9668,402,27,7.4
1279.411941,9948,9844,402,27,7.43
1279.511933,10063,10024,221,27,7.43
1279.611959,10225,10144,221,27,7.43
1279.711932,10380,10316,221,27,7.44
1279.811948,10507,10468,17,27,7.44
1279.91194,10620,10588,17,27,7.42
1280.011956,10747,10712,17,27,7.42
1280.11193,10870,10836,17,27,7.41
1280.211931,10931,10952,221,27,7.41
1280.311933,10917,10988,221,27,7.41
1280.411961,10893,10992,221,27,7.3
1280.511932,10880,10972,448,27,7.3
1280.611932,10881,10968,448,27,7.3
1280.711931,10875,10960,448,27,7.3
1280.81198,10852,10940,656,27,7.3
1280.911931,10832,10924,656,27,7.27
1281.011932,10837,10896,656,27,7.27
1281.11193,10852,10892,656,27,7.35
1281.211956,10856,10900,404,27,7.35
1281.311932,10866,10900,404,27,7.35
1281.41193,10912,10916,404,27,7.4
1281.511933,10975,10996,435,27,7.4
1281.611975,10987,11044,435,27,7.4
1281.711978,10966,11048,435,27,7.29
1281.811931,10933,11044,1134,27,7.29
1281.911952,10891,11020,1134,27,7.15
1282.01196,10870,10972,1134,27,7.15
1282.11196,10891,10960,1134,27,7.28
1282.211934,10891,10960,598,27,7.28
1282.311931,10868,10956,598,27,7.28
1282.411955,10864,10940,598,27,7.27
1282.511931,10874,10940,634,27,7.27
1282.611933,10905,10940,634,27,7.27
1282.711939,10966,10972,634,27,7.38
1282.811951,11012,11032,221,27,7.38
1282.911931,11038,11060,221,27,7.38
1283.011931,11054,11084,221,27,7.38
1283.111931,11032,11088,221,27,7.35
1283.211949,10998,11080,699,27,7.35
1283.311931,10976,11068,699,27,7.35
1283.411931,10977,11052,699,27,5.96
1283.511932,10982,11048,615,27,5.96
1283.611951,10983,11044,615,27,5.96
1283.71193,10978,11036,615,27,6.01
1283.811932,10982,11036,515,27,6.01
1283.91193,10993,11036,515,27,6.03
1284.011984,11001,11036,515,27,6.03
1284.111931,11010,11048,515,27,6.04
1284.211932,11010,11052,377,27,6.04
1284.311931,11001,11052,377,27,6.04
1284.411974,11000,11052,377,27,6.02
1284.511931,11015,11052,377,27,6.02
1284.611932,11039,11060,377,27,6.02
1284.711932,11049,11080,377,27,6.05
1284.811976,11046,11088,377,27,6.05
1284.911932,11033,11092,377,27,6.03
1285.011934,11012,11080,377,27,6.03
1285.111932,10992,11064,377,27,5.99
1285.211976,10986,11052,607,27,5.99
1285.311932,11001,11040,607,27,5.99
1285.411932,11006,11040,607,27,6.04
1285.511932,11009,11044,339,27,6.04
1285.611977,11027,11048,339,27,6.04
1285.71193,11042,11060,339,27,6.07
1285.811931,11060,11080,221,27,6.07
1285.911931,11065,11092,221,27,6.06
1286.011977,11065,11092,221,27,6.06
1286.111932,11064,11092,221,27,6.07
1286.211937,11027,11088,469,27,6.07
1286.311932,10953,11044,469,27,6.07
1286.411948,10794,10948,469,27,5.99
1286.51193,10651,10772,957,27,5.99
1286.611932,10619,10668,957,27,5.99
1286.711932,10608,10648,957,27,6.05
1286.811972,10607,10640,303,27,6.05
1286.911932,10598,10640,303,27,6.07
1287.011931,10576,10636,303,27,6.07
1287.111932,10548,10612,303,27,6.02
1287.212001,10511,10588,626,27,6.02
1287.311931,10464,10544,626,27,6.02
1287.411932,10421,10504,626,27,5.99
1287.511931,10371,10460,726,27,5.99
1287.611977,10328,10412,726,27,5.99
1287.711936,10318,10376,726,27,6
1287.811932,10350,10372,266,27,6
1287.911952,10372,10396,266,27,6.06
1288.011955,10385,10412,266,27,6.06
1288.112007,10413,10432,266,27,6.08
1288.21193,10425,10452,221,27,6.08
1288.311946,10384,10456,221,27,6.08
1288.411958,10387,10432,221,27,6.02
1288.511947,10416,10432,221,27,6.02
1288.611932,10448,10456,221,27,6.02
1288.711932,10517,10512,221,27,6.08
1288.811959,10523,10564,339,27,6.08
1288.911932,10545,10564,339,27,6.05
1289.011932,10579,10600,339,27,6.05
1289.111937,10590,10620,339,27,6.06
1289.211943,10559,10624,486,27,6.06
1289.311985,10500,10596,486,27,6.06
1289.41193,10495,10552,486,27,6
1289.511948,10506,10548,404,27,6
1289.611975,10524,10552,404,27,6
1289.711931,10573,10580,404,27,6.09
1289.811932,10639,10632,0,27,6.09
1289.911932,10699,10704,0,27,6.07
1290.011956,10743,10756,0,27,6.07
1290.11193,10756,10788,0,27,6.06
1290.211931,10756,10792,134,27,6.06
1290.311933,10762,10796,134,27,6.06
1290.411974,10755,10804,134,27,6.04
1290.511933,10733,10800,580,27,6.04
1290.611931,10728,10784,580,27,6.04
1290.711931,10722,10780,580,27,6.01
1290.811973,10708,10768,424,27,6.01
1290.91193,10759,10764,424,27,6.05
1291.011936,10822,10828,424,27,6.05
1291.111932,10840,10872,424,27,6.06
1291.211973,10841,10876,339,27,6.06
1291.31193,10834,10880,339,27,6.06
1291.411932,10803,10880,339,27,6
1291.511932,10751,10856,670,27,6
1291.611975,10686,10800,670,27,6
1291.711931,10684,10740,670,27,5.99
1291.811936,10707,10740,535,27,5.99
1291.911932,10742,10752,535,27,6.09
1292.011949,10782,10796,535,27,6.09
1292.11194,10812,10840,535,27,6.06
1292.211932,10809,10844,293,27,6.06
1292.311932,10794,10840,293,27,6.06
1292.411961,10788,10836,293,27,6.02
1292.511931,10769,10832,682,27,6.02
1292.611932,10733,10808,682,27,6.02
1292.711939,10690,10776,682,27,5.99
1292.81196,10663,10736,607,27,5.99
1292.911932,10655,10712,607,27,6.01
1293.011933,10661,10700,607,27,6.01
1293.111941,10696,10712,607,27,6.06
1293.211954,10744,10748,436,27,6.06
1293.311931,10796,10804,436,27,6.06
1293.411932,10849,10856,436,27,6.08
1293.511932,10836,10884,390,27,6.08
1293.61198,10798,10876,390,27,6.08
1293.711932,10742,10836,390,27,5.98
1293.811952,10709,10784,626,27,5.98
1293.911939,10704,10760,626,27,6
1294.011982,10722,10756,626,27,6
1294.111933,10751,10776,626,27,6.07
1294.21196,10766,10784,221,27,6.07
1294.311931,10758,10804,221,27,6.07
1294.411961,10747,10796,221,27,6.02
1294.511939,10754,10792,349,27,6.02
1294.611933,10737,10796,349,27,6.02
1294.71193,10755,10792,349,27,6.03
1294.811975,10769,10796,238,27,6.03
1294.911941,10741,10804,238,27,6.04
1295.011933,10728,10788,238,27,6.04
1295.11194,10750,10788,238,27,6.03
1295.211976,10745,10792,619,27,6.03
1295.311932,10757,10792,619,27,6.03
1295.411931,10785,10804,619,27,6.07
1295.511932,10801,10820,238,27,6.07
1295.611985,10831,10852,238,27,6.07
1295.711931,10825,10868,238,27,6.06
1295.811932,10782,10860,644,27,6.06
1295.911932,10760,10832,644,27,6.01
1296.011975,10730,10808,644,27,6.01
1296.111953,10720,10780,644,27,5.99
1296.211931,10737,10776,199,27,5.99
1296.311931,10745,10780,199,27,5.99
1296.411974,10777,10792,199,27,6.08
1296.511931,10787,10824,312,27,6.08
1296.611933,10764,10824,312,27,6.08
1296.71193,10751,10820,312,27,5.99
1296.811974,10758,10816,552,27,5.99
1296.911931,10731,10812,552,27,5.99
1297.011939,10631,10776,552,27,5.99
1297.111943,10466,10660,552,27,5.88
1297.211981,10312,10492,1231,27,5.88
1297.31193,10219,10344,1231,27,5.88
1297.411932,10188,10284,1231,27,5.95
1297.511931,10180,10256,718,27,5.95
1297.611975,10226,10252,718,27,5.95
1297.71193,10303,10304,718,27,6.06
1297.811932,10365,10376,221,27,6.06
1297.911933,10402,10432,221,27,6.05
1298.011985,10405,10448,221,27,6.05
1298.111949,10443,10452,221,27,6.05
1298.211931,10494,10508,221,27,6.05
1298.311933,10492,10536,221,27,6.05
1298.411953,10532,10544,221,27,6.07
1298.511942,10568,10584,221,27,6.07
1298.611932,10608,10628,221,27,6.07
1298.711941,10649,10664,221,27,6.06
1298.811947,10781,10740,221,27,6.06
1298.91193,10895,10892,221,27,6.07
1299.011932,10918,10968,221,27,6.07
1299.111944,10949,10984,221,27,6.07
1299.211988,10996,11024,221,27,6.07
1299.311932,11033,11064,221,27,6.07
1299.411935,11039,11080,221,27,6.06
1299.511941,11027,11084,375,27,6.06
1299.611961,10986,11080,375,27,6.06
1299.711932,10929,11048,375,27,5.95
1299.811934,10850,10980,1076,27,5.95
1299.911945,10806,10900,1076,27,5.95
1300.011976,10770,10864,1076,27,5.95
1300.111933,10730,10824,1076,27,5.97
1300.211948,10662,10780,660,27,5.97
1300.311948,10604,10716,660,27,5.97
1300.411985,10589,10664,660,27,5.98
1300.511948,10615,10652,286,27,5.98
1300.611981,10646,10668,286,27,5.98
1300.711932,10649,10688,286,27,6.06
1300.811977,10683,10692,464,27,6.06
1300.911931,10743,10752,464,27,6.08
1301.011958,10794,10808,464,27,6.08
1301.111931,10832,10848,464,27,6.07
1301.211977,10893,10896,221,27,6.07
1301.311931,10920,10944,221,27,6.07
1301.411981,10953,10964,221,27,6.09
1301.511932,10949,10988,322,27,6.09
1301.611997,10913,10984,322,27,6.09
1301.711931,10890,10964,322,27,5.99
1301.811955,10865,10944,672,27,5.99
1301.911931,10811,10908,672,27,5.97
1302.011961,10778,10856,672,27,5.97
1302.111931,10745,10828,672,27,5.99
1302.211932,10735,10796,580,27,5.99
1302.31193,10712,10780,580,27,5.99
1302.411975,10702,10764,580,27,6
1302.511931,10700,10752,436,27,6
1302.611931,10697,10752,436,27,6
1302.711933,10703,10748,436,27,6.03
1302.81196,10755,10756,221,27,6.03
1302.91193,10794,10820,221,27,6.06
1303.011941,10820,10840,221,27,6.06
1303.111932,10827,10860,221,27,6.06
1303.211961,10815,10868,76,27,6.06
1303.311931,10786,10856,76,27,6.06
1303.411932,10764,10832,76,27,6
1303.511932,10765,10820,605,27,6
1303.611961,10752,10812,605,27,6
1303.711933,10765,10804,605,27,6.03
1303.811933,10794,10816,501,27,6.03
1303.911932,10799,10828,501,27,6.06
1304.011975,10818,10844,501,27,6.06
1304.111932,10800,10852,501,27,6.04
1304.211941,10786,10844,523,27,6.04
1304.311932,10779,10836,523,27,6.04
1304.411953,10794,10832,523,27,6.02
1304.511933,10784,10836,213,27,6.02
1304.611933,10758,10828,213,27,6.02
1304.711932,10752,10816,213,27,5.99
1304.811955,10739,10812,607,27,5.99
1304.911939,10713,10796,607,27,5.99
1305.011932,10756,10772,607,27,5.99
1305.111948,10792,10816,607,27,6.07
1305.211954,10791,10828,293,27,6.07
1305.311932,10760,10828,293,27,6.07
1305.411932,10738,10816,293,27,5.97
1305.51193,10712,10796,718,27,5.97
1305.611961,10679,10768,718,27,5.97
1305.711932,10666,10744,718,27,5.99
1305.811931,10662,10724,385,27,5.99
1305.911938,10675,10720,385,27,6.03
1306.011947,10687,10720,385,27,6.03
1306.111931,10696,10720,385,27,6.07
1306.211932,10730,10748,139,27,6.07
1306.311932,10753,10780,139,27,6.07
1306.411955,10737,10784,139,27,6.05
1306.51199,10733,10780,349,27,6.05
1306.611932,10729,10780,349,27,6.05
1306.711948,10717,10776,349,27,6.01
1306.81196,10718,10768,633,27,6.01
1306.911933,10715,10768,633,27,6.03
1307.011938,10684,10764,633,27,6.03
1307.111932,10693,10748,633,27,6.01
1307.21198,10715,10744,349,27,6.01
1307.311933,10731,10756,349,27,6.01
1307.411931,10715,10764,349,27,6.04
1307.511931,10714,10764,627,27,6.04
1307.611975,10724,10760,627,27,6.04
1307.711939,10738,10764,627,27,6.08
1307.811935,10744,10772,276,27,6.08
1307.911932,10759,10780,276,27,6.08
1308.011955,10769,10796,276,27,6.08
1308.111932,10762,10804,276,27,6.06
1308.211933,10733,10804,580,27,6.06
1308.311931,10701,10780,580,27,6.06
1308.411961,10851,10768,580,27,6.1
1308.511932,10999,10964,58,27,6.1
1308.611931,10971,11028,58,27,6.1
1308.711931,10937,11008,58,27,6.01
1308.811976,10919,10980,523,27,6.01
1308.911932,10873,10952,523,27,6.03
1309.011932,10804,10892,523,27,6.03
1309.111931,10745,10828,523,27,6
1309.211961,10710,10784,644,27,6
1309.311931,10703,10760,644,27,6
1309.411932,10722,10760,644,27,6.04
1309.511931,10741,10760,394,27,6.04
1309.611961,10767,10780,394,27,6.04
1309.71193,10799,10816,394,27,6.07
1309.811932,10803,10828,42,27,6.07
1309.91193,10803,10836,42,27,6.06
1310.011958,10817,10844,42,27,6.06
1310.111939,10819,10848,42,27,6.07
1310.211932,10818,10852,312,27,6.07
1310.311931,10819,10856,312,27,6.07
1310.411984,10809,10856,312,27,6.05
1310.51193,10795,10848,385,27,6.05
1310.611931,10793,10840,385,27,6.05
1310.71193,10777,10836,385,27,6.02
1310.811979,10721,10812,718,27,6.02
1310.911931,10665,10756,718,27,5.98
1311.01193,10654,10716,718,27,5.98
1311.111932,10683,10704,718,27,6.05
1311.211977,10723,10740,421,27,6.05
1311.311931,10753,10772,421,27,6.05
1311.411932,10770,10796,421,27,6.05
1311.51193,10778,10804,247,27,6.05
1311.611957,10791,10812,247,27,6.05
1311.711931,10840,10840,247,27,6.09
1311.811934,10895,10892,221,27,6.09
1311.911939,10958,10944,221,27,6.11
1312.011956,10973,10996,221,27,6.11
1312.111932,10961,10996,221,27,6.06
1312.211931,10961,10992,293,27,6.06
1312.311932,10964,10992,293,27,6.06
1312.411957,10950,10992,293,27,6.07
1312.511939,10915,10972,426,27,6.07
1312.61193,10899,10952,426,27,6.07
1312.71193,10864,10928,426,27,6.04
1312.811957,10841,10892,291,27,6.04
1312.911975,10861,10880,291,27,6.06
1313.011931,10897,10900,291,28,6.06
1313.111958,10912,10920,291,28,6.09
1313.211956,10902,10932,276,28,6.09
1313.311984,10891,10928,276,28,6.09
1313.411931,10882,10920,276,28,6.07
1313.511975,10880,10912,385,28,6.07
1313.611956,10952,10928,385,28,6.07
1313.711989,11037,11000,385,28,6.12
1313.811931,11064,11068,221,28,6.12
1313.911951,11053,11088,221,28,6.09
1314.011997,10977,11056,221,28,6.09
1314.111929,10928,10976,221,28,6.05
1314.211931,10931,10956,230,28,6.05
1314.311931,10947,10960,230,28,6.05
1314.411957,10976,10980,230,28,6.09
1314.511931,10991,11004,221,28,6.09
1314.611931,11005,11024,221,28,6.09
1314.711931,11010,11032,221,28,6.09
1314.811979,10992,11028,284,28,6.09
1314.911931,10982,11016,284,28,6.08
1315.011931,10977,11012,284,28,6.08
1315.111942,10946,11004,284,28,6.06
1315.211956,10922,10972,104,28,6.06
1315.311931,10915,10952,104,28,6.06
1315.411931,10906,10944,104,28,6.07
1315.51193,10903,10936,448,28,6.07
1315.611956,10890,10936,448,28,6.07
1315.711933,10774,10876,448,28,6.03
1315.811933,10638,10728,615,28,6.03
1315.911939,10501,10580,615,28,6.07
1316.011956,10364,10444,615,28,6.07
1316.111932,10228,10316,615,28,6.05
1316.211932,10091,10176,431,28,6.05
1316.311932,9954,10036,431,28,6.05
1316.411956,9818,9900,431,28,6.08
1316.511931,9681,9764,426,28,6.08
1316.611931,9544,9628,426,28,6.08
1316.711932,9406,9504,426,28,6.05
1316.811955,9281,9356,426,28,6.05
1316.911933,9243,9264,426,28,6.11
1317.011942,9240,9252,426,28,6.11
1317.111953,9241,9244,426,28,6.11
1317.211958,9241,9232,58,28,6.11
1317.311933,9241,9220,58,28,6.11
1317.411935,9235,9216,58,28,6.12
1317.511941,9144,9200,322,28,6.12
1317.611959,9011,9092,322,28,6.12
1317.711935,8873,8956,322,28,6.07
1317.811933,8736,8820,426,28,6.07
1317.911934,8599,8684,426,28,6.07
1318.011956,8462,8544,426,28,6.07
1318.111933,8351,8412,426,28,6.07
1318.211934,8327,8336,221,28,6.07
1318.311933,8326,8312,221,28,6.07
1318.411999,8326,8300,221,28,6.1
1318.51194,8326,8304,221,28,6.1
1318.611954,8326,8304,221,28,6.1
1318.711942,8326,8304,221,28,6.09
1318.81199,8326,8300,238,28,6.09
1318.911933,8326,8300,238,28,6.08
1319.011948,8326,8304,238,28,6.08
1319.111933,8326,8304,238,28,6.1
1319.211992,8326,8304,75,28,6.1
1319.311933,8326,8304,75,28,6.1
1319.411937,8326,8304,75,28,6.12
1319.511932,8326,8300,238,28,6.12
1319.611952,8326,8304,238,28,6.12
1319.711934,8326,8304,238,28,6.1
1319.811934,8326,8300,238,28,6.1
1319.911934,8326,8304,238,28,6.1
1320.011951,8326,8304,238,28,6.1
1320.111934,8326,8304,238,28,6.08
1320.211935,8326,8304,221,28,6.08
1320.311933,8326,8304,221,28,6.08
1320.411957,8326,8304,221,28,6.09
1320.511932,8326,8300,238,28,6.09
1320.611933,8326,8304,238,28,6.09
1320.711935,8326,8304,238,28,6.12
