t__s,ACT_TILT_CENTER_REAR.Position_CMD,ACT_TILT_CENTER_REAR.Position_FB,ACT_TILT_CENTER_REAR.Torque_FB,ACT_TILT_CENTER_REAR.Temperature_FB__dC,ACT_TILT_CENTER_REAR.Voltage_FB__V
-0.007996,7824,7808,685,34,6.08
0.091938,7824,7808,685,34,6.11
0.191936,7824,7808,303,34,6.11
0.291937,7824,7808,303,34,6.11
0.392,7824,7808,303,34,6.1
0.491998,7824,7808,402,34,6.1
0.591999,7824,7808,402,34,6.1
0.692,7824,7808,402,34,6.11
0.792012,7824,7808,501,34,6.11
0.892,7824,7808,501,34,6.1
0.991998,7824,7808,501,34,6.1
1.095956,6385,7260,501,34,5.88
1.195977,6385,6412,476,34,5.88
1.295957,6385,6388,476,34,5.88
1.39599,6385,6384,476,34,7.45
1.495955,6385,6388,0,34,7.45
1.595997,6385,6388,0,34,7.45
1.695955,6385,6384,0,34,7.45
1.79596,6385,6388,0,34,7.45
1.895977,6385,6384,0,34,7.45
1.995956,6385,6388,0,34,7.45
2.095955,6385,6388,0,34,7.45
2.195958,6385,6388,0,34,7.45
2.295955,6385,6384,0,34,7.45
2.395977,6385,6384,0,34,7.45
2.495981,6385,6388,0,34,7.45
2.599935,6385,6384,0,34,7.45
2.699952,6385,6384,0,34,7.46
2.799956,6385,6384,0,34,7.46
2.899986,6385,6384,0,34,7.45
2.999954,6385,6388,0,35,7.45
3.099936,6385,6388,0,35,7.45
3.199984,6385,6384,0,35,7.45
3.299949,6385,6388,0,35,7.45
3.399944,6385,6384,0,35,7.45
3.499935,6385,6384,0,35,7.45
3.599935,6385,6384,0,35,7.45
3.69996,6385,6384,0,35,7.46
3.799935,6385,6384,0,35,7.46
3.899936,6385,6388,0,35,7.45
3.999936,6385,6384,0,35,7.45
4.099961,6385,6384,0,35,7.45
4.199936,6385,6384,0,35,7.45
4.299935,6385,6384,0,35,7.45
4.399936,6385,6384,0,35,7.45
4.499959,6385,6384,0,35,7.45
4.599935,6385,6384,0,35,7.45
4.699942,6385,6384,0,35,7.45
4.799935,6385,6384,0,35,7.45
4.899987,6385,6384,0,35,7.45
4.999935,6385,6384,0,35,7.45
5.099934,6385,6384,0,35,7.44
5.199934,6385,6384,0,35,7.44
5.299958,6385,6384,0,35,7.44
5.399941,6385,6384,0,35,7.44
5.499935,6385,6384,0,35,7.44
5.599934,6385,6388,0,35,7.44
5.699961,6385,6384,0,35,7.44
5.799946,6385,6384,0,35,7.44
5.899935,6385,6388,0,35,7.44
5.999934,6385,6384,0,35,7.44
6.09998,6385,6388,0,35,7.44
6.199934,6385,6384,0,35,7.44
6.299938,6385,6384,0,35,7.44
6.399936,6385,6384,0,35,6.01
6.499955,6385,6384,0,35,6.01
6.599934,6385,6384,0,35,6.01
6.699936,6385,6384,0,35,6.08
6.799937,6385,6384,0,35,6.08
6.899955,6385,6388,0,35,6.1
6.999943,6385,6384,0,35,6.1
7.099935,6385,6384,0,35,6.11
7.199936,6385,6384,0,35,6.11
7.299958,6385,6384,0,35,6.11
7.399935,6385,6384,0,35,6.09
7.499936,6385,6384,0,35,6.09
7.599935,6385,6384,0,35,6.09
7.699959,6385,6384,0,35,6.12
7.799948,6385,6384,0,35,6.12
7.899935,6385,6384,0,35,6.08
7.999943,6385,6384,0,35,6.08
8.099979,6385,6384,0,35,6.11
8.199935,6385,6384,0,35,6.11
8.299936,6385,6388,0,35,6.11
8.399952,6385,6384,0,35,6.12
8.499959,6385,6384,0,35,6.12
8.599948,6385,6384,0,35,6.12
8.699943,6385,6384,0,35,6.11
8.799958,6385,6384,0,35,6.11
8.899958,6385,6384,0,35,6.11
8.999935,6385,6384,0,35,6.11
9.099936,6385,6388,0,35,6.06
9.199935,6385,6384,0,35,6.06
9.299947,6385,6384,0,35,6.06
9.399935,6385,6384,0,35,6.11
9.499936,6385,6384,0,35,6.11
9.599934,6385,6384,0,35,6.11
9.699947,6385,6384,0,35,6.11
9.799949,6385,6384,0,35,6.11
9.899944,6385,6384,0,35,6.11
9.999934,6385,6388,0,35,6.11
10.099947,6385,6384,0,35,6.11
10.199935,6385,6384,0,35,6.11
10.299934,6385,6384,0,35,6.11
10.399936,6385,6388,0,35,6.08
10.499947,6385,6384,0,35,6.08
10.599934,6385,6384,0,35,6.08
10.699936,6385,6384,0,35,6.12
10.799997,6385,6384,0,35,6.12
10.900018,6385,6384,0,35,6.12
10.999942,6385,6384,0,35,6.12
11.099935,6385,6384,0,35,6.02
11.199935,6385,6388,0,35,6.02
11.299979,6385,6384,0,35,6.02
11.399936,6385,6384,0,35,6.11
11.499936,6385,6384,0,35,6.11
11.599936,6385,6384,0,35,6.11
11.699959,6385,6384,0,35,6.11
11.799933,6385,6384,0,35,6.11
11.899951,6385,6384,0,35,6.03
11.999934,6385,6384,0,35,6.03
12.099987,6385,6388,0,35,6.08
12.199935,6385,6384,0,35,6.08
12.299935,6385,6384,0,35,6.08
12.399955,6385,6384,0,35,6.09
12.499958,6385,6388,0,35,6.09
12.599934,6385,6384,0,35,6.09
12.699935,6385,6388,0,35,6.09
12.799936,6385,6388,0,35,6.09
12.899979,6385,6384,0,35,6.02
12.999935,6385,6384,0,35,6.02
13.099936,6385,6384,0,35,6.11
13.199934,6385,6384,0,35,6.11
13.299974,6385,6388,0,35,6.11
13.399935,6385,6384,0,35,5.98
13.499935,6385,6384,0,35,5.98
13.599934,6385,6384,0,35,5.98
13.699976,6385,6384,0,35,6.08
13.799937,6385,6384,0,35,6.08
13.899935,6385,6384,0,35,6.09
13.999943,6385,6384,0,35,6.09
14.099976,6385,6384,0,35,6.09
14.199936,6385,6384,0,35,6.09
14.299934,6385,6384,0,35,6.09
14.399934,6385,6384,0,35,6.1
14.49999,6385,6384,0,35,6.1
14.599935,6385,6384,0,35,6.1
14.699952,6385,6384,0,35,6.12
14.799935,6385,6384,0,35,6.12
14.899977,6385,6388,0,35,6.12
14.999934,6385,6384,0,35,6.12
15.099935,6385,6384,0,35,6.12
15.199936,6385,6384,0,35,6.12
15.299975,6385,6384,0,35,6.12
15.399936,6385,6384,0,35,6.12
15.499935,6385,6384,0,35,6.12
15.599936,6385,6384,0,35,6.12
15.699978,6385,6384,0,35,6.12
15.804073,6385,6384,0,35,6.12
15.904052,6385,6384,0,35,6.12
16.004039,6385,6388,0,35,6.12
16.104047,6385,6384,0,35,6.12
16.204047,6385,6384,0,35,6.12
16.304046,6385,6384,0,35,6.12
16.404041,6385,6384,0,35,6.12
16.50404,6385,6384,0,35,6.12
16.604039,6385,6384,0,35,6.12
16.704038,6385,6384,0,35,6.12
16.804038,6385,6384,0,35,6.12
16.904047,6385,6384,0,35,6.12
17.004055,6385,6388,0,35,6.12
17.104041,6385,6384,0,35,6.12
17.204038,6385,6384,0,35,6.12
17.304038,6385,6384,0,35,6.12
17.404046,6385,6384,0,35,6.12
17.504044,6385,6388,0,35,6.12
17.604039,6385,6384,0,35,6.12
17.704055,6385,6384,0,35,6.12
17.807948,6385,6384,0,35,6.12
17.907947,6385,6384,0,35,6.12
18.007955,6385,6388,0,35,6.12
18.107947,6385,6384,0,35,6.12
18.207948,6385,6384,0,35,6.12
18.307948,6385,6384,0,35,6.12
18.407948,6385,6384,0,35,6.12
18.507949,6385,6384,0,35,6.12
18.60795,6385,6384,0,35,6.12
18.707948,6385,6384,0,35,6.12
18.808009,6385,6384,0,35,6.12
18.90801,6385,6384,0,35,6.12
19.008011,6385,6384,0,35,6.12
19.108018,6385,6384,0,35,6.12
19.20801,6385,6384,0,35,6.12
19.308016,6385,6384,0,35,6.12
19.408013,6385,6384,0,35,6.12
19.508011,6385,6384,0,35,6.12
19.608008,6385,6384,0,35,6.12
19.708009,6385,6384,0,35,6.12
19.811986,6385,6384,0,35,6.12
19.911937,6385,6388,0,35,6.12
20.011938,6385,6384,0,35,6.12
20.111937,6385,6384,0,35,6.11
20.211938,6385,6384,0,35,6.11
20.311938,6385,6384,0,35,6.11
20.411938,6385,6384,0,35,6.12
20.511937,6385,6384,0,35,6.12
20.611939,6385,6388,0,35,6.12
20.711937,6385,6384,0,35,6.12
20.81195,6385,6384,0,35,6.12
20.911938,6385,6384,0,35,6.12
21.011937,6385,6384,0,35,6.12
21.11194,6385,6384,0,35,6.12
21.211939,6385,6384,0,35,6.12
21.311937,6385,6388,0,35,6.12
21.411941,6385,6384,0,35,6.11
21.511937,6385,6384,0,35,6.11
21.611937,6385,6384,0,35,6.11
21.711937,6385,6384,0,35,6.11
21.81194,6385,6384,0,35,6.11
21.911936,6385,6384,0,35,6.12
22.012003,6415,6384,0,35,6.12
22.112003,6533,6412,0,35,6.04
22.212004,6669,6552,1576,35,6.04
22.311999,6806,6704,1576,35,6.04
22.412001,6944,6816,1576,35,6.04
22.511999,7081,6968,1059,35,6.04
22.612002,7218,7112,1059,35,6.04
22.711999,7355,7264,1059,35,6.06
22.812014,7482,7376,979,35,6.06
22.912,7524,7468,979,35,6.06
23.011927,7527,7496,979,35,6.06
23.11192,7527,7496,979,35,6.08
23.211924,7527,7504,819,35,6.08
23.31192,7527,7508,819,35,6.08
23.411928,7527,7508,819,35,6.11
23.511919,7533,7508,380,35,6.11
23.611924,7623,7520,380,35,6.11
23.711955,7757,7656,380,35,6.06
23.811939,7894,7804,692,35,6.06
23.911949,8031,7948,692,35,6.07
24.011923,8168,8056,692,34,6.07
24.111936,8305,8204,692,34,6.07
24.211926,8442,8344,1235,34,6.07
24.31192,8579,8464,1235,34,6.07
24.411926,8716,8592,1235,34,6.04
24.511921,8853,8748,1056,34,6.04
24.611921,8990,8896,1056,34,6.04
24.71192,9127,9012,1056,34,6.08
24.811954,9264,9164,827,34,6.08
24.911921,9401,9304,827,34,6.06
25.011951,9538,9452,827,34,6.06
25.11192,9675,9568,827,34,6.07
25.211961,9812,9720,643,34,6.07
25.311929,9949,9860,643,34,6.07
25.411953,10086,10004,643,34,6.08
25.511922,10223,10120,895,34,6.08
25.611977,10360,10260,895,34,6.08
25.711933,10448,10400,895,34,6.07
25.811973,10344,10424,402,34,6.07
25.911935,10309,10372,402,34,6.09
26.011977,10307,10340,402,34,6.09
26.111934,10308,10332,402,34,6.11
26.211984,10308,10332,383,34,6.11
26.311932,10308,10332,383,34,6.11
26.411979,10308,10328,383,34,6.11
26.511933,10311,10324,353,34,6.11
26.611951,10315,10324,353,34,6.11
26.711932,10316,10328,353,34,6.11
26.811981,10317,10324,310,34,6.11
26.911935,10318,10324,310,34,6.11
27.01195,10318,10324,310,34,6.11
27.111933,10318,10324,310,34,6.12
27.211981,10317,10324,133,34,6.12
27.311933,10315,10324,133,34,6.12
27.41195,10316,10324,133,34,6.12
27.511933,10318,10324,184,34,6.12
27.611952,10318,10324,184,34,6.12
27.711934,10316,10324,184,34,6.12
27.811981,10298,10324,486,34,6.12
27.911933,10290,10320,486,34,6.1
28.011954,10282,10312,486,34,6.1
28.111932,10277,10296,486,34,6.1
28.211952,10273,10284,365,34,6.1
28.311932,10271,10280,365,34,6.1
28.411956,10270,10280,365,34,6.11
28.511939,10273,10280,127,34,6.11
28.611959,10283,10280,127,34,6.11
28.711932,10292,10280,127,34,6.12
28.81198,10294,10276,319,34,6.12
28.911933,10292,10280,319,34,6.12
29.011951,10290,10288,319,34,6.12
29.111933,10286,10284,319,34,6.12
29.211959,10281,10284,0,34,6.12
29.311933,10280,10284,0,34,6.12
29.411951,10281,10284,0,34,6.12
29.511942,10284,10284,0,34,6.12
29.611951,10288,10288,0,34,6.12
29.711933,10293,10284,0,34,6.12
29.811982,10294,10288,172,34,6.12
29.911933,10290,10292,172,34,6.12
30.011952,10284,10284,172,34,6.12
30.111935,10280,10284,172,34,6.12
30.211936,10280,10288,163,34,6.12
30.311934,10279,10288,163,34,6.12
30.411959,10278,10284,163,34,6.09
30.511936,10277,10288,452,34,6.09
30.611936,10277,10284,452,34,6.09
30.711932,10282,10284,452,34,6.09
30.811955,10288,10284,0,34,6.09
30.911942,10292,10284,0,34,6.09
31.011946,10297,10284,0,34,6.09
31.111934,10304,10288,0,34,6.09
31.211945,10304,10284,329,34,6.09
31.311934,10304,10292,329,34,6.09
31.411947,10300,10296,329,34,6.03
31.511941,10300,10300,0,34,6.03
31.611949,10302,10300,0,34,6.03
31.711934,10297,10300,0,34,6.1
31.811982,10278,10312,498,34,6.1
31.911934,10282,10316,498,34,6.08
32.01195,10324,10316,498,34,6.08
32.111934,10362,10324,498,34,6.07
32.211951,10383,10368,259,34,6.07
32.311933,10391,10380,259,34,6.07
32.411952,10391,10380,259,34,6.08
32.511932,10379,10384,0,34,6.08
32.611951,10365,10384,0,34,6.08
32.711933,10345,10388,0,34,6.08
32.811983,10329,10396,1264,34,6.08
32.911934,10311,10384,1264,34,6.01
33.011953,10288,10360,1264,34,6.01
33.111934,10271,10336,1264,34,6.06
33.211954,10261,10332,900,34,6.06
33.311943,10262,10320,900,34,6.06
33.411953,10271,10320,900,34,6.01
33.511933,10283,10312,940,34,6.01
33.61196,10281,10316,940,34,6.01
33.711935,10274,10320,940,34,6.06
33.811982,10274,10324,1044,34,6.06
33.911933,10265,10320,1044,34,6.03
34.011953,10250,10312,1044,34,6.03
34.111933,10222,10312,1044,34,6.02
34.211951,10209,10304,1537,34,6.02
34.311933,10214,10288,1537,34,6.02
34.411952,10223,10272,1537,34,6.07
34.511933,10217,10272,970,34,6.07
34.611951,10202,10272,970,34,6.07
34.711934,10194,10272,970,34,5.99
34.811981,10187,10264,1158,34,5.99
34.911952,10178,10256,1158,34,6.02
35.011943,10165,10248,1158,34,6.02
35.111934,10149,10228,1158,34,5.98
35.211956,10145,10228,1463,34,5.98
35.311934,10142,10224,1463,34,5.98
35.411978,10132,10220,1463,34,5.97
35.511935,10119,10212,1597,34,5.97
35.611999,10110,10212,1597,34,5.97
35.711934,10100,10200,1597,34,5.94
35.811949,10093,10188,1760,34,5.94
35.911934,10095,10184,1760,34,5.93
36.01194,10104,10180,1760,34,5.93
36.111936,10115,10180,1760,34,6.03
36.211941,10125,10180,1211,34,6.03
36.31194,10121,10180,1211,34,6.03
36.411944,10115,10180,1211,34,6.06
36.511935,10115,10180,1254,34,6.06
36.611949,10118,10180,1254,34,6.06
36.71194,10118,10180,1254,34,6.01
36.811959,10116,10180,1076,34,6.01
36.911933,10111,10180,1076,34,6.02
37.011947,10110,10180,1076,34,6.02
37.111935,10113,10180,1076,34,5.99
37.21195,10120,10180,906,34,5.99
37.311933,10117,10180,906,34,5.99
37.411954,10112,10180,906,34,5.98
37.511935,10115,10180,1385,34,5.98
37.61195,10123,10180,1385,34,5.98
37.711955,10129,10180,1385,34,6.06
37.811975,10132,10180,1121,34,6.06
37.911961,10137,10180,1121,34,6.04
38.011952,10140,10184,1121,35,6.04
38.111975,10146,10184,1121,35,6.08
38.211952,10157,10188,670,35,6.08
38.311936,10166,10196,670,35,6.08
38.41195,10171,10196,670,35,6.09
38.511933,10182,10200,668,35,6.09
38.611977,10186,10204,668,35,6.09
38.711933,10183,10208,668,35,6.08
38.811984,10174,10212,1095,35,6.08
38.911935,10178,10216,1095,35,6.1
39.011951,10183,10216,1095,35,6.1
39.111932,10188,10216,1095,35,6.08
39.211951,10182,10220,880,35,6.08
39.311932,10178,10220,880,35,6.08
39.411951,10169,10224,880,35,6.04
39.511934,10164,10220,781,35,6.04
39.611953,10164,10224,781,35,6.04
39.711934,10172,10220,781,35,7.38
39.811977,10173,10224,1155,35,7.38
39.911947,10179,10220,1155,35,7.37
40.011952,10173,10220,1155,35,7.37
40.111977,10170,10220,1155,35,7.4
40.211952,10168,10220,1098,35,7.4
40.311951,10171,10220,1098,35,7.4
40.411956,10167,10212,1098,35,7.39
40.511934,10163,10212,704,35,7.39
40.611952,10153,10208,704,35,7.39
40.711934,10144,10208,704,35,7.36
40.811978,10134,10200,1011,35,7.36
40.911933,10121,10180,1011,35,7.36
41.011936,10111,10176,1011,35,7.36
41.111933,10102,10164,1011,35,7.37
41.211934,10046,10140,1248,35,7.37
41.311932,9925,10044,1248,35,7.37
41.411941,9789,9924,1248,35,7.34
41.511933,9651,9760,1399,35,7.34
41.611934,9514,9624,1399,35,7.34
41.711933,9377,9508,1399,35,7.32
41.811946,9240,9368,1088,35,7.32
41.911933,9138,9240,1088,35,7.34
42.011942,9062,9164,1088,35,7.34
42.111933,8973,9068,1088,35,7.36
42.211935,8882,8972,1286,35,7.36
42.311932,8790,8912,1286,35,7.36
42.411933,8699,8804,1286,35,7.34
42.511932,8608,8712,1322,35,7.34
42.611936,8517,8644,1322,35,7.34
42.711931,8426,8552,1322,35,7.36
42.811953,8335,8460,1361,35,7.36
42.911935,8244,8368,1361,35,7.33
43.011942,8152,8256,1361,35,7.33
43.111942,8061,8184,1361,35,7.38
43.211946,7970,8076,1752,35,7.38
43.311933,7879,7980,1752,35,7.38
43.411943,7788,7908,1752,35,7.34
43.511932,7697,7784,859,35,7.34
43.611947,7606,7684,859,35,7.34
43.711934,7514,7588,859,35,7.4
43.811976,7423,7528,1477,35,7.4
43.911941,7332,7420,1477,35,7.41
44.01195,7241,7316,1477,35,7.41
44.111933,7150,7216,1477,35,7.42
44.21195,7059,7132,883,35,7.42
44.311933,6968,7056,883,35,7.42
44.411949,6876,6956,883,35,7.41
44.511933,6785,6856,1189,35,7.41
44.611949,6694,6764,1189,35,7.41
44.71194,6603,6648,1189,35,7.44
44.811982,6512,6580,482,35,7.44
44.911933,6423,6484,482,35,7.43
45.011952,6387,6400,482,36,7.43
45.111935,6385,6392,482,36,7.44
45.211951,6385,6388,0,36,7.44
45.311934,6385,6388,0,36,7.44
45.411951,6385,6388,0,36,7.44
45.511935,6385,6384,0,36,7.44
45.611953,6385,6384,0,36,7.44
45.711934,6385,6384,0,36,7.44
45.811976,6385,6388,0,36,7.44
45.911934,6385,6388,0,36,7.44
46.011953,6385,6388,0,36,7.44
46.111933,6385,6388,0,36,7.45
46.211953,6385,6384,0,36,7.45
46.311938,6385,6388,0,36,7.45
46.411951,6385,6388,0,36,7.45
46.511934,6385,6392,204,36,7.45
46.611951,6385,6388,204,36,7.45
46.711934,6385,6388,204,36,7.43
46.811976,6385,6388,0,36,7.43
46.911935,6385,6388,0,36,7.45
47.011951,6385,6388,0,36,7.45
47.111935,6385,6388,0,36,7.44
47.211951,6385,6388,0,36,7.44
47.311935,6385,6392,0,36,7.44
47.41195,6385,6392,0,36,7.38
47.511938,6385,6392,110,36,7.38
47.611951,6385,6388,110,36,7.38
47.711951,6385,6388,110,36,7.4
47.811976,6385,6388,0,36,7.4
47.911976,6385,6388,0,36,7.43
48.01195,6385,6392,0,36,7.43
48.11195,6385,6388,0,36,6.12
48.211953,6385,6388,0,36,6.12
48.311934,6385,6388,0,36,6.12
48.411951,6385,6388,0,36,6.11
48.511935,6385,6388,0,36,6.11
48.611951,6385,6388,0,36,6.11
48.711935,6385,6388,0,36,6.11
48.811976,6385,6388,0,36,6.11
48.911935,6385,6388,0,36,6.11
49.011958,6385,6388,0,36,6.11
49.111945,6385,6388,0,36,6.12
49.211952,6385,6388,0,36,6.12
49.311935,6385,6388,0,36,6.12
49.411951,6385,6388,0,36,6.11
49.511936,6385,6388,0,36,6.11
49.611951,6385,6388,0,36,6.11
49.711935,6385,6388,0,36,6.09
49.811977,6385,6388,0,36,6.09
49.911935,6385,6388,0,36,6.11
50.011949,6385,6388,0,35,6.11
50.111932,6385,6388,0,35,6.08
50.21198,6385,6388,0,35,6.08
50.311932,6385,6388,0,35,6.08
50.41198,6385,6388,0,35,6.12
50.511935,6385,6388,0,35,6.12
50.611991,6385,6388,0,35,6.12
50.711933,6385,6388,0,35,6.11
50.811949,6385,6388,0,35,6.11
50.911933,6385,6388,0,35,6.12
51.011951,6385,6388,0,35,6.12
51.111934,6385,6388,0,35,6.12
51.211952,6385,6388,0,35,6.12
51.311933,6385,6388,0,35,6.12
51.411977,6385,6388,0,35,6.11
51.511942,6385,6388,0,35,6.11
51.611952,6385,6388,0,35,6.11
51.711932,6385,6388,0,35,6.09
51.811952,6385,6388,0,35,6.09
51.911932,6385,6388,0,35,6.07
52.011952,6385,6388,0,35,6.07
52.111932,6385,6388,0,35,6.11
52.211949,6385,6388,0,35,6.11
52.311933,6385,6388,0,35,6.11
52.411951,6385,6388,0,35,6.12
52.511941,6385,6388,0,35,6.12
52.61195,6385,6388,0,35,6.12
52.711932,6385,6388,0,35,6.11
52.811985,6385,6388,0,35,6.11
52.911932,6385,6388,0,35,6.12
53.011955,6385,6388,0,35,6.12
53.111933,6385,6388,0,35,6.12
53.211959,6385,6388,0,35,6.12
53.311933,6385,6388,0,35,6.12
53.41195,6385,6388,0,35,6.12
53.511933,6385,6388,0,35,6.12
53.611951,6385,6388,0,35,6.12
53.711934,6385,6388,0,35,6.11
53.811951,6385,6388,0,35,6.11
53.911933,6385,6388,0,35,6.1
54.011949,6385,6388,0,35,6.1
54.111934,6385,6388,0,35,6.11
54.21195,6385,6388,0,35,6.11
54.311932,6385,6388,0,35,6.11
54.411951,6385,6388,0,35,6.12
54.511932,6385,6388,0,35,6.12
54.61195,6385,6388,0,35,6.12
54.711934,6385,6388,0,35,6.11
54.811948,6385,6388,0,35,6.11
54.911932,6385,6388,0,35,6.12
55.01195,6385,6388,0,35,6.12
55.111933,6385,6388,0,35,6.11
55.21195,6385,6388,0,35,6.11
55.311933,6385,6388,0,35,6.11
55.41195,6385,6388,0,35,6.11
55.511932,6385,6388,0,35,6.11
55.61195,6385,6388,0,35,6.11
55.711932,6385,6388,0,35,6.1
55.81195,6385,6388,0,35,6.1
55.911931,6385,6388,0,35,6.1
56.01195,6385,6388,0,35,6.1
56.111933,6385,6388,0,35,6.12
56.21195,6385,6388,0,35,6.12
56.311933,6385,6388,0,35,6.12
56.411956,6385,6388,0,35,6.1
56.511931,6385,6388,0,35,6.1
56.611951,6385,6388,0,35,6.1
56.711932,6385,6388,0,35,6.1
56.81195,6385,6388,0,35,6.1
56.911932,6385,6388,0,35,6.08
57.011949,6385,6388,0,35,6.08
57.111932,6385,6388,0,35,6.12
57.21195,6385,6388,0,35,6.12
57.311931,6385,6388,0,35,6.12
57.41195,6385,6388,0,35,6.11
57.511933,6385,6388,0,35,6.11
57.611951,6385,6388,0,35,6.11
57.711933,6385,6388,0,35,6.06
57.811951,6385,6388,0,35,6.06
57.911936,6385,6388,0,35,6.12
58.01195,6385,6388,0,35,6.12
58.111978,6385,6388,0,35,6.11
58.21195,6385,6388,0,35,6.11
58.311932,6385,6388,0,35,6.11
58.411949,6385,6388,0,35,6.1
58.511931,6385,6388,0,35,6.1
58.61195,6385,6388,0,35,6.1
58.711932,6385,6388,0,35,6.1
58.811958,6385,6388,0,35,6.1
58.911934,6385,6388,0,35,6.11
59.01195,6385,6388,0,35,6.11
59.111936,6385,6388,0,35,6.1
59.211951,6385,6388,0,35,6.1
59.311933,6385,6388,0,35,6.1
59.411953,6385,6388,0,35,6.12
59.511933,6385,6388,0,35,6.12
59.611951,6385,6388,0,35,6.12
59.711934,6385,6384,0,35,6.09
59.811952,6385,6388,0,35,6.09
59.911934,6385,6388,0,35,6.08
60.011952,6385,6388,0,35,6.08
60.111934,6385,6388,0,35,6.1
60.21195,6385,6388,0,35,6.1
60.311933,6385,6388,0,35,6.1
60.411944,6385,6388,0,35,6.09
60.511932,6385,6388,0,35,6.09
60.611981,6385,6392,0,35,6.09
60.711933,6385,6392,0,35,6.1
60.81196,6385,6388,0,35,6.1
60.911932,6385,6388,0,35,6.12
61.01195,6385,6392,0,35,6.12
61.111934,6385,6388,0,35,6.11
61.211952,6385,6388,0,35,6.11
61.311933,6385,6388,0,35,6.11
61.411951,6385,6388,0,35,6.11
61.511976,6385,6388,0,35,6.11
61.61195,6385,6388,0,35,6.11
61.711945,6385,6388,0,35,6.11
61.81195,6385,6388,0,35,6.11
61.911959,6385,6388,0,35,6.11
62.011949,6385,6388,0,35,6.11
62.111934,6385,6388,0,35,6.1
62.211951,6385,6388,0,35,6.1
62.311932,6385,6388,0,35,6.1
62.41195,6385,6388,0,35,6.12
62.511932,6385,6388,0,35,6.12
62.61195,6385,6388,0,35,6.12
62.711942,6385,6388,0,35,6.1
62.811952,6385,6388,0,35,6.1
62.911935,6385,6388,0,35,6.1
63.011951,6385,6388,0,35,6.1
63.111934,6385,6388,0,35,6.09
63.21195,6385,6388,0,35,6.09
63.311944,6385,6388,0,35,6.09
63.41195,6385,6384,0,35,6.12
63.511934,6385,6388,0,35,6.12
63.61195,6385,6388,0,35,6.12
63.711932,6385,6388,0,35,6.1
63.81195,6385,6388,0,35,6.1
63.911933,6385,6388,0,35,6.09
64.01195,6385,6388,0,35,6.09
64.11194,6385,6388,0,35,6.04
64.21195,6385,6388,0,35,6.04
64.311933,6385,6384,0,35,6.04
64.411949,6385,6384,0,35,6.08
64.511933,6385,6388,0,35,6.08
64.61195,6385,6388,0,35,6.08
64.711933,6385,6388,0,35,6.09
64.811951,6385,6384,0,35,6.09
64.911932,6385,6384,0,35,6.11
65.011977,6385,6380,0,35,6.11
65.111931,6385,6380,0,35,6.09
65.211949,6385,6380,100,35,6.09
65.311931,6385,6380,100,35,6.09
65.411981,6385,6380,100,35,6.1
65.511932,6385,6380,131,35,6.1
65.611948,6385,6380,131,35,6.1
65.711955,6385,6380,131,35,6.11
65.811948,6385,6380,104,35,6.11
65.911979,6385,6380,104,35,6.08
66.01195,6385,6380,104,35,6.08
66.111975,6385,6380,104,35,6.04
66.211949,6385,6380,78,35,6.04
66.311948,6385,6380,78,35,6.04
66.411949,6385,6380,78,35,6.12
66.511932,6385,6384,0,35,6.12
66.611948,6385,6380,0,35,6.12
66.711931,6385,6384,0,35,6.11
66.811948,6385,6380,0,35,6.11
66.911931,6385,6384,0,35,6.1
67.011948,6385,6384,0,35,6.1
67.111951,6385,6384,0,35,6.1
67.211949,6385,6384,0,35,6.1
67.311931,6385,6384,0,35,6.1
67.411948,6385,6384,0,35,6.1
67.51193,6385,6384,0,35,6.1
67.611949,6385,6384,0,35,6.1
67.711931,6385,6384,0,35,6.11
67.811949,6385,6384,0,35,6.11
67.911956,6385,6384,0,35,6.12
68.011949,6385,6384,0,35,6.12
68.111931,6385,6384,0,35,6.12
68.21195,6385,6384,0,35,6.12
68.311939,6385,6384,0,35,6.12
68.411949,6385,6384,0,35,6.12
68.511931,6385,6384,0,35,6.12
68.611956,6385,6384,0,35,6.12
68.711932,6385,6384,0,35,6.07
68.811948,6385,6384,0,35,6.07
68.911931,6385,6384,0,35,6.12
69.011958,6385,6384,0,35,6.12
69.111931,6385,6384,0,35,6.11
69.211949,6385,6384,0,35,6.11
69.31193,6385,6384,0,35,6.11
69.411948,6385,6384,0,35,6.1
69.511931,6385,6384,0,35,6.1
69.611948,6385,6380,0,35,6.1
69.711932,6385,6380,0,35,6.06
69.811932,6385,6384,0,35,6.06
69.91193,6385,6384,0,35,6.1
70.011934,6385,6384,0,35,6.1
70.111932,6385,6384,0,35,6.06
70.211933,6385,6384,0,35,6.06
70.311932,6385,6384,0,35,6.06
70.411975,6385,6380,0,35,6.05
70.511932,6385,6384,0,35,6.05
70.611933,6385,6384,0,35,6.05
70.711931,6385,6384,0,35,6.08
70.811933,6385,6384,0,35,6.08
70.911931,6385,6384,0,35,6.08
71.011931,6385,6384,0,35,6.08
71.11193,6385,6384,0,35,6.07
71.211935,6385,6384,0,35,6.07
71.311931,6385,6384,0,35,6.07
71.411932,6385,6384,0,35,6.1
71.511934,6385,6384,0,35,6.1
71.611931,6385,6384,0,35,6.1
71.711932,6385,6384,0,35,6.1
71.811933,6385,6384,0,35,6.1
71.911931,6385,6384,0,35,6.11
72.011932,6385,6384,0,35,6.11
72.111932,6385,6384,0,35,6.11
72.211931,6385,6384,0,35,6.11
72.311932,6385,6384,0,35,6.11
72.411932,6385,6384,0,35,6.11
72.511931,6385,6384,0,35,6.11
72.611932,6385,6384,0,35,6.11
72.71194,6385,6384,0,35,6.11
72.811932,6385,6384,0,35,6.11
72.911955,6385,6384,0,35,6.09
73.011932,6385,6384,0,35,6.09
73.11193,6385,6384,0,35,6.12
73.211932,6385,6380,163,35,6.12
73.311933,6385,6384,163,35,6.12
73.411941,6385,6384,163,35,6.09
73.511941,6385,6380,0,35,6.09
73.611932,6385,6384,0,35,6.09
73.711953,6385,6384,0,35,6.09
73.811948,6385,6384,0,35,6.09
73.911979,6385,6384,0,35,6.05
74.011949,6385,6384,0,35,6.05
74.11196,6385,6384,0,35,6.06
74.211986,6385,6384,0,35,6.06
74.311948,6385,6384,0,35,6.06
74.411999,6385,6384,0,35,6.1
74.51193,6385,6384,0,35,6.1
74.611931,6385,6384,0,35,6.1
74.711932,6385,6380,0,35,6.09
74.811933,6385,6384,0,35,6.09
74.911932,6385,6384,0,35,6.09
75.011932,6385,6384,0,35,6.09
75.111932,6385,6384,0,35,6.11
75.211932,6385,6384,0,35,6.11
75.31193,6385,6384,0,35,6.11
75.411945,6385,6384,0,35,6.07
75.511933,6385,6380,327,35,6.07
75.611932,6385,6384,327,35,6.07
75.711931,6385,6388,327,35,6.07
75.811932,6385,6388,0,35,6.07
75.911939,6385,6384,0,35,6.01
76.011931,6385,6384,0,35,6.01
76.111933,6385,6384,0,35,6.05
76.211932,6385,6384,0,35,6.05
76.311934,6385,6384,0,35,6.05
76.411932,6385,6384,0,35,6.11
76.511932,6385,6384,0,35,6.11
76.611932,6385,6384,0,35,6.11
76.711932,6385,6384,0,35,6.1
76.811932,6385,6384,0,35,6.1
76.911931,6385,6384,0,35,6.08
77.011933,6385,6384,0,35,6.08
77.111931,6385,6384,0,35,6.11
77.211933,6385,6384,0,35,6.11
77.311931,6385,6384,0,35,6.11
77.411932,6385,6384,0,35,6.09
77.511932,6385,6384,0,35,6.09
77.611932,6385,6384,0,35,6.09
77.711931,6385,6384,0,35,6.1
77.811932,6385,6384,0,35,6.1
77.911947,6385,6384,0,35,6.08
78.011932,6385,6384,0,35,6.08
78.11193,6385,6384,0,35,6.11
78.211941,6385,6384,0,35,6.11
78.31193,6385,6384,0,35,6.11
78.411932,6385,6384,0,35,6.07
78.51194,6385,6384,0,35,6.07
78.611933,6385,6384,0,35,6.07
78.711931,6385,6384,0,35,6.12
78.811932,6385,6384,0,35,6.12
78.911933,6385,6384,0,35,6.1
79.011933,6385,6384,0,35,6.1
79.111932,6385,6384,0,35,6.1
79.211934,6385,6384,0,35,6.1
79.311931,6385,6384,0,35,6.1
79.411977,6385,6384,0,35,6.11
79.511932,6385,6384,0,35,6.11
79.611945,6385,6384,0,35,6.11
79.711932,6385,6384,0,35,6.09
79.811975,6385,6384,0,35,6.09
79.911931,6385,6384,0,35,6.06
80.011931,6385,6384,0,35,6.06
80.111931,6385,6384,0,35,6.08
80.211933,6385,6384,0,35,6.08
80.311931,6385,6384,0,35,6.08
80.411949,6385,6384,0,35,6.12
80.511944,6385,6384,0,35,6.12
80.611932,6385,6384,0,35,6.12
80.711933,6385,6384,0,35,6.11
80.811933,6385,6384,0,35,6.11
80.911932,6385,6384,0,35,6.1
81.011933,6385,6384,0,35,6.1
81.111932,6385,6384,0,35,6.1
81.211933,6385,6384,0,35,6.1
81.311932,6385,6384,0,35,6.1
81.411933,6385,6384,0,35,6.11
81.511932,6385,6384,0,35,6.11
81.611932,6385,6384,0,35,6.11
81.711932,6385,6384,0,35,6.12
81.811933,6385,6384,163,35,6.12
81.911931,6385,6384,163,35,6.1
82.011933,6385,6384,163,35,6.1
82.111932,6385,6384,163,35,6.11
82.211942,6385,6384,0,35,6.11
82.311932,6385,6384,0,35,6.11
82.411931,6385,6384,0,35,6.1
82.511931,6385,6384,0,35,6.1
82.611932,6385,6384,0,35,6.1
82.711933,6385,6380,0,35,6.11
82.811933,6385,6380,204,35,6.11
82.911949,6385,6384,204,35,6.07
83.011932,6385,6384,204,35,6.07
83.111939,6385,6384,204,35,6.11
83.211931,6385,6384,0,35,6.11
83.311929,6385,6384,0,35,6.11
83.411931,6385,6384,0,35,6.11
83.511931,6385,6384,0,35,6.11
83.611931,6385,6384,0,35,6.11
83.711931,6385,6384,0,35,6.1
83.811932,6385,6384,78,35,6.1
83.911932,6385,6384,78,35,6.07
84.011931,6385,6384,78,35,6.07
84.111934,6385,6384,78,35,6.11
84.211948,6385,6384,0,35,6.11
84.31193,6385,6384,0,35,6.11
84.411931,6385,6384,0,35,6.07
84.51194,6385,6384,0,35,6.07
84.611932,6385,6388,0,35,6.07
84.71193,6385,6392,0,35,6.03
84.811933,6385,6392,109,35,6.03
84.911931,6385,6392,109,35,6.05
85.011932,6385,6400,109,35,6.05
85.111932,6385,6396,109,35,6
85.211932,6385,6392,110,35,6
85.311932,6385,6388,110,35,6
85.411949,6385,6388,110,35,6.06
85.511932,6385,6388,0,35,6.06
85.611933,6385,6388,0,35,6.06
85.711931,6385,6388,0,35,6.03
85.81194,6385,6388,0,35,6.03
85.911932,6385,6388,0,35,6.06
86.011936,6385,6392,0,35,6.06
86.111931,6385,6388,0,35,6.06
86.211985,6385,6388,0,35,6.06
86.311931,6385,6388,0,35,6.06
86.411958,6385,6388,0,35,6.09
86.511932,6385,6388,0,35,6.09
86.611931,6385,6388,0,35,6.09
86.711932,6385,6388,0,35,6.1
86.811933,6385,6388,0,35,6.1
86.911932,6385,6388,0,35,6.08
87.011932,6385,6396,0,35,6.08
87.111933,6385,6392,0,35,6.09
87.211931,6385,6396,221,35,6.09
87.311951,6385,6392,221,35,6.09
87.411932,6385,6388,221,35,6.08
87.511952,6385,6388,0,35,6.08
87.611934,6385,6384,0,35,6.08
87.711949,6385,6388,0,35,6.12
87.811932,6385,6388,0,35,6.12
87.911947,6385,6388,0,35,6.1
88.011932,6385,6388,0,35,6.1
88.111932,6385,6388,0,35,6.1
88.211944,6385,6388,0,35,6.1
88.311931,6385,6388,0,35,6.1
88.411932,6385,6388,0,35,6.05
88.51193,6385,6388,0,35,6.05
88.611932,6385,6388,0,35,6.05
88.711931,6385,6384,0,35,6.05
88.811934,6385,6384,0,35,6.05
88.911932,6385,6388,0,35,6.09
89.011931,6385,6388,0,35,6.09
89.111931,6385,6388,0,35,6.09
89.211932,6385,6388,0,35,6.09
89.31193,6385,6392,0,35,6.09
89.411932,6385,6392,0,35,6.03
89.511938,6385,6388,0,35,6.03
89.611933,6385,6388,0,35,6.03
89.711931,6385,6392,0,35,6
89.811933,6385,6388,0,35,6
89.91193,6385,6388,0,35,6.05
90.011933,6385,6388,0,35,6.05
90.111931,6385,6384,0,35,6.06
90.211932,6385,6384,0,35,6.06
90.311932,6385,6388,0,35,6.06
90.411949,6385,6388,0,35,6.09
90.511932,6385,6384,0,35,6.09
90.611932,6385,6384,0,35,6.09
90.711932,6385,6384,0,35,6.09
90.811931,6385,6388,0,35,6.09
90.91194,6385,6384,0,35,6.11
91.011932,6385,6388,0,35,6.11
91.111931,6385,6388,0,35,6.09
91.211931,6385,6388,0,35,6.09
91.31192,6385,6384,0,35,6.09
91.411919,6385,6384,0,35,6.07
91.511918,6385,6384,0,35,6.07
91.611919,6385,6384,0,35,6.07
91.711918,6385,6384,0,35,6.11
91.811922,6385,6384,0,35,6.11
91.911918,6385,6384,0,35,6.09
92.011919,6385,6384,0,35,6.09
92.11192,6385,6384,0,35,6.12
92.211919,6385,6388,0,35,6.12
92.311926,6385,6384,0,35,6.12
92.41192,6385,6384,0,35,6.07
92.511925,6385,6384,0,35,6.07
92.611919,6385,6384,0,35,6.07
92.711919,6385,6388,0,35,6.09
92.811923,6385,6384,0,35,6.09
92.911918,6385,6388,0,35,6.08
93.011919,6385,6388,0,35,6.08
93.111937,6385,6388,0,35,6.06
93.21192,6385,6388,0,35,6.06
93.311958,6385,6388,0,35,6.06
93.41192,6385,6388,0,35,6.08
93.511943,6385,6384,0,35,6.08
93.611923,6385,6384,0,35,6.08
93.711948,6385,6384,0,35,6.05
93.811921,6385,6384,0,35,6.05
93.911936,6385,6384,0,35,6.11
94.011919,6385,6384,0,35,6.11
94.111918,6385,6384,0,35,6.1
94.211937,6385,6384,0,35,6.1
94.311919,6385,6384,0,35,6.1
94.411936,6385,6384,0,35,6.07
94.511919,6385,6384,0,35,6.07
94.61192,6385,6384,0,35,6.07
94.711919,6385,6384,0,35,6.07
94.81192,6385,6384,0,35,6.07
94.911919,6385,6384,0,35,6.11
95.01192,6385,6384,0,35,6.11
95.111919,6385,6384,0,35,6.11
95.211921,6385,6384,0,35,6.11
95.311919,6385,6384,0,35,6.11
95.41192,6385,6384,0,35,6.11
95.511919,6385,6380,163,35,6.11
95.61192,6385,6380,163,35,6.11
95.711919,6385,6384,163,35,6.1
95.81192,6385,6384,0,35,6.1
95.911919,6385,6380,0,35,6.1
96.011921,6385,6384,0,35,6.1
96.111919,6385,6384,0,35,6.12
96.211921,6385,6384,0,35,6.12
96.31192,6385,6384,0,35,6.12
96.41192,6385,6384,0,35,6.11
96.511919,6385,6384,0,35,6.11
96.61192,6385,6384,0,35,6.11
96.711918,6385,6384,0,35,6.12
96.81192,6385,6384,0,35,6.12
96.911919,6385,6384,0,35,6.12
97.01192,6385,6384,0,35,6.12
97.111918,6385,6384,0,35,6.1
97.21192,6385,6384,0,35,6.1
97.311919,6385,6384,0,35,6.1
97.411938,6385,6384,0,35,6.11
97.511919,6385,6384,0,35,6.11
97.611933,6385,6384,0,35,6.11
97.711918,6385,6384,0,35,6.11
97.811957,6385,6384,0,35,6.11
97.911919,6385,6384,0,35,6.11
98.011919,6385,6384,0,35,6.11
98.111928,6385,6384,0,35,6.12
98.211919,6385,6384,0,35,6.12
98.311919,6385,6384,0,35,6.12
98.411921,6385,6384,0,35,6.1
98.511919,6385,6384,0,35,6.1
98.61192,6385,6384,0,35,6.1
98.71192,6385,6384,0,35,6.09
98.811921,6385,6384,0,35,6.09
98.911919,6385,6384,0,35,6.11
99.01192,6385,6384,0,35,6.11
99.11192,6385,6384,0,35,6.09
99.21192,6385,6384,0,35,6.09
99.311919,6385,6384,0,35,6.09
99.411921,6385,6384,0,35,6.06
99.511921,6385,6384,0,35,6.06
99.611919,6385,6384,0,35,6.06
99.711919,6385,6384,0,35,6.1
99.811919,6385,6384,0,35,6.1
99.911919,6385,6384,0,35,6.12
100.011919,6385,6384,0,35,6.12
100.111918,6385,6384,0,35,6.12
100.211922,6385,6384,0,35,6.12
100.311919,6385,6384,0,35,6.12
100.411919,6385,6384,0,35,6.1
100.511919,6385,6384,0,35,6.1
100.611919,6385,6384,0,35,6.1
100.711919,6385,6384,0,35,6.11
100.811927,6385,6384,0,35,6.11
100.911919,6385,6384,0,35,6.12
101.01192,6385,6384,0,35,6.12
101.111919,6385,6384,0,35,6.1
101.211919,6385,6384,0,35,6.1
101.311919,6385,6384,0,35,6.1
101.41192,6385,6388,0,35,6.12
101.511921,6385,6384,0,35,6.12
101.611919,6385,6384,0,35,6.12
101.71192,6385,6388,0,35,6.11
101.811921,6385,6384,0,35,6.11
101.911919,6385,6384,0,35,6.11
102.011919,6385,6384,0,35,6.11
102.111918,6385,6388,0,35,6.1
102.21192,6385,6384,0,35,6.1
102.311918,6385,6384,0,35,6.1
102.411938,6385,6388,0,35,6.12
102.511918,6385,6388,0,35,6.12
102.61192,6385,6388,0,35,6.12
102.711919,6385,6384,0,35,6.11
102.811918,6385,6388,0,35,6.11
102.911919,6385,6384,0,35,6.12
103.011918,6385,6384,0,35,6.12
103.111918,6385,6384,0,35,6.12
103.211922,6385,6384,0,35,6.12
103.31192,6385,6384,0,35,6.12
103.411919,6385,6384,0,35,6.11
103.511919,6385,6384,0,35,6.11
103.611933,6385,6384,0,35,6.11
103.711919,6385,6384,0,35,6.11
103.811927,6385,6384,0,35,6.11
103.911919,6385,6384,0,35,6.1
104.011921,6385,6384,0,35,6.1
104.111919,6385,6384,0,35,6.11
104.211919,6385,6384,0,35,6.11
104.311919,6385,6388,0,35,6.11
104.41192,6385,6384,0,35,6.09
104.511919,6385,6388,0,35,6.09
104.611937,6385,6388,0,35,6.09
104.711919,6385,6384,0,35,6.08
104.81192,6385,6384,0,35,6.08
104.91192,6385,6388,0,35,6.11
105.011918,6385,6384,0,35,6.11
105.11194,6385,6384,0,35,6.09
105.211919,6385,6388,0,35,6.09
105.31192,6385,6384,0,35,6.09
105.41192,6385,6388,0,35,6.1
105.511929,6385,6388,0,35,6.1
105.611937,6385,6388,0,35,6.1
105.711919,6385,6384,0,35,6.1
105.81192,6385,6384,0,35,6.1
105.911921,6385,6384,0,35,6.09
106.01192,6385,6384,0,35,6.09
106.111919,6385,6384,0,35,6.12
106.211919,6385,6384,0,35,6.12
106.311927,6385,6384,0,35,6.12
106.41192,6385,6384,0,35,6.11
106.511936,6385,6384,0,35,6.11
106.611935,6385,6384,0,35,6.11
106.711938,6385,6384,0,35,6.12
106.811935,6385,6384,0,35,6.12
106.911936,6385,6384,0,35,6.12
107.011975,6385,6384,0,34,6.12
107.11193,6385,6384,0,34,6.11
107.211936,6385,6384,0,34,6.11
107.311949,6385,6384,0,34,6.11
107.411919,6385,6384,0,34,6.11
107.511936,6385,6384,0,34,6.11
107.611936,6385,6384,0,34,6.11
107.711918,6385,6384,0,34,6.1
107.811923,6385,6384,0,34,6.1
107.911919,6385,6384,0,34,6.07
108.011919,6385,6388,0,34,6.07
108.111935,6385,6384,0,34,6.08
108.211918,6385,6388,0,34,6.08
108.311919,6385,6384,0,34,6.08
108.411919,6385,6384,0,34,6.1
108.511918,6385,6384,0,34,6.1
108.611935,6385,6384,0,34,6.1
108.711917,6385,6384,0,34,6.11
108.811919,6385,6384,0,34,6.11
108.911918,6385,6384,0,34,6.11
109.011918,6385,6384,0,34,6.11
109.11192,6385,6384,0,34,6.04
109.211919,6385,6384,0,34,6.04
109.311919,6385,6384,0,34,6.04
109.41192,6385,6384,0,34,6.05
109.511919,6385,6384,0,34,6.05
109.611919,6385,6384,0,34,6.05
109.711919,6385,6384,0,34,6.1
109.811923,6385,6380,80,34,6.1
109.911919,6385,6380,80,34,6.09
110.011919,6385,6384,80,34,6.09
110.111918,6385,6380,80,34,6.12
110.211918,6385,6380,83,34,6.12
110.311916,6385,6380,83,34,6.12
110.411919,6385,6380,83,34,6.11
110.511918,6385,6380,114,34,6.11
110.611918,6385,6380,114,34,6.11
110.711917,6385,6380,114,34,6.1
110.811917,6385,6380,145,34,6.1
110.911917,6385,6380,145,34,6.11
111.011919,6385,6380,145,34,6.11
111.111919,6385,6384,145,34,6.12
111.211917,6385,6380,88,34,6.12
111.311916,6385,6380,88,34,6.12
111.411917,6385,6380,88,34,6.02
111.511916,6385,6380,121,34,6.02
111.611917,6385,6380,121,34,6.02
111.711916,6385,6380,121,34,6.08
111.811918,6385,6380,151,34,6.08
111.911917,6385,6380,151,34,6.02
112.011919,6385,6384,151,34,6.02
112.111916,6385,6380,151,34,6.04
112.211917,6385,6380,92,34,6.04
112.311917,6385,6380,92,34,6.04
112.411918,6385,6380,92,34,6.05
112.511917,6385,6380,122,34,6.05
112.611918,6385,6380,122,34,6.05
112.711925,6385,6380,122,34,6.04
112.811918,6385,6384,0,34,6.04
112.911918,6385,6384,0,34,6.06
113.011918,6385,6384,0,34,6.06
113.111917,6385,6384,0,34,6.06
113.211954,6385,6384,0,34,6.06
113.311925,6385,6384,0,34,6.06
113.411916,6385,6384,0,34,6.09
113.511916,6385,6384,0,34,6.09
113.611918,6385,6384,0,34,6.09
113.711919,6385,6384,0,34,6.09
113.811918,6385,6384,0,34,6.09
113.911919,6385,6384,0,34,6.05
114.011918,6385,6384,0,34,6.05
114.111917,6385,6384,0,34,6.08
114.211923,6385,6380,83,34,6.08
114.311917,6385,6380,83,34,6.08
114.411919,6385,6380,83,34,6.09
114.511918,6385,6384,0,34,6.09
114.611918,6385,6380,0,34,6.09
114.711917,6385,6380,0,34,6.01
114.811917,6385,6384,0,34,6.01
114.91193,6385,6384,0,34,6.07
115.011918,6385,6384,0,34,6.07
115.111917,6385,6384,0,34,6.05
115.21192,6385,6380,83,34,6.05
115.311916,6385,6380,83,34,6.05
115.411918,6385,6384,83,34,5.99
115.511917,6385,6388,0,34,5.99
115.611918,6385,6384,0,34,5.99
115.711917,6385,6384,0,34,6.07
115.811918,6385,6384,0,34,6.07
115.911928,6385,6384,0,34,6.09
116.011918,6385,6384,0,34,6.09
116.111918,6385,6384,0,34,6.07
116.211917,6385,6384,0,34,6.07
116.311916,6385,6384,0,34,6.07
116.411917,6385,6384,0,34,6.06
116.511916,6385,6384,0,34,6.06
116.611919,6385,6384,0,34,6.06
116.711917,6385,6384,0,34,6.09
116.81192,6385,6384,0,34,6.09
116.911932,6385,6384,0,34,6.06
117.011918,6385,6384,0,34,6.06
117.111917,6385,6384,0,34,6.07
117.211918,6385,6384,0,34,6.07
117.311916,6385,6384,0,34,6.07
117.411918,6385,6384,0,34,6.1
117.511917,6385,6384,0,34,6.1
117.611918,6385,6384,0,34,6.1
117.711917,6385,6384,0,34,6.08
117.811919,6385,6384,0,34,6.08
117.911931,6385,6384,0,34,6.1
118.011921,6385,6384,0,34,6.1
118.111916,6385,6384,0,34,6.09
118.211918,6385,6384,0,34,6.09
118.311925,6385,6380,0,34,6.09
118.41193,6385,6384,0,34,6.09
118.511917,6385,6380,78,34,6.09
118.611947,6385,6384,78,34,6.09
118.711917,6385,6380,78,34,6.09
118.811945,6385,6380,327,34,6.09
118.911928,6385,6380,327,34,6.08
119.011918,6385,6384,327,34,6.08
119.111916,6385,6380,327,34,6.09
119.211918,6385,6384,0,34,6.09
119.311917,6385,6384,0,34,6.09
119.411916,6385,6384,0,34,6.08
119.511917,6385,6384,0,34,6.08
119.611919,6385,6384,0,34,6.08
119.711929,6385,6384,0,34,6.09
119.81192,6385,6384,0,34,6.09
119.911977,6385,6384,0,34,6.03
120.011919,6385,6384,0,34,6.03
120.111933,6385,6384,0,34,6.06
120.211935,6385,6380,78,34,6.06
120.311917,6385,6384,78,34,6.06
120.41194,6385,6384,78,34,6.05
120.511917,6385,6388,0,34,6.05
120.611948,6385,6384,0,34,6.05
120.711918,6385,6384,0,34,6.05
120.811934,6385,6384,0,34,6.05
120.911918,6385,6384,0,34,6.07
121.011916,6385,6384,0,34,6.07
121.111918,6385,6384,0,34,6.09
121.211917,6385,6380,78,34,6.09
121.311925,6385,6384,78,34,6.09
121.411916,6385,6384,78,34,6.07
121.511928,6385,6384,0,34,6.07
121.611918,6385,6380,0,34,6.07
121.711916,6385,6384,0,34,6.03
121.811918,6385,6380,0,34,6.03
121.911918,6385,6380,0,34,6.06
122.011917,6385,6384,0,34,6.06
122.111917,6385,6384,0,34,6.07
122.211919,6385,6384,0,34,6.07
122.311917,6385,6384,0,34,6.07
122.411918,6385,6384,0,34,6.03
122.511917,6385,6384,0,34,6.03
122.611916,6385,6384,0,34,6.03
122.711918,6385,6384,0,34,6.09
122.81192,6385,6384,0,34,6.09
122.911927,6385,6384,0,34,6.05
123.011917,6385,6384,0,34,6.05
123.111917,6385,6380,0,34,6.1
123.211917,6385,6384,0,34,6.1
123.311919,6385,6384,0,34,6.1
123.411919,6385,6384,0,34,6.05
123.511917,6385,6384,0,34,6.05
123.611918,6385,6384,0,34,6.05
123.711917,6385,6384,0,34,6.09
123.811919,6385,6384,0,34,6.09
123.911926,6385,6384,0,34,6.11
124.011917,6385,6384,0,34,6.11
124.111917,6385,6384,0,34,6
124.211917,6385,6384,0,34,6
124.311917,6385,6384,0,34,6
124.411918,6385,6384,0,34,6.07
124.511935,6385,6384,0,34,6.07
124.611917,6385,6384,0,34,6.07
124.71192,6385,6384,0,34,6.12
124.811917,6385,6384,0,34,6.12
124.911917,6385,6384,0,34,6.11
125.011918,6385,6384,0,34,6.11
125.11192,6385,6384,0,34,6.09
125.211919,6385,6384,0,34,6.09
125.311917,6385,6384,0,34,6.09
125.411917,6385,6384,0,34,6
125.511918,6385,6380,0,34,6
125.611917,6385,6384,0,34,6
125.711917,6385,6384,0,34,6.12
125.811917,6385,6384,0,34,6.12
125.911917,6385,6380,0,34,6.09
126.011917,6385,6384,0,34,6.09
126.111917,6385,6384,0,34,6.1
126.211917,6385,6384,0,34,6.1
126.311926,6385,6384,0,34,6.1
126.411918,6385,6384,0,34,6.1
126.511917,6385,6384,0,34,6.1
126.611917,6385,6384,0,34,6.1
126.711935,6385,6384,0,34,6.09
126.811918,6385,6384,0,34,6.09
126.911918,6385,6384,0,34,6.03
127.011918,6385,6384,0,34,6.03
127.111925,6385,6384,0,34,6.11
127.211918,6385,6384,0,34,6.11
127.311916,6385,6384,0,34,6.11
127.411917,6385,6384,0,34,6.11
127.511935,6385,6380,78,34,6.11
127.611918,6385,6380,78,34,6.11
127.711917,6385,6380,78,34,6.1
127.811917,6385,6384,0,34,6.1
127.911917,6385,6384,0,34,6.05
128.011919,6385,6380,0,34,6.05
128.111918,6385,6380,0,34,6.04
128.211925,6385,6380,0,34,6.04
128.311918,6385,6380,0,34,6.04
128.411918,6385,6384,0,34,6.12
128.511918,6385,6384,0,34,6.12
128.611918,6385,6384,0,34,6.12
128.711917,6385,6384,0,34,6.08
128.811917,6385,6384,0,34,6.08
128.911916,6385,6384,0,34,6.11
129.011919,6385,6384,0,34,6.11
129.111917,6385,6384,0,34,6.12
129.211918,6385,6384,0,34,6.12
129.311917,6385,6384,0,34,6.12
129.411917,6385,6384,0,34,6.06
129.511917,6385,6384,0,34,6.06
129.611918,6385,6384,0,34,6.06
129.711918,6385,6384,0,34,6.1
129.811917,6385,6384,0,34,6.1
129.911918,6385,6384,0,34,6.12
130.011917,6385,6384,0,34,6.12
130.111917,6385,6384,0,34,6.11
130.21192,6385,6384,0,34,6.11
130.311917,6385,6384,0,34,6.11
130.411917,6385,6384,0,34,6.06
130.511917,6385,6384,0,34,6.06
130.611926,6385,6384,0,34,6.06
130.711925,6385,6384,0,34,6.12
130.811919,6385,6384,0,34,6.12
130.911949,6385,6384,0,34,6.11
131.011918,6385,6384,0,34,6.11
131.111976,6385,6384,0,34,6.07
131.211918,6385,6384,0,34,6.07
131.311937,6385,6384,0,34,6.07
131.411917,6385,6384,0,34,6.07
131.511935,6385,6380,0,34,6.07
131.611928,6385,6380,0,34,6.07
131.711927,6385,6384,0,34,6.11
131.811919,6385,6384,0,34,6.11
131.911917,6385,6384,0,34,6.12
132.011919,6385,6384,0,34,6.12
132.111934,6385,6384,0,34,6.09
132.211918,6385,6384,0,34,6.09
132.311917,6385,6384,0,34,6.09
132.411918,6385,6384,0,34,6.08
132.511929,6385,6384,0,34,6.08
132.611918,6385,6384,0,34,6.08
132.711936,6385,6384,0,34,6.1
132.811918,6385,6384,0,34,6.1
132.911917,6385,6384,0,34,6.12
133.011979,6385,6384,0,34,6.12
133.111918,6385,6384,0,34,6.11
133.211946,6385,6384,0,34,6.11
133.311916,6385,6384,0,34,6.11
133.411918,6385,6384,0,34,6.05
133.511925,6385,6384,0,34,6.05
133.611918,6385,6384,0,34,6.05
133.711918,6385,6384,0,34,6.06
133.811917,6385,6384,0,34,6.06
133.911917,6385,6384,0,34,6.12
134.011918,6385,6384,0,34,6.12
134.111918,6385,6384,0,34,6.09
134.211917,6385,6384,0,34,6.09
134.311918,6385,6384,0,34,6.09
134.411918,6385,6384,0,34,6.07
134.511916,6385,6384,0,34,6.07
134.611917,6385,6384,0,34,6.07
134.711918,6385,6384,0,34,6.11
134.811919,6385,6384,0,34,6.11
134.911916,6385,6384,0,34,6.1
135.011918,6385,6384,0,34,6.1
135.111926,6385,6384,0,34,6.06
135.211919,6385,6384,0,34,6.06
135.311917,6385,6384,0,34,6.06
135.411918,6385,6384,0,34,6.05
135.511917,6385,6384,0,34,6.05
135.611927,6385,6384,0,34,6.05
135.711917,6385,6380,0,34,6.06
135.811925,6385,6384,0,34,6.06
135.911918,6385,6384,0,34,6.07
136.011917,6385,6384,0,34,6.07
136.111917,6385,6384,0,34,6.03
136.211918,6385,6384,0,34,6.03
136.311918,6385,6384,0,34,6.03
136.411921,6385,6380,0,34,6.08
136.511918,6385,6384,78,34,6.08
136.611918,6385,6384,78,34,6.08
136.711921,6385,6384,78,34,6.09
136.811919,6385,6384,0,34,6.09
136.911922,6385,6380,0,34,6.03
137.011918,6385,6380,0,34,6.03
137.111924,6385,6380,0,34,6.08
137.211919,6385,6384,204,34,6.08
137.311916,6385,6384,204,34,6.08
137.411918,6385,6384,204,34,6.08
137.511925,6385,6384,0,34,6.08
137.611918,6385,6384,0,34,6.08
137.711915,6385,6384,0,34,6.09
137.811918,6385,6384,0,34,6.09
137.911917,6385,6384,0,34,6.09
138.011917,6385,6384,0,34,6.09
138.111925,6385,6384,0,34,6.1
138.211918,6385,6384,0,34,6.1
138.311916,6385,6384,0,34,6.1
138.411927,6385,6384,0,34,6.05
138.511924,6385,6384,0,34,6.05
138.611917,6385,6384,0,34,6.05
138.711917,6385,6384,0,34,6.07
138.81192,6385,6384,0,34,6.07
138.911918,6385,6384,0,34,6.09
139.011917,6385,6384,0,34,6.09
139.111916,6385,6384,0,34,6.08
139.211917,6385,6384,0,34,6.08
139.311925,6385,6384,0,34,6.08
139.411917,6385,6384,0,34,6.08
139.511918,6385,6384,0,34,6.08
139.611918,6385,6384,0,34,6.08
139.711918,6385,6384,0,34,6.08
139.811918,6385,6384,0,34,6.08
139.911918,6385,6384,0,34,6.09
140.011917,6385,6384,0,34,6.09
140.111918,6385,6384,0,34,6.06
140.211919,6385,6384,0,34,6.06
140.311917,6385,6384,0,34,6.06
140.411919,6385,6384,0,34,6.06
140.511917,6385,6384,0,34,6.06
140.611917,6385,6384,0,34,6.06
140.711917,6385,6380,0,34,6.08
140.811918,6385,6384,0,34,6.08
140.911916,6385,6384,0,34,6.09
141.011918,6385,6384,0,34,6.09
141.111917,6385,6384,0,34,6.07
141.211917,6385,6384,0,34,6.07
141.311916,6385,6384,0,34,6.07
141.411918,6385,6384,0,34,6.1
141.511917,6385,6384,0,34,6.1
141.611926,6385,6380,0,34,6.1
141.711917,6385,6380,0,34,6.09
141.811918,6385,6384,0,34,6.09
141.911916,6385,6380,0,34,6.09
142.011917,6385,6384,0,34,6.09
142.111918,6385,6384,0,34,6.1
142.211919,6385,6384,0,34,6.1
142.311917,6385,6384,0,34,6.1
142.411918,6385,6384,0,34,6.08
142.511918,6385,6384,0,34,6.08
142.611919,6385,6384,0,34,6.08
142.711916,6385,6384,0,34,6.05
142.811918,6385,6384,0,34,6.05
142.911916,6385,6384,0,34,6.1
143.011917,6385,6384,0,34,6.1
143.111918,6385,6384,0,34,6.07
143.211919,6385,6384,0,34,6.07
143.311916,6385,6384,0,34,6.07
143.41192,6385,6384,0,34,6.07
143.511916,6385,6384,0,34,6.07
143.61195,6385,6384,0,34,6.07
143.711917,6385,6384,0,34,6.09
143.811934,6385,6384,0,34,6.09
143.911917,6385,6384,0,34,6.09
144.01195,6385,6384,0,34,6.09
144.111918,6385,6384,0,34,6.1
144.211951,6385,6384,163,34,6.1
144.311917,6385,6380,163,34,6.1
144.411946,6385,6384,163,34,6.09
144.511918,6385,6384,0,34,6.09
144.611935,6385,6384,0,34,6.09
144.711918,6385,6384,0,34,6.1
144.811926,6385,6384,0,34,6.1
144.911918,6385,6384,0,34,6.09
145.011918,6385,6384,0,34,6.09
145.111917,6385,6384,0,34,6.11
145.211917,6385,6380,78,34,6.11
145.311924,6385,6384,78,34,6.11
145.411918,6385,6380,78,34,6.09
145.511935,6385,6384,0,34,6.09
145.611918,6385,6380,0,34,6.09
145.711938,6385,6380,0,34,6.12
145.811918,6385,6384,0,34,6.12
145.911946,6385,6380,0,34,6.08
146.011918,6385,6380,0,34,6.08
146.111946,6385,6384,0,34,6.09
146.211918,6385,6380,80,34,6.09
146.311917,6385,6380,80,34,6.09
146.411918,6385,6380,80,34,6.09
146.511916,6385,6384,0,34,6.09
146.611918,6385,6380,0,34,6.09
146.711917,6385,6380,0,34,6.11
146.811919,6385,6380,204,34,6.11
146.911917,6385,6380,204,34,6.12
147.011918,6385,6380,204,34,6.12
147.111917,6385,6380,204,34,6.09
147.211918,6385,6384,0,34,6.09
147.311918,6385,6384,0,34,6.09
147.411917,6385,6384,0,34,6.12
147.511917,6385,6384,0,34,6.12
147.611918,6385,6384,0,34,6.12
147.71192,6385,6384,0,34,6.1
147.811926,6385,6384,0,34,6.1
147.911917,6385,6384,0,34,6.12
148.011917,6385,6384,0,34,6.12
148.111917,6385,6384,0,34,6.11
148.211918,6385,6384,0,34,6.11
148.311934,6385,6384,0,34,6.11
148.411918,6385,6384,0,34,6.11
148.511926,6385,6384,0,34,6.11
148.611917,6385,6384,0,34,6.11
148.711917,6385,6384,0,34,6.11
148.811918,6385,6384,0,34,6.11
148.911918,6385,6384,0,34,6.12
149.011918,6385,6384,0,34,6.12
149.111917,6385,6384,0,34,6.11
149.211918,6385,6384,0,34,6.11
149.311917,6385,6384,0,34,6.11
149.411918,6385,6384,0,34,6.11
149.511918,6385,6384,0,34,6.11
149.611916,6385,6384,0,34,6.11
149.711916,6385,6384,0,34,6.11
149.811917,6385,6384,0,34,6.11
149.911917,6385,6384,0,34,6.12
150.011918,6385,6384,0,34,6.12
150.111917,6385,6384,0,34,6.09
150.211926,6385,6384,0,34,6.09
150.311925,6385,6384,0,34,6.09
150.411918,6385,6384,0,34,6.12
150.511917,6385,6384,0,34,6.12
150.611917,6385,6384,0,34,6.12
150.711916,6385,6384,0,34,6.1
150.811917,6385,6384,0,34,6.1
150.911918,6385,6380,0,34,6.12
151.011917,6385,6384,0,34,6.12
151.111925,6385,6384,0,34,6.12
151.211918,6385,6384,0,34,6.12
151.311916,6385,6384,0,34,6.12
151.411917,6385,6384,0,34,6.12
151.511916,6385,6384,0,34,6.12
151.611917,6385,6384,0,34,6.12
151.711917,6385,6384,0,34,6.12
151.811918,6385,6380,78,34,6.12
151.911916,6385,6384,78,34,6.11
152.011918,6385,6384,78,34,6.11
152.111917,6385,6384,78,34,6.11
152.211918,6385,6384,0,34,6.11
152.311918,6385,6384,0,34,6.11
152.411917,6385,6384,0,34,6.12
152.511917,6385,6384,0,34,6.12
152.611918,6385,6384,0,34,6.12
152.711917,6385,6384,0,34,6.12
152.811918,6385,6384,0,34,6.12
152.911917,6385,6384,0,34,6.11
153.011918,6385,6384,0,34,6.11
153.111917,6385,6384,0,34,6.12
153.211917,6385,6384,0,34,6.12
153.311917,6385,6384,0,34,6.12
153.411918,6385,6384,0,34,6.11
153.511918,6385,6384,0,34,6.11
153.611918,6385,6380,0,34,6.11
153.711919,6385,6380,0,34,6.1
153.81192,6385,6384,0,34,6.1
153.911917,6385,6384,0,34,6.12
154.011918,6385,6384,0,34,6.12
154.111918,6385,6384,0,34,6.1
154.211918,6385,6384,0,34,6.1
154.311918,6385,6384,0,34,6.1
154.411921,6385,6384,0,34,6.08
154.511938,6385,6384,0,34,6.08
154.611918,6385,6384,0,34,6.08
154.711919,6385,6384,0,34,6.09
154.811917,6385,6384,0,34,6.09
154.911925,6385,6384,0,34,6.07
155.011917,6385,6384,0,34,6.07
155.111931,6385,6384,0,34,6.08
155.211918,6385,6384,0,34,6.08
155.311948,6385,6380,0,34,6.08
155.411917,6385,6380,0,34,6.08
155.511931,6385,6380,81,34,6.08
155.611921,6385,6384,81,34,6.08
155.711947,6385,6384,81,34,6.08
155.811936,6385,6384,0,34,6.08
155.911945,6385,6384,0,34,6.09
156.011934,6385,6384,0,34,6.09
156.111952,6385,6384,0,34,6.05
156.21192,6385,6380,163,34,6.05
156.311952,6385,6384,163,34,6.05
156.411917,6385,6380,163,34,6.04
156.511947,6385,6384,0,34,6.04
156.611935,6385,6384,0,34,6.04
156.711952,6385,6380,0,34,6.08
156.811925,6385,6384,0,34,6.08
156.911947,6385,6384,0,34,6.08
157.011934,6385,6384,0,34,6.08
157.111945,6385,6384,0,34,6.08
157.211936,6385,6384,0,34,6.08
157.311935,6385,6384,0,34,6.08
157.411935,6385,6384,0,34,6.06
157.511935,6385,6384,0,34,6.06
157.611935,6385,6384,0,34,6.06
157.711935,6385,6384,0,34,6.08
157.811921,6385,6384,0,34,6.08
157.911917,6385,6384,0,34,6.05
158.011918,6385,6384,0,34,6.05
158.111919,6385,6384,0,34,6.05
158.211924,6385,6380,0,34,6.05
158.311918,6385,6384,0,34,6.05
158.411917,6385,6384,0,34,6.07
158.511926,6385,6384,0,34,6.07
158.611919,6385,6384,0,34,6.07
158.711926,6385,6384,0,34,6.08
158.81195,6385,6384,0,34,6.08
158.911924,6385,6384,0,34,6.08
159.011958,6385,6384,0,34,6.08
159.111916,6385,6384,0,34,6.07
159.211949,6385,6384,0,34,6.07
159.311924,6385,6384,0,34,6.07
159.411935,6385,6384,0,34,6.06
159.511932,6385,6384,0,34,6.06
159.611936,6385,6384,0,34,6.06
159.711934,6385,6384,0,34,6.08
159.811934,6385,6380,204,34,6.08
159.911942,6385,6384,204,34,6.09
160.011935,6385,6380,204,34,6.09
160.111934,6385,6384,204,34,6.09
160.211937,6385,6384,0,34,6.09
160.311917,6385,6384,0,34,6.09
160.411918,6385,6384,0,34,6.09
160.511925,6385,6384,0,34,6.09
160.611918,6385,6384,0,34,6.09
160.711918,6385,6384,0,34,6.08
160.811933,6385,6384,0,34,6.08
160.911926,6385,6384,0,34,6.09
161.011935,6385,6384,0,34,6.09
161.111935,6385,6384,0,34,6.09
161.211934,6385,6384,0,34,6.09
161.311933,6385,6384,0,34,6.09
161.411935,6385,6384,0,34,6.08
161.511936,6385,6384,0,34,6.08
161.611934,6385,6384,0,34,6.08
161.711916,6385,6384,0,34,6.07
161.811918,6385,6384,0,34,6.07
161.911918,6385,6384,0,34,6.09
162.011919,6385,6384,0,34,6.09
162.111917,6385,6384,0,34,6.08
162.211918,6385,6384,0,34,6.08
162.311926,6385,6384,0,34,6.08
162.411917,6385,6384,0,34,6.1
162.511917,6385,6384,0,34,6.1
162.611918,6385,6384,0,34,6.1
162.711917,6385,6380,0,34,6.06
162.811919,6385,6384,0,34,6.06
162.911916,6385,6384,0,34,6.09
163.011917,6385,6384,0,34,6.09
163.111916,6385,6384,0,34,6.08
163.211917,6385,6384,0,34,6.08
163.311916,6385,6384,0,34,6.08
163.411919,6385,6384,0,34,6.07
163.511918,6385,6384,0,34,6.07
163.611919,6385,6384,0,34,6.07
163.711917,6385,6384,0,34,6.1
163.811917,6385,6384,0,34,6.1
163.911917,6385,6384,0,34,6.09
164.011917,6385,6380,0,34,6.09
164.111918,6385,6384,0,34,6.07
164.211917,6385,6384,0,34,6.07
164.311917,6385,6384,0,34,6.07
164.411917,6385,6384,0,34,6.04
164.511917,6385,6384,0,34,6.04
164.611918,6385,6384,0,34,6.04
164.711917,6385,6384,0,34,6.08
164.811918,6385,6384,0,34,6.08
164.911917,6385,6384,0,34,6.09
165.011918,6385,6380,0,34,6.09
165.111917,6385,6384,0,34,6.1
165.211918,6385,6380,0,34,6.1
165.311917,6385,6384,0,34,6.1
165.411926,6385,6384,0,34,6.09
165.511916,6385,6384,0,34,6.09
165.611918,6385,6384,0,34,6.09
165.711917,6385,6384,0,34,6.09
165.811926,6385,6384,0,34,6.09
165.911918,6385,6384,0,34,6.1
166.011918,6385,6384,0,34,6.1
166.111916,6385,6384,0,34,6.08
166.211918,6385,6384,0,34,6.08
166.311916,6385,6384,0,34,6.08
166.411917,6385,6384,0,34,6.07
166.511917,6385,6384,0,34,6.07
166.611916,6385,6380,0,34,6.07
166.711917,6385,6384,0,34,6.09
166.811918,6385,6384,0,34,6.09
166.911917,6385,6384,0,34,6.07
167.011918,6385,6384,0,34,6.07
167.111925,6385,6384,0,34,6.11
167.211918,6385,6384,0,34,6.11
167.311918,6385,6384,0,34,6.11
167.411918,6385,6384,0,34,6.1
167.511917,6385,6384,0,34,6.1
167.611918,6385,6384,0,34,6.1
167.711917,6385,6384,0,34,6.12
167.811918,6385,6384,0,34,6.12
167.911917,6385,6384,0,34,6.12
168.011918,6385,6384,0,34,6.12
168.111917,6385,6384,0,34,6.1
168.211919,6385,6384,0,34,6.1
168.311918,6385,6384,0,34,6.1
168.411918,6385,6384,0,34,6.1
168.511919,6385,6384,0,34,6.1
168.611934,6385,6384,0,34,6.1
168.711918,6385,6384,0,34,6.12
168.811959,6385,6384,0,34,6.12
168.911936,6385,6384,0,34,6.11
169.011933,6385,6384,0,34,6.11
169.111918,6385,6384,0,34,6.11
169.211917,6385,6384,0,34,6.11
169.311948,6385,6384,0,34,6.11
169.41192,6385,6384,0,34,6.09
169.51192,6385,6384,0,34,6.09
169.611933,6385,6384,0,34,6.09
169.711917,6385,6384,0,34,6.12
169.811954,6385,6384,0,34,6.12
169.911918,6385,6384,0,34,6.09
170.011934,6385,6384,0,34,6.09
170.111917,6385,6384,0,34,6.12
170.211917,6385,6384,0,34,6.12
170.311928,6385,6384,0,34,6.12
170.411921,6385,6384,0,34,6.12
170.511918,6385,6384,0,34,6.12
170.611917,6385,6384,0,34,6.12
170.711918,6385,6384,0,34,6.12
170.811929,6385,6384,0,34,6.12
170.911918,6385,6380,0,34,6.1
171.011918,6385,6380,0,34,6.1
171.111917,6385,6384,0,34,6.11
171.211917,6385,6384,0,34,6.11
171.311917,6385,6384,0,34,6.11
171.411919,6385,6384,0,34,6.12
171.511917,6385,6380,0,34,6.12
171.611919,6385,6384,0,34,6.12
171.711916,6385,6384,0,34,6.1
171.811918,6385,6384,0,34,6.1
171.911917,6385,6384,0,34,6.12
172.011918,6385,6384,0,34,6.12
172.111926,6385,6384,0,34,6.12
172.211917,6385,6380,78,34,6.12
172.311918,6385,6384,78,34,6.12
172.411918,6385,6380,78,34,6.08
172.511919,6385,6384,204,34,6.08
172.611917,6385,6384,204,34,6.08
172.711918,6385,6380,204,34,6.09
172.811916,6385,6380,163,34,6.09
172.911918,6385,6384,163,34,6.09
173.011919,6385,6384,163,34,6.09
173.111918,6385,6384,163,34,6.08
173.21192,6385,6384,0,34,6.08
173.311951,6385,6384,0,34,6.08
173.411918,6385,6384,0,34,6.09
173.511977,6385,6384,0,34,6.09
173.611918,6385,6384,0,34,6.09
173.711947,6385,6380,0,34,6.09
173.811919,6385,6384,0,34,6.09
173.911935,6385,6384,0,34,6.09
174.011925,6385,6384,0,34,6.09
174.111919,6385,6384,0,34,6.09
174.211918,6385,6384,0,34,6.09
174.311917,6385,6384,0,34,6.09
174.411919,6385,6384,0,34,6.09
174.511918,6385,6384,0,34,6.09
174.611918,6385,6384,0,34,6.09
174.711917,6385,6384,0,34,6.09
174.811917,6385,6384,0,34,6.09
174.911919,6385,6384,0,34,6.09
175.011919,6385,6384,0,34,6.09
175.111916,6385,6384,0,34,6.06
175.211917,6385,6384,0,34,6.06
175.311937,6385,6384,0,34,6.06
175.411918,6385,6380,0,34,6.09
175.511925,6385,6384,0,34,6.09
175.611926,6385,6384,0,34,6.09
175.711918,6385,6384,0,34,6.05
175.811918,6385,6384,0,34,6.05
175.911917,6385,6384,0,34,6.09
176.011927,6385,6384,0,34,6.09
176.111917,6385,6384,0,34,6.09
176.211918,6385,6384,0,34,6.09
176.311916,6385,6384,0,34,6.09
176.411919,6385,6384,0,34,6.09
176.511918,6385,6384,0,34,6.09
176.611935,6385,6384,0,34,6.09
176.711918,6385,6384,0,34,6.09
176.811935,6385,6384,0,34,6.09
176.911917,6385,6384,0,34,6.09
177.011927,6385,6384,0,34,6.09
177.111916,6385,6384,0,34,6.09
177.211919,6385,6384,0,34,6.09
177.311918,6385,6384,0,34,6.09
177.411919,6385,6384,0,34,6.09
177.511916,6385,6384,0,34,6.09
177.611917,6385,6384,0,34,6.09
177.711915,6385,6384,0,34,6.09
177.811918,6385,6384,0,34,6.09
177.911917,6385,6384,0,34,6.09
178.011928,6385,6384,0,34,6.09
178.111917,6385,6384,0,34,6.1
178.211918,6385,6384,0,34,6.1
178.311926,6385,6384,0,34,6.1
178.411936,6385,6380,0,34,6.05
178.511917,6385,6384,0,34,6.05
178.611928,6385,6380,0,34,6.05
178.711918,6385,6384,0,34,6.08
178.811918,6385,6384,0,34,6.08
178.911918,6385,6384,0,34,6.05
179.011918,6385,6380,0,34,6.05
179.111918,6385,6384,0,34,6.07
179.211917,6385,6384,0,34,6.07
179.311927,6385,6384,0,34,6.07
179.411918,6385,6384,0,34,6.1
179.51192,6385,6384,0,34,6.1
179.611918,6385,6384,0,34,6.1
179.711916,6385,6384,0,34,6.07
179.811918,6385,6384,0,34,6.07
179.911918,6385,6384,0,34,6.07
180.011917,6385,6384,0,34,6.07
180.111917,6385,6384,0,34,6.09
180.211918,6385,6384,0,34,6.09
180.311927,6385,6384,0,34,6.09
180.411918,6385,6384,0,34,6.1
180.511917,6385,6384,0,34,6.1
180.611917,6385,6384,0,34,6.1
180.711918,6385,6384,0,34,6.09
180.811918,6385,6384,0,34,6.09
180.911926,6385,6384,0,34,6.07
181.011918,6385,6384,0,34,6.07
181.111917,6385,6384,0,34,6.06
181.211929,6385,6384,0,34,6.06
181.311951,6385,6384,0,34,6.06
181.411917,6385,6384,0,34,6.09
181.511957,6385,6384,0,34,6.09
181.611918,6385,6384,0,34,6.09
181.711932,6385,6384,0,34,6.07
181.811917,6385,6384,0,34,6.07
181.911935,6385,6384,0,34,6.07
182.011926,6385,6384,0,34,6.07
182.111925,6385,6384,0,34,6.09
182.21192,6385,6384,0,34,6.09
182.311925,6385,6384,0,34,6.09
182.411918,6385,6384,0,34,6.07
182.511936,6385,6384,0,34,6.07
182.611918,6385,6384,0,34,6.07
182.71195,6385,6384,0,34,6.08
182.81192,6385,6384,0,34,6.08
182.911947,6385,6384,0,34,6.07
183.011918,6385,6384,0,34,6.07
183.111919,6385,6384,0,34,6.09
183.211917,6385,6384,0,34,6.09
183.311918,6385,6384,0,34,6.09
183.411917,6385,6384,0,34,6.09
183.511918,6385,6384,0,34,6.09
183.611919,6385,6384,0,34,6.09
183.711925,6385,6384,0,34,6.1
183.811917,6385,6384,0,34,6.1
183.911917,6385,6384,0,34,6.07
184.011917,6385,6384,0,34,6.07
184.111917,6385,6384,0,34,6.09
184.211919,6385,6384,0,34,6.09
184.311919,6385,6384,0,34,6.09
184.411919,6385,6384,0,34,6.08
184.511919,6385,6384,0,34,6.08
184.611919,6385,6384,0,34,6.08
184.711925,6385,6384,0,34,6.08
184.811919,6385,6384,0,34,6.08
184.911918,6385,6384,0,34,6.08
185.011918,6385,6384,0,34,6.08
185.111918,6385,6384,0,34,6.1
185.211918,6385,6384,0,34,6.1
185.311916,6385,6384,0,34,6.1
185.411918,6385,6384,0,34,6.09
185.511917,6385,6384,0,34,6.09
185.611919,6385,6380,0,34,6.09
185.711918,6385,6380,0,34,6.1
185.811918,6385,6380,163,34,6.1
185.911918,6385,6380,163,34,6.11
186.011919,6385,6380,163,34,6.11
186.111919,6385,6380,163,34,6.06
186.211919,6385,6380,0,34,6.06
186.311918,6385,6384,0,34,6.06
186.411928,6385,6384,0,34,6.07
186.511919,6385,6384,0,34,6.07
186.611939,6385,6384,0,34,6.07
186.711925,6385,6384,0,34,6.07
186.811931,6385,6384,0,34,6.07
186.911918,6385,6384,0,34,6.08
187.011937,6385,6384,0,34,6.08
187.111919,6385,6384,0,34,6.08
187.211918,6385,6384,0,34,6.08
187.311918,6385,6384,0,34,6.08
187.411918,6385,6380,0,34,6.12
187.511917,6385,6384,0,34,6.12
187.611918,6385,6380,0,34,6.12
187.711926,6385,6384,0,34,6.06
187.811919,6385,6384,0,34,6.06
187.911918,6385,6384,0,34,6.1
188.011918,6385,6384,0,34,6.1
188.11192,6385,6384,0,34,6.09
188.211918,6385,6384,0,34,6.09
188.311918,6385,6384,0,34,6.09
188.411929,6385,6380,0,34,6.12
188.511918,6385,6384,327,34,6.12
188.611919,6385,6384,327,34,6.12
188.711926,6385,6384,327,34,6.11
188.81192,6385,6380,163,34,6.11
188.911918,6385,6384,163,34,6.12
189.011919,6385,6380,163,34,6.12
189.111918,6385,6380,163,34,6.11
189.211918,6385,6384,0,34,6.11
189.311917,6385,6384,0,34,6.11
189.411918,6385,6380,0,34,6.09
189.511917,6385,6384,0,34,6.09
189.611918,6385,6380,0,34,6.09
189.711917,6385,6384,0,34,6.03
189.811925,6385,6384,0,34,6.03
189.911917,6385,6384,0,34,6.09
190.011919,6385,6384,0,34,6.09
190.111918,6385,6384,0,34,6.06
190.211917,6385,6384,0,34,6.06
190.311918,6385,6384,0,34,6.06
190.411916,6385,6384,0,34,6.09
190.511917,6385,6384,0,34,6.09
190.611917,6385,6384,0,34,6.09
190.711916,6385,6384,0,34,6.09
190.811925,6385,6384,0,34,6.09
190.911917,6385,6384,0,34,6.08
191.011917,6385,6384,0,34,6.08
191.111918,6385,6384,0,34,6.1
191.211918,6385,6384,0,34,6.1
191.311917,6385,6384,0,34,6.1
191.411918,6385,6384,0,34,6.09
191.511917,6385,6384,0,34,6.09
191.611918,6385,6384,0,34,6.09
191.711921,6385,6384,0,34,6.07
191.81192,6385,6384,0,34,6.07
191.911918,6385,6384,0,34,6.1
192.011922,6385,6384,0,34,6.1
192.111918,6385,6384,0,34,6.05
192.211917,6385,6384,0,34,6.05
192.311926,6385,6384,0,34,6.05
192.411917,6385,6384,0,34,6.07
192.511917,6385,6384,0,34,6.07
192.611919,6385,6384,0,34,6.07
192.711918,6385,6384,0,34,6.09
192.811918,6385,6384,0,34,6.09
192.911918,6385,6384,0,34,6.06
193.011917,6385,6384,0,34,6.06
193.111919,6385,6384,0,34,6.09
193.211917,6385,6384,0,34,6.09
193.311918,6385,6384,0,34,6.09
193.411919,6385,6384,0,34,6.02
193.511917,6385,6384,0,34,6.02
193.611919,6385,6384,0,34,6.02
193.711917,6385,6384,0,34,6.08
193.811921,6385,6384,0,34,6.08
193.911917,6385,6384,0,34,6.07
194.01192,6385,6384,0,34,6.07
194.111917,6385,6384,0,34,6.09
194.21192,6385,6384,163,34,6.09
194.311918,6385,6384,163,34,6.09
194.411918,6385,6384,163,34,6.1
194.511927,6385,6384,0,34,6.1
194.611953,6385,6384,0,34,6.1
194.711919,6385,6384,0,34,6.1
194.811934,6385,6384,0,34,6.1
194.911918,6385,6384,0,34,6.1
195.011919,6385,6384,0,34,6.1
195.111919,6385,6384,0,34,6.08
195.211919,6385,6384,0,34,6.08
195.311919,6385,6384,0,34,6.08
195.411919,6385,6384,0,34,6.07
195.511918,6385,6384,0,34,6.07
195.611916,6385,6384,0,34,6.07
195.711917,6385,6384,0,34,6.05
195.811919,6385,6384,0,34,6.05
195.911915,6385,6384,0,34,6.07
196.011918,6385,6384,0,34,6.07
196.111918,6385,6384,0,34,6.08
196.211918,6385,6384,0,34,6.08
196.311917,6385,6384,0,34,6.08
196.411919,6385,6384,0,34,6.08
196.511917,6385,6384,0,34,6.08
196.611917,6385,6384,0,34,6.08
196.711918,6385,6384,0,34,6.09
196.81192,6385,6384,0,34,6.09
196.911918,6385,6384,0,34,6.06
197.011921,6385,6384,0,34,6.06
197.111925,6385,6384,0,34,6.1
197.211952,6385,6384,0,34,6.1
197.311919,6385,6384,0,34,6.1
197.411947,6385,6384,0,34,6.05
197.511917,6385,6384,0,34,6.05
197.611953,6385,6384,0,34,6.05
197.711928,6385,6384,0,34,6.09
197.811946,6385,6384,0,34,6.09
197.911917,6385,6384,0,34,6.1
198.011934,6385,6384,0,34,6.1
198.111918,6385,6384,0,34,6.09
198.211916,6385,6384,0,34,6.09
198.311918,6385,6384,0,34,6.09
198.411918,6385,6384,0,34,6.09
198.511926,6385,6384,0,34,6.09
198.611918,6385,6384,0,34,6.09
198.711917,6385,6384,0,34,6.08
198.811919,6385,6384,0,34,6.08
198.911918,6385,6384,0,34,6.07
199.011918,6385,6384,0,34,6.07
199.111927,6385,6384,0,34,6.11
199.211918,6385,6384,0,34,6.11
199.311917,6385,6384,0,34,6.11
199.411919,6385,6384,0,34,6.1
199.511936,6385,6384,0,34,6.1
199.61192,6385,6384,0,34,6.1
199.711919,6385,6384,0,34,6.1
199.81192,6385,6384,0,34,6.1
199.911919,6385,6384,0,34,6.09
200.011919,6385,6384,0,34,6.09
200.111918,6385,6384,0,34,6.09
200.21192,6385,6384,0,34,6.09
200.311918,6385,6384,0,34,6.09
200.411918,6385,6384,0,34,6.1
200.511918,6385,6384,0,34,6.1
200.611917,6385,6384,0,34,6.1
200.711926,6385,6384,0,34,6.1
200.811919,6385,6384,0,34,6.1
200.91192,6385,6384,0,34,6.09
201.011918,6385,6384,0,34,6.09
201.111928,6385,6384,0,34,6.1
201.21192,6385,6384,0,34,6.1
201.311933,6385,6384,0,34,6.1
201.41192,6385,6384,0,34,6.07
201.511977,6385,6384,0,34,6.07
201.611929,6385,6384,0,34,6.07
201.711946,6385,6384,0,34,6.09
201.811926,6385,6384,0,34,6.09
201.911918,6385,6384,0,34,6.09
202.011919,6385,6384,0,34,6.09
202.111919,6385,6384,0,34,6.09
202.211919,6385,6384,0,34,6.09
202.311918,6385,6384,0,34,6.09
202.41192,6385,6384,0,34,6.09
202.51192,6385,6384,0,34,6.09
202.611919,6385,6384,0,34,6.09
202.711918,6385,6384,0,34,6.08
202.81192,6385,6384,0,34,6.08
202.911918,6385,6384,0,34,6.1
203.011919,6385,6380,0,34,6.1
203.111926,6385,6380,0,34,6.09
203.21192,6385,6384,0,34,6.09
203.311923,6385,6384,0,34,6.09
203.411926,6385,6384,0,34,6.06
203.511943,6385,6384,0,34,6.06
203.611916,6385,6384,0,34,6.06
203.711926,6385,6384,0,34,6.07
203.811919,6385,6384,0,34,6.07
203.911916,6385,6384,0,34,6.09
204.01192,6385,6384,0,34,6.09
204.111927,6385,6384,0,34,6.08
204.21192,6385,6384,0,34,6.08
204.311919,6385,6384,0,34,6.08
204.411918,6385,6384,0,34,6.08
204.511927,6385,6384,163,34,6.08
204.611919,6385,6384,163,34,6.08
204.711918,6385,6384,163,34,6.1
204.811919,6385,6384,0,34,6.1
204.911918,6385,6384,0,34,6.08
205.011919,6385,6384,0,34,6.08
205.111919,6385,6384,0,34,6.06
205.21192,6385,6380,78,34,6.06
205.311918,6385,6384,78,34,6.06
205.411918,6385,6384,78,34,6.08
205.511918,6385,6384,0,34,6.08
205.611919,6385,6384,0,34,6.08
205.711919,6385,6384,0,34,6.09
205.811919,6385,6384,0,34,6.09
205.911918,6385,6384,0,34,6.06
206.011919,6385,6380,0,33,6.06
206.111917,6385,6384,0,33,6.07
206.211918,6385,6384,0,33,6.07
206.311916,6385,6380,0,33,6.07
206.411919,6385,6384,0,33,6.07
206.511917,6385,6384,0,33,6.07
206.611918,6385,6380,0,33,6.07
206.711919,6385,6384,0,33,6.09
206.811919,6385,6384,0,33,6.09
206.911917,6385,6384,0,33,6.08
207.011919,6385,6384,0,33,6.08
207.111918,6385,6384,0,33,6.09
207.211917,6385,6384,0,33,6.09
207.311916,6385,6380,0,33,6.09
207.411917,6385,6384,0,33,6.09
207.511919,6385,6384,0,33,6.09
207.611919,6385,6380,0,33,6.09
207.711918,6385,6380,0,33,6.07
207.811918,6385,6380,163,33,6.07
207.911918,6385,6380,163,33,6.09
208.011919,6385,6384,163,33,6.09
208.111917,6385,6384,163,33,6.08
208.211918,6385,6384,0,33,6.08
208.311918,6385,6384,0,33,6.08
208.411917,6385,6384,0,33,6.09
208.511919,6385,6384,0,33,6.09
208.611917,6385,6384,0,33,6.09
208.711917,6385,6384,0,33,6.09
208.811918,6385,6384,0,33,6.09
208.911917,6385,6384,0,33,6.08
209.011917,6385,6384,0,33,6.08
209.111917,6385,6384,0,33,6.09
209.211919,6385,6384,0,33,6.09
209.311926,6385,6384,0,33,6.09
209.411918,6385,6384,0,33,6
209.511918,6385,6384,0,33,6
209.611919,6385,6384,0,33,6
209.711917,6385,6384,0,33,6.02
209.811918,6385,6384,0,33,6.02
209.911918,6385,6384,0,33,6.08
210.011926,6385,6384,0,33,6.08
210.111928,6385,6384,0,33,6.07
210.211917,6385,6384,0,33,6.07
210.311918,6385,6384,0,33,6.07
210.411919,6385,6384,0,33,6.08
210.511918,6385,6384,0,33,6.08
210.611917,6385,6384,0,33,6.08
210.711917,6385,6384,0,33,6.06
210.811919,6385,6384,0,33,6.06
210.911916,6385,6384,0,33,6.07
211.011919,6385,6384,0,33,6.07
211.111918,6385,6384,0,33,6.08
211.211919,6385,6384,0,33,6.08
211.311919,6385,6384,0,33,6.08
211.411918,6385,6384,0,33,6.09
211.51192,6385,6384,0,33,6.09
211.611918,6385,6384,0,33,6.09
211.711918,6385,6384,0,33,6.09
211.811919,6385,6384,0,33,6.09
211.911919,6385,6384,0,33,6.09
212.011919,6385,6380,0,33,6.09
212.111918,6385,6384,0,33,6.07
212.211919,6385,6384,0,33,6.07
212.311917,6385,6384,0,33,6.07
212.411919,6385,6380,0,33,6.09
212.511918,6385,6384,0,33,6.09
212.611941,6385,6384,0,33,6.09
212.711918,6385,6384,0,33,6.08
212.811953,6385,6380,78,33,6.08
212.911917,6385,6380,78,33,6.09
213.011936,6385,6380,78,33,6.09
213.111918,6385,6384,78,33,6.08
213.211927,6385,6384,0,33,6.08
213.31192,6385,6384,0,33,6.08
213.411919,6385,6384,0,33,6.08
213.511925,6385,6384,0,33,6.08
213.611919,6385,6384,0,33,6.08
213.711918,6385,6384,0,33,6.09
213.811919,6385,6384,0,33,6.09
213.911917,6385,6384,0,33,6.08
214.011933,6385,6384,0,33,6.08
214.111918,6385,6384,0,33,6.09
214.21192,6385,6384,0,33,6.09
214.311917,6385,6384,0,33,6.09
214.41192,6385,6384,0,33,6.08
214.511916,6385,6384,0,33,6.08
214.611975,6385,6384,0,33,6.08
214.711918,6385,6384,0,33,6.1
214.811946,6385,6384,0,33,6.1
214.911918,6385,6384,0,33,6.09
215.011919,6385,6384,0,33,6.09
215.111917,6385,6384,0,33,6.08
215.211919,6385,6384,0,33,6.08
215.311918,6385,6384,0,33,6.08
215.411918,6385,6384,0,33,6.09
215.511917,6385,6384,0,33,6.09
215.611917,6385,6384,0,33,6.09
215.711927,6385,6384,0,33,6.06
215.811918,6385,6384,0,33,6.06
215.911919,6385,6384,0,33,6.08
216.01192,6385,6384,0,33,6.08
216.111919,6385,6384,0,33,6.1
216.211917,6385,6380,0,33,6.1
216.311917,6385,6384,0,33,6.1
216.411919,6385,6380,0,33,6.09
216.511918,6385,6384,0,33,6.09
216.611918,6385,6380,0,33,6.09
216.711918,6385,6384,0,33,6.08
216.811918,6385,6384,0,33,6.08
216.911917,6385,6384,0,33,6.09
217.011942,6385,6384,0,33,6.09
217.111918,6385,6384,0,33,6.08
217.211918,6385,6384,0,33,6.08
217.311918,6385,6384,0,33,6.08
217.411919,6385,6384,0,33,6.05
217.511919,6385,6384,0,33,6.05
217.611919,6385,6384,0,33,6.05
217.711918,6385,6384,0,33,6.05
217.811919,6385,6384,327,33,6.05
217.911918,6385,6384,327,33,6
218.01192,6385,6384,327,33,6
218.111919,6385,6384,327,33,6.09
218.211927,6385,6384,0,33,6.09
218.31192,6385,6384,0,33,6.09
218.411917,6385,6380,0,33,6.04
218.511919,6385,6380,80,33,6.04
218.611917,6385,6380,80,33,6.04
218.71192,6385,6380,80,33,6.05
218.811919,6385,6384,0,33,6.05
218.911919,6385,6380,0,33,6.08
219.011921,6385,6380,0,33,6.08
219.111919,6385,6384,0,33,6.09
219.211919,6385,6380,163,33,6.09
219.311919,6385,6380,163,33,6.09
219.411919,6385,6380,163,33,6.09
219.51192,6385,6380,78,33,6.09
219.611919,6385,6380,78,33,6.09
219.711928,6385,6380,78,33,6.06
219.811919,6385,6380,78,33,6.06
219.91192,6385,6384,78,33,6.09
220.01192,6385,6380,78,33,6.09
220.111932,6385,6380,78,33,6.08
220.211919,6385,6380,88,33,6.08
220.311919,6385,6380,88,33,6.08
220.411918,6385,6380,88,33,6.04
220.511938,6385,6380,327,33,6.04
220.611919,6385,6380,327,33,6.04
220.711953,6385,6380,327,33,6.08
220.811919,6385,6380,327,33,6.08
220.911959,6385,6380,327,33,6.06
221.011919,6385,6380,327,33,6.06
221.111952,6385,6380,327,33,6.08
221.211919,6385,6380,88,33,6.08
221.311947,6385,6380,88,33,6.08
221.411919,6385,6380,88,33,6.08
221.511937,6385,6384,0,33,6.08
221.611919,6385,6384,0,33,6.08
221.711935,6385,6384,0,33,6.05
221.811921,6385,6384,0,33,6.05
221.911921,6385,6380,0,33,6.04
222.011935,6385,6380,0,33,6.04
222.111939,6385,6380,0,33,6.08
222.211918,6385,6380,0,33,6.08
222.311935,6385,6380,0,33,6.08
222.411919,6385,6380,0,33,6.1
222.511919,6385,6380,78,33,6.1
222.611918,6385,6380,78,33,6.1
222.711919,6385,6384,78,33,6.03
222.811917,6385,6384,0,33,6.03
222.911917,6385,6384,0,33,6.07
223.011919,6385,6384,0,33,6.07
223.111919,6385,6380,0,33,6.05
223.211919,6385,6380,78,33,6.05
223.311919,6385,6380,78,33,6.05
223.41192,6385,6384,78,33,6.04
223.511919,6385,6384,0,33,6.04
223.611919,6385,6380,0,33,6.04
223.711926,6385,6384,0,33,6.09
223.811919,6385,6384,0,33,6.09
223.911919,6385,6384,0,33,6.09
224.011919,6385,6384,0,33,6.09
224.111927,6385,6384,0,33,6.09
224.21192,6385,6384,0,33,6.09
224.311918,6385,6384,0,33,6.09
224.411946,6385,6380,0,33,6.06
224.51192,6385,6384,163,33,6.06
224.61192,6385,6380,163,33,6.06
224.711918,6385,6380,163,33,6.09
224.811919,6385,6380,163,33,6.09
224.911918,6385,6380,163,33,6.06
225.011931,6385,6380,163,33,6.06
225.111926,6385,6380,163,33,6.09
225.211919,6385,6380,78,33,6.09
225.311918,6385,6380,78,33,6.09
225.411931,6385,6380,78,33,6.09
225.51192,6385,6380,92,33,6.09
225.611921,6385,6380,92,33,6.09
225.71192,6385,6380,92,33,6.09
225.81192,6385,6380,80,33,6.09
225.91192,6385,6380,80,33,6.08
226.01192,6385,6380,80,33,6.08
226.111922,6385,6380,80,33,6.09
226.21192,6385,6380,78,33,6.09
226.311919,6385,6380,78,33,6.09
226.41192,6385,6380,78,33,6.08
226.511919,6385,6380,204,33,6.08
226.61192,6385,6380,204,33,6.08
226.711936,6385,6380,204,33,6.09
226.81192,6385,6380,80,33,6.09
226.911934,6385,6384,80,33,6.09
227.011921,6385,6380,80,33,6.09
227.111979,6385,6380,80,33,6.1
227.21192,6385,6380,78,33,6.1
227.311936,6385,6384,78,33,6.1
227.41192,6385,6384,78,33,6.08
227.511919,6385,6384,0,33,6.08
227.611919,6385,6380,0,33,6.08
227.711919,6385,6384,0,33,6.08
227.811921,6385,6380,80,33,6.08
227.91192,6385,6380,80,33,6.08
228.01192,6385,6380,80,33,6.08
228.111919,6385,6380,80,33,6.07
228.211924,6385,6380,78,33,6.07
228.311919,6385,6384,78,33,6.07
228.411919,6385,6380,78,33,6.08
228.511919,6385,6380,78,33,6.08
228.61192,6385,6380,78,33,6.08
228.71192,6385,6380,78,33,6.08
228.811919,6385,6380,78,33,6.08
228.911919,6385,6380,78,33,6.09
229.01192,6385,6380,78,33,6.09
229.11192,6385,6380,78,33,6.05
229.211919,6385,6380,78,33,6.05
229.31193,6385,6384,78,33,6.05
229.411919,6385,6384,78,33,6.09
229.511919,6385,6384,0,33,6.09
229.611919,6385,6380,0,33,6.09
229.711918,6385,6384,0,33,6.06
229.811922,6385,6384,0,33,6.06
229.91192,6385,6384,0,33,6.08
230.01192,6385,6384,0,33,6.08
230.11192,6385,6384,0,33,6.09
230.21192,6385,6384,0,33,6.09
230.311927,6385,6384,0,33,6.09
230.411919,6385,6384,0,33,6.06
230.511926,6385,6384,0,33,6.06
230.611926,6385,6384,0,33,6.06
230.711927,6385,6384,0,33,6.06
230.81192,6385,6380,163,33,6.06
230.911919,6385,6384,163,33,6.08
231.011919,6385,6384,163,33,6.08
231.111919,6385,6384,163,33,6.09
231.211928,6385,6380,0,33,6.09
231.31192,6385,6384,0,33,6.09
231.411919,6385,6384,0,33,6.08
231.511928,6385,6384,0,33,6.08
231.611921,6385,6384,0,33,6.08
231.711918,6385,6384,0,33,6.07
231.81192,6385,6384,0,33,6.07
231.911918,6385,6384,0,33,6.07
232.011921,6385,6384,0,33,6.07
232.11192,6385,6384,0,33,6.09
232.211921,6385,6384,0,33,6.09
232.311919,6385,6384,0,33,6.09
232.41192,6385,6380,0,33,6.09
232.511926,6385,6380,78,33,6.09
232.611919,6385,6384,78,33,6.09
232.711918,6385,6384,78,33,6.07
232.811919,6385,6384,0,33,6.07
232.911919,6385,6384,0,33,6.06
233.011921,6385,6384,0,33,6.06
233.11192,6385,6384,0,33,6.06
233.21192,6385,6380,163,33,6.06
233.31192,6385,6380,163,33,6.06
233.411921,6385,6384,163,33,6.03
233.511918,6385,6380,78,33,6.03
233.611921,6385,6384,78,33,6.03
233.711919,6385,6384,78,33,6.07
233.811937,6385,6384,0,33,6.07
233.91192,6385,6384,0,33,6.09
234.011942,6385,6384,0,33,6.09
234.11192,6385,6384,0,33,6.06
234.211938,6385,6384,0,33,6.06
234.311919,6385,6384,0,33,6.06
234.411937,6385,6384,0,33,6.07
234.511919,6385,6384,0,33,6.07
234.61196,6385,6384,0,33,6.07
234.711919,6385,6384,0,33,6.03
234.811948,6385,6384,0,33,6.03
234.91192,6385,6380,0,33,6.09
235.01192,6385,6380,0,33,6.09
235.111919,6385,6380,0,33,6.03
235.211918,6385,6384,0,33,6.03
235.311918,6385,6384,0,33,6.03
235.41192,6385,6384,0,33,6.08
235.51192,6385,6384,0,33,6.08
235.611919,6385,6384,0,33,6.08
235.711918,6385,6384,0,33,6.03
235.811919,6385,6384,81,33,6.03
235.911919,6385,6384,81,33,6.07
236.011919,6385,6380,81,33,6.07
236.111918,6385,6380,81,33,6.02
236.211919,6385,6380,81,33,6.02
236.311919,6385,6380,81,33,6.02
236.41192,6385,6384,81,33,6.07
236.51192,6385,6384,0,33,6.07
236.611919,6385,6384,0,33,6.07
236.711919,6385,6384,0,33,6.05
236.811919,6385,6380,163,33,6.05
236.911918,6385,6380,163,33,6.07
237.011919,6385,6380,163,33,6.07
237.111919,6385,6380,163,33,6.09
237.21192,6385,6376,165,33,6.09
237.311919,6385,6380,165,33,6.09
237.41192,6385,6380,165,33,6.02
237.511919,6385,6384,163,33,6.02
237.61192,6385,6380,163,33,6.02
237.711919,6385,6380,163,33,6.07
237.81192,6385,6380,78,33,6.07
237.911918,6385,6384,78,33,6.08
238.01192,6385,6380,78,33,6.08
238.111919,6385,6384,78,33,6.06
238.211919,6385,6384,0,33,6.06
238.31192,6385,6384,0,33,6.06
238.41192,6385,6384,0,33,6.06
238.511928,6385,6384,0,33,6.06
238.611921,6385,6384,0,33,6.06
238.71192,6385,6384,0,33,6.05
238.811921,6385,6384,0,33,6.05
238.91192,6385,6384,0,33,6.07
239.01192,6385,6384,0,33,6.07
239.111919,6385,6384,0,33,6.06
239.211927,6385,6384,0,33,6.06
239.311919,6385,6384,0,33,6.06
239.411924,6385,6380,0,33,6.06
239.511927,6385,6384,0,33,6.06
239.611954,6385,6384,0,33,6.06
239.71192,6385,6384,0,33,6.08
239.811942,6385,6380,204,33,6.08
239.91192,6385,6380,204,33,6.07
240.011937,6385,6380,204,33,6.07
240.111919,6385,6384,204,33,6.07
240.211921,6385,6384,0,33,6.07
240.311919,6385,6384,0,33,6.07
240.41192,6385,6384,0,33,6.09
240.51192,6385,6384,0,33,6.09
240.61192,6385,6384,0,33,6.09
240.711918,6385,6384,0,33,6.09
240.811921,6385,6384,0,33,6.09
240.911919,6385,6384,0,33,6.1
241.011927,6385,6384,0,33,6.1
241.111919,6385,6384,0,33,6.05
241.21192,6385,6384,0,33,6.05
241.31192,6385,6380,0,33,6.05
241.411919,6385,6380,0,33,6.09
241.511919,6385,6384,0,33,6.09
241.611928,6385,6384,0,33,6.09
241.711919,6385,6384,0,33,6.1
241.811921,6385,6384,0,33,6.1
241.911919,6385,6384,0,33,6.08
242.011921,6385,6384,0,33,6.08
242.111931,6385,6384,0,33,6.08
242.21192,6385,6384,0,33,6.08
242.311919,6385,6384,0,33,6.08
242.41192,6385,6384,0,33,6.07
242.511919,6385,6384,0,33,6.07
242.611919,6385,6384,0,33,6.07
242.711919,6385,6384,0,33,6.03
242.81192,6385,6384,0,33,6.03
242.911921,6385,6384,0,33,6.03
243.011919,6385,6384,0,33,6.03
243.111936,6385,6384,0,33,6.09
243.21192,6385,6384,0,33,6.09
243.31192,6385,6384,0,33,6.09
243.411919,6385,6384,0,33,6.09
243.511918,6385,6384,0,33,6.09
243.61193,6385,6384,0,33,6.09
243.711927,6385,6384,0,33,6.09
243.811921,6385,6388,0,33,6.09
243.911918,6385,6388,0,33,6.06
244.011919,6385,6384,0,33,6.06
244.111919,6385,6388,0,33,6.04
244.211919,6385,6388,0,33,6.04
244.311919,6385,6392,0,33,6.04
244.41192,6385,6392,0,33,6.06
244.511927,6385,6392,163,33,6.06
244.611918,6385,6388,163,33,6.06
244.711917,6385,6388,163,33,6.06
244.81192,6385,6388,0,33,6.06
244.911919,6385,6388,0,33,6.1
245.011919,6385,6392,0,33,6.1
245.111919,6385,6388,0,33,6.07
245.211921,6385,6388,0,33,6.07
245.311919,6385,6392,0,33,6.07
245.411918,6385,6392,0,33,6.09
245.511919,6385,6388,0,33,6.09
245.611918,6385,6388,0,33,6.09
245.71192,6385,6388,0,33,6.05
245.811921,6385,6388,0,33,6.05
245.911922,6385,6384,0,33,6.03
246.011929,6385,6388,0,33,6.03
246.111953,6385,6388,0,33,6.07
246.211919,6385,6384,0,33,6.07
246.311935,6385,6388,0,33,6.07
246.41192,6385,6384,0,33,6.06
246.511919,6385,6388,0,33,6.06
246.611919,6385,6384,0,33,6.06
246.71192,6385,6384,0,33,6.05
246.811927,6385,6384,0,33,6.05
246.911918,6385,6384,0,33,6.08
247.011919,6385,6384,0,33,6.08
247.111919,6385,6384,0,33,6.09
247.211917,6385,6380,78,33,6.09
247.311959,6385,6384,78,33,6.09
247.41192,6385,6384,78,33,6.07
247.511936,6385,6380,78,33,6.07
247.611919,6385,6384,78,33,6.07
247.711918,6385,6380,78,33,6.06
247.81192,6385,6380,78,33,6.06
247.911919,6385,6380,78,33,6.08
248.011919,6385,6380,78,33,6.08
248.111928,6385,6380,78,33,6.08
248.211921,6385,6380,83,33,6.08
248.311918,6385,6380,83,33,6.08
248.41192,6385,6380,83,33,6.08
248.51192,6385,6380,0,33,6.08
248.611919,6385,6380,0,33,6.08
248.711919,6385,6384,0,33,6.09
248.811919,6385,6380,80,33,6.09
248.911919,6385,6380,80,33,6.08
249.01192,6385,6380,80,33,6.08
249.11192,6385,6380,80,33,6.09
249.211919,6385,6380,80,33,6.09
249.311919,6385,6384,80,33,6.09
249.411919,6385,6380,80,33,6.08
249.51192,6385,6380,93,33,6.08
249.611919,6385,6380,93,33,6.08
249.711919,6385,6380,93,33,6.09
249.81192,6385,6380,78,33,6.09
249.911922,6385,6380,78,33,6.08
250.011919,6385,6380,78,33,6.08
250.11192,6385,6380,78,33,6.08
250.21192,6385,6380,80,33,6.08
250.311919,6385,6380,80,33,6.08
250.411921,6385,6380,80,33,6.09
250.511919,6385,6384,0,33,6.09
250.611919,6385,6380,0,33,6.09
250.711919,6385,6380,0,33,6.09
250.811919,6385,6380,78,33,6.09
250.91192,6385,6380,78,33,6.09
251.011919,6385,6380,78,33,6.09
251.111918,6385,6384,78,33,6.09
251.211919,6385,6380,81,33,6.09
251.311926,6385,6380,81,33,6.09
251.411918,6385,6380,81,33,6.09
251.511919,6385,6380,81,33,6.09
251.611919,6385,6380,81,33,6.09
251.71192,6385,6380,81,33,6.09
251.811919,6385,6380,0,33,6.09
251.911922,6385,6380,0,33,6.09
252.011919,6385,6380,0,33,6.09
252.111937,6385,6380,0,33,6.09
252.211921,6385,6380,80,33,6.09
252.311954,6385,6380,80,33,6.09
252.411927,6385,6380,80,33,6.06
252.511937,6385,6380,80,33,6.06
252.61192,6385,6380,80,33,6.06
252.711919,6385,6380,80,33,6.05
252.81192,6385,6384,0,33,6.05
252.911918,6385,6380,0,33,6.07
253.011919,6385,6384,0,33,6.07
253.111921,6385,6384,0,33,6.06
253.211932,6385,6384,163,33,6.06
253.311919,6385,6384,163,33,6.06
253.41192,6385,6392,163,33,6.05
253.511928,6385,6392,110,33,6.05
253.61192,6385,6396,110,33,6.05
253.711918,6385,6388,110,33,6.06
253.811919,6385,6388,0,33,6.06
253.91192,6385,6388,0,33,6.08
254.011919,6385,6388,0,33,6.08
254.111918,6385,6388,0,33,6.08
254.211926,6385,6388,0,33,6.08
254.311918,6385,6388,0,33,6.08
254.41192,6385,6388,0,33,6.09
254.511928,6385,6388,0,33,6.09
254.611919,6385,6388,0,33,6.09
254.711919,6385,6392,0,33,6.05
254.81192,6385,6388,0,33,6.05
254.911935,6385,6388,0,33,6.08
255.01192,6385,6388,0,33,6.08
255.111931,6385,6388,0,33,6.09
255.21192,6385,6388,0,33,6.09
255.311925,6385,6388,0,33,6.09
255.41193,6385,6388,0,33,6.09
255.51192,6385,6388,0,33,6.09
255.611953,6385,6392,0,33,6.09
255.711919,6385,6388,0,33,6.09
255.811936,6385,6388,0,33,6.09
255.911926,6385,6388,0,33,6.08
256.011919,6385,6392,0,33,6.08
256.111918,6385,6388,0,33,6.08
256.211919,6385,6388,0,33,6.08
256.311918,6385,6388,0,33,6.08
256.411918,6385,6388,0,33,6.07
256.511921,6385,6388,0,33,6.07
256.61192,6385,6388,0,33,6.07
256.711919,6385,6388,0,33,6.09
256.811923,6385,6388,0,33,6.09
256.911918,6385,6388,0,33,6.06
257.01192,6385,6388,0,33,6.06
257.111918,6385,6392,0,33,6.09
257.21192,6385,6388,0,33,6.09
257.311918,6385,6388,0,33,6.09
257.411919,6385,6384,0,33,6.09
257.511919,6385,6384,0,33,6.09
257.611919,6385,6384,0,33,6.09
257.711919,6385,6388,0,33,6.06
257.811922,6385,6388,0,33,6.06
257.91192,6385,6388,0,33,6.06
258.01192,6385,6384,0,33,6.06
258.11192,6385,6388,0,33,6.02
258.21192,6385,6384,0,33,6.02
258.311918,6385,6384,0,33,6.02
258.411928,6385,6384,0,33,6.08
258.51192,6385,6384,0,33,6.08
258.611919,6385,6384,0,33,6.08
258.711918,6385,6384,0,33,6.09
258.81192,6385,6384,0,33,6.09
258.911918,6385,6384,0,33,6.04
259.011919,6385,6384,0,33,6.04
259.111918,6385,6384,0,33,6.07
259.211919,6385,6380,78,33,6.07
259.31192,6385,6384,78,33,6.07
259.41192,6385,6384,78,33,6.09
259.511926,6385,6384,0,33,6.09
259.611917,6385,6384,0,33,6.09
259.711919,6385,6384,0,33,6.08
259.811925,6385,6384,0,33,6.08
259.911926,6385,6384,0,33,6.09
260.011919,6385,6384,0,33,6.09
260.111918,6385,6384,0,33,6.08
260.211919,6385,6384,0,33,6.08
260.311919,6385,6384,0,33,6.08
260.41192,6385,6384,0,33,6.09
260.511918,6385,6384,0,33,6.09
260.611918,6385,6384,0,33,6.09
260.711917,6385,6384,0,33,6.08
260.811926,6385,6384,0,33,6.08
260.91192,6385,6384,0,33,6.09
261.011919,6385,6384,0,33,6.09
261.111919,6385,6384,0,33,6.09
261.211918,6385,6384,0,33,6.09
261.311927,6385,6384,0,33,6.09
261.41192,6385,6384,0,33,6.08
261.511918,6385,6384,0,33,6.08
261.611922,6385,6384,0,33,6.08
261.71192,6385,6384,0,33,6.09
261.81192,6385,6384,0,33,6.09
261.911918,6385,6384,0,33,6.08
262.01192,6385,6384,0,33,6.08
262.11192,6385,6384,0,33,6.08
262.21192,6385,6384,0,33,6.08
262.311919,6385,6384,0,33,6.08
262.411921,6385,6388,0,33,6.1
262.511918,6385,6388,0,33,6.1
262.611928,6385,6388,0,33,6.1
262.711919,6385,6388,0,33,6.09
262.811927,6385,6388,0,33,6.09
262.911919,6385,6388,0,33,6.08
263.01192,6385,6388,0,33,6.08
263.111919,6385,6388,0,33,6.06
263.211919,6385,6388,0,33,6.06
263.31192,6385,6388,0,33,6.06
263.41192,6385,6388,0,33,6.09
263.51192,6385,6388,0,33,6.09
263.611922,6385,6388,0,33,6.09
263.711919,6385,6388,0,33,6.08
263.811928,6385,6384,0,33,6.08
263.911919,6385,6384,0,33,6.07
264.011922,6385,6388,0,33,6.07
264.11192,6385,6384,0,33,6.06
264.211955,6385,6384,0,33,6.06
264.311919,6385,6384,0,33,6.06
264.411935,6385,6388,0,33,6.07
264.511943,6385,6384,0,33,6.07
264.611938,6385,6384,0,33,6.07
264.711953,6385,6384,0,33,6.09
264.81195,6385,6384,0,33,6.09
264.911936,6385,6384,0,33,6.04
265.011981,6385,6384,0,33,6.04
265.111921,6385,6384,0,33,6.09
265.211934,6385,6384,0,33,6.09
265.311918,6385,6384,0,33,6.09
265.41192,6385,6384,0,33,6.08
265.511926,6385,6384,0,33,6.08
265.611918,6385,6384,0,33,6.08
265.711918,6385,6384,0,33,6.09
265.811919,6385,6384,0,33,6.09
265.911928,6385,6384,0,33,6.09
266.011919,6385,6384,0,33,6.09
266.111918,6385,6384,0,33,6.07
266.21192,6385,6384,0,33,6.07
266.311917,6385,6384,0,33,6.07
266.411919,6385,6388,0,33,6.07
266.511918,6385,6384,0,33,6.07
266.611917,6385,6388,0,33,6.07
266.711919,6385,6388,0,33,6.08
266.811919,6385,6388,0,33,6.08
266.911919,6385,6392,0,33,6.09
267.011918,6385,6388,0,33,6.09
267.111919,6385,6392,0,33,6.08
267.211918,6385,6392,163,33,6.08
267.31192,6385,6392,163,33,6.08
267.411921,6385,6392,163,33,6.07
267.511919,6385,6396,354,33,6.07
267.611919,6385,6396,354,33,6.07
267.711919,6385,6396,354,33,6.07
267.81192,6385,6396,276,33,6.07
267.91192,6385,6396,276,33,6.09
268.01192,6385,6396,276,33,6.09
268.11192,6385,6392,276,33,6.09
268.211921,6385,6392,626,33,6.09
268.311919,6385,6392,626,33,6.09
268.411919,6385,6392,626,33,6.09
268.511927,6385,6388,0,33,6.09
268.611918,6385,6388,0,33,6.09
268.71192,6385,6388,0,33,6.09
268.811919,6385,6388,0,33,6.09
268.911919,6385,6388,0,33,6.09
269.011921,6385,6388,0,33,6.09
269.111926,6385,6388,0,33,6.06
269.21192,6385,6388,0,33,6.06
269.311919,6385,6388,0,33,6.06
269.41192,6385,6388,0,33,6.08
269.511918,6385,6384,0,33,6.08
269.61192,6385,6388,0,33,6.08
269.711922,6385,6388,0,33,6.09
269.811921,6385,6388,0,33,6.09
269.911926,6385,6388,0,33,6.08
270.011919,6385,6388,0,33,6.08
270.111919,6385,6388,0,33,6.08
270.211919,6385,6388,0,33,6.08
270.311919,6385,6388,0,33,6.08
270.411919,6385,6388,0,33,6.08
270.511919,6385,6388,0,33,6.08
270.611919,6385,6388,0,33,6.08
270.71192,6385,6388,0,33,6.09
270.81192,6385,6388,0,33,6.09
270.911918,6385,6388,0,33,6.09
271.011919,6385,6384,0,33,6.09
271.111917,6385,6388,0,33,6.03
271.21192,6385,6392,0,33,6.03
271.311919,6385,6392,0,33,6.03
271.411919,6385,6388,0,33,6.09
271.511919,6385,6384,0,33,6.09
271.611919,6385,6384,0,33,6.09
271.711919,6385,6388,0,33,6.05
271.81192,6385,6388,0,33,6.05
271.911918,6385,6388,0,33,6.09
272.011929,6385,6384,0,32,6.09
272.111919,6385,6384,0,32,6.07
272.21192,6385,6384,204,32,6.07
272.311927,6385,6384,204,32,6.07
272.411919,6385,6384,204,32,6.07
272.51192,6385,6384,0,32,6.07
272.611919,6385,6384,0,32,6.07
272.711918,6385,6384,0,32,6.04
272.811919,6385,6384,0,32,6.04
272.911919,6385,6384,0,32,6.09
273.011921,6385,6384,0,32,6.09
273.111918,6385,6384,0,32,6.09
273.21192,6385,6384,0,32,6.09
273.311919,6385,6384,0,32,6.09
273.411918,6385,6384,0,32,6.09
273.511918,6385,6384,0,32,6.09
273.611923,6385,6384,0,32,6.09
273.711918,6385,6384,0,32,6.08
273.811958,6385,6380,78,32,6.08
273.911919,6385,6384,78,32,6.08
274.011937,6385,6384,78,32,6.08
274.111919,6385,6384,78,32,6.09
274.211921,6385,6384,0,32,6.09
274.311918,6385,6384,0,32,6.09
274.411923,6385,6384,0,32,6.08
274.511919,6385,6384,163,32,6.08
274.611919,6385,6384,163,32,6.08
274.711918,6385,6384,163,32,6.09
274.81192,6385,6384,204,32,6.09
274.911918,6385,6384,204,32,6.09
275.011918,6385,6384,204,32,6.09
275.111918,6385,6384,204,32,6.05
275.211918,6385,6384,0,32,6.05
275.311919,6385,6388,0,32,6.05
275.411924,6385,6384,0,32,6.08
275.511918,6385,6388,0,32,6.08
275.611918,6385,6384,0,32,6.08
275.71192,6385,6384,0,32,6.04
275.811926,6385,6384,0,32,6.04
275.911919,6385,6388,0,32,6.03
276.01192,6385,6384,0,32,6.03
276.11192,6385,6384,0,32,6.06
276.211919,6385,6384,0,32,6.06
276.311918,6385,6384,0,32,6.06
276.411922,6385,6384,0,32,6.09
276.51192,6385,6384,0,32,6.09
276.611919,6385,6384,0,32,6.09
276.71192,6385,6384,0,32,6.01
276.81192,6385,6380,78,32,6.01
276.911922,6385,6380,78,32,6.01
277.011919,6385,6380,78,32,6.01
277.11194,6385,6380,78,32,6.06
277.211941,6385,6380,83,32,6.06
277.31196,6385,6380,83,32,6.06
277.411918,6385,6380,83,32,6.09
277.511951,6385,6380,100,32,6.09
277.611919,6385,6380,100,32,6.09
277.711941,6385,6380,100,32,6.09
277.811921,6385,6376,342,32,6.09
277.911955,6385,6376,342,32,6.08
278.011919,6385,6376,342,32,6.08
278.111935,6385,6376,342,32,6.06
278.211919,6385,6376,269,32,6.06
278.311925,6385,6376,269,32,6.06
278.411922,6385,6380,269,32,6.08
278.511935,6385,6376,317,32,6.08
278.611937,6385,6376,317,32,6.08
278.711937,6385,6376,317,32,6.08
278.811938,6385,6376,368,32,6.08
278.911923,6385,6376,368,32,6.03
279.011937,6385,6376,368,32,6.03
279.111961,6385,6376,368,32,6.04
279.211935,6385,6376,438,32,6.04
279.311936,6385,6376,438,32,6.04
279.411936,6385,6376,438,32,6.06
279.511927,6385,6376,493,32,6.06
279.611918,6385,6376,493,32,6.06
279.711919,6385,6376,493,32,6.04
279.811919,6385,6376,549,32,6.04
279.911918,6385,6376,549,32,6.05
280.011921,6385,6380,549,32,6.05
280.111918,6385,6380,549,32,6.06
280.211919,6385,6380,81,32,6.06
280.311918,6385,6380,81,32,6.06
280.41192,6385,6380,81,32,6.07
280.511918,6385,6380,78,32,6.07
280.611919,6385,6380,78,32,6.07
280.711919,6385,6380,78,32,6.07
280.811918,6385,6384,0,32,6.07
280.911925,6385,6380,0,32,6.03
281.011919,6385,6380,0,32,6.03
281.111918,6385,6380,0,32,6.01
281.211919,6385,6380,78,32,6.01
281.311927,6385,6380,78,32,6.01
281.411919,6385,6380,78,32,6.08
281.511919,6385,6380,80,32,6.08
281.611919,6385,6384,80,32,6.08
281.711918,6385,6384,80,32,6.07
281.811919,6385,6380,78,32,6.07
281.911919,6385,6384,78,32,6.09
282.011921,6385,6380,78,32,6.09
282.111919,6385,6380,78,32,6.07
282.211919,6385,6380,81,32,6.07
282.311919,6385,6380,81,32,6.07
282.411929,6385,6384,81,32,6.08
282.51192,6385,6380,78,32,6.08
282.611918,6385,6384,78,32,6.08
282.711918,6385,6380,78,32,6.09
282.81192,6385,6380,0,32,6.09
282.911919,6385,6384,0,32,6.05
283.01192,6385,6384,0,32,6.05
283.111936,6385,6384,0,32,6.02
283.21192,6385,6380,78,32,6.02
283.311948,6385,6380,78,32,6.02
283.41192,6385,6380,78,32,6.06
283.511935,6385,6380,0,32,6.06
283.611921,6385,6384,0,32,6.06
283.711918,6385,6384,0,32,6.08
283.81192,6385,6384,0,32,6.08
283.911919,6385,6384,0,32,6.07
284.011919,6385,6384,0,32,6.07
284.111919,6385,6384,0,32,6.08
284.21192,6385,6388,0,32,6.08
284.311918,6385,6388,0,32,6.08
284.411918,6385,6388,0,32,6.08
284.511934,6385,6392,0,32,6.08
284.611919,6385,6384,0,32,6.08
284.711919,6385,6392,0,32,6.08
284.81192,6385,6388,163,32,6.08
284.911919,6385,6392,163,32,6.08
285.011918,6385,6392,163,32,6.08
285.111918,6385,6392,163,32,6.02
285.211929,6385,6396,438,32,6.02
285.31192,6385,6388,438,32,6.02
285.411921,6385,6392,438,32,6.09
285.511919,6385,6392,112,32,6.09
285.61192,6385,6392,112,32,6.09
285.71192,6385,6396,112,32,6.04
285.81192,6385,6396,180,32,6.04
285.911922,6385,6400,180,32,6.07
286.011919,6385,6392,180,32,6.07
286.11192,6385,6400,180,32,6.08
286.21192,6385,6392,51,32,6.08
286.311919,6385,6400,51,32,6.08
286.411924,6385,6392,51,32,6.03
286.511921,6385,6396,484,32,6.03
286.611918,6385,6392,484,32,6.03
286.711927,6385,6392,484,32,6.09
286.811919,6385,6396,208,32,6.09
286.911919,6385,6396,208,32,6.06
287.011921,6385,6396,208,32,6.06
287.11192,6385,6396,208,32,6.07
287.211919,6385,6400,303,32,6.07
287.311918,6385,6392,303,32,6.07
287.411918,6385,6388,303,32,6.06
287.51192,6385,6392,0,32,6.06
287.611919,6385,6388,0,32,6.06
287.711918,6385,6388,0,32,6.08
287.811927,6385,6388,0,32,6.08
287.911918,6385,6392,0,32,6.08
288.011918,6385,6392,0,32,6.08
288.111918,6385,6388,0,32,6.04
288.211919,6385,6388,0,32,6.04
288.311918,6385,6384,0,32,6.04
288.411924,6385,6388,0,32,5.95
288.511919,6385,6384,0,32,5.95
288.61196,6385,6384,0,32,5.95
288.711918,6385,6380,0,32,6.06
288.811937,6385,6380,87,32,6.06
288.911919,6385,6380,87,32,6.08
289.011919,6385,6380,87,32,6.08
289.111919,6385,6380,87,32,6.09
289.211919,6385,6384,0,32,6.09
289.31192,6385,6384,0,32,6.09
289.411918,6385,6384,0,32,6.03
289.511919,6385,6388,0,32,6.03
289.611928,6385,6380,0,32,6.03
289.711919,6385,6384,0,32,6.06
289.81192,6385,6388,0,32,6.06
289.91192,6385,6388,0,32,6.09
290.011921,6385,6392,0,32,6.09
290.111918,6385,6388,0,32,6.05
290.21192,6385,6388,0,32,6.05
290.311918,6385,6384,0,32,6.05
290.411941,6385,6384,0,32,6.09
290.511918,6385,6384,0,32,6.09
290.611956,6385,6384,0,32,6.09
290.711919,6385,6388,0,32,6.08
290.811936,6385,6384,0,32,6.08
290.91192,6385,6384,0,32,6.07
291.011919,6385,6384,0,32,6.07
291.11192,6385,6384,0,32,6.06
291.211918,6385,6392,110,32,6.06
291.311919,6385,6396,110,32,6.06
291.41192,6385,6396,110,32,6.08
291.511919,6385,6392,143,32,6.08
291.611919,6385,6392,143,32,6.08
291.711919,6385,6388,143,32,6.09
291.811921,6385,6388,163,32,6.09
291.911918,6385,6392,163,32,6.06
292.011925,6385,6388,163,32,6.06
292.111919,6385,6388,163,32,6.08
292.211919,6385,6392,163,32,6.08
292.311919,6385,6388,163,32,6.08
292.411954,6385,6384,163,32,6.06
292.511918,6385,6384,0,32,6.06
292.611948,6385,6388,0,32,6.06
292.711918,6385,6388,0,32,6.07
292.811919,6385,6392,163,32,6.07
292.911927,6385,6392,163,32,6.07
293.01192,6385,6392,163,32,6.07
293.111919,6385,6388,163,32,6.08
293.211918,6385,6388,0,32,6.08
293.311919,6385,6384,0,32,6.08
293.411919,6385,6388,0,32,6.08
293.511918,6385,6384,0,32,6.08
293.611919,6385,6384,0,32,6.08
293.711918,6385,6388,0,32,6.09
293.811919,6385,6384,0,32,6.09
293.91192,6385,6388,0,32,5.98
294.011919,6385,6384,0,32,5.98
294.11192,6385,6384,0,32,6.09
294.211919,6385,6380,0,32,6.09
294.31192,6385,6384,0,32,6.09
294.411919,6385,6380,0,32,6.09
294.51192,6385,6384,0,32,6.09
294.61192,6385,6384,0,32,6.09
294.71192,6385,6384,0,32,6.05
294.811935,6385,6384,0,32,6.05
294.911936,6385,6380,0,32,6.09
295.011937,6385,6384,0,32,6.09
295.111948,6385,6384,0,32,6.09
295.211935,6385,6384,0,32,6.09
295.311943,6385,6384,0,32,6.09
295.411935,6385,6380,0,32,6.03
295.511936,6385,6384,0,32,6.03
295.611918,6385,6380,0,32,6.03
295.711918,6385,6380,0,32,6.07
295.811926,6385,6384,0,32,6.07
295.911918,6385,6384,0,32,6.07
296.011919,6385,6384,0,32,6.07
296.111918,6385,6380,0,32,6.06
296.211919,6385,6380,78,32,6.06
296.31192,6385,6380,78,32,6.06
296.411918,6385,6380,78,32,6.09
296.51192,6385,6380,87,32,6.09
296.611919,6385,6384,87,32,6.09
296.711918,6385,6384,87,32,6.08
296.811919,6385,6380,80,32,6.08
296.911919,6385,6380,80,32,6.08
297.011919,6385,6380,80,32,6.08
297.111919,6385,6380,80,32,6.09
297.211919,6385,6380,87,32,6.09
297.311918,6385,6380,87,32,6.09
297.411919,6385,6380,87,32,6.05
297.51192,6385,6380,117,32,6.05
297.611919,6385,6380,117,32,6.05
297.711918,6385,6380,117,32,6.09
297.81192,6385,6380,148,32,6.09
297.911918,6385,6380,148,32,6.09
298.011919,6385,6380,148,32,6.09
298.111918,6385,6380,148,32,6.09
298.211919,6385,6380,191,32,6.09
298.311918,6385,6380,191,32,6.09
298.41192,6385,6380,191,32,6.02
298.511919,6385,6380,221,32,6.02
298.611919,6385,6376,221,32,6.02
298.711917,6385,6380,221,32,6.08
298.811922,6385,6380,255,32,6.08
298.911917,6385,6380,255,32,6.03
299.01192,6385,6380,255,32,6.03
299.111918,6385,6380,255,32,6.06
299.211919,6385,6380,296,32,6.06
299.311919,6385,6380,296,32,6.06
299.411919,6385,6380,296,32,6.09
299.511921,6385,6380,64,32,6.09
299.611919,6385,6380,64,32,6.09
299.711919,6385,6380,64,32,6.08
299.81192,6385,6380,361,32,6.08
299.911919,6385,6380,361,32,6.05
300.011921,6385,6380,361,32,6.05
300.11192,6385,6380,361,32,6.07
300.211921,6385,6380,411,32,6.07
300.31192,6385,6380,411,32,6.07
300.41192,6385,6376,411,32,6.05
300.511919,6385,6376,518,32,6.05
300.611919,6385,6376,518,32,6.05
300.71192,6385,6376,518,32,6.08
300.811923,6385,6376,573,32,6.08
300.911936,6385,6376,573,32,6.02
301.011919,6385,6376,573,32,6.02
301.111975,6385,6376,573,32,6.06
301.211919,6385,6380,578,32,6.06
301.311956,6385,6380,578,32,6.06
301.41192,6385,6380,578,32,6.06
301.511947,6385,6380,266,32,6.06
301.611918,6385,6380,266,32,6.06
301.711917,6385,6380,266,32,6.08
301.81192,6385,6380,146,32,6.08
301.911924,6385,6380,146,32,6.08
302.011918,6385,6380,146,32,6.08
302.111918,6385,6380,146,32,6.03
302.211919,6385,6380,191,32,6.03
302.311919,6385,6380,191,32,6.03
302.411919,6385,6380,191,32,6.08
302.511929,6385,6380,232,32,6.08
302.611939,6385,6380,232,32,6.08
302.71192,6385,6380,232,32,6.04
302.811923,6385,6380,276,32,6.04
302.911919,6385,6380,276,32,6.08
303.011919,6385,6380,276,32,6.08
303.111941,6385,6380,276,32,6.06
303.211919,6385,6380,327,32,6.06
303.311954,6385,6380,327,32,6.06
303.41192,6385,6376,327,32,6.04
303.511939,6385,6376,429,32,6.04
303.611921,6385,6376,429,32,6.04
303.711938,6385,6376,429,32,6.04
303.81192,6385,6376,479,32,6.04
303.91192,6385,6380,479,32,6.08
304.01192,6385,6376,479,32,6.08
304.111927,6385,6376,479,32,6.08
304.211921,6385,6380,470,32,6.08
304.311958,6385,6380,470,32,6.08
304.411919,6385,6380,470,32,6.06
304.511955,6385,6380,510,32,6.06
304.611921,6385,6380,510,32,6.06
304.711934,6385,6380,510,32,6.05
304.81192,6385,6380,542,32,6.05
304.911921,6385,6380,542,32,6.07
305.011922,6385,6380,542,32,6.07
305.111919,6385,6380,542,32,6.07
305.211918,6385,6376,145,32,6.07
305.311919,6385,6376,145,32,6.07
305.41192,6385,6376,145,32,6.07
305.51192,6385,6372,56,32,6.07
305.611918,6385,6376,56,32,6.07
305.711918,6385,6372,56,32,6.07
305.811919,6385,6372,341,32,6.07
305.911918,6385,6372,341,32,6.04
306.011921,6385,6372,341,32,6.04
306.111919,6385,6372,341,32,6.08
306.211919,6385,6376,373,32,6.08
306.311928,6385,6372,373,32,6.08
306.41192,6385,6372,373,32,6.05
306.511919,6385,6376,361,32,6.05
306.611918,6385,6376,361,32,6.05
306.711927,6385,6376,361,32,6
306.811918,6385,6376,501,32,6
306.91192,6385,6376,501,32,6
307.011918,6385,6376,501,32,6
307.111918,6385,6376,501,32,6.07
307.211919,6385,6376,578,32,6.07
307.311919,6385,6376,578,32,6.07
307.411921,6385,6376,578,32,6.03
307.511917,6385,6376,641,32,6.03
307.611919,6385,6376,641,32,6.03
307.711917,6385,6372,641,32,6.04
307.811919,6385,6376,52,32,6.04
307.911919,6385,6372,52,32,6.06
308.011918,6385,6376,52,32,6.06
308.111919,6385,6376,52,32,6.08
308.211918,6385,6376,278,32,6.08
308.311918,6385,6376,278,32,6.08
308.411919,6385,6376,278,32,6.06
308.511919,6385,6380,271,32,6.06
308.611918,6385,6376,271,32,6.06
308.711919,6385,6380,271,32,6.06
308.811925,6385,6376,382,32,6.06
308.911917,6385,6376,382,32,6.06
309.011918,6385,6376,382,32,6.06
309.111917,6385,6376,382,32,6.05
309.211918,6385,6376,455,32,6.05
309.311919,6385,6376,455,32,6.05
309.411919,6385,6376,455,32,6.07
309.51192,6385,6376,510,32,6.07
309.611939,6385,6376,510,32,6.07
309.711918,6385,6376,510,32,6.07
309.811919,6385,6376,563,32,6.07
309.911926,6385,6376,563,32,6.08
310.011919,6385,6376,563,32,6.08
310.111918,6385,6376,563,32,6.06
310.21192,6385,6376,638,32,6.06
310.311927,6385,6376,638,32,6.06
310.411919,6385,6376,638,32,6.04
310.511919,6385,6376,180,32,6.04
310.61192,6385,6376,180,32,6.04
310.711919,6385,6376,180,32,6.07
310.811919,6385,6376,235,32,6.07
310.911917,6385,6376,235,32,6.06
311.011918,6385,6376,235,32,6.06
311.111929,6385,6376,235,32,6.08
311.21191,6385,6376,310,32,6.08
311.31191,6385,6372,310,32,6.08
311.411911,6385,6376,310,32,6.07
311.511911,6385,6376,365,32,6.07
311.611911,6385,6376,365,32,6.07
311.71191,6385,6376,365,32,6.07
311.811912,6385,6376,421,32,6.07
311.911911,6385,6376,421,32,6.05
312.011912,6385,6376,421,32,6.05
312.11191,6385,6376,421,32,6.07
312.211912,6385,6376,494,32,6.07
312.311927,6385,6376,494,32,6.07
312.411911,6385,6376,494,32,6.06
312.51191,6385,6376,549,32,6.06
312.611911,6385,6376,549,32,6.06
312.711911,6385,6376,549,32,6.04
312.811914,6385,6380,440,32,6.04
312.91191,6385,6376,440,32,6.07
313.011911,6385,6376,440,32,6.07
313.111915,6385,6384,440,32,6.09
313.211935,6385,6384,0,32,6.09
313.311912,6385,6384,0,32,6.09
313.411946,6385,6384,0,32,6.08
313.51191,6385,6384,0,32,6.08
313.611939,6385,6384,0,32,6.08
313.711911,6385,6384,0,32,6.08
313.811913,6385,6380,163,32,6.08
313.911909,6385,6380,163,32,6.06
314.011911,6385,6380,163,32,6.06
314.11192,6385,6380,163,32,6.06
314.211912,6385,6380,78,32,6.06
314.31191,6385,6380,78,32,6.06
314.411935,6385,6380,78,32,6.08
314.511911,6385,6380,81,32,6.08
314.611931,6385,6380,81,32,6.08
314.711911,6385,6380,81,32,6.07
314.811928,6385,6380,204,32,6.07
314.911911,6385,6380,204,32,6.06
315.01192,6385,6384,204,32,6.06
315.111909,6385,6380,204,32,6.06
315.211913,6385,6380,78,32,6.06
315.311911,6385,6380,78,32,6.06
315.41191,6385,6380,78,32,6.08
315.51191,6385,6380,78,32,6.08
315.611911,6385,6380,78,32,6.08
315.711911,6385,6380,78,32,6.07
315.811911,6385,6380,78,32,6.07
315.911911,6385,6380,78,32,6.09
316.011912,6385,6380,78,32,6.09
316.111923,6385,6384,78,32,6.08
316.211911,6385,6380,78,32,6.08
316.311912,6385,6380,78,32,6.08
316.411911,6385,6380,78,32,6.08
316.51191,6385,6380,78,32,6.08
316.611912,6385,6384,78,32,6.08
316.711911,6385,6380,78,32,6.08
316.811946,6385,6384,0,32,6.08
316.91192,6385,6380,0,32,6.09
317.011924,6385,6380,0,32,6.09
317.111922,6385,6380,0,32,6.05
317.211929,6385,6380,87,32,6.05
317.311912,6385,6380,87,32,6.05
317.411928,6385,6380,87,32,6.08
317.51191,6385,6380,81,32,6.08
317.611912,6385,6380,81,32,6.08
317.711911,6385,6380,81,32,6.08
317.811919,6385,6384,0,32,6.08
317.911911,6385,6380,0,32,6.09
318.011912,6385,6380,0,32,6.09
318.111911,6385,6384,0,32,6.09
318.211911,6385,6380,78,32,6.09
318.311911,6385,6384,78,32,6.09
318.411919,6385,6380,78,32,6.09
318.51191,6385,6384,0,32,6.09
318.611911,6385,6380,0,32,6.09
318.711911,6385,6380,0,32,6.08
318.811912,6385,6384,0,32,6.08
318.911911,6385,6380,0,32,6.08
319.011912,6385,6380,0,32,6.08
319.111913,6385,6380,0,32,6.08
319.211919,6385,6384,0,32,6.08
319.31191,6385,6380,0,32,6.08
319.41191,6385,6384,0,32,6.07
319.51191,6385,6384,0,32,6.07
319.61191,6385,6384,0,32,6.07
319.711911,6385,6380,0,32,6.08
319.81191,6385,6380,163,32,6.08
319.911911,6385,6384,163,32,6.08
320.011909,6385,6384,163,32,6.08
320.111911,6385,6380,163,32,6.09
320.211912,6385,6380,78,32,6.09
320.311911,6385,6380,78,32,6.09
320.411912,6385,6380,78,32,6.08
320.511912,6385,6384,0,32,6.08
320.611912,6385,6384,0,32,6.08
320.711911,6385,6380,0,32,6.08
320.811911,6385,6380,83,32,6.08
320.91191,6385,6380,83,32,6.09
321.011911,6385,6380,83,32,6.09
321.11191,6385,6380,83,32,6.05
321.211914,6385,6380,124,32,6.05
321.31191,6385,6380,124,32,6.05
321.411912,6385,6380,124,32,6.05
321.511912,6385,6380,155,32,6.05
321.611911,6385,6380,155,32,6.05
321.711911,6385,6380,155,32,6.06
321.811911,6385,6380,204,32,6.06
321.911912,6385,6380,204,32,6.04
322.011912,6385,6384,204,32,6.04
322.111911,6385,6384,204,32,6.09
322.211912,6385,6380,78,32,6.09
322.311911,6385,6380,78,32,6.09
322.411911,6385,6380,78,32,6.06
322.511912,6385,6380,81,32,6.06
322.611911,6385,6380,81,32,6.06
322.711911,6385,6380,81,32,6.09
322.811912,6385,6380,100,32,6.09
322.911912,6385,6380,100,32,6.03
323.011911,6385,6380,100,32,6.03
323.111911,6385,6380,100,32,6.03
323.211912,6385,6380,0,32,6.03
323.311912,6385,6380,0,32,6.03
323.411911,6385,6380,0,32,6.07
323.511912,6385,6380,104,32,6.07
323.61191,6385,6376,104,32,6.07
323.711913,6385,6380,104,32,5.99
323.811909,6385,6380,139,32,5.99
323.911943,6385,6380,139,32,6.07
324.011915,6385,6380,139,32,6.07
324.111946,6385,6380,139,32,6.04
324.211911,6385,6380,187,32,6.04
324.311928,6385,6380,187,32,6.04
324.411911,6385,6380,187,32,6.09
324.511933,6385,6380,221,32,6.09
324.611911,6385,6376,221,32,6.09
324.711958,6385,6376,221,32,6.08
324.811911,6385,6376,325,32,6.08
324.911929,6385,6376,325,32,6.04
325.011911,6385,6376,325,32,6.04
325.11191,6385,6376,325,32,6.07
325.211911,6385,6376,322,32,6.07
325.31191,6385,6376,322,32,6.07
325.411914,6385,6380,322,32,6.09
325.511911,6385,6380,225,32,6.09
325.611912,6385,6376,225,32,6.09
325.71191,6385,6380,225,32,6.07
325.811912,6385,6376,476,32,6.07
325.91192,6385,6380,476,32,6.04
326.01191,6385,6376,476,32,6.04
326.11191,6385,6376,476,32,6.07
326.211919,6385,6376,547,32,6.07
326.31191,6385,6376,547,32,6.07
326.41191,6385,6376,547,32,6.07
326.511912,6385,6380,535,32,6.07
326.611912,6385,6376,535,32,6.07
326.711911,6385,6376,535,32,6.06
326.811912,6385,6376,721,32,6.06
326.911911,6385,6380,721,32,6.08
327.011913,6385,6380,721,32,6.08
327.111911,6385,6380,721,32,6.09
327.211911,6385,6380,110,32,6.09
327.311912,6385,6380,110,32,6.09
327.411913,6385,6380,110,32,6.08
327.511919,6385,6380,143,32,6.08
327.611911,6385,6380,143,32,6.08
327.711911,6385,6380,143,32,6.06
327.811912,6385,6380,177,32,6.06
327.911918,6385,6380,177,32,6.08
328.011912,6385,6380,177,32,6.08
328.111923,6385,6380,177,32,6.07
328.211911,6385,6380,220,32,6.07
328.311919,6385,6380,220,32,6.07
328.411912,6385,6380,220,32,6.08
328.511934,6385,6376,418,32,6.08
328.611919,6385,6376,418,32,6.08
328.711946,6385,6376,418,32,6.06
328.811911,6385,6380,206,32,6.06
328.911949,6385,6376,206,32,6.07
329.011912,6385,6376,206,32,6.07
329.111929,6385,6380,206,32,6.08
329.211919,6385,6376,271,32,6.08
329.311911,6385,6376,271,32,6.08
329.411912,6385,6380,271,32,6.08
329.511911,6385,6376,622,32,6.08
329.611911,6385,6380,622,32,6.08
329.711913,6385,6380,622,32,6.05
329.811912,6385,6376,663,32,6.05
329.911912,6385,6380,663,32,6.05
330.011911,6385,6380,663,32,6.05
330.111914,6385,6380,663,32,6.07
330.211914,6385,6380,508,32,6.07
330.311911,6385,6380,508,32,6.07
330.411912,6385,6380,508,32,6.07
330.511912,6385,6380,539,32,6.07
330.611913,6385,6380,539,32,6.07
330.711912,6385,6380,539,32,6.06
330.811912,6385,6380,569,32,6.06
330.911912,6385,6380,569,32,6.05
331.011912,6385,6380,569,32,6.05
331.111911,6385,6380,569,32,6.08
331.211912,6385,6380,98,32,6.08
331.31191,6385,6380,98,32,6.08
331.411911,6385,6380,98,32,6.04
331.511911,6385,6380,131,32,6.04
331.61191,6385,6380,131,32,6.04
331.711911,6385,6380,131,32,6.08
331.811912,6385,6380,163,32,6.08
331.911911,6385,6380,163,32,6.06
332.011919,6385,6380,163,32,6.06
332.111911,6385,6380,163,32,6.07
332.211912,6385,6380,206,32,6.07
332.311911,6385,6376,206,32,6.07
332.411912,6385,6376,206,32,6.08
332.511916,6385,6380,143,32,6.08
332.611912,6385,6380,143,32,6.08
332.711911,6385,6376,143,32,6.08
332.811912,6385,6380,139,32,6.08
332.911912,6385,6380,139,32,6.08
333.011912,6385,6380,139,32,6.08
333.111912,6385,6376,139,32,6.06
333.211912,6385,6380,329,32,6.06
333.31191,6385,6380,329,32,6.06
333.411913,6385,6376,329,32,6.07
333.511911,6385,6380,363,32,6.07
333.611912,6385,6380,363,32,6.07
333.711911,6385,6380,363,32,6
333.811911,6385,6380,394,32,6
333.911909,6385,6380,394,32,6.04
334.011912,6385,6380,394,32,6.04
334.111911,6385,6380,394,32,6.04
334.211912,6385,6380,353,32,6.04
334.311912,6385,6380,353,32,6.04
334.411911,6385,6380,353,32,6.08
334.511919,6385,6380,467,32,6.08
334.611912,6385,6380,467,32,6.08
334.711911,6385,6380,467,32,6.07
334.811912,6385,6380,498,32,6.07
334.911913,6385,6380,498,32,6.08
335.011912,6385,6380,498,32,6.08
335.111912,6385,6380,498,32,6.08
335.211912,6385,6384,0,32,6.08
335.311912,6385,6380,0,32,6.08
335.411913,6385,6380,0,32,6.09
335.511912,6385,6380,92,32,6.09
335.611912,6385,6380,92,32,6.09
335.711912,6385,6380,92,32,6.07
335.811912,6385,6380,122,32,6.07
335.911912,6385,6380,122,32,6.08
336.011914,6385,6380,122,32,6.08
336.111912,6385,6380,122,32,6.08
336.211913,6385,6380,163,32,6.08
336.311921,6385,6380,163,32,6.08
336.411914,6385,6380,163,32,6.07
336.511911,6385,6380,196,32,6.07
336.61193,6385,6380,196,32,6.07
336.711911,6385,6380,196,32,6.06
336.811925,6385,6380,226,32,6.06
336.911911,6385,6380,226,32,6.06
337.011946,6385,6380,226,32,6.06
337.111911,6385,6380,226,32,6.07
337.211946,6385,6380,267,32,6.07
337.31191,6385,6380,267,32,6.07
337.411924,6385,6380,267,32,6.08
337.51191,6385,6380,298,32,6.08
337.611948,6385,6380,298,32,6.08
337.711912,6385,6380,298,32,6.07
337.811929,6385,6380,329,32,6.07
337.911912,6385,6380,329,32,6.06
338.011919,6385,6380,329,32,6.06
338.111911,6385,6380,329,32,6.07
338.211911,6385,6380,370,32,6.07
338.311913,6385,6380,370,32,6.07
338.411914,6385,6380,370,32,6.07
338.511912,6385,6380,400,32,6.07
338.61193,6385,6380,400,32,6.07
338.711912,6385,6380,400,32,6.07
338.811911,6385,6380,431,32,6.07
338.91191,6385,6380,431,32,6.08
339.011913,6385,6380,431,32,6.08
339.11191,6385,6380,431,32,6.08
339.211912,6385,6380,472,32,6.08
339.311919,6385,6380,472,32,6.08
339.41191,6385,6380,472,32,6.07
339.511912,6385,6380,503,32,6.07
339.611912,6385,6380,503,32,6.07
339.711919,6385,6380,503,32,6.08
339.811913,6385,6380,535,32,6.08
339.91192,6385,6380,535,32,6.05
340.011911,6385,6380,535,32,6.05
340.111911,6385,6380,535,32,6.05
340.211912,6385,6380,576,32,6.05
340.311918,6385,6376,576,32,6.05
340.411912,6385,6376,576,32,6.07
340.511912,6385,6376,180,32,6.07
340.611941,6385,6376,180,32,6.07
340.711911,6385,6376,180,32,6.08
340.811912,6385,6376,237,32,6.08
340.911912,6385,6376,237,32,6.08
341.011912,6385,6376,237,32,6.08
341.111911,6385,6376,237,32,6.08
341.211913,6385,6376,310,32,6.08
341.311913,6385,6376,310,32,6.08
341.411913,6385,6376,310,32,6.08
341.511912,6385,6376,365,32,6.08
341.611912,6385,6376,365,32,6.08
341.711918,6385,6376,365,32,6.07
341.811913,6385,6376,421,32,6.07
341.911912,6385,6376,421,32,6.07
342.011913,6385,6376,421,32,6.07
342.111912,6385,6376,421,32,6.07
342.211927,6385,6376,494,32,6.07
342.311932,6385,6376,494,32,6.07
342.411958,6385,6376,494,32,5.97
342.511911,6385,6376,549,32,5.97
342.611939,6385,6376,549,32,5.97
342.71191,6385,6376,549,32,6.06
342.811929,6385,6376,605,32,6.06
342.91191,6385,6376,605,32,6.03
343.011911,6385,6376,605,31,6.03
343.111911,6385,6376,605,31,6.06
343.211912,6385,6376,155,31,6.06
343.311912,6385,6376,155,31,6.06
343.411912,6385,6376,155,31,6.06
343.511911,6385,6376,208,31,6.06
343.611912,6385,6376,208,31,6.06
343.711911,6385,6376,208,31,6.09
343.811919,6385,6376,262,31,6.09
343.911912,6385,6376,262,31,6.04
344.011913,6385,6376,262,31,6.04
344.111912,6385,6376,262,31,6.05
344.211921,6385,6376,334,31,6.05
344.311911,6385,6376,334,31,6.05
344.411931,6385,6376,334,31,6.08
344.511913,6385,6380,389,31,6.08
344.611912,6385,6376,389,31,6.08
344.711912,6385,6376,389,31,6.06
344.811915,6385,6376,443,31,6.06
344.911919,6385,6376,443,31,6.07
345.01193,6385,6376,443,31,6.07
345.111911,6385,6376,443,31,6.08
345.211914,6385,6376,516,31,6.08
345.311912,6385,6376,516,31,6.08
345.411911,6385,6376,516,31,6.07
345.511912,6385,6376,571,31,6.07
345.611911,6385,6376,571,31,6.07
345.711911,6385,6376,571,31,6.01
345.811913,6385,6376,626,31,6.01
345.911912,6385,6376,626,31,6.04
346.011912,6385,6376,626,31,6.04
346.111911,6385,6376,626,31,6.09
346.211911,6385,6376,17,31,6.09
346.311911,6385,6376,17,31,6.09
346.411912,6385,6376,17,31,6.07
346.511912,6385,6376,233,31,6.07
346.611919,6385,6376,233,31,6.07
346.71191,6385,6376,233,31,6.03
346.811922,6385,6380,122,31,6.03
346.911911,6385,6376,122,31,6.03
347.011911,6385,6376,122,31,6.03
347.111919,6385,6376,122,31,6.06
347.211913,6385,6376,358,31,6.06
347.31191,6385,6380,358,31,6.06
347.411913,6385,6380,358,31,6.05
347.511912,6385,6380,331,31,6.05
347.611912,6385,6376,331,31,6.05
347.711911,6385,6376,331,31,6.07
347.811913,6385,6376,440,31,6.07
347.911918,6385,6376,440,31,6.08
348.011912,6385,6376,440,31,6.08
348.111911,6385,6376,440,31,6.06
348.211911,6385,6376,508,31,6.06
348.311914,6385,6376,508,31,6.06
348.411912,6385,6376,508,31,6.07
348.511934,6385,6376,561,31,6.07
348.611911,6385,6376,561,31,6.07
348.711941,6385,6376,561,31,6.05
348.811913,6385,6376,615,31,6.05
348.911941,6385,6380,615,31,6.07
349.011912,6385,6380,615,31,6.07
349.11192,6385,6376,615,31,6.07
349.211914,6385,6376,168,31,6.07
349.31193,6385,6376,168,31,6.07
349.411912,6385,6376,168,31,6.08
349.511928,6385,6376,223,31,6.08
349.611912,6385,6376,223,31,6.08
349.711914,6385,6376,223,31,6.06
349.811911,6385,6376,278,31,6.06
349.911912,6385,6376,278,31,5.94
350.01192,6385,6376,278,31,5.94
350.11191,6385,6376,278,31,6.09
350.211912,6385,6376,349,31,6.09
350.311911,6385,6376,349,31,6.09
350.411912,6385,6376,349,31,6.07
350.51191,6385,6380,191,31,6.07
350.611912,6385,6380,191,31,6.07
350.711917,6385,6380,191,31,6.08
350.81191,6385,6380,363,31,6.08
350.911911,6385,6380,363,31,6.08
351.011922,6385,6384,363,31,6.08
351.111912,6385,6380,363,31,6.09
351.211912,6385,6380,78,31,6.09
351.311924,6385,6384,78,31,6.09
351.411911,6385,6384,78,31,6.08
351.511911,6385,6384,327,31,6.08
351.611923,6385,6380,327,31,6.08
351.711911,6385,6384,327,31,6.08
351.811911,6385,6384,327,31,6.08
351.911912,6385,6384,327,31,6.09
352.01191,6385,6384,327,31,6.09
352.111918,6385,6384,327,31,6.08
352.211912,6385,6384,0,31,6.08
352.311911,6385,6384,0,31,6.08
352.411911,6385,6384,0,31,6.09
352.511911,6385,6384,0,31,6.09
352.611911,6385,6384,0,31,6.09
352.711911,6385,6380,0,31,6.07
352.811912,6385,6380,78,31,6.07
352.911921,6385,6384,78,31,6.07
353.011911,6385,6384,78,31,6.07
353.11191,6385,6384,78,31,6.09
353.211912,6385,6380,78,31,6.09
353.311912,6385,6384,78,31,6.09
353.411914,6385,6384,78,31,6.09
353.511911,6385,6380,78,31,6.09
353.611913,6385,6384,78,31,6.09
353.711912,6385,6384,78,31,6.07
353.811912,6385,6384,0,31,6.07
353.911912,6385,6384,0,31,6.08
354.011914,6385,6380,0,31,6.08
354.111915,6385,6384,0,31,6.09
354.211912,6385,6384,0,31,6.09
354.311912,6385,6384,0,31,6.09
354.411923,6385,6384,0,31,6.09
354.511912,6385,6384,163,31,6.09
354.611912,6385,6380,163,31,6.09
354.711913,6385,6384,163,31,6.08
354.811912,6385,6384,0,31,6.08
354.911912,6385,6380,0,31,6.06
355.011912,6385,6384,0,31,6.06
355.111912,6385,6384,0,31,6.09
355.21191,6385,6384,163,31,6.09
355.311911,6385,6380,163,31,6.09
355.411911,6385,6380,163,31,6.07
355.511912,6385,6384,0,31,6.07
355.611912,6385,6384,0,31,6.07
355.711914,6385,6384,0,31,6.08
355.811913,6385,6384,0,31,6.08
355.911947,6385,6384,0,31,6.08
356.011911,6385,6384,0,31,6.08
356.111925,6385,6384,0,31,6.08
356.211911,6385,6384,0,31,6.08
356.311948,6385,6384,0,31,6.08
356.411912,6385,6384,0,31,6.08
356.511912,6385,6384,0,31,6.08
356.611913,6385,6384,0,31,6.08
356.711911,6385,6384,0,31,6.06
356.811912,6385,6384,0,31,6.06
356.911911,6385,6384,0,31,6.07
357.011911,6385,6384,0,31,6.07
357.111911,6385,6384,0,31,6.08
357.211912,6385,6380,163,31,6.08
357.311911,6385,6380,163,31,6.08
357.411912,6385,6380,163,31,6.08
357.51191,6385,6380,78,31,6.08
357.611912,6385,6380,78,31,6.08
357.711911,6385,6380,78,31,6.08
357.811913,6385,6380,98,31,6.08
357.911932,6385,6380,98,31,6.07
358.011936,6385,6380,98,31,6.07
358.111911,6385,6380,98,31,6.07
358.211947,6385,6380,90,31,6.07
358.311911,6385,6380,90,31,6.07
358.411913,6385,6380,90,31,6.03
358.511913,6385,6380,81,31,6.03
358.611913,6385,6380,81,31,6.03
358.711911,6385,6380,81,31,6.07
358.811912,6385,6380,112,31,6.07
358.91191,6385,6380,112,31,6.09
359.011911,6385,6380,112,31,6.09
359.111911,6385,6380,112,31,6.08
359.211911,6385,6380,83,31,6.08
359.311911,6385,6380,83,31,6.08
359.411911,6385,6380,83,31,6.07
359.511918,6385,6380,81,31,6.07
359.61191,6385,6380,81,31,6.07
359.711911,6385,6380,81,31,6.06
359.811913,6385,6380,88,31,6.06
359.911912,6385,6380,88,31,6.09
360.011912,6385,6380,88,31,6.09
360.111911,6385,6380,88,31,6.06
360.211925,6385,6380,129,31,6.06
360.311911,6385,6380,129,31,6.06
360.411912,6385,6380,129,31,6.08
360.511911,6385,6380,93,31,6.08
360.611911,6385,6380,93,31,6.08
360.711911,6385,6380,93,31,6.08
360.811912,6385,6380,102,31,6.08
360.91191,6385,6380,102,31,6.08
361.011911,6385,6380,102,31,6.08
361.111911,6385,6380,102,31,6.07
361.211912,6385,6380,119,31,6.07
361.31191,6385,6380,119,31,6.07
361.411916,6385,6380,119,31,6.07
361.511912,6385,6380,150,31,6.07
361.611942,6385,6380,150,31,6.07
361.71192,6385,6380,150,31,6.08
361.81194,6385,6380,180,31,6.08
361.911911,6385,6380,180,31,6.07
362.011912,6385,6380,180,31,6.07
362.111912,6385,6380,180,31,6.07
362.211911,6385,6380,223,31,6.07
362.311912,6385,6380,223,31,6.07
362.411913,6385,6380,223,31,6.09
362.511912,6385,6380,254,31,6.09
362.611912,6385,6380,254,31,6.09
362.711911,6385,6380,254,31,6.04
362.811911,6385,6380,78,31,6.04
362.911911,6385,6380,78,31,6.09
363.011912,6385,6384,78,31,6.09
363.111911,6385,6388,78,31,6.08
363.211912,6385,6384,0,31,6.08
363.311911,6385,6384,0,31,6.08
363.411912,6385,6384,0,31,6.03
363.511911,6385,6384,327,31,6.03
363.611912,6385,6384,327,31,6.03
363.711911,6385,6380,327,31,6.07
363.811912,6385,6380,83,31,6.07
363.911917,6385,6380,83,31,6.02
364.011912,6385,6380,83,31,6.02
364.111912,6385,6380,83,31,6.07
364.211912,6385,6380,127,31,6.07
364.311911,6385,6380,127,31,6.07
364.411911,6385,6380,127,31,6.05
364.511912,6385,6380,162,31,6.05
364.611912,6385,6380,162,31,6.05
364.711911,6385,6380,162,31,6.06
364.811912,6385,6376,63,31,6.06
364.91191,6385,6376,63,31,6.07
365.011912,6385,6376,63,31,6.07
365.111911,6385,6380,63,31,6.05
365.211929,6385,6376,419,31,6.05
365.311912,6385,6380,419,31,6.05
365.411911,6385,6380,419,31,6.05
365.511919,6385,6380,291,31,6.05
365.611914,6385,6380,291,31,6.05
365.711911,6385,6380,291,31,6.08
365.811911,6385,6380,80,31,6.08
365.911917,6385,6384,80,31,6.07
366.011913,6385,6384,80,31,6.07
366.111912,6385,6380,80,31,6.08
366.211911,6385,6388,0,31,6.08
366.311912,6385,6384,0,31,6.08
366.411911,6385,6380,0,31,6.09
366.51191,6385,6384,0,31,6.09
366.611912,6385,6384,0,31,6.09
366.71191,6385,6384,0,31,6.07
366.811911,6385,6380,80,31,6.07
366.911919,6385,6384,80,31,6.08
367.011912,6385,6380,80,31,6.08
367.111911,6385,6380,80,31,6.07
367.211912,6385,6380,93,31,6.07
367.311919,6385,6380,93,31,6.07
367.411911,6385,6380,93,31,6.09
367.511911,6385,6380,126,31,6.09
367.611912,6385,6380,126,31,6.09
367.711957,6385,6380,126,31,6.09
367.81192,6385,6380,93,31,6.09
367.911929,6385,6380,93,31,6.07
368.011913,6385,6380,93,31,6.07
368.11191,6385,6380,93,31,6.08
368.211914,6385,6376,201,31,6.08
368.311911,6385,6376,201,31,6.08
368.411928,6385,6380,201,31,6.09
368.51191,6385,6380,78,31,6.09
368.611945,6385,6384,78,31,6.09
368.711919,6385,6384,78,31,6.08
368.811928,6385,6380,78,31,6.08
368.91191,6385,6380,78,31,6.09
369.011914,6385,6380,78,31,6.09
369.11192,6385,6380,78,31,6.07
369.211911,6385,6380,78,31,6.07
369.311911,6385,6380,78,31,6.07
369.411919,6385,6380,78,31,6.09
369.511913,6385,6380,0,31,6.09
369.611911,6385,6380,0,31,6.09
369.711919,6385,6380,0,31,6.05
369.811911,6385,6380,163,31,6.05
369.91191,6385,6380,163,31,6.09
370.011913,6385,6380,163,31,6.09
370.111911,6385,6380,163,31,6.04
370.211911,6385,6384,80,31,6.04
370.311911,6385,6380,80,31,6.04
370.411928,6385,6380,80,31,6.08
370.511912,6385,6380,308,31,6.08
370.611912,6385,6380,308,31,6.08
370.711911,6385,6384,308,31,6.07
370.811912,6385,6380,81,31,6.07
370.91191,6385,6380,81,31,6.06
371.011912,6385,6380,81,31,6.06
371.111911,6385,6380,81,31,6.07
371.211912,6385,6380,447,31,6.07
371.311912,6385,6380,447,31,6.07
371.411911,6385,6380,447,31,6.05
371.511909,6385,6376,112,31,6.05
371.611919,6385,6376,112,31,6.05
371.71191,6385,6376,112,31,6.07
371.811911,6385,6380,518,31,6.07
371.91192,6385,6380,518,31,6.08
372.011919,6385,6380,518,31,6.08
372.111912,6385,6380,518,31,6.08
372.211911,6385,6376,305,31,6.08
372.311911,6385,6376,305,31,6.08
372.411911,6385,6376,305,31,6.07
372.511913,6385,6376,360,31,6.07
372.611912,6385,6376,360,31,6.07
372.711918,6385,6380,360,31,6.07
372.811912,6385,6380,337,31,6.07
372.911917,6385,6380,337,31,6.08
373.011912,6385,6380,337,31,6.08
373.111919,6385,6380,337,31,6.07
373.211911,6385,6376,714,31,6.07
373.311911,6385,6376,714,31,6.07
373.411911,6385,6380,714,31,6.05
373.51191,6385,6380,431,31,6.05
373.611912,6385,6380,431,31,6.05
373.711913,6385,6380,431,31,6.07
373.811912,6385,6380,462,31,6.07
373.91191,6385,6380,462,31,6.06
374.011912,6385,6376,462,31,6.06
374.111911,6385,6376,462,31,6.07
374.211911,6385,6376,685,31,6.07
374.311932,6385,6380,685,31,6.07
374.411911,6385,6380,685,31,6.07
374.511947,6385,6380,559,31,6.07
374.611919,6385,6380,559,31,6.07
374.711929,6385,6380,559,31,6.02
374.811911,6385,6380,78,31,6.02
374.911918,6385,6380,78,31,6.05
375.011912,6385,6380,78,31,6.05
375.11191,6385,6376,78,31,6.09
375.21191,6385,6380,122,31,6.09
375.311918,6385,6380,122,31,6.09
375.411919,6385,6380,122,31,6.08
375.51191,6385,6380,155,31,6.08
375.611911,6385,6380,155,31,6.08
375.711911,6385,6380,155,31,6.08
375.811913,6385,6380,187,31,6.08
375.91191,6385,6380,187,31,6.09
376.011912,6385,6380,187,31,6.09
376.11192,6385,6380,187,31,6.08
376.21191,6385,6380,230,31,6.08
376.311911,6385,6376,230,31,6.08
376.411912,6385,6376,230,31,6.08
376.511911,6385,6376,337,31,6.08
376.611914,6385,6376,337,31,6.08
376.711911,6385,6376,337,31,6.09
376.811911,6385,6376,387,31,6.09
376.91191,6385,6376,387,31,6.07
377.011912,6385,6380,387,31,6.07
377.11191,6385,6376,387,31,6.08
377.21191,6385,6376,443,31,6.08
377.311919,6385,6376,443,31,6.08
377.41191,6385,6376,443,31,6.07
377.51191,6385,6376,496,31,6.07
377.61191,6385,6376,496,31,6.07
377.711911,6385,6376,496,31,6.06
377.811913,6385,6376,551,31,6.06
377.911929,6385,6376,551,31,6.03
378.011911,6385,6376,551,31,6.03
378.111911,6385,6380,551,31,6.06
378.211911,6385,6380,549,31,6.06
378.311911,6385,6380,549,31,6.06
378.411912,6385,6380,549,31,5.97
378.511911,6385,6376,646,31,5.97
378.611911,6385,6376,646,31,5.97
378.711929,6385,6380,646,31,6.08
378.811924,6385,6380,109,31,6.08
378.911911,6385,6380,109,31,6.08
379.011912,6385,6380,109,31,6.08
379.111911,6385,6380,109,31,6.08
379.211912,6385,6380,150,31,6.08
379.31191,6385,6380,150,31,6.08
379.411911,6385,6380,150,31,6.06
379.511912,6385,6380,182,31,6.06
379.611927,6385,6380,182,31,6.06
379.71193,6385,6380,182,31,6.07
379.811942,6385,6380,213,31,6.07
379.911911,6385,6380,213,31,6.05
380.011928,6385,6380,213,31,6.05
380.111919,6385,6380,213,31,6.07
380.211911,6385,6380,254,31,6.07
380.311909,6385,6380,254,31,6.07
380.411917,6385,6380,254,31,6.07
380.511919,6385,6380,284,31,6.07
380.611911,6385,6380,284,31,6.07
380.711915,6385,6380,284,31,6.07
380.811912,6385,6376,387,31,6.07
380.911912,6385,6376,387,31,6.08
381.011911,6385,6376,387,31,6.08
381.111912,6385,6376,387,31,6.08
381.211921,6385,6376,460,31,6.08
381.311912,6385,6376,460,31,6.08
381.411912,6385,6376,460,31,6.01
381.511912,6385,6376,515,31,6.01
381.611912,6385,6376,515,31,6.01
381.71192,6385,6376,515,31,6.03
381.811911,6385,6376,569,31,6.03
381.911912,6385,6376,569,31,6.04
382.011911,6385,6376,569,31,6.04
382.111912,6385,6376,569,31,6.03
382.211913,6385,6380,438,31,6.03
382.311911,6385,6380,438,31,6.03
382.411911,6385,6380,438,31,6.07
382.511913,6385,6376,313,31,6.07
382.611912,6385,6380,313,31,6.07
382.711927,6385,6380,313,31,6.09
382.811911,6385,6376,223,31,6.09
382.911953,6385,6376,223,31,6.05
383.011912,6385,6380,223,31,6.05
383.111948,6385,6380,223,31,6.07
383.211911,6385,6376,284,31,6.07
383.311945,6385,6376,284,31,6.07
383.411912,6385,6380,284,31,6.08
383.511939,6385,6380,266,31,6.08
383.61192,6385,6376,266,31,6.08
383.711928,6385,6376,266,31,6.08
383.811911,6385,6380,312,31,6.08
383.911912,6385,6380,312,31,6.05
384.011911,6385,6380,312,31,6.05
384.111911,6385,6380,312,31,6.06
384.211911,6385,6380,353,31,6.06
384.311911,6385,6380,353,31,6.06
384.411911,6385,6380,353,31,6.04
384.511912,6385,6380,90,31,6.04
384.611912,6385,6380,90,31,6.04
384.711929,6385,6380,90,31,6.08
384.811911,6385,6380,83,31,6.08
384.911911,6385,6380,83,31,6.08
385.011925,6385,6380,83,31,6.08
385.111911,6385,6380,83,31,6.08
385.211913,6385,6380,100,31,6.08
385.311911,6385,6380,100,31,6.08
385.411936,6385,6380,100,31,6.08
385.511913,6385,6380,131,31,6.08
385.611912,6385,6380,131,31,6.08
385.711912,6385,6380,131,31,6.09
385.811912,6385,6380,162,31,6.09
385.911912,6385,6380,162,31,6.08
386.011915,6385,6380,162,31,6.08
386.111911,6385,6380,162,31,6.09
386.211914,6385,6380,203,31,6.09
386.31191,6385,6380,203,31,6.09
386.411911,6385,6380,203,31,6.08
386.511911,6385,6380,237,31,6.08
386.61192,6385,6380,237,31,6.08
386.711912,6385,6380,237,31,6.08
386.811913,6385,6376,267,31,6.08
386.911919,6385,6380,267,31,6.05
387.011913,6385,6380,267,31,6.05
387.11191,6385,6380,267,31,6.06
387.211913,6385,6380,308,31,6.06
387.311912,6385,6380,308,31,6.06
387.411932,6385,6380,308,31,6.08
387.511911,6385,6376,544,31,6.08
387.611946,6385,6380,544,31,6.08
387.711913,6385,6380,544,31,6.07
387.811941,6385,6380,371,31,6.07
387.911927,6385,6376,371,31,6.02
388.011913,6385,6376,371,31,6.02
388.11191,6385,6380,371,31,6.01
388.211911,6385,6380,423,31,6.01
388.311911,6385,6376,423,31,6.01
388.411911,6385,6376,423,31,6.05
388.51191,6385,6380,472,31,6.05
388.611913,6385,6380,472,31,6.05
388.711911,6385,6380,472,31,6.06
388.811919,6385,6380,505,31,6.06
388.911912,6385,6380,505,31,6.07
389.011912,6385,6376,505,31,6.07
389.111911,6385,6380,505,31,6.07
389.21192,6385,6380,552,31,6.07
389.311912,6385,6380,552,31,6.07
389.41192,6385,6380,552,31,6.08
389.51191,6385,6380,585,31,6.08
389.61191,6385,6380,585,31,6.08
389.711912,6385,6380,585,31,6.06
389.811911,6385,6380,105,31,6.06
389.911912,6385,6380,105,31,6.07
390.011912,6385,6380,105,31,6.07
390.111912,6385,6376,105,31,6.09
390.211912,6385,6380,54,31,6.09
390.311939,6385,6380,54,31,6.09
390.41193,6385,6380,54,31,6.08
390.511926,6385,6380,189,31,6.08
390.611913,6385,6380,189,31,6.08
390.711911,6385,6380,189,31,6.07
390.811913,6385,6380,220,31,6.07
390.91191,6385,6380,220,31,6.09
391.011915,6385,6380,220,31,6.09
391.111911,6385,6380,220,31,6.08
391.211913,6385,6380,262,31,6.08
391.311912,6385,6376,262,31,6.08
391.411913,6385,6376,262,31,6.05
391.511917,6385,6380,302,31,6.05
391.611912,6385,6380,302,31,6.05
391.711912,6385,6380,302,31,6.08
391.811913,6385,6376,501,31,6.08
391.911939,6385,6380,501,31,6.07
392.011912,6385,6380,501,31,6.07
392.111909,6385,6380,501,31,6.07
392.211912,6385,6380,303,31,6.07
392.311912,6385,6380,303,31,6.07
392.411912,6385,6376,303,31,6.07
392.511921,6385,6380,423,31,6.07
392.611911,6385,6380,423,31,6.07
392.711911,6385,6380,423,31,6.06
392.811912,6385,6380,453,31,6.06
392.911937,6385,6380,453,31,6.08
393.011911,6385,6380,453,31,6.08
393.111912,6385,6380,453,31,6.05
393.211912,6385,6380,496,31,6.05
393.311911,6385,6380,496,31,6.05
393.411913,6385,6380,496,31,6.05
393.511912,6385,6380,527,31,6.05
393.611913,6385,6380,527,31,6.05
393.71191,6385,6380,527,31,6.07
393.811912,6385,6380,557,31,6.07
393.911912,6385,6380,557,31,6.04
394.011911,6385,6380,557,31,6.04
394.111912,6385,6380,557,31,6.05
394.211912,6385,6380,85,31,6.05
394.311919,6385,6380,85,31,6.05
394.411911,6385,6380,85,31,6.06
394.51191,6385,6380,117,31,6.06
394.611913,6385,6380,117,31,6.06
394.711912,6385,6380,117,31,6.08
394.811913,6385,6380,146,31,6.08
394.911911,6385,6380,146,31,6.08
395.011911,6385,6380,146,31,6.08
395.111912,6385,6380,146,31,6.08
395.211913,6385,6380,187,31,6.08
395.311911,6385,6380,187,31,6.08
395.411928,6385,6380,187,31,6.07
395.511912,6385,6380,220,31,6.07
395.611912,6385,6380,220,31,6.07
395.711912,6385,6380,220,31,6.08
395.811918,6385,6380,250,31,6.08
395.91191,6385,6380,250,31,6.08
396.011929,6385,6380,250,31,6.08
396.111913,6385,6380,250,31,6.08
396.21193,6385,6380,291,31,6.08
396.311912,6385,6380,291,31,6.08
396.411928,6385,6380,291,31,6.06
396.511912,6385,6380,322,31,6.06
396.611911,6385,6380,322,31,6.06
396.71191,6385,6380,322,31,6.08
396.811912,6385,6380,353,31,6.08
396.911911,6385,6380,353,31,6.08
397.011911,6385,6380,353,31,6.08
397.11191,6385,6380,353,31,6.08
397.211912,6385,6380,394,31,6.08
397.31192,6385,6380,394,31,6.08
397.411932,6385,6380,394,31,6.05
397.511911,6385,6380,80,31,6.05
397.611912,6385,6384,80,31,6.05
397.711912,6385,6380,80,31,6.09
397.811913,6385,6380,81,31,6.09
397.911928,6385,6380,81,31,6.07
398.011912,6385,6380,81,31,6.07
398.111912,6385,6380,81,31,6.09
398.211914,6385,6380,204,31,6.09
398.311911,6385,6380,204,31,6.09
398.411912,6385,6380,204,31,6.08
398.511911,6385,6380,81,31,6.08
398.611912,6385,6380,81,31,6.08
398.711912,6385,6380,81,31,6.09
398.81193,6385,6380,93,31,6.09
398.911911,6385,6380,93,31,6.08
399.011912,6385,6380,93,31,6.08
399.111912,6385,6380,93,31,6.08
399.211911,6385,6380,80,31,6.08
399.311911,6385,6380,80,31,6.08
399.411911,6385,6380,80,31,6.08
399.511911,6385,6380,93,31,6.08
399.611913,6385,6380,93,31,6.08
399.71191,6385,6380,93,31,6.08
399.811913,6385,6380,78,31,6.08
399.911912,6385,6380,78,31,6.09
400.011928,6385,6384,78,31,6.09
400.11191,6385,6380,78,31,6.07
400.21194,6385,6380,78,31,6.07
400.311912,6385,6384,78,31,6.07
400.411929,6385,6380,78,31,6.08
400.511912,6385,6380,78,31,6.08
400.611912,6385,6380,78,31,6.08
400.711938,6385,6384,78,31,6.07
400.811913,6385,6380,78,31,6.07
400.911941,6385,6380,78,31,6.09
401.011912,6385,6380,78,31,6.09
401.111927,6385,6380,78,31,6.07
401.211912,6385,6380,78,31,6.07
401.311912,6385,6380,78,31,6.07
401.411912,6385,6380,78,31,6.09
401.511914,6385,6380,97,31,6.09
401.611913,6385,6380,97,31,6.09
401.711918,6385,6380,97,31,6.08
401.811912,6385,6380,105,31,6.08
401.911912,6385,6380,105,31,6.07
402.011915,6385,6380,105,31,6.07
402.111912,6385,6380,105,31,6.08
402.211914,6385,6380,81,31,6.08
402.311911,6385,6380,81,31,6.08
402.411913,6385,6380,81,31,6.08
402.511912,6385,6380,112,31,6.08
402.611912,6385,6380,112,31,6.08
402.711912,6385,6380,112,31,6.08
402.811912,6385,6380,143,31,6.08
402.911928,6385,6380,143,31,6.07
403.01192,6385,6380,143,31,6.07
403.111911,6385,6380,143,31,6.08
403.211922,6385,6380,83,31,6.08
403.31191,6385,6380,83,31,6.08
403.411912,6385,6380,83,31,6.09
403.511911,6385,6380,114,31,6.09
403.611913,6385,6380,114,31,6.09
403.711911,6385,6380,114,31,6.08
403.811913,6385,6380,145,31,6.08
403.911911,6385,6380,145,31,6.07
404.011911,6385,6380,145,31,6.07
404.111911,6385,6380,145,31,6.09
404.21192,6385,6380,185,31,6.09
404.311911,6385,6380,185,31,6.09
404.411912,6385,6380,185,31,6.07
404.511912,6385,6380,216,31,6.07
404.611912,6385,6380,216,31,6.07
404.711912,6385,6380,216,31,6.08
404.811913,6385,6380,247,31,6.08
404.911912,6385,6380,247,31,6.08
405.011912,6385,6380,247,31,6.08
405.111921,6385,6380,247,31,6.08
405.211925,6385,6380,288,31,6.08
405.311913,6385,6380,288,31,6.08
405.411912,6385,6380,288,31,6.05
405.51191,6385,6380,319,31,6.05
405.611913,6385,6380,319,31,6.05
405.711912,6385,6380,319,31,6.07
405.811912,6385,6380,349,31,6.07
405.911911,6385,6380,349,31,6.08
406.011913,6385,6380,349,31,6.08
406.111912,6385,6380,349,31,6.08
406.21192,6385,6380,390,31,6.08
406.31191,6385,6380,390,31,6.08
406.411912,6385,6380,390,31,6.06
406.511911,6385,6380,421,31,6.06
406.611911,6385,6380,421,31,6.06
406.711918,6385,6380,421,31,6.07
406.811912,6385,6380,452,31,6.07
406.91191,6385,6380,452,31,6.07
407.011911,6385,6380,452,31,6.07
407.111912,6385,6380,452,31,6.08
407.211912,6385,6380,493,31,6.08
407.311911,6385,6380,493,31,6.08
407.411911,6385,6380,493,31,6.07
407.511911,6385,6380,523,31,6.07
407.611911,6385,6380,523,31,6.07
407.711911,6385,6380,523,31,6.08
407.811911,6385,6380,554,31,6.08
407.91191,6385,6380,554,31,6.05
408.011911,6385,6380,554,31,6.05
408.11191,6385,6380,554,31,6.06
408.211912,6385,6380,81,31,6.06
408.311912,6385,6380,81,31,6.06
408.411911,6385,6380,81,31,6.09
408.511919,6385,6380,81,31,6.09
408.611912,6385,6380,81,31,6.09
408.71191,6385,6380,81,31,6.07
408.811911,6385,6380,87,31,6.07
408.911911,6385,6380,87,31,6.08
409.011911,6385,6384,87,31,6.08
409.111912,6385,6384,87,31,6.07
409.211926,6385,6380,80,31,6.07
409.311911,6385,6380,80,31,6.07
409.411912,6385,6380,80,31,6.09
409.511918,6385,6380,80,31,6.09
409.611912,6385,6380,80,31,6.09
409.711925,6385,6380,80,31,6.09
409.811911,6385,6380,110,31,6.09
409.911951,6385,6380,110,31,6.08
410.011912,6385,6380,110,31,6.08
410.111929,6385,6380,110,31,6.09
410.211915,6385,6380,92,31,6.09
410.311912,6385,6380,92,31,6.09
410.411911,6385,6380,92,31,6.04
410.511927,6385,6380,122,31,6.04
410.611911,6385,6380,122,31,6.04
410.71195,6385,6380,122,31,6.08
410.81191,6385,6380,153,31,6.08
410.911926,6385,6380,153,31,6.09
411.011912,6385,6380,153,31,6.09
411.111912,6385,6380,153,31,6.09
411.211914,6385,6380,194,31,6.09
411.311911,6385,6380,194,31,6.09
411.411912,6385,6380,194,31,6.08
411.511924,6385,6380,225,31,6.08
411.61191,6385,6380,225,31,6.08
411.711911,6385,6380,225,31,6.07
411.811912,6385,6380,90,31,6.07
411.911922,6385,6380,90,31,6.09
412.011911,6385,6380,90,31,6.09
412.111912,6385,6380,90,31,6.07
412.211924,6385,6380,97,31,6.07
412.311911,6385,6380,97,31,6.07
412.411912,6385,6380,97,31,6.07
412.511925,6385,6380,92,31,6.07
412.611911,6385,6380,92,31,6.07
412.711911,6385,6380,92,31,6.09
412.811912,6385,6380,93,31,6.09
412.911923,6385,6380,93,31,6.08
413.011911,6385,6380,93,31,6.08
413.11191,6385,6380,93,31,6.09
413.211924,6385,6380,134,31,6.09
413.31191,6385,6380,134,31,6.09
413.411913,6385,6380,134,31,6.04
413.511912,6385,6380,165,31,6.04
413.611921,6385,6380,165,31,6.04
413.711912,6385,6380,165,31,6.08
413.811912,6385,6380,196,31,6.08
413.911918,6385,6380,196,31,6.08
414.011915,6385,6380,196,31,6.08
414.111921,6385,6380,196,31,6.07
414.211912,6385,6380,238,31,6.07
414.311913,6385,6380,238,31,6.07
414.411912,6385,6380,238,31,6.08
414.51191,6385,6380,271,31,6.08
414.61193,6385,6380,271,31,6.08
414.71191,6385,6380,271,31,6.09
414.811939,6385,6380,303,31,6.09
414.91191,6385,6380,303,31,6.08
415.011927,6385,6380,303,31,6.08
415.111911,6385,6380,303,31,6.08
415.21193,6385,6380,344,31,6.08
415.311913,6385,6380,344,31,6.08
415.411912,6385,6380,344,31,6.07
415.51191,6385,6380,375,31,6.07
415.611911,6385,6380,375,31,6.07
415.711912,6385,6380,375,31,6.07
415.811912,6385,6380,406,31,6.07
415.911912,6385,6380,406,31,6.08
416.011913,6385,6380,406,31,6.08
416.111911,6385,6380,406,31,6.08
416.211911,6385,6380,447,31,6.08
416.311912,6385,6376,447,31,6.08
416.411914,6385,6384,447,31,6.06
416.511911,6385,6380,78,31,6.06
416.611912,6385,6384,78,31,6.06
416.711912,6385,6380,78,31,6.05
416.811912,6385,6380,93,31,6.05
416.91191,6385,6380,93,31,6.09
417.011912,6385,6380,93,31,6.09
417.111919,6385,6380,93,31,6.07
417.211912,6385,6380,80,31,6.07
417.31191,6385,6380,80,31,6.07
417.411911,6385,6380,80,31,6.09
417.511912,6385,6380,204,31,6.09
417.611912,6385,6380,204,31,6.09
417.711913,6385,6380,204,31,6.08
417.811912,6385,6380,83,31,6.08
417.91191,6385,6380,83,31,6.07
418.011912,6385,6380,83,31,6.07
418.111912,6385,6380,83,31,6.08
418.21192,6385,6380,114,31,6.08
418.311912,6385,6380,114,31,6.08
418.411914,6385,6380,114,31,6.06
418.511919,6385,6380,145,31,6.06
418.611912,6385,6380,145,31,6.06
418.71191,6385,6376,145,31,6.09
418.811912,6385,6380,179,31,6.09
418.911912,6385,6376,179,31,6.08
419.011912,6385,6380,179,31,6.08
419.111911,6385,6376,179,31,6.08
419.211912,6385,6380,225,31,6.08
419.311912,6385,6380,225,31,6.08
419.411911,6385,6380,225,31,6.06
419.511911,6385,6376,325,31,6.06
419.611915,6385,6380,325,31,6.06
419.71191,6385,6376,325,31,6.08
419.811953,6385,6380,158,31,6.08
419.911919,6385,6376,158,31,6.08
420.011913,6385,6380,158,31,6.08
420.111911,6385,6376,158,31,6.08
420.21192,6385,6376,421,31,6.08
420.311911,6385,6376,421,31,6.08
420.411912,6385,6376,421,31,5.98
420.511915,6385,6376,305,31,5.98
420.611912,6385,6376,305,31,5.98
420.711912,6385,6376,305,31,6.06
420.81191,6385,6380,450,31,6.06
420.91191,6385,6380,450,31,6.08
421.011912,6385,6380,450,31,6.08
421.11191,6385,6376,450,31,6.07
421.21192,6385,6376,494,31,6.07
421.311912,6385,6376,494,31,6.07
421.411911,6385,6380,494,31,6.06
421.511911,6385,6376,271,31,6.06
421.611924,6385,6376,271,31,6.06
421.711913,6385,6380,271,31,6.07
421.811912,6385,6380,575,31,6.07
421.91191,6385,6380,575,31,6.06
422.011912,6385,6380,575,31,6.06
422.11191,6385,6380,575,31,6.09
422.211914,6385,6380,0,31,6.09
422.311912,6385,6380,0,31,6.09
422.411912,6385,6380,0,31,6.06
422.51191,6385,6380,97,31,6.06
422.611925,6385,6380,97,31,6.06
422.71191,6385,6380,97,31,6.08
422.811946,6385,6380,78,31,6.08
422.911912,6385,6380,78,31,6.08
423.011932,6385,6380,78,31,6.08
423.111912,6385,6380,78,31,6.08
423.21193,6385,6380,119,31,6.08
423.311911,6385,6380,119,31,6.08
423.411911,6385,6380,119,31,6.05
423.511911,6385,6380,151,31,6.05
423.61191,6385,6380,151,31,6.05
423.71191,6385,6380,151,31,6.08
423.81191,6385,6380,105,31,6.08
423.911911,6385,6380,105,31,6.06
424.011912,6385,6380,105,31,6.06
424.111912,6385,6380,105,31,6.09
424.211911,6385,6380,163,31,6.09
424.311921,6385,6380,163,31,6.09
424.411913,6385,6380,163,31,6.08
424.511911,6385,6380,102,31,6.08
424.61191,6385,6380,102,31,6.08
424.711912,6385,6380,102,31,6.08
424.811912,6385,6380,133,31,6.08
424.911911,6385,6380,133,31,6.06
425.011911,6385,6380,133,31,6.06
425.111911,6385,6380,133,31,6.08
425.211921,6385,6380,163,31,6.08
425.311911,6385,6380,163,31,6.08
425.411912,6385,6380,163,31,6.06
425.511911,6385,6380,87,31,6.06
425.611911,6385,6380,87,31,6.06
425.711912,6385,6380,87,31,6.08
425.811914,6385,6380,83,31,6.08
425.911912,6385,6380,83,31,6.08
426.011911,6385,6380,83,31,6.08
426.111911,6385,6380,83,31,6.01
426.211912,6385,6380,87,31,6.01
426.311913,6385,6380,87,31,6.01
426.411911,6385,6380,87,31,6.04
426.511927,6385,6384,163,31,6.04
426.611912,6385,6380,163,31,6.04
426.711939,6385,6384,163,31,6.06
426.811912,6385,6384,0,31,6.06
426.91194,6385,6384,0,31,6.05
427.011911,6385,6380,0,31,6.05
427.11191,6385,6380,0,31,6.07
427.211911,6385,6380,204,31,6.07
427.311913,6385,6380,204,31,6.07
427.411911,6385,6380,204,31,6.04
427.511919,6385,6380,100,31,6.04
427.611911,6385,6380,100,31,6.04
427.711911,6385,6380,100,31,6.06
427.811912,6385,6380,78,31,6.06
427.911913,6385,6380,78,31,6.07
428.011912,6385,6380,78,31,6.07
428.111912,6385,6380,78,31,6.08
428.211912,6385,6380,107,31,6.08
428.311912,6385,6380,107,31,6.08
428.411911,6385,6380,107,31,6.09
428.511911,6385,6380,85,31,6.09
428.61192,6385,6380,85,31,6.09
428.711926,6385,6380,85,31,6.05
428.811912,6385,6380,83,31,6.05
428.911938,6385,6380,83,31,6.08
429.011914,6385,6380,83,31,6.08
429.111911,6385,6380,83,31,6.09
429.211911,6385,6380,116,31,6.09
429.31191,6385,6380,116,31,6.09
429.411921,6385,6380,116,31,6.06
429.511911,6385,6380,93,31,6.06
429.611913,6385,6380,93,31,6.06
429.711911,6385,6380,93,31,6.08
429.811913,6385,6380,124,31,6.08
429.91191,6385,6380,124,31,6.03
430.011911,6385,6380,124,31,6.03
430.111912,6385,6380,124,31,6.09
430.211913,6385,6380,78,31,6.09
430.311912,6385,6380,78,31,6.09
430.411914,6385,6380,78,31,6.06
430.511919,6385,6380,104,31,6.06
430.611913,6385,6380,104,31,6.06
430.711912,6385,6380,104,31,6.09
430.811913,6385,6380,134,31,6.09
430.911912,6385,6380,134,31,6.08
431.011911,6385,6380,134,31,6.08
431.111911,6385,6380,134,31,6.07
431.211912,6385,6380,175,31,6.07
431.311912,6385,6380,175,31,6.07
431.411912,6385,6380,175,31,6.07
431.511919,6385,6380,206,31,6.07
431.61192,6385,6380,206,31,6.07
431.711911,6385,6380,206,31,6.07
431.811915,6385,6380,237,31,6.07
431.911912,6385,6380,237,31,6.08
432.011912,6385,6380,237,31,6.08
432.111911,6385,6380,237,31,6.07
432.21191,6385,6380,279,31,6.07
432.311911,6385,6380,279,31,6.07
432.411911,6385,6380,279,31,6.04
432.511919,6385,6380,310,31,6.04
432.611912,6385,6380,310,31,6.04
432.71191,6385,6380,310,31,6.08
432.811912,6385,6380,341,31,6.08
432.91192,6385,6380,341,31,6.07
433.011912,6385,6380,341,31,6.07
433.11191,6385,6380,341,31,6.05
433.211912,6385,6380,93,31,6.05
433.311912,6385,6380,93,31,6.05
433.411913,6385,6380,93,31,6.06
433.511911,6385,6380,124,31,6.06
433.61192,6385,6380,124,31,6.06
433.711912,6385,6380,124,31,6.08
433.811913,6385,6380,93,31,6.08
433.911911,6385,6376,93,31,6.01
434.01192,6385,6376,93,31,6.01
434.111912,6385,6380,93,31,6.06
434.211911,6385,6380,153,31,6.06
434.311911,6385,6376,153,31,6.06
434.411912,6385,6376,153,31,6.03
434.51191,6385,6376,361,31,6.03
434.611912,6385,6376,361,31,6.03
434.71192,6385,6376,361,31,6.07
434.811914,6385,6376,312,31,6.07
434.911911,6385,6376,312,31,6.07
435.011912,6385,6376,312,31,6.07
435.111913,6385,6376,312,31,6.07
435.211911,6385,6376,382,31,6.07
435.311928,6385,6376,382,31,6.07
435.411922,6385,6376,382,31,6.08
435.511932,6385,6376,433,31,6.08
435.611913,6385,6376,433,31,6.08
435.711911,6385,6376,433,31,6.06
435.811912,6385,6376,486,31,6.06
435.911912,6385,6380,486,31,6.04
436.011912,6385,6380,486,31,6.04
436.111917,6385,6376,486,31,6.06
436.211912,6385,6376,552,31,6.06
436.311911,6385,6376,552,31,6.06
436.411912,6385,6376,552,31,6.04
436.511912,6385,6380,440,31,6.04
436.611913,6385,6376,440,31,6.04
436.71191,6385,6376,440,31,6.04
436.811912,6385,6376,651,31,6.04
436.911912,6385,6380,651,31,6.09
437.011914,6385,6380,651,31,6.09
437.111912,6385,6380,651,31,6.09
437.211919,6385,6380,194,31,6.09
437.311922,6385,6380,194,31,6.09
437.411912,6385,6380,194,31,6.06
437.511911,6385,6380,163,31,6.06
437.61192,6385,6380,163,31,6.06
437.711912,6385,6380,163,31,6.07
437.811921,6385,6380,196,31,6.07
437.911913,6385,6380,196,31,6.07
438.011913,6385,6380,196,31,6.07
438.111911,6385,6380,196,31,6.06
438.21193,6385,6380,238,31,6.06
438.311922,6385,6380,238,31,6.06
438.411935,6385,6380,238,31,6.08
438.511912,6385,6380,269,31,6.08
438.611942,6385,6380,269,31,6.08
438.711912,6385,6380,269,31,6.07
438.811932,6385,6380,303,31,6.07
438.911912,6385,6376,303,31,6.07
439.011929,6385,6376,303,31,6.07
439.111912,6385,6380,303,31,6.07
439.211946,6385,6380,250,31,6.07
439.311911,6385,6380,250,31,6.07
439.411942,6385,6376,250,31,6.07
439.511911,6385,6376,593,31,6.07
439.611929,6385,6376,593,31,6.07
439.71192,6385,6376,593,31,6.08
439.811911,6385,6380,426,31,6.08
439.911911,6385,6380,426,31,6.08
440.011912,6385,6376,426,31,6.08
440.111911,6385,6380,426,31,6.06
440.211912,6385,6376,547,31,6.06
440.311911,6385,6376,547,31,6.06
440.411912,6385,6380,547,31,6.05
440.51191,6385,6380,528,31,6.05
440.611913,6385,6380,528,31,6.05
440.71191,6385,6380,528,31,6.07
440.811912,6385,6380,723,31,6.07
440.911911,6385,6380,723,31,6.06
441.011911,6385,6380,723,31,6.06
441.111912,6385,6380,723,31,6.07
441.211913,6385,6376,172,31,6.07
441.311911,6385,6380,172,31,6.07
441.411913,6385,6380,172,31,6.07
441.511912,6385,6380,129,31,6.07
441.611911,6385,6380,129,31,6.07
441.711912,6385,6380,129,31,6.07
441.811912,6385,6380,162,31,6.07
441.911912,6385,6380,162,31,6.05
442.011911,6385,6380,162,31,6.05
442.111911,6385,6380,162,31,6.09
442.211912,6385,6380,203,31,6.09
442.31192,6385,6380,203,31,6.09
442.411911,6385,6380,203,31,6.06
442.511912,6385,6380,233,31,6.06
442.611913,6385,6380,233,31,6.06
442.711918,6385,6380,233,31,6.08
442.811912,6385,6380,264,31,6.08
442.911912,6385,6380,264,31,6.05
443.011911,6385,6380,264,31,6.05
443.111912,6385,6380,264,31,6.02
443.211912,6385,6380,305,31,6.02
443.311911,6385,6380,305,31,6.02
443.411911,6385,6376,305,31,6.07
443.511911,6385,6380,344,31,6.07
443.611912,6385,6380,344,31,6.07
443.711911,6385,6380,344,31,6.06
443.811928,6385,6380,78,31,6.06
443.911909,6385,6380,78,31,6.08
444.011912,6385,6380,78,31,6.08
444.11191,6385,6380,78,31,6.07
444.211911,6385,6380,81,31,6.07
444.31191,6385,6380,81,31,6.07
444.411911,6385,6380,81,31,6.01
444.51191,6385,6380,112,31,6.01
444.611911,6385,6380,112,31,6.01
444.71191,6385,6380,112,31,6.07
444.811912,6385,6380,3,31,6.07
444.911911,6385,6380,3,31,6.01
445.01191,6385,6376,3,31,6.01
445.111911,6385,6376,3,31,6.07
445.21191,6385,6380,64,31,6.07
445.311911,6385,6380,64,31,6.07
445.411922,6385,6380,64,31,6.08
445.511911,6385,6380,206,31,6.08
445.61191,6385,6380,206,31,6.08
445.71191,6385,6376,206,31,6.06
445.811911,6385,6380,243,31,6.06
445.911919,6385,6376,243,31,6.02
446.011912,6385,6376,243,31,6.02
446.111912,6385,6380,243,31,6
446.211911,6385,6376,467,31,6
446.311911,6385,6380,467,31,6
446.411912,6385,6376,467,31,6.06
446.511911,6385,6376,407,31,6.06
446.611912,6385,6380,407,31,6.06
446.711911,6385,6380,407,31,6.06
446.811912,6385,6376,122,31,6.06
446.911911,6385,6376,122,31,6.07
447.011912,6385,6380,122,31,6.07
447.111911,6385,6376,122,31,6.07
447.211913,6385,6380,440,31,6.07
447.311911,6385,6380,440,31,6.07
447.411912,6385,6380,440,31,6.07
447.511912,6385,6380,470,31,6.07
447.611912,6385,6380,470,31,6.07
447.711921,6385,6380,470,31,6.06
447.811913,6385,6380,501,31,6.06
447.911909,6385,6380,501,31,6.04
448.01192,6385,6380,501,31,6.04
448.111911,6385,6380,501,31,6.04
448.211913,6385,6380,542,31,6.04
448.311911,6385,6380,542,31,6.04
448.41192,6385,6380,542,31,6.04
448.511912,6385,6380,573,31,6.04
448.611919,6385,6380,573,31,6.04
448.711928,6385,6380,573,31,6.07
448.811911,6385,6380,92,31,6.07
448.911924,6385,6380,92,31,6.07
449.011929,6385,6380,92,31,6.07
449.111928,6385,6380,92,31,6.08
449.211946,6385,6380,134,31,6.08
449.311911,6385,6376,134,31,6.08
449.411928,6385,6380,134,31,6.05
449.511914,6385,6380,75,31,6.05
449.611912,6385,6380,75,31,6.05
449.71191,6385,6380,75,31,6.06
449.811912,6385,6376,378,31,6.06
449.911911,6385,6376,378,31,6.07
450.011911,6385,6376,378,31,6.07
450.111911,6385,6376,378,31,6.05
450.211912,6385,6380,476,31,6.05
450.311911,6385,6380,476,31,6.05
450.411911,6385,6376,476,31,6.08
450.511911,6385,6376,383,31,6.08
450.611912,6385,6380,383,31,6.08
450.71191,6385,6380,383,31,6.07
450.811911,6385,6380,365,31,6.07
450.911911,6385,6380,365,31,6.06
451.01191,6385,6380,365,31,6.06
451.111911,6385,6380,365,31,6.08
451.211931,6385,6380,151,31,6.08
451.311913,6385,6376,151,31,6.08
451.411912,6385,6380,151,31,6.08
451.511912,6385,6380,455,31,6.08
451.611912,6385,6376,455,31,6.08
451.711912,6385,6380,455,31,6.07
451.811911,6385,6376,563,31,6.07
451.911912,6385,6376,563,31,6.06
452.011911,6385,6376,563,31,6.06
452.111911,6385,6376,563,31,6.06
452.211913,6385,6376,631,31,6.06
452.311911,6385,6380,631,31,6.06
452.411912,6385,6376,631,31,6.09
452.511912,6385,6380,100,31,6.09
452.611912,6385,6376,100,31,6.09
452.711933,6385,6380,100,31,6.09
452.811913,6385,6376,305,31,6.09
452.911938,6385,6380,305,31,6.08
453.011912,6385,6380,305,31,6.08
453.111932,6385,6380,305,31,6.09
453.211912,6385,6376,259,31,6.09
453.311911,6385,6376,259,31,6.09
453.411913,6385,6376,259,31,6.08
453.511912,6385,6380,235,31,6.08
453.611911,6385,6380,235,31,6.08
453.711912,6385,6380,235,31,6.08
453.811914,6385,6380,267,31,6.08
453.911912,6385,6380,267,31,6.07
454.011914,6385,6380,267,31,6.07
454.111919,6385,6380,267,31,6.08
454.211912,6385,6380,310,31,6.08
454.311911,6385,6380,310,31,6.08
454.411912,6385,6380,310,31,6.08
454.51191,6385,6380,341,31,6.08
454.611911,6385,6380,341,31,6.08
454.711921,6385,6376,341,31,6.07
454.811911,6385,6380,276,31,6.07
454.911911,6385,6380,276,31,6.05
455.011911,6385,6380,276,31,6.05
455.111919,6385,6380,276,31,6.06
455.211911,6385,6380,627,31,6.06
455.311909,6385,6380,627,31,6.06
455.411911,6385,6380,627,31,6.07
455.51192,6385,6380,315,31,6.07
455.611912,6385,6380,315,31,6.07
455.711911,6385,6376,315,31,6.07
455.811911,6385,6376,706,31,6.07
455.91191,6385,6380,706,31,6.01
456.011913,6385,6380,706,31,6.01
456.111911,6385,6380,706,31,6.07
456.211912,6385,6380,544,31,6.07
456.31191,6385,6380,544,31,6.07
456.411911,6385,6380,544,31,6.07
456.511911,6385,6380,575,31,6.07
456.611911,6385,6380,575,31,6.07
456.711911,6385,6380,575,31,6.08
456.811919,6385,6380,93,31,6.08
456.911911,6385,6380,93,31,6.09
457.011912,6385,6380,93,31,6.09
457.111911,6385,6380,93,31,6.07
457.211914,6385,6380,134,31,6.07
457.311912,6385,6380,134,31,6.07
457.411912,6385,6380,134,31,6.07
457.511909,6385,6380,165,31,6.07
457.611912,6385,6380,165,31,6.07
457.711911,6385,6380,165,31,6.06
457.811911,6385,6380,196,31,6.06
457.91191,6385,6380,196,31,6.07
458.011912,6385,6380,196,31,6.07
458.11191,6385,6380,196,31,6.08
458.211919,6385,6380,237,31,6.08
458.311911,6385,6380,237,31,6.08
458.411912,6385,6380,237,31,6.08
458.511912,6385,6380,267,31,6.08
458.611931,6385,6380,267,31,6.08
458.711911,6385,6380,267,31,6.09
458.811926,6385,6380,298,31,6.09
458.911911,6385,6380,298,31,6.07
459.01195,6385,6380,298,31,6.07
459.111918,6385,6380,298,31,6.06
459.211928,6385,6380,339,31,6.06
459.311915,6385,6380,339,31,6.06
459.411912,6385,6376,339,31,6.02
459.511919,6385,6380,377,31,6.02
459.611912,6385,6380,377,31,6.02
459.711911,6385,6380,377,31,6.03
459.811934,6385,6380,411,31,6.03
459.911911,6385,6380,411,31,6.07
460.011912,6385,6380,411,31,6.07
460.111919,6385,6380,411,31,6.07
460.211911,6385,6380,455,31,6.07
460.311912,6385,6380,455,31,6.07
460.411912,6385,6380,455,31,6.05
460.511921,6385,6380,489,31,6.05
460.611912,6385,6380,489,31,6.05
460.711911,6385,6380,489,31,6.07
460.811912,6385,6380,523,31,6.07
460.911911,6385,6380,523,31,6.08
461.011911,6385,6380,523,31,6.08
461.111911,6385,6376,523,31,6.08
461.211912,6385,6380,573,31,6.08
461.311913,6385,6380,573,31,6.08
461.411911,6385,6380,573,31,6.07
461.511923,6385,6380,92,31,6.07
461.61191,6385,6380,92,31,6.07
461.711922,6385,6380,92,31,6.08
461.811912,6385,6380,124,31,6.08
461.911945,6385,6380,124,31,6.08
462.011923,6385,6380,124,31,6.08
462.111948,6385,6380,124,31,6.09
462.211912,6385,6380,165,31,6.09
462.311928,6385,6380,165,31,6.09
462.411912,6385,6380,165,31,6.06
462.51191,6385,6380,201,31,6.06
462.611912,6385,6380,201,31,6.06
462.711911,6385,6380,201,31,6.06
462.81191,6385,6380,233,31,6.06
462.911911,6385,6380,233,31,6.02
463.011911,6385,6380,233,31,6.02
463.111911,6385,6380,233,31,6.05
463.211913,6385,6380,274,31,6.05
463.311911,6385,6380,274,31,6.05
463.411911,6385,6380,274,31,6.08
463.511911,6385,6380,370,31,6.08
463.611911,6385,6380,370,31,6.08
463.711911,6385,6380,370,31,6.07
463.811911,6385,6380,339,31,6.07
463.91191,6385,6380,339,31,6.05
464.011912,6385,6380,339,31,6.05
464.111912,6385,6380,339,31,6.07
464.211911,6385,6380,713,31,6.07
464.311911,6385,6376,713,31,6.07
464.411912,6385,6376,713,31,6.06
464.51191,6385,6376,499,31,6.06
464.611921,6385,6376,499,31,6.06
464.711912,6385,6380,499,31,6.08
464.811941,6385,6380,552,31,6.08
464.911909,6385,6376,552,31,6.05
465.011939,6385,6380,552,31,6.05
465.111911,6385,6380,552,31,6.07
465.21191,6385,6380,534,31,6.07
465.311911,6385,6380,534,31,6.07
465.411911,6385,6380,534,31,6.07
465.51191,6385,6380,564,31,6.07
465.61191,6385,6380,564,31,6.07
465.71191,6385,6380,564,31,6.06
465.811911,6385,6380,83,31,6.06
465.911912,6385,6380,83,31,6.08
466.011911,6385,6380,83,31,6.08
466.111927,6385,6380,83,31,6.08
466.211924,6385,6380,97,31,6.08
466.31192,6385,6380,97,31,6.08
466.411911,6385,6380,97,31,6.08
466.511909,6385,6380,126,31,6.08
466.61192,6385,6380,126,31,6.08
466.711912,6385,6380,126,31,6.08
466.811915,6385,6380,156,31,6.08
466.911911,6385,6380,156,31,6.09
467.011912,6385,6380,156,31,6.09
467.111911,6385,6380,156,31,6.08
467.211911,6385,6380,199,31,6.08
467.311911,6385,6380,199,31,6.08
467.411913,6385,6380,199,31,6.09
467.51191,6385,6380,230,31,6.09
467.611911,6385,6380,230,31,6.09
467.711912,6385,6380,230,31,6.04
467.811911,6385,6380,261,31,6.04
467.911911,6385,6380,261,31,6.07
468.011913,6385,6380,261,31,6.07
468.111919,6385,6380,261,31,6.08
468.211912,6385,6380,307,31,6.08
468.311912,6385,6380,307,31,6.08
468.411912,6385,6380,307,31,6.07
468.511912,6385,6376,406,31,6.07
468.611912,6385,6376,406,31,6.07
468.711912,6385,6376,406,31,6.07
468.811911,6385,6376,460,31,6.07
468.911926,6385,6376,460,31,6.06
469.011913,6385,6376,460,31,6.06
469.111944,6385,6380,460,31,6.07
469.211912,6385,6380,460,31,6.07
469.311929,6385,6380,460,31,6.07
469.411913,6385,6376,460,31,6.05
469.511918,6385,6376,566,31,6.05
469.611911,6385,6376,566,31,6.05
469.71191,6385,6376,566,31,6.07
469.811913,6385,6380,284,31,6.07
469.911912,6385,6380,284,31,6.05
470.011911,6385,6380,284,31,6.05
470.111919,6385,6380,284,31,6.06
470.211912,6385,6380,85,31,6.06
470.311911,6385,6380,85,31,6.06
470.411912,6385,6380,85,31,6.09
470.511911,6385,6380,116,31,6.09
470.611911,6385,6380,116,31,6.09
470.711912,6385,6380,116,31,6.07
470.811913,6385,6380,148,31,6.07
470.911911,6385,6380,148,31,6.09
471.011913,6385,6380,148,31,6.09
471.111912,6385,6380,148,31,6.08
471.211916,6385,6380,187,31,6.08
471.311911,6385,6380,187,31,6.08
471.411912,6385,6380,187,31,6.08
471.511911,6385,6380,220,31,6.08
471.611912,6385,6380,220,31,6.08
471.71191,6385,6380,220,31,6.04
471.811911,6385,6380,250,31,6.04
471.91191,6385,6380,250,31,6.07
472.011912,6385,6380,250,31,6.07
472.111911,6385,6380,250,31,6.04
472.211912,6385,6380,291,31,6.04
472.311911,6385,6376,291,31,6.04
472.411921,6385,6380,291,31,6.08
472.511911,6385,6380,329,31,6.08
472.611912,6385,6376,329,31,6.08
472.711911,6385,6380,329,31,6.09
472.811911,6385,6376,435,31,6.09
472.911915,6385,6380,435,31,6.07
473.011917,6385,6380,435,31,6.07
473.111918,6385,6380,435,31,6.06
473.211914,6385,6380,418,31,6.06
473.311912,6385,6380,418,31,6.06
473.411913,6385,6380,418,31,6.07
473.511912,6385,6380,450,31,6.07
473.611912,6385,6380,450,31,6.07
473.711912,6385,6380,450,31,6.06
473.811914,6385,6376,554,31,6.06
473.911911,6385,6376,554,31,6.06
474.011911,6385,6376,554,31,6.06
474.111911,6385,6376,554,31,6.06
474.211913,6385,6376,622,31,6.06
474.311911,6385,6380,622,31,6.06
474.411912,6385,6380,622,31,6.01
474.51191,6385,6380,81,31,6.01
474.611922,6385,6380,81,31,6.01
474.711911,6385,6380,81,31,6.07
474.81192,6385,6380,112,31,6.07
474.91191,6385,6380,112,31,6.05
475.011913,6385,6380,112,31,6.05
475.11191,6385,6380,112,31,6.07
475.211922,6385,6380,153,31,6.07
475.311912,6385,6380,153,31,6.07
475.411954,6385,6380,153,31,6.06
475.511911,6385,6380,184,31,6.06
475.611934,6385,6380,184,31,6.06
475.711912,6385,6380,184,31,6.06
475.811928,6385,6380,214,31,6.06
475.911911,6385,6380,214,31,6.08
476.011911,6385,6380,214,31,6.08
476.111911,6385,6380,214,31,6.07
476.211916,6385,6380,255,31,6.07
476.31191,6385,6380,255,31,6.07
476.411911,6385,6380,255,31,6.09
476.511919,6385,6380,286,31,6.09
476.611912,6385,6380,286,31,6.09
476.711912,6385,6380,286,31,6.08
476.811912,6385,6380,317,31,6.08
476.91192,6385,6380,317,31,6.06
477.011912,6385,6380,317,31,6.06
477.111916,6385,6380,317,31,6.08
477.211912,6385,6380,360,31,6.08
477.311933,6385,6380,360,31,6.08
477.411912,6385,6380,360,31,6.07
477.511944,6385,6380,390,31,6.07
477.611912,6385,6380,390,31,6.07
477.711929,6385,6380,390,31,6.09
477.811913,6385,6380,421,31,6.09
477.911919,6385,6380,421,31,6.05
478.011911,6385,6376,421,31,6.05
478.111911,6385,6380,421,31,6.05
478.211918,6385,6380,325,31,6.05
478.311913,6385,6376,325,31,6.05
478.411911,6385,6376,325,31,6.04
478.511912,6385,6380,472,31,6.04
478.611928,6385,6380,472,31,6.04
478.711912,6385,6380,472,31,6.07
478.811944,6385,6380,549,31,6.07
478.911912,6385,6380,549,31,6.05
479.011929,6385,6380,549,31,6.05
479.111911,6385,6380,549,31,6.03
479.211912,6385,6376,78,31,6.03
479.311912,6385,6380,78,31,6.03
479.411912,6385,6380,78,31,6.09
479.511912,6385,6380,110,31,6.09
479.611912,6385,6380,110,31,6.09
479.71191,6385,6380,110,31,6.09
479.811912,6385,6380,141,31,6.09
479.91191,6385,6380,141,31,6.07
480.011913,6385,6380,141,31,6.07
480.111913,6385,6380,141,31,6.07
480.211912,6385,6380,182,31,6.07
480.311911,6385,6380,182,31,6.07
480.411912,6385,6380,182,31,6.09
480.511912,6385,6380,213,31,6.09
480.611912,6385,6380,213,31,6.09
480.71191,6385,6380,213,31,6.08
480.811912,6385,6380,243,31,6.08
480.911912,6385,6380,243,31,6.06
481.011912,6385,6380,243,31,6.06
481.111912,6385,6380,243,31,6.08
481.211913,6385,6380,284,31,6.08
481.311912,6385,6380,284,31,6.08
481.411912,6385,6380,284,31,6.06
481.51192,6385,6380,317,31,6.06
481.611913,6385,6380,317,31,6.06
481.711911,6385,6380,317,31,6.06
481.811913,6385,6380,348,31,6.06
481.911921,6385,6380,348,31,6.08
482.011912,6385,6380,348,31,6.08
482.111912,6385,6380,348,31,6.07
482.211912,6385,6380,389,31,6.07
482.311912,6385,6380,389,31,6.07
482.411911,6385,6380,389,31,6.07
482.51191,6385,6380,419,31,6.07
482.611912,6385,6380,419,31,6.07
482.711919,6385,6380,419,31,6.08
482.811911,6385,6380,107,31,6.08
482.911912,6385,6380,107,31,6.09
483.011911,6385,6380,107,31,6.09
483.11191,6385,6380,107,31,6.08
483.211912,6385,6380,151,31,6.08
483.311911,6385,6380,151,31,6.08
483.411912,6385,6380,151,31,6.08
483.511913,6385,6380,185,31,6.08
483.61192,6385,6380,185,31,6.08
483.71192,6385,6380,185,31,6.09
483.811912,6385,6380,216,31,6.09
483.911912,6385,6380,216,31,6.09
484.011911,6385,6380,216,31,6.09
484.111913,6385,6380,216,31,6.07
484.211912,6385,6380,257,31,6.07
484.311911,6385,6380,257,31,6.07
484.411919,6385,6380,257,31,6.07
484.511912,6385,6380,288,31,6.07
484.611912,6385,6380,288,31,6.07
484.711911,6385,6380,288,31,6.07
484.811913,6385,6380,319,31,6.07
484.911911,6385,6380,319,31,6.08
485.011912,6385,6380,319,31,6.08
485.111911,6385,6380,319,31,6.07
485.211914,6385,6380,360,31,6.07
485.31191,6385,6380,360,31,6.07
485.411912,6385,6380,360,31,6.07
485.511912,6385,6380,390,31,6.07
485.611911,6385,6380,390,31,6.07
485.711912,6385,6380,390,31,6.04
485.811913,6385,6380,95,31,6.04
485.911912,6385,6380,95,31,6.07
486.011912,6385,6380,95,31,6.07
486.111912,6385,6380,95,31,6.09
486.211912,6385,6380,136,31,6.09
486.311913,6385,6380,136,31,6.09
486.411913,6385,6380,136,31,6.08
486.511913,6385,6380,167,31,6.08
486.611913,6385,6380,167,31,6.08
486.711913,6385,6380,167,31,6.09
486.811913,6385,6380,197,31,6.09
486.911912,6385,6380,197,31,6.06
487.011912,6385,6384,197,31,6.06
487.111913,6385,6380,197,31,6
487.211912,6385,6380,95,31,6
487.311911,6385,6380,95,31,6
487.411912,6385,6380,95,31,6.03
487.511921,6385,6380,83,31,6.03
487.611912,6385,6380,83,31,6.03
487.711955,6385,6380,83,31,6.07
487.811913,6385,6380,92,31,6.07
487.911931,6385,6380,92,31,6.08
488.011914,6385,6380,92,31,6.08
488.111944,6385,6380,92,31,6.03
488.211912,6385,6376,204,31,6.03
488.311944,6385,6380,204,31,6.03
488.411912,6385,6380,204,31,6.04
488.511948,6385,6376,179,31,6.04
488.611912,6385,6376,179,31,6.04
488.711927,6385,6376,179,31,6.08
488.811913,6385,6376,290,31,6.08
488.911912,6385,6376,290,31,6.08
489.011913,6385,6376,290,31,6.08
489.11192,6385,6376,290,31,6.06
489.211913,6385,6376,361,31,6.06
489.311911,6385,6380,361,31,6.06
489.411912,6385,6376,361,31,6.07
489.51192,6385,6376,412,31,6.07
489.611914,6385,6376,412,31,6.07
489.711911,6385,6380,412,31,6.07
489.811912,6385,6376,458,31,6.07
489.911912,6385,6376,458,31,6.08
490.011927,6385,6376,458,31,6.08
490.111911,6385,6380,458,31,6.08
490.21194,6385,6376,665,31,6.08
490.311911,6385,6376,665,31,6.08
490.411935,6385,6376,665,31,6.08
490.511912,6385,6376,706,31,6.08
490.611912,6385,6376,706,31,6.08
490.711912,6385,6376,706,31,6.06
490.811912,6385,6376,743,31,6.06
490.911912,6385,6376,743,31,6.07
491.011912,6385,6380,743,31,6.07
491.111911,6385,6380,743,31,6.06
491.211911,6385,6380,581,31,6.06
491.311911,6385,6380,581,31,6.06
491.41191,6385,6380,581,31,6.09
491.511911,6385,6380,100,31,6.09
491.611911,6385,6380,100,31,6.09
491.71192,6385,6380,100,31,6.08
491.811921,6385,6380,131,31,6.08
491.911912,6385,6380,131,31,6.09
492.011911,6385,6380,131,31,6.09
492.111911,6385,6380,131,31,6.07
492.211912,6385,6380,172,31,6.07
492.311911,6385,6376,172,31,6.07
492.411912,6385,6376,172,31,6.03
492.511911,6385,6380,211,31,6.03
492.611912,6385,6380,211,31,6.03
492.711912,6385,6380,211,31,6.02
492.811912,6385,6380,245,31,6.02
492.911912,6385,6376,245,31,6.09
493.011922,6385,6380,245,31,6.09
493.111911,6385,6376,245,31,6.07
493.211913,6385,6380,163,31,6.07
493.311911,6385,6380,163,31,6.07
493.411911,6385,6376,163,31,6.08
493.511913,6385,6376,419,31,6.08
493.61191,6385,6376,419,31,6.08
493.711912,6385,6380,419,31,6.04
493.811912,6385,6380,400,31,6.04
493.911911,6385,6380,400,31,6.06
494.011911,6385,6380,400,31,6.06
494.11191,6385,6376,400,31,6.03
494.211912,6385,6376,527,31,6.03
494.31192,6385,6376,527,31,6.03
494.411911,6385,6380,527,31,6.07
494.511912,6385,6380,576,31,6.07
494.611913,6385,6380,576,31,6.07
494.711919,6385,6376,576,31,6.06
494.811911,6385,6380,556,31,6.06
494.911911,6385,6376,556,31,6.06
495.011912,6385,6380,556,31,6.06
495.111911,6385,6376,556,31,6.09
495.211911,6385,6380,42,31,6.09
495.311911,6385,6380,42,31,6.09
495.41192,6385,6376,42,31,6.07
495.51191,6385,6380,40,31,6.07
495.611912,6385,6376,40,31,6.07
495.711912,6385,6380,40,31,6.06
495.811912,6385,6380,177,31,6.06
495.911911,6385,6380,177,31,6.06
496.011912,6385,6376,177,31,6.06
496.111912,6385,6380,177,31,6.07
496.211911,6385,6380,225,31,6.07
496.311919,6385,6380,225,31,6.07
496.411913,6385,6380,225,31,6.08
496.511911,6385,6380,257,31,6.08
496.611911,6385,6376,257,31,6.08
496.711913,6385,6380,257,31,6.03
496.811926,6385,6380,290,31,6.03
496.911912,6385,6380,290,31,6.08
497.011912,6385,6376,290,31,6.08
497.111911,6385,6376,290,31,6.07
497.211913,6385,6376,76,31,6.07
497.311916,6385,6380,76,31,6.07
497.411912,6385,6376,76,31,6.07
497.511912,6385,6376,452,31,6.07
497.611913,6385,6376,452,31,6.07
497.711912,6385,6376,452,31,6.08
497.811912,6385,6376,505,31,6.08
497.911912,6385,6376,505,31,6.04
498.011912,6385,6376,505,31,6.04
498.111911,6385,6376,505,31,6.04
498.211911,6385,6380,505,31,6.04
498.311921,6385,6376,505,31,6.04
498.411932,6385,6376,505,31,6.05
498.511911,6385,6376,619,31,6.05
498.611912,6385,6376,619,31,6.05
498.711912,6385,6376,619,31,6.02
498.811911,6385,6376,160,31,6.02
498.911912,6385,6376,160,31,6.07
499.011913,6385,6376,160,31,6.07
499.11191,6385,6376,160,31,6.08
499.211911,6385,6376,235,31,6.08
499.311921,6385,6376,235,31,6.08
499.411912,6385,6376,235,31,6.08
499.511911,6385,6376,290,31,6.08
499.611919,6385,6380,290,31,6.08
499.711912,6385,6380,290,31,6.06
499.811914,6385,6376,339,31,6.06
499.911912,6385,6376,339,31,6.07
500.011912,6385,6376,339,31,6.07
500.11191,6385,6376,339,31,6.03
500.21192,6385,6376,411,31,6.03
500.311929,6385,6376,411,31,6.03
500.411953,6385,6376,411,31,6.01
500.51191,6385,6376,464,31,6.01
500.611929,6385,6376,464,31,6.01
500.71193,6385,6376,464,31,6.03
500.811935,6385,6376,518,31,6.03
500.91191,6385,6380,518,31,6.08
501.011948,6385,6380,518,31,6.08
501.111912,6385,6380,518,31,6.06
501.211928,6385,6380,505,31,6.06
501.311912,6385,6380,505,31,6.06
501.411912,6385,6376,505,31,6.05
501.511919,6385,6380,547,31,6.05
501.611911,6385,6380,547,31,6.05
501.711911,6385,6376,547,31,6.03
501.811912,6385,6380,581,31,6.03
501.91192,6385,6380,581,31,6.03
502.011911,6385,6380,581,31,6.03
502.111912,6385,6376,581,31,6.04
502.211912,6385,6380,100,31,6.04
502.311919,6385,6380,100,31,6.04
502.411912,6385,6380,100,31,6.06
502.511911,6385,6380,153,31,6.06
502.611912,6385,6380,153,31,6.06
502.71191,6385,6380,153,31,6.08
502.811911,6385,6376,250,31,6.08
502.91192,6385,6380,250,31,6.08
503.011911,6385,6380,250,31,6.08
503.111912,6385,6380,250,31,6.05
503.211912,6385,6380,237,31,6.05
503.311912,6385,6376,237,31,6.05
503.411913,6385,6376,237,31,6.09
503.511928,6385,6380,273,31,6.09
503.611912,6385,6380,273,31,6.09
503.71193,6385,6376,273,31,6.08
503.811912,6385,6380,165,31,6.08
503.911959,6385,6380,165,31,6.07
504.011913,6385,6376,165,31,6.07
504.111929,6385,6380,165,31,6.06
504.211912,6385,6380,365,31,6.06
504.31193,6385,6380,365,31,6.06
504.411911,6385,6376,365,31,6.06
504.511912,6385,6380,402,31,6.06
504.611921,6385,6376,402,31,6.06
504.711912,6385,6376,402,31,6.05
504.811915,6385,6380,448,31,6.05
504.911911,6385,6380,448,31,6.08
505.011912,6385,6376,448,31,6.08
505.111912,6385,6380,448,31,6.07
505.211912,6385,6380,673,31,6.07
505.311912,6385,6376,673,31,6.07
505.411913,6385,6376,673,31,6.08
505.511911,6385,6376,617,31,6.08
505.611913,6385,6376,617,31,6.08
505.711912,6385,6376,617,31,6.06
505.811912,6385,6376,160,31,6.06
505.911911,6385,6376,160,31,6.08
506.011913,6385,6376,160,31,6.08
506.111911,6385,6376,160,31,6.07
506.211913,6385,6376,233,31,6.07
506.311911,6385,6376,233,31,6.07
506.411911,6385,6376,233,31,6.08
506.51191,6385,6376,288,31,6.08
506.611911,6385,6376,288,31,6.08
506.711911,6385,6376,288,31,6.07
506.811912,6385,6376,342,31,6.07
506.911912,6385,6376,342,31,6.07
507.011911,6385,6376,342,31,6.07
507.11191,6385,6376,342,31,6.08
507.211911,6385,6376,416,31,6.08
507.311921,6385,6376,416,31,6.08
507.411912,6385,6376,416,31,6.05
507.511926,6385,6376,472,31,6.05
507.611913,6385,6376,472,31,6.05
507.711919,6385,6380,472,31,6.07
507.811924,6385,6380,457,31,6.07
507.911913,6385,6380,457,31,6.06
508.011912,6385,6380,457,31,6.06
508.111911,6385,6380,457,31,6.01
508.211912,6385,6380,498,31,6.01
508.311922,6385,6384,498,31,6.01
508.411911,6385,6380,498,31,6.09
508.511912,6385,6380,81,31,6.09
508.611912,6385,6380,81,31,6.09
508.711911,6385,6380,81,31,6.08
508.811912,6385,6380,95,31,6.08
508.911912,6385,6380,95,31,5.96
509.011912,6385,6380,95,31,5.96
509.111914,6385,6380,95,31,6.09
509.211913,6385,6380,80,31,6.09
509.311932,6385,6380,80,31,6.09
509.411913,6385,6380,80,31,6.06
509.51191,6385,6380,90,31,6.06
509.611911,6385,6380,90,31,6.06
509.711912,6385,6380,90,31,6.07
509.811913,6385,6380,80,31,6.07
509.911913,6385,6380,80,31,6.09
510.011911,6385,6380,80,31,6.09
510.111912,6385,6376,80,31,6.05
510.211912,6385,6380,119,31,6.05
510.311928,6385,6380,119,31,6.05
510.41192,6385,6380,119,31,6.08
510.511912,6385,6380,80,31,6.08
510.611913,6385,6376,80,31,6.08
510.711912,6385,6380,80,31,6.03
510.811913,6385,6376,414,31,6.03
510.911911,6385,6380,414,31,6.06
511.011912,6385,6380,414,31,6.06
511.111921,6385,6376,414,31,6.09
511.211912,6385,6380,167,31,6.09
511.311924,6385,6376,167,31,6.09
511.411911,6385,6376,167,31,6.05
511.51192,6385,6376,522,31,6.05
511.611911,6385,6376,522,31,6.05
511.711912,6385,6376,522,31,6.05
511.811923,6385,6376,429,31,6.05
511.911911,6385,6376,429,31,6.06
512.011911,6385,6376,429,31,6.06
512.11192,6385,6380,429,31,6.03
512.211912,6385,6376,155,31,6.03
512.311926,6385,6384,155,31,6.03
512.411911,6385,6380,155,31,6.08
512.511928,6385,6380,95,31,6.08
512.611911,6385,6376,95,31,6.08
512.711917,6385,6376,95,31,6.08
512.811921,6385,6376,206,31,6.08
512.911933,6385,6380,206,31,6.07
513.011922,6385,6380,206,31,6.07
513.111917,6385,6380,206,31,6.07
513.211913,6385,6376,261,31,6.07
513.311926,6385,6376,261,31,6.07
513.411921,6385,6376,261,31,6.08
513.511947,6385,6376,315,31,6.08
513.611912,6385,6376,315,31,6.08
513.711927,6385,6380,315,31,6.07
513.811914,6385,6376,370,31,6.07
513.911911,6385,6376,370,31,6.08
514.011912,6385,6376,370,31,6.08
514.111913,6385,6376,370,31,6.06
514.211912,6385,6380,278,31,6.06
514.311912,6385,6376,278,31,6.06
514.411911,6385,6376,278,31,6.07
514.511911,6385,6380,428,31,6.07
514.611912,6385,6376,428,31,6.07
514.711911,6385,6376,428,31,6.07
514.811912,6385,6376,544,31,6.07
514.91191,6385,6376,544,31,6.05
515.01191,6385,6376,544,31,6.05
515.111912,6385,6380,544,31,6.05
515.211912,6385,6380,547,31,6.05
515.311911,6385,6376,547,31,6.05
515.411921,6385,6380,547,31,6.06
515.51191,6385,6376,143,31,6.06
515.611912,6385,6376,143,31,6.06
515.711911,6385,6376,143,31,6.09
515.811914,6385,6380,124,31,6.09
515.911911,6385,6376,124,31,6.08
516.011918,6385,6376,124,31,6.08
516.11191,6385,6376,124,31,6.08
516.211923,6385,6376,252,31,6.08
516.311912,6385,6376,252,31,6.08
516.411978,6385,6376,252,31,6.07
516.511912,6385,6376,307,31,6.07
516.61194,6385,6376,307,31,6.07
516.711911,6385,6376,307,31,6.08
516.811913,6385,6376,360,31,6.08
516.91192,6385,6376,360,31,6.09
517.011911,6385,6376,360,31,6.09
517.111912,6385,6376,360,31,6.07
517.211912,6385,6380,691,31,6.07
517.311912,6385,6376,691,31,6.07
517.411912,6385,6376,691,31,6.07
517.511912,6385,6376,738,31,6.07
517.611912,6385,6380,738,31,6.07
517.71191,6385,6380,738,31,6.08
517.81191,6385,6380,520,31,6.08
517.911917,6385,6376,520,31,6.06
518.011911,6385,6380,520,31,6.06
518.111913,6385,6380,520,31,6.06
518.211911,6385,6380,505,31,6.06
518.311922,6385,6380,505,31,6.06
518.41191,6385,6380,505,31,6.07
518.51192,6385,6380,81,31,6.07
518.611912,6385,6380,81,31,6.07
518.711912,6385,6380,81,31,6.09
518.811912,6385,6380,83,31,6.09
518.91194,6385,6380,83,31,6.08
519.011912,6385,6380,83,31,6.08
519.111912,6385,6380,83,31,6.09
519.21192,6385,6380,95,31,6.09
519.311913,6385,6380,95,31,6.09
519.411911,6385,6380,95,31,6.08
519.51191,6385,6380,126,31,6.08
519.611911,6385,6380,126,31,6.08
519.71191,6385,6380,126,31,6.08
519.811912,6385,6380,98,31,6.08
519.911918,6385,6380,98,31,6.09
520.011913,6385,6380,98,31,6.09
520.111911,6385,6380,98,31,6.08
520.211913,6385,6380,139,31,6.08
520.311912,6385,6380,139,31,6.08
520.41193,6385,6380,139,31,6.08
520.511912,6385,6380,78,31,6.08
520.611911,6385,6380,78,31,6.08
520.711911,6385,6380,78,31,6.06
520.811914,6385,6380,204,31,6.06
520.911911,6385,6380,204,31,6.04
521.011912,6385,6380,204,31,6.04
521.111911,6385,6380,204,31,6.04
521.211912,6385,6380,78,31,6.04
521.311912,6385,6380,78,31,6.04
521.411912,6385,6380,78,31,6.05
521.511918,6385,6380,83,31,6.05
521.611911,6385,6380,83,31,6.05
521.711912,6385,6380,83,31,6.07
521.811912,6385,6380,100,31,6.07
521.91192,6385,6380,100,31,6.08
522.011913,6385,6380,100,31,6.08
522.111911,6385,6376,100,31,6.09
522.211913,6385,6380,141,31,6.09
522.31192,6385,6380,141,31,6.09
522.411925,6385,6380,141,31,6.09
522.511912,6385,6380,172,31,6.09
522.611912,6385,6380,172,31,6.09
522.711912,6385,6380,172,31,6.08
522.811912,6385,6380,203,31,6.08
522.911929,6385,6380,203,31,6.06
523.011912,6385,6380,203,31,6.06
523.111912,6385,6376,203,31,6.08
523.211911,6385,6376,315,31,6.08
523.311911,6385,6380,315,31,6.08
523.411912,6385,6380,315,31,6.08
523.511911,6385,6380,288,31,6.08
523.611913,6385,6380,288,31,6.08
523.711912,6385,6380,288,31,6.08
523.811912,6385,6380,319,31,6.08
523.911913,6385,6380,319,31,6.07
524.011912,6385,6376,319,31,6.07
524.111911,6385,6380,319,31,6.06
524.211913,6385,6380,370,31,6.06
524.31191,6385,6380,370,31,6.06
524.411913,6385,6380,370,31,6.06
524.511911,6385,6380,402,31,6.06
524.611912,6385,6380,402,31,6.06
524.711912,6385,6380,402,31,6.07
524.811912,6385,6380,435,31,6.07
524.911911,6385,6380,435,31,6.07
525.011913,6385,6380,435,31,6.07
525.11191,6385,6380,435,31,6.04
525.211913,6385,6380,477,31,6.04
525.31191,6385,6380,477,31,6.04
525.41193,6385,6380,477,31,6.04
525.511911,6385,6380,508,31,6.04
525.611913,6385,6380,508,31,6.04
525.711911,6385,6380,508,31,6.06
525.811929,6385,6380,539,31,6.06
525.911912,6385,6380,539,31,6.06
526.011954,6385,6380,539,31,6.06
526.111912,6385,6380,539,31,6.06
526.21194,6385,6380,580,31,6.06
526.311918,6385,6380,580,31,6.06
526.411928,6385,6380,580,31,6.06
526.511909,6385,6380,98,31,6.06
526.61192,6385,6380,98,31,6.06
526.711911,6385,6380,98,31,6.08
526.811912,6385,6380,129,31,6.08
526.911911,6385,6380,129,31,6.07
527.011912,6385,6380,129,31,6.07
527.11191,6385,6376,129,31,6.08
527.211913,6385,6380,180,31,6.08
527.311911,6385,6380,180,31,6.08
527.411912,6385,6380,180,31,6.04
527.511922,6385,6380,284,31,6.04
527.611911,6385,6376,284,31,6.04
527.711911,6385,6380,284,31,6.07
527.811912,6385,6380,1,31,6.07
527.911929,6385,6376,1,31,6.09
528.011912,6385,6376,1,31,6.09
528.111911,6385,6380,1,31,6.03
528.211912,6385,6380,327,31,6.03
528.311919,6385,6380,327,31,6.03
528.411913,6385,6376,327,31,6.08
528.51191,6385,6376,431,31,6.08
528.611913,6385,6376,431,31,6.08
528.711912,6385,6376,431,31,6.04
528.811912,6385,6380,418,31,6.04
528.911911,6385,6376,418,31,6.05
529.011913,6385,6376,418,31,6.05
529.11192,6385,6376,418,31,6.05
529.211912,6385,6380,482,31,6.05
529.311911,6385,6380,482,31,6.05
529.41192,6385,6376,482,31,6.05
529.511912,6385,6376,592,31,6.05
529.611912,6385,6380,592,31,6.05
529.71191,6385,6380,592,31,6.01
529.811911,6385,6380,564,31,6.01
529.911911,6385,6380,564,31,6.07
530.011911,6385,6380,564,31,6.07
530.111927,6385,6380,564,31,6.08
530.211912,6385,6380,95,31,6.08
530.311924,6385,6380,95,31,6.08
530.411929,6385,6376,95,31,6.06
530.511928,6385,6380,127,31,6.06
530.61191,6385,6380,127,31,6.06
530.711911,6385,6380,127,31,6.09
530.811912,6385,6376,230,31,6.09
530.911919,6385,6376,230,31,6.07
531.011912,6385,6376,230,30,6.07
531.111911,6385,6380,230,30,6.08
531.211912,6385,6376,394,30,6.08
531.311912,6385,6376,394,30,6.08
531.411912,6385,6380,394,30,6.08
531.511931,6385,6376,177,30,6.08
531.611912,6385,6380,177,30,6.08
531.71194,6385,6376,177,30,6.08
531.811914,6385,6376,385,30,6.08
531.911912,6385,6380,385,30,6.06
532.011913,6385,6380,385,30,6.06
532.111919,6385,6380,385,30,6.07
532.211912,6385,6380,395,30,6.07
532.31191,6385,6380,395,30,6.07
532.411911,6385,6376,395,30,6.04
532.511911,6385,6376,484,30,6.04
532.611911,6385,6376,484,30,6.04
532.711918,6385,6376,484,30,6.04
532.811913,6385,6376,534,30,6.04
532.911937,6385,6376,534,30,6.07
533.011913,6385,6376,534,30,6.07
533.111919,6385,6380,534,30,6.05
533.211912,6385,6376,597,30,6.05
533.31191,6385,6380,597,30,6.05
533.411912,6385,6376,597,30,6.06
533.511911,6385,6380,580,30,6.06
533.611911,6385,6380,580,30,6.06
533.711911,6385,6380,580,30,6.04
533.811913,6385,6380,35,30,6.04
533.911912,6385,6376,35,30,6.08
534.011913,6385,6380,35,30,6.08
534.11191,6385,6380,35,30,6.07
534.211912,6385,6380,156,30,6.07
534.31191,6385,6380,156,30,6.07
534.411911,6385,6380,156,30,6.06
534.51192,6385,6380,196,30,6.06
534.611911,6385,6376,196,30,6.06
534.711911,6385,6380,196,30,6.07
534.81191,6385,6380,237,30,6.07
534.911911,6385,6380,237,30,6.07
535.011913,6385,6376,237,30,6.07
535.111911,6385,6376,237,30,6.06
535.211912,6385,6380,293,30,6.06
535.311911,6385,6380,293,30,6.06
535.41193,6385,6380,293,30,6.05
535.511914,6385,6376,496,30,6.05
535.611912,6385,6376,496,30,6.05
535.711912,6385,6376,496,30,6.07
535.811912,6385,6376,443,30,6.07
535.911919,6385,6380,443,30,6.04
536.011912,6385,6380,443,31,6.04
536.111911,6385,6376,443,31,6.07
536.211919,6385,6380,448,31,6.07
536.311913,6385,6380,448,31,6.07
536.411912,6385,6376,448,31,6.05
536.511911,6385,6376,557,31,6.05
536.611914,6385,6380,557,31,6.05
536.711912,6385,6380,557,31,6.07
536.811912,6385,6376,598,31,6.07
536.911911,6385,6380,598,31,6.01
537.011912,6385,6376,598,31,6.01
537.11191,6385,6376,598,31,6.02
537.211913,6385,6380,80,31,6.02
537.311912,6385,6380,80,31,6.02
537.411912,6385,6380,80,31,6.08
537.511912,6385,6380,114,31,6.08
537.611912,6385,6376,114,31,6.08
537.711919,6385,6376,114,31,6.08
537.811913,6385,6380,158,31,6.08
537.911929,6385,6380,158,31,6.05
538.011913,6385,6380,158,31,6.05
538.111912,6385,6376,158,31,6.04
538.211912,6385,6376,276,31,6.04
538.311932,6385,6380,276,31,6.04
538.411912,6385,6380,276,31,6.08
538.511942,6385,6380,245,31,6.08
538.611912,6385,6380,245,31,6.08
538.711949,6385,6376,245,31,6.08
538.811915,6385,6380,281,31,6.08
538.911939,6385,6376,281,31,6.08
539.011912,6385,6376,281,31,6.08
539.111911,6385,6376,281,31,6.08
539.211912,6385,6376,505,31,6.08
539.31191,6385,6376,505,31,6.08
539.41191,6385,6380,505,31,6.08
539.511912,6385,6376,704,31,6.08
539.611912,6385,6380,704,31,6.08
539.711912,6385,6380,704,31,6.04
539.81191,6385,6376,481,31,6.04
539.911912,6385,6376,481,31,6.06
540.011911,6385,6376,481,31,6.06
540.111911,6385,6380,481,31,6.07
540.211912,6385,6380,486,31,6.07
540.311912,6385,6380,486,31,6.07
540.411936,6385,6376,486,31,6.05
540.511919,6385,6376,592,31,6.05
540.611911,6385,6376,592,31,6.05
540.711912,6385,6380,592,31,6.06
540.811912,6385,6380,479,31,6.06
540.911921,6385,6376,479,31,6.09
541.01192,6385,6376,479,31,6.09
541.111912,6385,6376,479,31,6.04
541.211913,6385,6380,129,31,6.04
541.311911,6385,6380,129,31,6.04
541.411929,6385,6380,129,31,6.06
541.511911,6385,6380,160,31,6.06
541.611941,6385,6380,160,31,6.06
541.711911,6385,6380,160,31,6.03
541.811915,6385,6380,191,31,6.03
541.911911,6385,6380,191,31,6.05
542.011912,6385,6380,191,31,6.05
542.111912,6385,6380,191,31,6.08
542.211914,6385,6376,397,31,6.08
542.31191,6385,6376,397,31,6.08
542.411912,6385,6376,397,31,6
542.511911,6385,6376,344,31,6
542.611912,6385,6376,344,31,6
542.711913,6385,6376,344,31,6.08
542.811916,6385,6376,397,31,6.08
542.911927,6385,6376,397,31,6.05
543.011913,6385,6376,397,31,6.05
543.111912,6385,6376,397,31,6.06
543.211915,6385,6376,605,31,6.06
543.311919,6385,6380,605,31,6.06
543.411911,6385,6380,605,31,6.08
543.511912,6385,6380,440,31,6.08
543.611913,6385,6380,440,31,6.08
543.711911,6385,6380,440,31,6.06
543.811914,6385,6380,470,31,6.06
543.911911,6385,6380,470,31,6.03
544.011912,6385,6380,470,31,6.03
544.111914,6385,6380,470,31,6.08
544.211912,6385,6380,513,31,6.08
544.311914,6385,6380,513,31,6.08
544.411928,6385,6380,513,31,6.06
544.511911,6385,6380,281,31,6.06
544.611943,6385,6376,281,31,6.06
544.711919,6385,6380,281,31,6.05
544.811929,6385,6380,581,31,6.05
544.91192,6385,6376,581,31,6.07
545.011911,6385,6380,581,31,6.07
545.111911,6385,6380,581,31,6.08
545.211912,6385,6380,114,31,6.08
545.311911,6385,6376,114,31,6.08
545.411928,6385,6376,114,31,6.06
545.511912,6385,6380,153,31,6.06
545.611913,6385,6380,153,31,6.06
545.711912,6385,6376,153,31,5.99
545.811914,6385,6376,365,31,5.99
545.911912,6385,6380,365,31,6.07
546.011912,6385,6380,365,31,6.07
546.111928,6385,6376,365,31,6.07
546.211911,6385,6376,317,31,6.07
546.311911,6385,6376,317,31,6.07
546.411913,6385,6380,317,31,6.03
546.511912,6385,6380,300,31,6.03
546.611921,6385,6380,300,31,6.03
546.71191,6385,6380,300,31,6.08
546.811911,6385,6376,447,31,6.08
546.911911,6385,6380,447,31,6.05
547.01192,6385,6376,447,31,6.05
547.111911,6385,6376,447,31,6.07
547.211913,6385,6376,568,31,6.07
547.311921,6385,6376,568,31,6.07
547.411911,6385,6380,568,31,6.06
547.511911,6385,6376,177,31,6.06
547.61191,6385,6380,177,31,6.06
547.711925,6385,6380,177,31,6.09
547.811912,6385,6376,320,31,6.09
547.911929,6385,6376,320,31,6.07
548.011912,6385,6376,320,31,6.07
548.111911,6385,6376,320,31,6.07
548.211911,6385,6376,286,31,6.07
548.311911,6385,6376,286,31,6.07
548.41192,6385,6376,286,31,6.05
548.511911,6385,6376,337,31,6.05
548.611912,6385,6376,337,31,6.05
548.711913,6385,6380,337,31,6.03
548.811913,6385,6380,313,31,6.03
548.911911,6385,6376,313,31,6.05
549.01191,6385,6380,313,31,6.05
549.111912,6385,6380,313,31,6.08
549.211911,6385,6380,366,31,6.08
549.311911,6385,6380,366,31,6.08
549.411911,6385,6380,366,31,6.08
549.511912,6385,6380,399,31,6.08
549.611912,6385,6376,399,31,6.08
549.71191,6385,6376,399,31,6.06
549.811911,6385,6380,440,31,6.06
549.911912,6385,6380,440,31,6.07
550.01191,6385,6380,440,31,6.07
550.11191,6385,6376,440,31,6.05
550.211912,6385,6376,552,31,6.05
550.311911,6385,6380,552,31,6.05
550.411929,6385,6376,552,31,6.06
550.511912,6385,6376,598,31,6.06
550.611912,6385,6376,598,31,6.06
550.711912,6385,6380,598,31,6.04
550.811911,6385,6380,581,31,6.04
550.911912,6385,6380,581,31,6.06
551.011912,6385,6380,581,30,6.06
551.111912,6385,6380,581,30,6.08
551.211913,6385,6376,315,30,6.08
551.311912,6385,6380,315,30,6.08
551.411912,6385,6376,315,30,6.06
551.51191,6385,6376,213,30,6.06
551.611912,6385,6376,213,30,6.06
551.71193,6385,6380,213,30,6.03
551.81193,6385,6380,150,30,6.03
551.911929,6385,6376,150,30,6.04
552.011955,6385,6376,150,30,6.04
552.111928,6385,6380,150,30,6.08
552.211922,6385,6380,247,30,6.08
552.311909,6385,6380,247,30,6.08
552.411911,6385,6380,247,30,6.08
552.511909,6385,6380,179,30,6.08
552.611911,6385,6380,179,30,6.08
552.71191,6385,6376,179,30,6.07
552.811911,6385,6380,211,30,6.07
552.911931,6385,6380,211,30,6.08
553.011918,6385,6376,211,30,6.08
553.11191,6385,6380,211,30,6.02
553.211911,6385,6380,163,30,6.02
553.31191,6385,6380,163,30,6.02
553.41191,6385,6380,163,30,6.09
553.51191,6385,6380,109,30,6.09
553.611911,6385,6380,109,30,6.09
553.711918,6385,6380,109,30,6.05
553.81191,6385,6380,139,30,6.05
553.91191,6385,6380,139,30,6.07
554.011911,6385,6380,139,30,6.07
554.111911,6385,6380,139,30,6.08
554.211912,6385,6380,180,30,6.08
554.31191,6385,6380,180,30,6.08
554.411911,6385,6380,180,30,6.03
554.511912,6385,6380,213,30,6.03
554.611911,6385,6376,213,30,6.03
554.711913,6385,6376,213,30,6.07
554.811886,6385,6380,412,30,6.07
554.91191,6385,6376,412,30,6.09
555.01191,6385,6380,412,30,6.09
555.111911,6385,6376,412,30,6.07
555.211912,6385,6380,295,30,6.07
555.311918,6385,6380,295,30,6.07
555.41193,6385,6380,295,30,6.07
555.511918,6385,6380,332,30,6.07
555.61191,6385,6380,332,30,6.07
555.71191,6385,6380,332,30,6.08
555.811911,6385,6380,375,30,6.08
555.911911,6385,6380,375,30,6.08
556.01191,6385,6380,375,30,6.08
556.111912,6385,6376,375,30,6.09
556.21191,6385,6376,424,30,6.09
556.311918,6385,6376,424,30,6.09
556.411911,6385,6380,424,30,6.08
556.51191,6385,6380,458,30,6.08
556.611911,6385,6380,458,30,6.08
556.711912,6385,6380,458,30,6.07
556.811912,6385,6380,559,30,6.07
556.911913,6385,6380,559,30,6.07
557.011909,6385,6380,559,30,6.07
557.111912,6385,6380,559,30,6.05
557.211912,6385,6380,542,30,6.05
557.311912,6385,6380,542,30,6.05
557.411912,6385,6380,542,30,6.07
557.511928,6385,6380,636,30,6.07
557.611911,6385,6380,636,30,6.07
557.71193,6385,6380,636,30,6.07
557.811911,6385,6380,95,30,6.07
557.911927,6385,6380,95,30,6.08
558.01191,6385,6380,95,30,6.08
558.111911,6385,6380,95,30,6.09
558.211911,6385,6380,136,30,6.09
558.311911,6385,6380,136,30,6.09
558.41192,6385,6380,136,30,6.06
558.51191,6385,6380,168,30,6.06
558.611911,6385,6380,168,30,6.06
558.71191,6385,6380,168,30,6.09
558.811911,6385,6380,199,30,6.09
558.91191,6385,6380,199,30,6.08
559.011912,6385,6380,199,30,6.08
559.111911,6385,6380,199,30,6.08
559.211912,6385,6380,240,30,6.08
559.311911,6385,6380,240,30,6.08
559.411919,6385,6380,240,30,6.08
559.511914,6385,6380,271,30,6.08
559.611911,6385,6380,271,30,6.08
559.71191,6385,6380,271,30,6.09
559.811919,6385,6380,302,30,6.09
559.911912,6385,6380,302,30,6.06
560.011911,6385,6380,302,30,6.06
560.111919,6385,6380,302,30,6.08
560.211912,6385,6380,342,30,6.08
560.31191,6385,6380,342,30,6.08
560.411912,6385,6380,342,30,6.08
560.511912,6385,6380,373,30,6.08
560.611912,6385,6380,373,30,6.08
560.71191,6385,6380,373,30,6.08
560.811911,6385,6376,568,30,6.08
560.911918,6385,6376,568,30,6.06
561.011911,6385,6376,568,30,6.06
561.111911,6385,6380,568,30,6.08
561.211912,6385,6380,453,30,6.08
561.311919,6385,6380,453,30,6.08
561.411929,6385,6380,453,30,6.07
561.511909,6385,6380,484,30,6.07
561.611941,6385,6380,484,30,6.07
561.711911,6385,6380,484,30,6.04
561.811918,6385,6380,515,30,6.04
561.911911,6385,6380,515,30,6.07
562.01191,6385,6380,515,30,6.07
562.111919,6385,6380,515,30,6.09
562.21191,6385,6384,0,30,6.09
562.31191,6385,6380,0,30,6.09
562.411911,6385,6380,0,30,6.08
562.511913,6385,6380,0,30,6.08
562.611911,6385,6384,0,30,6.08
562.71191,6385,6384,0,30,6.07
562.81191,6385,6380,78,30,6.07
562.911911,6385,6384,78,30,6.08
563.011912,6385,6380,78,30,6.08
563.111909,6385,6384,78,30,6.08
563.211911,6385,6380,78,30,6.08
563.311911,6385,6384,78,30,6.08
563.411913,6385,6380,78,30,6.08
563.511911,6385,6384,0,30,6.08
563.611911,6385,6384,0,30,6.08
563.71191,6385,6388,0,30,6.09
563.81191,6385,6384,0,30,6.09
563.911912,6385,6384,0,30,6.07
564.011912,6385,6384,0,30,6.07
564.111919,6385,6384,0,30,6.08
564.211912,6385,6384,0,30,6.08
564.31191,6385,6384,0,30,6.08
564.41191,6385,6380,0,30,6.08
564.511911,6385,6380,81,30,6.08
564.61192,6385,6380,81,30,6.08
564.711927,6385,6380,81,30,6.09
564.811911,6385,6380,78,30,6.09
564.911941,6385,6380,78,30,6.08
565.011912,6385,6380,78,30,6.08
565.111937,6385,6380,78,30,6.09
565.211912,6385,6380,119,30,6.09
565.311911,6385,6380,119,30,6.09
565.41192,6385,6380,119,30,6.08
565.511911,6385,6380,150,30,6.08
565.611912,6385,6380,150,30,6.08
565.711911,6385,6380,150,30,6.09
565.811911,6385,6380,180,30,6.09
565.91191,6385,6380,180,30,6.07
566.011911,6385,6380,180,30,6.07
566.111931,6385,6380,180,30,6.08
566.211911,6385,6380,221,30,6.08
566.31191,6385,6380,221,30,6.08
566.411909,6385,6380,221,30,6.08
566.51191,6385,6380,252,30,6.08
566.61191,6385,6380,252,30,6.08
566.71191,6385,6380,252,30,6.06
566.811912,6385,6380,283,30,6.06
566.911911,6385,6380,283,30,6.07
567.011925,6385,6380,283,30,6.07
567.111917,6385,6380,283,30,6.08
567.211912,6385,6380,81,30,6.08
567.311912,6385,6380,81,30,6.08
567.411912,6385,6380,81,30,6.08
567.511911,6385,6380,97,30,6.08
567.611913,6385,6380,97,30,6.08
567.711912,6385,6380,97,30,6.07
567.811912,6385,6380,102,30,6.07
567.91191,6385,6380,102,30,6.08
568.011912,6385,6380,102,30,6.08
568.111911,6385,6380,102,30,6.08
568.211912,6385,6380,143,30,6.08
568.311912,6385,6380,143,30,6.08
568.411935,6385,6380,143,30,6.09
568.511912,6385,6380,174,30,6.09
568.611951,6385,6380,174,30,6.09
568.71191,6385,6380,174,30,6.09
568.81194,6385,6380,100,30,6.09
568.911911,6385,6380,100,30,6.09
569.011913,6385,6380,100,30,6.09
569.111911,6385,6380,100,30,6.09
569.21192,6385,6380,114,30,6.09
569.31191,6385,6380,114,30,6.09
569.411913,6385,6380,114,30,6.08
569.511911,6385,6384,0,30,6.08
569.611912,6385,6384,0,30,6.08
569.711911,6385,6380,0,30,6.07
569.811911,6385,6380,78,30,6.07
569.911921,6385,6384,78,30,6.07
570.011911,6385,6384,78,30,6.07
570.11191,6385,6380,78,30,6.08
570.211912,6385,6380,80,30,6.08
570.311913,6385,6384,80,30,6.08
570.411912,6385,6380,80,30,6.09
570.511911,6385,6380,78,30,6.09
570.611911,6385,6380,78,30,6.09
570.711919,6385,6384,78,30,6.09
570.811912,6385,6384,0,30,6.09
570.911911,6385,6380,0,30,6.08
571.011912,6385,6384,0,30,6.08
571.111927,6385,6380,0,30,6.09
571.211911,6385,6380,204,30,6.09
571.311946,6385,6380,204,30,6.09
571.411911,6385,6380,204,30,6.08
571.511928,6385,6380,78,30,6.08
571.61191,6385,6380,78,30,6.08
571.711912,6385,6380,78,30,6.09
571.811919,6385,6380,80,30,6.09
571.91191,6385,6380,80,30,6.08
572.011911,6385,6380,80,30,6.08
572.111913,6385,6380,80,30,6.09
572.211912,6385,6384,0,30,6.09
572.311913,6385,6384,0,30,6.09
572.411912,6385,6384,0,30,6.07
572.51191,6385,6384,0,30,6.07
572.611911,6385,6384,0,30,6.07
572.71191,6385,6380,0,30,6.05
572.81191,6385,6380,163,30,6.05
572.91191,6385,6380,163,30,6.07
573.011911,6385,6384,163,30,6.07
573.111911,6385,6384,163,30,6.08
573.211912,6385,6384,0,30,6.08
573.311913,6385,6380,0,30,6.08
573.411914,6385,6384,0,30,6.09
573.511912,6385,6380,0,30,6.09
573.611913,6385,6380,0,30,6.09
573.711914,6385,6380,0,30,6.05
573.811915,6385,6380,204,30,6.05
573.911914,6385,6384,204,30,6.08
574.011914,6385,6384,204,30,6.08
574.111912,6385,6384,204,30,6.07
574.211913,6385,6384,78,30,6.07
574.311914,6385,6380,78,30,6.07
574.411914,6385,6380,78,30,6.09
574.511913,6385,6380,78,30,6.09
574.611915,6385,6380,78,30,6.09
574.711913,6385,6380,78,30,6.08
574.811914,6385,6380,83,30,6.08
574.911913,6385,6380,83,30,6.07
575.011913,6385,6380,83,30,6.07
575.111914,6385,6380,83,30,6.07
575.211913,6385,6380,124,30,6.07
575.311913,6385,6380,124,30,6.07
575.411913,6385,6380,124,30,6.08
575.511913,6385,6380,81,30,6.08
575.611914,6385,6380,81,30,6.08
575.711915,6385,6380,81,30,6.09
575.811915,6385,6380,85,30,6.09
575.911914,6385,6380,85,30,6.09
576.011916,6385,6380,85,30,6.09
576.111914,6385,6380,85,30,6.09
576.211914,6385,6380,80,30,6.09
576.311913,6385,6380,80,30,6.09
576.411915,6385,6380,80,30,6.08
576.511913,6385,6380,80,30,6.08
576.611915,6385,6380,80,30,6.08
576.711914,6385,6380,80,30,6.07
576.811914,6385,6380,80,30,6.07
576.911913,6385,6380,80,30,6.07
577.011913,6385,6380,80,30,6.07
577.111914,6385,6380,80,30,6.08
577.211914,6385,6380,327,30,6.08
577.311913,6385,6384,327,30,6.08
577.411932,6385,6384,327,30,6.08
577.511915,6385,6380,163,30,6.08
577.611941,6385,6380,163,30,6.08
577.711922,6385,6384,163,30,6.08
577.81195,6385,6384,0,30,6.08
577.911913,6385,6380,0,30,6.07
578.011914,6385,6380,0,30,6.07
578.111913,6385,6380,0,30,6.09
578.211913,6385,6380,85,30,6.09
578.311913,6385,6380,85,30,6.09
578.411914,6385,6380,85,30,6.08
578.511914,6385,6380,100,30,6.08
578.611914,6385,6380,100,30,6.08
578.711913,6385,6380,100,30,6.08
578.811914,6385,6380,80,30,6.08
578.911913,6385,6380,80,30,6.07
579.011937,6385,6380,80,30,6.07
579.111914,6385,6380,80,30,6.07
579.211914,6385,6380,0,30,6.07
579.311913,6385,6384,0,30,6.07
579.411922,6385,6388,0,30,6.08
579.511923,6385,6392,110,30,6.08
579.611914,6385,6388,110,30,6.08
579.711912,6385,6384,110,30,6.02
579.811913,6385,6384,0,30,6.02
579.911914,6385,6380,0,30,6.07
580.011923,6385,6380,0,30,6.07
580.111915,6385,6380,0,30,6.06
580.211919,6385,6380,92,30,6.06
580.311919,6385,6380,92,30,6.06
580.41192,6385,6380,92,30,6.09
580.511941,6385,6380,92,30,6.09
580.61192,6385,6380,92,30,6.09
580.711955,6385,6380,92,30,6.08
580.811945,6385,6380,122,30,6.08
580.911981,6385,6380,122,30,6.07
581.011958,6385,6380,122,30,6.07
581.111944,6385,6380,122,30,6.06
581.21192,6385,6380,204,30,6.06
581.31192,6385,6384,204,30,6.06
581.41192,6385,6380,204,30,6.07
581.511919,6385,6384,0,30,6.07
581.611932,6385,6384,0,30,6.07
581.71192,6385,6388,0,30,6.07
581.811919,6385,6388,0,30,6.07
581.911919,6385,6384,0,30,6.07
582.011919,6385,6388,0,30,6.07
582.111919,6385,6388,0,30,6.07
582.21192,6385,6384,0,30,6.07
582.311918,6385,6384,0,30,6.07
582.411921,6385,6384,0,30,6.06
582.511919,6385,6388,0,30,6.06
582.61192,6385,6388,0,30,6.06
582.711931,6385,6388,0,30,6.08
582.81192,6385,6388,0,30,6.08
582.91192,6385,6388,0,30,6.09
583.01192,6385,6388,0,30,6.09
583.111919,6385,6384,0,30,6.08
583.211919,6385,6380,0,30,6.08
583.311918,6385,6384,0,30,6.08
583.41193,6385,6380,0,30,6.08
583.511919,6385,6380,0,30,6.08
583.611919,6385,6384,0,30,6.08
583.71192,6385,6384,0,30,6.08
583.811919,6385,6380,78,30,6.08
583.911919,6385,6380,78,30,6.08
584.011919,6385,6380,78,30,6.08
584.111919,6385,6380,78,30,6.04
584.21192,6385,6380,116,30,6.04
584.311919,6385,6380,116,30,6.04
584.411927,6385,6380,116,30,6.06
584.511919,6385,6380,146,30,6.06
584.61192,6385,6380,146,30,6.06
584.71192,6385,6380,146,30,6.08
584.811919,6385,6380,88,30,6.08
584.911918,6385,6380,88,30,6.07
585.011923,6385,6380,88,30,6.07
585.111918,6385,6380,88,30,6.08
585.211919,6385,6380,81,30,6.08
585.311917,6385,6380,81,30,6.08
585.411919,6385,6380,81,30,6.07
585.511919,6385,6384,0,30,6.07
585.611919,6385,6380,0,30,6.07
585.711917,6385,6384,0,30,6.09
585.811919,6385,6380,327,30,6.09
585.911917,6385,6384,327,30,6.08
586.011919,6385,6380,327,30,6.08
586.111917,6385,6380,327,30,6.08
586.21192,6385,6380,83,30,6.08
586.311918,6385,6380,83,30,6.08
586.411919,6385,6380,83,30,6.09
586.511919,6385,6380,78,30,6.09
586.611919,6385,6380,78,30,6.09
586.711917,6385,6380,78,30,6.07
586.81192,6385,6380,88,30,6.07
586.911918,6385,6380,88,30,6.05
587.011916,6385,6380,88,30,6.05
587.111918,6385,6380,88,30,6.06
587.211918,6385,6376,458,30,6.06
587.311918,6385,6380,458,30,6.06
587.411918,6385,6380,458,30,6.09
587.511918,6385,6380,163,30,6.09
587.611918,6385,6380,163,30,6.09
587.711916,6385,6380,163,30,6.07
587.811919,6385,6380,83,30,6.07
587.911919,6385,6380,83,30,6.06
588.011918,6385,6380,83,30,6.06
588.111917,6385,6380,83,30,6.07
588.211917,6385,6380,98,30,6.07
588.311917,6385,6380,98,30,6.07
588.411926,6385,6380,98,30,6.08
588.511917,6385,6380,129,30,6.08
588.611919,6385,6380,129,30,6.08
588.711918,6385,6380,129,30,6.08
588.811917,6385,6380,162,30,6.08
588.911918,6385,6380,162,30,6.08
589.011916,6385,6380,162,30,6.08
589.111919,6385,6380,162,30,6.04
589.211919,6385,6380,203,30,6.04
589.311919,6385,6380,203,30,6.04
589.411919,6385,6384,203,30,6.04
589.511918,6385,6384,0,30,6.04
589.611917,6385,6380,0,30,6.04
589.711919,6385,6376,0,30,6.03
589.811918,6385,6380,90,30,6.03
589.911935,6385,6380,90,30,6.07
590.011917,6385,6380,90,30,6.07
590.111976,6385,6380,90,30,6.08
590.211919,6385,6380,131,30,6.08
590.311934,6385,6380,131,30,6.08
590.411919,6385,6380,131,30,6.05
590.511948,6385,6380,162,30,6.05
590.611919,6385,6380,162,30,6.05
590.711943,6385,6380,162,30,6.07
590.811925,6385,6380,192,30,6.07
590.911917,6385,6380,192,30,6.07
591.011917,6385,6380,192,30,6.07
591.111921,6385,6380,192,30,6.09
591.211919,6385,6380,0,30,6.09
591.311924,6385,6384,0,30,6.09
591.411919,6385,6380,0,30,6.07
591.511916,6385,6380,163,30,6.07
591.611917,6385,6380,163,30,6.07
591.711924,6385,6384,163,30,6.09
591.811919,6385,6380,78,30,6.09
591.911917,6385,6380,78,30,6.08
592.011918,6385,6380,78,30,6.08
592.111917,6385,6380,78,30,6.07
592.211922,6385,6384,0,30,6.07
592.311918,6385,6380,0,30,6.07
592.411932,6385,6380,0,30,6.08
592.511927,6385,6380,78,30,6.08
592.611946,6385,6380,78,30,6.08
592.711919,6385,6380,78,30,6.07
592.811917,6385,6380,78,30,6.07
592.911924,6385,6380,78,30,6.08
593.011918,6385,6380,78,30,6.08
593.111917,6385,6380,78,30,6.06
593.211917,6385,6380,163,30,6.06
593.311919,6385,6380,163,30,6.06
593.411922,6385,6380,163,30,6.08
593.511917,6385,6380,80,30,6.08
593.611919,6385,6380,80,30,6.08
593.711918,6385,6380,80,30,6.07
593.811919,6385,6380,85,30,6.07
593.911918,6385,6380,85,30,6.08
594.011918,6385,6380,85,30,6.08
594.111927,6385,6384,85,30,6.06
594.211919,6385,6380,78,30,6.06
594.311918,6385,6380,78,30,6.06
594.411919,6385,6380,78,30,6.09
594.511919,6385,6384,0,30,6.09
594.611919,6385,6380,0,30,6.09
594.711918,6385,6380,0,30,6.09
594.811917,6385,6380,80,30,6.09
594.911919,6385,6380,80,30,6.08
595.011917,6385,6380,80,30,6.08
595.111918,6385,6380,80,30,6.09
595.211926,6385,6380,81,30,6.09
595.311921,6385,6380,81,30,6.09
595.411918,6385,6380,81,30,6.07
595.511918,6385,6380,112,30,6.07
595.611919,6385,6380,112,30,6.07
595.71192,6385,6380,112,30,6.08
595.811919,6385,6380,80,30,6.08
595.911926,6385,6380,80,30,6.09
596.011918,6385,6380,80,30,6.09
596.111919,6385,6380,80,30,6.04
596.211918,6385,6380,0,30,6.04
596.311918,6385,6384,0,30,6.04
596.41192,6385,6380,0,30,6.08
596.511916,6385,6380,80,30,6.08
596.611919,6385,6380,80,30,6.08
596.711916,6385,6380,80,30,6.07
596.811918,6385,6380,81,30,6.07
596.911926,6385,6380,81,30,6.07
597.011918,6385,6380,81,30,6.07
597.111918,6385,6380,81,30,6.08
597.211918,6385,6380,104,30,6.08
597.311928,6385,6380,104,30,6.08
597.411919,6385,6380,104,30,6.07
597.511937,6385,6380,78,30,6.07
597.611919,6385,6380,78,30,6.07
597.711919,6385,6380,78,30,6.09
597.811918,6385,6380,78,30,6.09
597.911918,6385,6380,78,30,6.09
598.011918,6385,6384,78,30,6.09
598.111918,6385,6384,78,30,6.07
598.211919,6385,6384,78,30,6.07
598.311917,6385,6380,78,30,6.07
598.41192,6385,6380,78,30,6.08
598.511918,6385,6380,78,30,6.08
598.611919,6385,6380,78,30,6.08
598.711918,6385,6380,78,30,6.06
598.811919,6385,6380,80,30,6.06
598.911919,6385,6384,80,30,6.08
599.011918,6385,6380,80,30,6.08
599.111925,6385,6384,80,30,6.07
599.211919,6385,6380,81,30,6.07
599.311918,6385,6380,81,30,6.07
599.41192,6385,6380,81,30,6.09
599.511917,6385,6380,81,30,6.09
599.611952,6385,6380,81,30,6.09
599.711919,6385,6380,81,30,6.07
599.811949,6385,6380,80,30,6.07
599.911926,6385,6380,80,30,6.08
600.011935,6385,6384,80,30,6.08
600.111918,6385,6380,80,30,6.08
600.211918,6385,6380,327,30,6.08
600.311918,6385,6380,327,30,6.08
600.41192,6385,6380,327,30,6.09
600.511919,6385,6380,78,30,6.09
600.611919,6385,6380,78,30,6.09
600.711919,6385,6380,78,30,6.07
600.811919,6385,6380,97,30,6.07
600.911917,6385,6380,97,30,6.06
601.011919,6385,6380,97,30,6.06
601.111927,6385,6380,97,30,6.08
601.21192,6385,6380,138,30,6.08
601.311918,6385,6380,138,30,6.08
601.411919,6385,6380,138,30,6.08
601.511918,6385,6380,168,30,6.08
601.61192,6385,6380,168,30,6.08
601.711926,6385,6380,168,30,6.09
601.811918,6385,6380,78,30,6.09
601.911918,6385,6380,78,30,6.06
602.011919,6385,6380,78,30,6.06
602.111921,6385,6380,78,30,6.07
602.211925,6385,6384,0,30,6.07
602.311918,6385,6380,0,30,6.07
602.411946,6385,6380,0,30,6.06
602.511918,6385,6380,80,30,6.06
602.611918,6385,6384,80,30,6.06
602.711919,6385,6380,80,30,6.05
602.811922,6385,6380,81,30,6.05
602.911919,6385,6380,81,30,6.08
603.011918,6385,6380,81,30,6.08
603.111917,6385,6380,81,30,6.05
603.211919,6385,6380,204,30,6.05
603.311918,6385,6380,204,30,6.05
603.411918,6385,6380,204,30,6.07
603.511918,6385,6380,87,30,6.07
603.611919,6385,6380,87,30,6.07
603.711919,6385,6380,87,30,6.08
603.811919,6385,6380,97,30,6.08
603.911935,6385,6380,97,30,6.09
604.011918,6385,6380,97,30,6.09
604.111926,6385,6380,97,30,6.08
604.211919,6385,6380,80,30,6.08
604.311918,6385,6380,80,30,6.08
604.411917,6385,6380,80,30,6.08
604.51192,6385,6380,78,30,6.08
604.611918,6385,6384,78,30,6.08
604.71192,6385,6380,78,30,6.09
604.811918,6385,6384,0,30,6.09
604.911918,6385,6380,0,30,6.09
605.011918,6385,6384,0,30,6.09
605.111928,6385,6384,0,30,6.07
605.211919,6385,6384,0,30,6.07
605.311937,6385,6384,0,30,6.07
605.411919,6385,6384,0,30,6.07
605.511956,6385,6380,80,30,6.07
605.611918,6385,6380,80,30,6.07
605.711932,6385,6384,80,30,6.07
605.811921,6385,6380,83,30,6.07
605.911919,6385,6380,83,30,6.08
606.011918,6385,6380,83,30,6.08
606.111919,6385,6380,83,30,6.07
606.211919,6385,6384,80,30,6.07
606.31193,6385,6380,80,30,6.07
606.41192,6385,6380,80,30,6.08
606.511918,6385,6380,87,30,6.08
606.611919,6385,6380,87,30,6.08
606.711919,6385,6380,87,30,6.07
606.811919,6385,6380,80,30,6.07
606.911918,6385,6380,80,30,6.09
607.01192,6385,6388,80,30,6.09
607.111927,6385,6380,80,30,6.08
607.211919,6385,6380,81,30,6.08
607.311917,6385,6380,81,30,6.08
607.411929,6385,6384,81,30,6.09
607.511919,6385,6380,78,30,6.09
607.611918,6385,6384,78,30,6.09
607.711918,6385,6384,78,30,6.09
607.811919,6385,6384,0,30,6.09
607.911917,6385,6384,0,30,6.07
608.011919,6385,6380,0,30,6.07
608.111929,6385,6380,0,30,6.09
608.21192,6385,6380,83,30,6.09
608.311919,6385,6380,83,30,6.09
608.411924,6385,6380,83,30,6.08
608.511918,6385,6380,163,30,6.08
608.611919,6385,6380,163,30,6.08
608.711917,6385,6380,163,30,6.07
608.811922,6385,6380,78,30,6.07
608.911918,6385,6380,78,30,6.09
609.01192,6385,6384,78,30,6.09
609.111918,6385,6384,78,30,6.09
609.211919,6385,6380,78,30,6.09
609.311918,6385,6380,78,30,6.09
609.411923,6385,6380,78,30,6.09
609.511918,6385,6380,78,30,6.09
609.611918,6385,6380,78,30,6.09
609.711953,6385,6380,78,30,6.08
609.811925,6385,6380,80,30,6.08
609.911935,6385,6380,80,30,6.09
610.011918,6385,6380,80,30,6.09
610.111918,6385,6380,80,30,6.08
610.211918,6385,6380,80,30,6.08
610.311917,6385,6380,80,30,6.08
610.411931,6385,6380,80,30,6.09
610.511918,6385,6380,81,30,6.09
610.611918,6385,6380,81,30,6.09
610.711917,6385,6380,81,30,6.08
610.811926,6385,6384,163,30,6.08
610.911916,6385,6380,163,30,6.08
611.011918,6385,6384,163,30,6.08
611.111927,6385,6380,163,30,6.07
611.211918,6385,6384,78,30,6.07
611.311918,6385,6380,78,30,6.07
611.411917,6385,6380,78,30,6.07
611.511918,6385,6384,0,30,6.07
611.611918,6385,6384,0,30,6.07
611.711917,6385,6384,0,30,6.08
611.81192,6385,6380,204,30,6.08
611.911917,6385,6380,204,30,6.08
612.011918,6385,6380,204,30,6.08
612.111918,6385,6380,204,30,6.07
612.211919,6385,6380,204,30,6.07
612.311919,6385,6380,204,30,6.07
612.411919,6385,6380,204,30,6.08
612.511918,6385,6380,81,30,6.08
612.611919,6385,6380,81,30,6.08
612.711918,6385,6376,81,30,6.08
612.811919,6385,6380,114,30,6.08
612.911919,6385,6380,114,30,6.07
613.011918,6385,6380,114,30,6.07
613.111925,6385,6380,114,30,6.03
613.211916,6385,6384,0,30,6.03
613.311917,6385,6392,0,30,6.03
613.411918,6385,6388,0,30,6.09
613.511918,6385,6384,0,30,6.09
613.61192,6385,6384,0,30,6.09
613.711922,6385,6384,0,30,6.07
613.811926,6385,6384,0,30,6.07
613.911959,6385,6380,0,30,6.07
614.011918,6385,6384,0,30,6.07
614.111933,6385,6384,0,30,6.09
614.211918,6385,6384,0,30,6.09
614.311918,6385,6380,0,30,6.09
614.41192,6385,6380,0,30,6.09
614.511926,6385,6384,0,30,6.09
614.611929,6385,6380,0,30,6.09
614.711918,6385,6380,0,30,6.07
614.81192,6385,6384,0,30,6.07
614.911917,6385,6388,0,30,6.08
615.011918,6385,6392,0,30,6.08
615.111918,6385,6392,0,30,6.07
615.211919,6385,6396,114,30,6.07
615.311918,6385,6392,114,30,6.07
615.411919,6385,6388,114,30,6.08
615.511918,6385,6384,0,30,6.08
615.611918,6385,6384,0,30,6.08
615.711918,6385,6380,0,30,6.09
615.811919,6385,6380,163,30,6.09
615.911917,6385,6380,163,30,6.08
616.011918,6385,6380,163,30,6.08
616.111919,6385,6380,163,30,6.05
616.211918,6385,6380,87,30,6.05
616.311919,6385,6380,87,30,6.05
616.411919,6385,6380,87,30,6.09
616.511919,6385,6380,78,30,6.09
616.61192,6385,6380,78,30,6.09
616.71192,6385,6384,78,30,6.09
616.81192,6385,6380,80,30,6.09
616.911918,6385,6380,80,30,6.08
617.011918,6385,6380,80,30,6.08
617.111919,6385,6380,80,30,6.08
617.211938,6385,6380,78,30,6.08
617.311919,6385,6380,78,30,6.08
617.411948,6385,6380,78,30,6.09
617.51192,6385,6380,80,30,6.09
617.611947,6385,6380,80,30,6.09
617.711929,6385,6380,80,30,6.07
617.811918,6385,6380,81,30,6.07
617.911918,6385,6380,81,30,6.07
618.011919,6385,6380,81,30,6.07
618.111918,6385,6380,81,30,6.08
618.211921,6385,6380,78,30,6.08
618.311919,6385,6380,78,30,6.08
618.411919,6385,6380,78,30,6.09
618.511918,6385,6384,0,30,6.09
618.61192,6385,6388,0,30,6.09
618.711919,6385,6384,0,30,6.03
618.81192,6385,6388,0,30,6.03
618.911921,6385,6384,0,30,6.07
619.011918,6385,6380,0,30,6.07
619.111918,6385,6384,0,30,6.05
619.211922,6385,6384,0,30,6.05
619.311919,6385,6384,0,30,6.05
619.411919,6385,6384,0,30,6.07
619.511919,6385,6384,0,30,6.07
619.611953,6385,6384,0,30,6.07
619.711919,6385,6384,0,30,6.09
619.81194,6385,6384,0,30,6.09
619.911918,6385,6388,0,30,6.06
620.01192,6385,6384,0,30,6.06
620.111917,6385,6384,0,30,6.09
620.211918,6385,6380,0,30,6.09
620.311918,6385,6384,0,30,6.09
620.411934,6385,6384,0,30,6.03
620.511919,6385,6384,0,30,6.03
620.611919,6385,6380,0,30,6.03
620.711918,6385,6380,0,30,6.06
620.81192,6385,6380,80,30,6.06
620.911919,6385,6380,80,30,6.07
621.011918,6385,6380,80,30,6.07
621.11193,6385,6380,80,30,6.08
621.211918,6385,6380,92,30,6.08
621.311918,6385,6380,92,30,6.08
621.41192,6385,6380,92,30,6.08
621.511927,6385,6380,122,30,6.08
621.611919,6385,6380,122,30,6.08
621.711918,6385,6380,122,30,6.07
621.811919,6385,6380,0,30,6.07
621.911918,6385,6384,0,30,6.05
622.011918,6385,6384,0,30,6.05
622.111917,6385,6384,0,30,6.08
622.211919,6385,6384,0,30,6.08
622.311919,6385,6384,0,30,6.08
622.41192,6385,6384,0,30,6.08
622.511919,6385,6380,204,30,6.08
622.611919,6385,6384,204,30,6.08
622.711919,6385,6384,204,30,6.06
622.811922,6385,6380,78,30,6.06
622.911919,6385,6380,78,30,6.07
623.011919,6385,6384,78,30,6.07
623.111917,6385,6384,78,30,6.08
623.211919,6385,6380,163,30,6.08
623.311918,6385,6380,163,30,6.08
623.411919,6385,6380,163,30,6.09
623.511919,6385,6380,78,30,6.09
623.611919,6385,6380,78,30,6.09
623.711918,6385,6380,78,30,6.08
623.811918,6385,6380,163,30,6.08
623.911917,6385,6380,163,30,6.08
624.01192,6385,6384,163,30,6.08
624.111918,6385,6380,163,30,6.08
624.211917,6385,6380,78,30,6.08
624.311924,6385,6384,78,30,6.08
624.411918,6385,6384,78,30,6.07
624.511917,6385,6388,0,30,6.07
624.611927,6385,6384,0,30,6.07
624.711918,6385,6384,0,30,6.09
624.811926,6385,6384,0,30,6.09
624.911919,6385,6384,0,30,6.08
625.01192,6385,6388,0,30,6.08
625.111919,6385,6384,0,30,6.07
625.21192,6385,6384,0,30,6.07
625.31192,6385,6384,0,30,6.07
625.411919,6385,6384,0,30,6.08
625.511919,6385,6380,78,30,6.08
625.611941,6385,6380,78,30,6.08
625.711919,6385,6380,78,30,6.08
625.81196,6385,6384,0,30,6.08
625.911919,6385,6380,0,30,6.08
626.011946,6385,6380,0,30,6.08
626.111918,6385,6380,0,30,6.09
626.211937,6385,6380,78,30,6.09
626.311918,6385,6384,78,30,6.09
626.411918,6385,6380,78,30,6.08
626.511917,6385,6380,78,30,6.08
626.611919,6385,6380,78,30,6.08
626.711917,6385,6380,78,30,6.08
626.811918,6385,6384,0,30,6.08
626.911917,6385,6384,0,30,6.07
627.011919,6385,6384,0,30,6.07
627.111919,6385,6384,0,30,6.07
627.211919,6385,6384,0,30,6.07
627.311919,6385,6384,0,30,6.07
627.411921,6385,6380,0,30,6.08
627.51192,6385,6384,0,30,6.08
627.611919,6385,6384,0,30,6.08
627.711919,6385,6384,0,30,6.07
627.811918,6385,6384,0,30,6.07
627.911918,6385,6384,0,30,6.04
628.011918,6385,6380,0,30,6.04
628.111918,6385,6380,0,30,6.09
628.211919,6385,6384,327,30,6.09
628.311921,6385,6380,327,30,6.09
628.411917,6385,6384,327,30,6.04
628.511938,6385,6384,0,30,6.04
628.611918,6385,6384,0,30,6.04
628.711952,6385,6384,0,30,6.07
628.81192,6385,6384,0,30,6.07
628.911935,6385,6388,0,30,6.08
629.011918,6385,6384,0,30,6.08
629.11195,6385,6380,0,30,6.09
629.211919,6385,6380,204,30,6.09
629.311933,6385,6384,204,30,6.09
629.411919,6385,6384,204,30,6.07
629.511935,6385,6384,0,30,6.07
629.611919,6385,6380,0,30,6.07
629.711918,6385,6384,0,30,6.07
629.811923,6385,6384,0,30,6.07
629.911919,6385,6384,0,30,6.06
630.011918,6385,6384,0,30,6.06
630.111941,6385,6384,0,30,6.09
630.211921,6385,6384,0,30,6.09
630.311917,6385,6380,0,30,6.09
630.411918,6385,6384,0,30,6.08
630.511927,6385,6380,78,30,6.08
630.611919,6385,6380,78,30,6.08
630.711918,6385,6384,78,30,6.08
630.811919,6385,6384,0,30,6.08
630.911928,6385,6380,0,30,6.08
631.011919,6385,6380,0,30,6.08
631.111941,6385,6380,0,30,6.08
631.21192,6385,6380,78,30,6.08
631.311918,6385,6380,78,30,6.08
631.41192,6385,6380,78,30,6.06
631.511919,6385,6380,87,30,6.06
631.611917,6385,6380,87,30,6.06
631.711918,6385,6380,87,30,6.03
631.811919,6385,6380,204,30,6.03
631.911917,6385,6384,204,30,6.06
632.011919,6385,6384,204,30,6.06
632.11193,6385,6384,204,30,6.01
632.211919,6385,6380,0,30,6.01
632.311919,6385,6384,0,30,6.01
632.41192,6385,6392,0,30,6.07
632.511918,6385,6392,0,30,6.07
632.61192,6385,6388,0,30,6.07
632.711917,6385,6384,0,30,6.04
632.811918,6385,6388,0,30,6.04
632.911919,6385,6384,0,30,6.08
633.011926,6385,6388,0,30,6.08
633.111931,6385,6380,0,30,6.07
633.211919,6385,6384,163,30,6.07
633.311919,6385,6380,163,30,6.07
633.41192,6385,6380,163,30,6.08
633.511918,6385,6380,78,30,6.08
633.611919,6385,6388,78,30,6.08
633.711927,6385,6384,78,30,6.01
633.811919,6385,6388,0,30,6.01
633.911918,6385,6392,0,30,6.04
634.011919,6385,6384,0,30,6.04
634.111918,6385,6388,0,30,6.03
634.21192,6385,6380,78,30,6.03
634.311919,6385,6384,78,30,6.03
634.411919,6385,6384,78,30,6.03
634.511919,6385,6384,0,30,6.03
634.611919,6385,6384,0,30,6.03
634.711919,6385,6380,0,30,6.06
634.811918,6385,6380,88,30,6.06
634.911919,6385,6376,88,30,6.06
635.011919,6385,6380,88,30,6.06
635.111917,6385,6380,88,30,6.08
635.211919,6385,6380,134,30,6.08
635.311917,6385,6380,134,30,6.08
635.411918,6385,6380,134,30,6.05
635.511918,6385,6380,230,30,6.05
635.611918,6385,6380,230,30,6.05
635.71192,6385,6380,230,30,6.07
635.811917,6385,6380,199,30,6.07
635.911919,6385,6380,199,30,6.04
636.011931,6385,6380,199,30,6.04
636.111956,6385,6380,199,30,6.07
636.211919,6385,6380,114,30,6.07
636.311918,6385,6380,114,30,6.07
636.411919,6385,6380,114,30,6.07
636.511918,6385,6380,145,30,6.07
636.611926,6385,6380,145,30,6.07
636.711919,6385,6380,145,30,6.08
636.811928,6385,6380,175,30,6.08
636.911919,6385,6380,175,30,6.08
637.011919,6385,6380,175,30,6.08
637.11194,6385,6380,175,30,6.09
637.211918,6385,6380,85,30,6.09
637.311953,6385,6380,85,30,6.09
637.41192,6385,6380,85,30,6.08
637.511955,6385,6380,107,30,6.08
637.611955,6385,6380,107,30,6.08
637.71192,6385,6380,107,30,6.09
637.811945,6385,6380,138,30,6.09
637.911919,6385,6380,138,30,6.08
638.011918,6385,6380,138,30,6.08
638.111918,6385,6380,138,30,6.09
638.211918,6385,6380,179,30,6.09
638.311919,6385,6380,179,30,6.09
638.41193,6385,6380,179,30,6.04
638.511918,6385,6380,209,30,6.04
638.61193,6385,6380,209,30,6.04
638.711918,6385,6380,209,30,6.08
638.811917,6385,6380,240,30,6.08
638.911919,6385,6380,240,30,6.06
639.011919,6385,6380,240,30,6.06
639.111917,6385,6380,240,30,6.09
639.211919,6385,6380,281,30,6.09
639.311919,6385,6380,281,30,6.09
639.41192,6385,6380,281,30,6.05
639.511918,6385,6380,87,30,6.05
639.611919,6385,6380,87,30,6.05
639.711919,6385,6380,87,30,6.06
639.811919,6385,6380,117,30,6.06
639.911919,6385,6380,117,30,6.07
640.011918,6385,6380,117,30,6.07
640.111919,6385,6380,117,30,6.08
640.21192,6385,6380,160,30,6.08
640.311919,6385,6380,160,30,6.08
640.41192,6385,6380,160,30,6.05
640.511919,6385,6380,191,30,6.05
640.611919,6385,6380,191,30,6.05
640.711918,6385,6380,191,30,6.04
640.811921,6385,6380,85,30,6.04
640.911918,6385,6380,85,30,6.03
641.011919,6385,6380,85,30,6.03
641.111919,6385,6380,85,30,6.04
641.211947,6385,6380,126,30,6.04
641.311937,6385,6380,126,30,6.04
641.411937,6385,6380,126,30,6.05
641.511931,6385,6380,156,30,6.05
641.611918,6385,6380,156,30,6.05
641.711919,6385,6380,156,30,6.07
641.81192,6385,6380,81,30,6.07
641.911918,6385,6380,81,30,6.03
642.011922,6385,6380,81,30,6.03
642.111919,6385,6380,81,30,6.07
642.211928,6385,6380,81,30,6.07
642.311917,6385,6380,81,30,6.07
642.411919,6385,6380,81,30,6.07
642.511918,6385,6380,81,30,6.07
642.611918,6385,6380,81,30,6.07
642.711919,6385,6380,81,30,6.02
642.811926,6385,6380,114,30,6.02
642.911919,6385,6380,114,30,6.06
643.011919,6385,6380,114,30,6.06
643.111936,6385,6380,114,30,6.08
643.211919,6385,6380,158,30,6.08
643.311918,6385,6380,158,30,6.08
643.411919,6385,6380,158,30,6.02
643.511919,6385,6380,143,30,6.02
643.61192,6385,6376,143,30,6.02
643.711918,6385,6376,143,30,6.03
643.81192,6385,6380,177,30,6.03
643.911919,6385,6380,177,30,6.02
644.011918,6385,6380,177,30,6.02
644.111926,6385,6380,177,30,6.02
644.211919,6385,6380,88,30,6.02
644.311919,6385,6380,88,30,6.02
644.411919,6385,6380,88,30,6.01
644.511918,6385,6380,119,30,6.01
644.611919,6385,6380,119,30,6.01
644.711919,6385,6380,119,30,6.02
644.811927,6385,6380,150,30,6.02
644.911919,6385,6380,150,30,6.03
645.011918,6385,6384,150,30,6.03
645.111919,6385,6380,150,30,6.07
645.211918,6385,6380,87,30,6.07
645.311919,6385,6380,87,30,6.07
645.411918,6385,6380,87,30,6.09
645.511919,6385,6380,117,30,6.09
645.61192,6385,6380,117,30,6.09
645.711919,6385,6380,117,30,6.07
645.81192,6385,6380,148,30,6.07
645.911919,6385,6380,148,30,6.06
646.01192,6385,6380,148,30,6.06
646.11192,6385,6380,148,30,6.08
646.21192,6385,6380,191,30,6.08
646.311919,6385,6380,191,30,6.08
646.411918,6385,6380,191,30,6.02
646.511919,6385,6380,221,30,6.02
646.611919,6385,6380,221,30,6.02
646.711927,6385,6380,221,30,6.06
646.811919,6385,6380,252,30,6.06
646.911921,6385,6380,252,30,5.99
647.011919,6385,6380,252,30,5.99
647.111953,6385,6380,252,30,6.07
647.211918,6385,6380,293,30,6.07
647.311949,6385,6380,293,30,6.07
647.411919,6385,6380,293,30,6.07
647.511918,6385,6380,324,30,6.07
647.611931,6385,6380,324,30,6.07
647.711919,6385,6380,324,30,6.06
647.811919,6385,6380,354,30,6.06
647.911918,6385,6380,354,30,6.08
648.011918,6385,6380,354,30,6.08
648.11192,6385,6380,354,30,6.08
648.211919,6385,6380,395,30,6.08
648.311919,6385,6380,395,30,6.08
648.411919,6385,6380,395,30,6.08
648.511917,6385,6380,426,30,6.08
648.61192,6385,6380,426,30,6.08
648.711918,6385,6380,426,30,6.05
648.811926,6385,6380,80,30,6.05
648.911919,6385,6384,80,30,6.04
649.011919,6385,6384,80,30,6.04
649.111919,6385,6380,80,30,6.08
649.211921,6385,6380,78,30,6.08
649.311927,6385,6380,78,30,6.08
649.41192,6385,6380,78,30,6.06
649.511919,6385,6380,88,30,6.06
649.61192,6385,6380,88,30,6.06
649.71192,6385,6380,88,30,6.08
649.811921,6385,6380,107,30,6.08
649.91192,6385,6380,107,30,6.08
650.01192,6385,6380,107,30,6.08
650.11192,6385,6380,107,30,6.08
650.211921,6385,6380,81,30,6.08
650.311927,6385,6380,81,30,6.08
650.411977,6385,6380,81,30,6.08
650.511931,6385,6380,92,30,6.08
650.611975,6385,6380,92,30,6.08
650.711933,6385,6380,92,30,6.09
650.811952,6385,6380,97,30,6.09
650.911932,6385,6380,97,30,6.08
651.011933,6385,6380,97,30,6.08
651.111931,6385,6380,97,30,6.08
651.211934,6385,6380,138,30,6.08
651.311933,6385,6380,138,30,6.08
651.411931,6385,6380,138,30,6.08
651.511932,6385,6380,168,30,6.08
651.611932,6385,6380,168,30,6.08
651.711932,6385,6380,168,30,6.07
651.811932,6385,6380,199,30,6.07
651.911931,6385,6380,199,30,6.01
652.011933,6385,6380,199,30,6.01
652.111941,6385,6380,199,30,6.07
652.211934,6385,6380,240,30,6.07
652.311932,6385,6380,240,30,6.07
652.411933,6385,6380,240,30,6.07
652.511933,6385,6380,271,30,6.07
652.611932,6385,6380,271,30,6.07
652.711932,6385,6380,271,30,6.07
652.811933,6385,6380,302,30,6.07
652.911931,6385,6380,302,30,6.06
653.011933,6385,6380,302,30,6.06
653.11194,6385,6380,302,30,6.07
653.211933,6385,6380,342,30,6.07
653.311931,6385,6380,342,30,6.07
653.411931,6385,6380,342,30,6.04
653.511931,6385,6380,373,30,6.04
653.611931,6385,6380,373,30,6.04
653.711941,6385,6380,373,30,6.08
653.811934,6385,6380,404,30,6.08
653.911933,6385,6380,404,30,6.05
654.011932,6385,6380,404,30,6.05
654.111932,6385,6380,404,30,6.08
654.211932,6385,6380,445,30,6.08
654.311931,6385,6380,445,30,6.08
654.411932,6385,6380,445,30,6.04
654.511931,6385,6380,93,30,6.04
654.611933,6385,6380,93,30,6.04
654.711933,6385,6380,93,30,6.05
654.811932,6385,6380,126,30,6.05
654.911931,6385,6380,126,30,6.06
655.011933,6385,6380,126,30,6.06
655.111933,6385,6380,126,30,6.05
655.211932,6385,6380,168,30,6.05
655.311933,6385,6380,168,30,6.05
655.411931,6385,6380,168,30,6.06
655.51195,6385,6380,199,30,6.06
655.611942,6385,6380,199,30,6.06
655.711982,6385,6380,199,30,6.06
655.81194,6385,6380,230,30,6.06
655.911949,6385,6380,230,30,6.08
656.011933,6385,6380,230,30,6.08
656.111931,6385,6380,230,30,6.07
656.211933,6385,6380,271,30,6.07
656.311931,6385,6380,271,30,6.07
656.411933,6385,6380,271,30,6.05
656.511933,6385,6380,302,30,6.05
656.611978,6385,6380,302,30,6.05
656.71194,6385,6380,302,30,6.08
656.811981,6385,6380,107,30,6.08
656.911932,6385,6380,107,30,6.06
657.011949,6385,6380,107,30,6.06
657.111932,6385,6380,107,30,6.09
657.211933,6385,6380,97,30,6.09
657.311932,6385,6380,97,30,6.09
657.411933,6385,6380,97,30,6.08
657.511933,6385,6380,127,30,6.08
657.611933,6385,6380,127,30,6.08
657.71193,6385,6380,127,30,6.04
657.811931,6385,6380,158,30,6.04
657.911932,6385,6380,158,30,5.99
658.011933,6385,6380,158,30,5.99
658.111933,6385,6380,158,30,6.08
658.211932,6385,6380,117,30,6.08
658.311933,6385,6380,117,30,6.08
658.411934,6385,6380,117,30,6.05
658.511932,6385,6380,148,30,6.05
658.611932,6385,6380,148,30,6.05
658.711932,6385,6380,148,30,6.05
658.811933,6385,6380,179,30,6.05
658.911932,6385,6380,179,30,6.03
659.011932,6385,6380,179,30,6.03
659.111932,6385,6380,179,30,6.08
659.211933,6385,6380,221,30,6.08
659.311932,6385,6380,221,30,6.08
659.411934,6385,6380,221,30,6.05
659.511933,6385,6380,252,30,6.05
659.611933,6385,6380,252,30,6.05
659.711933,6385,6380,252,30,6.07
659.811932,6385,6380,283,30,6.07
659.911933,6385,6380,283,30,6.08
660.011932,6385,6380,283,30,6.08
660.111933,6385,6380,283,30,6.02
660.211932,6385,6380,92,30,6.02
660.311941,6385,6380,92,30,6.02
660.411933,6385,6380,92,30,6.05
660.511933,6385,6380,80,30,6.05
660.611931,6385,6380,80,30,6.05
660.711934,6385,6380,80,30,6.07
660.811934,6385,6380,80,30,6.07
660.911943,6385,6380,80,30,6.09
661.011931,6385,6380,80,30,6.09
661.111932,6385,6380,80,30,6.03
661.211932,6385,6380,121,30,6.03
661.311934,6385,6380,121,30,6.03
661.411933,6385,6380,121,30,6.06
661.511939,6385,6376,363,30,6.06
661.611933,6385,6380,363,30,6.06
661.711934,6385,6376,363,30,6.06
661.811933,6385,6380,80,30,6.06
661.911933,6385,6380,80,30,6.06
662.011934,6385,6380,80,30,6.06
662.111933,6385,6380,80,30,6.03
662.211932,6385,6380,95,30,6.03
662.311948,6385,6380,95,30,6.03
662.411933,6385,6380,95,30,6.04
662.511944,6385,6380,133,30,6.04
662.611932,6385,6380,133,30,6.04
662.711987,6385,6380,133,30,6.08
662.811932,6385,6380,92,30,6.08
662.911947,6385,6380,92,30,6.07
663.011932,6385,6380,92,30,6.07
663.11193,6385,6380,92,30,6.06
663.211933,6385,6380,134,30,6.06
663.311933,6385,6380,134,30,6.06
663.411933,6385,6380,134,30,6.09
663.511931,6385,6380,165,30,6.09
663.611932,6385,6380,165,30,6.09
663.71193,6385,6380,165,30,6.08
663.811934,6385,6380,196,30,6.08
663.911931,6385,6380,196,30,6.07
664.011931,6385,6380,196,30,6.07
664.111932,6385,6380,196,30,6.06
664.211932,6385,6380,240,30,6.06
664.311932,6385,6380,240,30,6.06
664.411931,6385,6380,240,30,6.07
664.511932,6385,6380,271,30,6.07
664.611932,6385,6380,271,30,6.07
664.711931,6385,6380,271,30,6.05
664.811933,6385,6380,302,30,6.05
664.911932,6385,6380,302,30,6.08
665.011932,6385,6380,302,30,6.08
665.111932,6385,6380,302,30,6.07
665.211933,6385,6380,342,30,6.07
665.311932,6385,6380,342,30,6.07
665.411932,6385,6380,342,30,6.08
665.511939,6385,6380,373,30,6.08
665.611932,6385,6380,373,30,6.08
665.711931,6385,6380,373,30,5.97
665.811934,6385,6380,404,30,5.97
665.911935,6385,6380,404,30,6.08
666.011932,6385,6380,404,30,6.08
666.11198,6385,6380,404,30,6.07
666.211939,6385,6380,445,30,6.07
666.31196,6385,6380,445,30,6.07
666.411931,6385,6380,445,30,6.07
666.511949,6385,6380,476,30,6.07
666.611948,6385,6380,476,30,6.07
666.711932,6385,6380,476,30,6.07
666.811941,6385,6380,573,30,6.07
666.911932,6385,6376,573,30,6.07
667.011932,6385,6376,573,30,6.07
667.111932,6385,6380,573,30,6.06
667.211934,6385,6380,575,30,6.06
667.311932,6385,6380,575,30,6.06
667.411933,6385,6376,575,30,6.06
667.511931,6385,6376,170,30,6.06
667.611933,6385,6376,170,30,6.06
667.711932,6385,6376,170,30,6.09
667.811933,6385,6376,361,30,6.09
667.911933,6385,6376,361,30,6.08
668.011933,6385,6376,361,30,6.08
668.111932,6385,6376,361,30,6.05
668.211932,6385,6376,293,30,6.05
668.311932,6385,6376,293,30,6.05
668.411932,6385,6376,293,30,6.08
668.511933,6385,6376,346,30,6.08
668.611933,6385,6376,346,30,6.08
668.711941,6385,6376,346,30,6.08
668.811932,6385,6376,400,30,6.08
668.911932,6385,6376,400,30,6.05
669.011933,6385,6376,400,30,6.05
669.111932,6385,6376,400,30,6.07
669.211933,6385,6376,474,30,6.07
669.311938,6385,6376,474,30,6.07
669.411933,6385,6376,474,30,6.05
669.511933,6385,6376,610,30,6.05
669.611935,6385,6376,610,30,6.05
669.711932,6385,6376,610,30,6.07
669.811983,6385,6380,295,30,6.07
669.911933,6385,6376,295,30,6.05
670.011951,6385,6380,295,30,6.05
670.111933,6385,6376,295,30,6.03
670.211934,6385,6376,650,30,6.03
670.311932,6385,6376,650,30,6.03
670.411932,6385,6376,650,30,6.08
670.511932,6385,6376,278,30,6.08
670.611933,6385,6380,278,30,6.08
670.711932,6385,6380,278,30,6.09
670.811941,6385,6380,151,30,6.09
670.911932,6385,6380,151,30,6.08
671.011933,6385,6376,151,30,6.08
671.111931,6385,6380,151,30,6.08
671.211932,6385,6376,527,30,6.08
671.311932,6385,6376,527,30,6.08
671.411933,6385,6380,527,30,6.09
671.511939,6385,6380,235,30,6.09
671.611933,6385,6380,235,30,6.09
671.711932,6385,6380,235,30,6.09
671.811935,6385,6380,266,30,6.09
671.911932,6385,6380,266,30,6.08
672.011932,6385,6380,266,30,6.08
672.111934,6385,6380,266,30,6.09
672.211934,6385,6380,307,30,6.09
672.311933,6385,6380,307,30,6.09
672.411933,6385,6380,307,30,6.06
672.511932,6385,6380,80,30,6.06
672.611934,6385,6380,80,30,6.06
672.711935,6385,6380,80,30,6.09
672.811935,6385,6380,78,30,6.09
672.911934,6385,6380,78,30,6.09
673.011933,6385,6380,78,30,6.09
673.111933,6385,6384,78,30,6.07
673.211933,6385,6384,0,30,6.07
673.311933,6385,6380,0,30,6.07
673.411931,6385,6380,0,30,6.08
673.511932,6385,6380,78,30,6.08
673.611934,6385,6380,78,30,6.08
673.711931,6385,6380,78,30,6.08
673.811933,6385,6380,80,30,6.08
673.911931,6385,6380,80,30,6.08
674.011934,6385,6380,80,30,6.08
674.111934,6385,6380,80,30,6.08
674.211933,6385,6380,87,30,6.08
674.311933,6385,6380,87,30,6.08
674.411941,6385,6380,87,30,6.07
674.511933,6385,6380,85,30,6.07
674.611934,6385,6380,85,30,6.07
674.711931,6385,6380,85,30,6.09
674.811933,6385,6380,107,30,6.09
674.911934,6385,6380,107,30,6.07
675.011987,6385,6380,107,30,6.07
675.111932,6385,6380,107,30,6.08
675.211976,6385,6380,148,30,6.08
675.311933,6385,6380,148,30,6.08
675.411944,6385,6380,148,30,6.08
675.511931,6385,6380,179,30,6.08
675.611981,6385,6380,179,30,6.08
675.711933,6385,6380,179,30,6.08
675.811961,6385,6380,209,30,6.08
675.911932,6385,6380,209,30,6.08
676.01195,6385,6380,209,30,6.08
676.111933,6385,6380,209,30,6.09
676.211933,6385,6380,78,30,6.09
676.311933,6385,6380,78,30,6.09
676.411933,6385,6380,78,30,6.08
676.511935,6385,6380,80,30,6.08
676.611932,6385,6380,80,30,6.08
676.711941,6385,6380,80,30,6.08
676.811932,6385,6380,0,30,6.08
676.911933,6385,6380,0,30,6.09
677.011933,6385,6380,0,30,6.09
677.111933,6385,6380,0,30,6.06
677.211944,6385,6380,97,30,6.06
677.311931,6385,6380,97,30,6.06
677.411932,6385,6380,97,30,6.06
677.511939,6385,6380,127,30,6.06
677.611933,6385,6380,127,30,6.06
677.711933,6385,6380,127,30,6.06
677.811934,6385,6380,158,30,6.06
677.911933,6385,6380,158,30,6.08
678.011933,6385,6380,158,30,6.08
678.11194,6385,6380,158,30,6.05
678.211933,6385,6380,199,30,6.05
678.311933,6385,6380,199,30,6.05
678.411932,6385,6380,199,30,6.08
678.511932,6385,6380,230,30,6.08
678.611933,6385,6376,230,30,6.08
678.711933,6385,6380,230,30,6.08
678.811933,6385,6380,267,30,6.08
678.911941,6385,6380,267,30,6.07
679.011933,6385,6380,267,30,6.07
679.111934,6385,6376,267,30,6.09
679.211932,6385,6380,315,30,6.09
679.311941,6385,6380,315,30,6.09
679.411934,6385,6380,315,30,6.05
679.511935,6385,6380,346,30,6.05
679.611932,6385,6380,346,30,6.05
679.711933,6385,6380,346,30,6.06
679.811933,6385,6380,377,30,6.06
679.911932,6385,6380,377,30,6.07
680.011933,6385,6380,377,30,6.07
680.111932,6385,6380,377,30,6.07
680.211931,6385,6380,83,30,6.07
680.311933,6385,6380,83,30,6.07
680.411934,6385,6380,83,30,6.07
680.511933,6385,6380,114,30,6.07
680.611933,6385,6380,114,30,6.07
680.711932,6385,6380,114,30,6.08
680.811934,6385,6380,146,30,6.08
680.911932,6385,6380,146,30,6.08
681.011933,6385,6380,146,30,6.08
681.111932,6385,6380,146,30,6.09
681.211932,6385,6380,192,30,6.09
681.311932,6385,6376,192,30,6.09
681.411933,6385,6380,192,30,6.06
681.511935,6385,6380,223,30,6.06
681.611932,6385,6380,223,30,6.06
681.711933,6385,6380,223,30,6.08
681.811933,6385,6380,255,30,6.08
681.911934,6385,6380,255,30,6.08
682.011932,6385,6380,255,30,6.08
682.111989,6385,6380,255,30,6.07
682.211942,6385,6380,104,30,6.07
682.31195,6385,6380,104,30,6.07
682.411932,6385,6380,104,30,6.08
682.511932,6385,6380,134,30,6.08
682.611932,6385,6380,134,30,6.08
682.711932,6385,6380,134,30,6.08
682.811941,6385,6380,165,30,6.08
682.911932,6385,6380,165,30,6.08
683.011932,6385,6380,165,30,6.08
683.111934,6385,6380,165,30,6.08
683.211934,6385,6380,206,30,6.08
683.311951,6385,6380,206,30,6.08
683.411933,6385,6380,206,30,6.08
683.511933,6385,6380,237,30,6.08
683.611933,6385,6380,237,30,6.08
683.711932,6385,6380,237,30,6.08
683.811935,6385,6380,267,30,6.08
683.911934,6385,6380,267,30,6.08
684.011941,6385,6380,267,30,6.08
684.111939,6385,6380,267,30,6.07
684.211933,6385,6380,308,30,6.07
684.311932,6385,6380,308,30,6.07
684.411933,6385,6380,308,30,6.06
684.511941,6385,6380,339,30,6.06
684.611933,6385,6380,339,30,6.06
684.71199,6385,6380,339,30,6.08
684.811933,6385,6380,370,30,6.08
684.91195,6385,6380,370,30,6.08
685.011934,6385,6380,370,30,6.08
685.111932,6385,6380,370,30,6.08
685.211933,6385,6380,83,30,6.08
685.311932,6385,6380,83,30,6.08
685.411934,6385,6380,83,30,6.06
685.511936,6385,6380,100,30,6.06
685.611944,6385,6380,100,30,6.06
685.711932,6385,6380,100,30,6.08
685.811932,6385,6380,81,30,6.08
685.911932,6385,6380,81,30,6.07
686.011931,6385,6380,81,30,6.07
686.111933,6385,6380,81,30,6.06
686.211933,6385,6380,98,30,6.06
686.311932,6385,6380,98,30,6.06
686.411933,6385,6380,98,30,6.07
686.511934,6385,6380,87,30,6.07
686.611932,6385,6380,87,30,6.07
686.711932,6385,6380,87,30,6.06
686.811932,6385,6380,78,30,6.06
686.911932,6385,6380,78,30,6.08
687.011933,6385,6380,78,30,6.08
687.111933,6385,6380,78,30,6.08
687.211933,6385,6380,85,30,6.08
687.311932,6385,6380,85,30,6.08
687.411931,6385,6380,85,30,6.08
687.511932,6385,6380,80,30,6.08
687.611931,6385,6380,80,30,6.08
687.711979,6385,6380,80,30,6.07
687.811933,6385,6380,163,30,6.07
687.911991,6385,6380,163,30,6.07
688.011932,6385,6380,163,30,6.07
688.111983,6385,6384,163,30,6.07
688.211931,6385,6380,327,30,6.07
688.311951,6385,6380,327,30,6.07
688.411933,6385,6380,327,30,6.08
688.511949,6385,6380,163,30,6.08
688.611934,6385,6380,163,30,6.08
688.711933,6385,6384,163,30,6.09
688.81193,6385,6384,0,30,6.09
688.911933,6385,6384,0,30,6.08
689.011934,6385,6380,0,30,6.08
689.111932,6385,6384,0,30,6.08
689.211933,6385,6380,163,30,6.08
689.311933,6385,6380,163,30,6.08
689.41193,6385,6380,163,30,6.08
689.511931,6385,6380,78,30,6.08
689.611932,6385,6380,78,30,6.08
689.711934,6385,6380,78,30,6.09
689.811933,6385,6380,78,30,6.09
689.911933,6385,6380,78,30,6.08
690.011933,6385,6384,78,30,6.08
690.111931,6385,6380,78,30,6.09
690.211932,6385,6380,78,30,6.09
690.311942,6385,6380,78,30,6.09
690.411933,6385,6380,78,30,6.07
690.511931,6385,6380,80,30,6.07
690.611932,6385,6380,80,30,6.07
690.711932,6385,6380,80,30,6.03
690.811932,6385,6380,110,30,6.03
690.911931,6385,6380,110,30,6.06
691.011932,6385,6380,110,30,6.06
691.111939,6385,6380,110,30,6.07
691.211933,6385,6380,80,30,6.07
691.311931,6385,6380,80,30,6.07
691.411933,6385,6384,80,30,6.07
691.511933,6385,6380,0,30,6.07
691.611931,6385,6384,0,30,6.07
691.711932,6385,6380,0,30,6.08
691.811933,6385,6380,0,30,6.08
691.911931,6385,6384,0,30,6.08
692.011933,6385,6380,0,30,6.08
692.111938,6385,6380,0,30,6.08
692.211932,6385,6380,80,30,6.08
692.311935,6385,6380,80,30,6.08
692.411933,6385,6384,80,30,6.08
692.511933,6385,6384,0,30,6.08
692.611933,6385,6384,0,30,6.08
692.711933,6385,6380,0,30,6.09
692.811932,6385,6384,163,30,6.09
692.911933,6385,6380,163,30,6.09
693.011933,6385,6384,163,30,6.09
693.111932,6385,6384,163,30,6.07
693.211934,6385,6380,78,30,6.07
693.311932,6385,6384,78,30,6.07
693.411934,6385,6380,78,30,6.08
693.511931,6385,6380,163,30,6.08
693.611933,6385,6384,163,30,6.08
693.711933,6385,6380,163,30,6.04
693.811956,6385,6380,80,30,6.04
693.911933,6385,6384,80,30,6.08
694.011955,6385,6380,80,30,6.08
694.111933,6385,6380,80,30,6.07
694.21201,6385,6380,0,30,6.07
694.311932,6385,6380,0,30,6.07
694.411976,6385,6384,0,30,6.07
694.511933,6385,6384,0,30,6.07
694.611993,6385,6380,0,30,6.07
694.711932,6385,6384,0,30,6.09
694.811946,6385,6380,0,30,6.09
694.911932,6385,6384,0,30,6.08
695.011952,6385,6384,0,30,6.08
695.111933,6385,6392,0,30,6.07
695.211937,6385,6392,163,30,6.07
695.311932,6385,6388,163,30,6.07
695.411934,6385,6384,163,30,6.05
695.511939,6385,6384,0,30,6.05
695.611934,6385,6384,0,30,6.05
695.711933,6385,6380,0,30,6
695.811935,6385,6384,163,30,6
695.911935,6385,6380,163,30,6.06
696.011933,6385,6388,163,30,6.06
696.111934,6385,6384,163,30,6.09
696.211932,6385,6380,78,30,6.09
696.311933,6385,6380,78,30,6.09
696.411932,6385,6380,78,30,6.06
696.511933,6385,6380,83,30,6.06
696.611934,6385,6380,83,30,6.06
696.711933,6385,6380,83,30,6.08
696.811933,6385,6380,114,30,6.08
696.911932,6385,6380,114,30,6.09
697.011933,6385,6380,114,30,6.09
697.111932,6385,6380,114,30,6.09
697.211933,6385,6380,114,30,6.09
697.311933,6385,6380,114,30,6.09
697.411932,6385,6380,114,30,6.04
697.511932,6385,6380,145,30,6.04
697.611933,6385,6376,145,30,6.04
697.711931,6385,6380,145,30,6.08
697.811933,6385,6380,179,30,6.08
697.911932,6385,6380,179,30,6.04
698.011934,6385,6380,179,30,6.04
698.111931,6385,6380,179,30,6.08
698.211934,6385,6380,83,30,6.08
698.311931,6385,6384,83,30,6.08
698.411933,6385,6380,83,30,6.06
698.511932,6385,6384,0,30,6.06
698.611933,6385,6380,0,30,6.06
698.711932,6385,6380,0,30,6.07
698.811933,6385,6380,80,30,6.07
698.911933,6385,6380,80,30,6.03
699.011933,6385,6380,80,30,6.03
699.111933,6385,6380,80,30,6.03
699.211933,6385,6380,204,30,6.03
699.311932,6385,6380,204,30,6.03
699.411932,6385,6380,204,30,6
699.511942,6385,6380,109,30,6
699.611949,6385,6380,109,30,6
699.711932,6385,6380,109,30,6.05
699.811945,6385,6380,81,30,6.05
699.911932,6385,6380,81,30,6.05
700.011955,6385,6380,81,30,6.05
700.11194,6385,6380,81,30,6.06
700.211959,6385,6384,80,30,6.06
700.311932,6385,6380,80,30,6.06
700.411933,6385,6384,80,30,6
700.511933,6385,6388,0,30,6
700.611932,6385,6384,0,30,6
700.711932,6385,6388,0,30,6
700.811935,6385,6396,110,30,6
700.911934,6385,6388,110,30,6.05
701.011932,6385,6388,110,30,6.05
701.111933,6385,6388,110,30,6.07
701.211932,6385,6388,0,30,6.07
701.311931,6385,6388,0,30,6.07
701.411933,6385,6384,0,30,6.07
701.511931,6385,6384,0,30,6.07
701.611933,6385,6384,0,30,6.07
701.711933,6385,6384,0,30,6.04
701.811933,6385,6384,0,30,6.04
701.911933,6385,6384,0,30,6.04
702.011932,6385,6392,0,30,6.04
702.111933,6385,6392,0,30,6.06
702.211934,6385,6392,110,30,6.06
702.311932,6385,6388,110,30,6.06
702.411933,6385,6388,110,30,6.06
702.511933,6385,6384,0,30,6.06
702.611933,6385,6384,0,30,6.06
702.711933,6385,6384,0,30,6.09
702.811944,6385,6384,0,30,6.09
702.911933,6385,6384,0,30,6.04
703.011934,6385,6384,0,30,6.04
703.111932,6385,6384,0,30,6.06
703.211933,6385,6380,78,30,6.06
703.311931,6385,6384,78,30,6.06
703.411932,6385,6384,78,30,6.09
703.511933,6385,6384,0,30,6.09
703.611933,6385,6384,0,30,6.09
703.71194,6385,6388,0,30,6.09
703.811932,6385,6392,163,30,6.09
703.911932,6385,6388,163,30,6.05
704.011932,6385,6388,163,30,6.05
704.111948,6385,6388,163,30,6.05
704.211933,6385,6388,0,30,6.05
704.311983,6385,6388,0,30,6.05
704.411932,6385,6388,0,30,6.08
704.511951,6385,6388,0,30,6.08
704.611942,6385,6388,0,30,6.08
704.711932,6385,6388,0,30,6.08
704.811932,6385,6388,0,30,6.08
704.911933,6385,6388,0,30,6.07
705.011933,6385,6384,0,30,6.07
705.111932,6385,6388,0,30,6.08
705.211932,6385,6388,0,30,6.08
705.311932,6385,6384,0,30,6.08
705.411932,6385,6384,0,30,6.07
705.511954,6385,6384,0,30,6.07
705.611933,6385,6384,0,30,6.07
705.711932,6385,6384,0,30,6.08
705.811932,6385,6384,0,30,6.08
705.911935,6385,6384,0,30,6.01
706.011934,6385,6384,0,30,6.01
706.111933,6385,6388,0,30,6.09
706.211932,6385,6384,0,30,6.09
706.311935,6385,6388,0,30,6.09
706.411933,6385,6384,0,30,6.04
706.512001,6385,6384,0,30,6.04
706.611934,6385,6384,0,30,6.04
706.711949,6385,6384,0,30,6.09
706.811934,6385,6380,78,30,6.09
706.911931,6385,6380,78,30,6.08
707.011932,6385,6380,78,30,6.08
707.111932,6385,6380,78,30,6.05
707.211931,6385,6380,85,30,6.05
707.311932,6385,6380,85,30,6.05
707.411931,6385,6380,85,30,6.07
707.511936,6385,6380,105,30,6.07
707.611931,6385,6380,105,30,6.07
707.711931,6385,6380,105,30,6.07
707.811932,6385,6376,141,30,6.07
707.911931,6385,6376,141,30,6.08
708.011932,6385,6380,141,30,6.08
708.111931,6385,6380,141,30,6.06
708.211932,6385,6380,189,30,6.06
708.311933,6385,6380,189,30,6.06
708.411933,6385,6380,189,30,6.08
708.511947,6385,6376,293,30,6.08
708.611941,6385,6376,293,30,6.08
708.711933,6385,6376,293,30,6
708.811941,6385,6376,339,30,6
708.911933,6385,6380,339,30,6.07
709.011934,6385,6380,339,30,6.07
709.111932,6385,6376,339,30,5.98
709.211933,6385,6376,407,30,5.98
709.311932,6385,6384,407,30,5.98
709.411933,6385,6380,407,30,6
709.511944,6385,6376,325,30,6
709.611932,6385,6376,325,30,6
709.711932,6385,6376,325,30,6.06
709.81195,6385,6376,218,30,6.06
709.911931,6385,6376,218,30,6.07
710.011931,6385,6380,218,30,6.07
710.111932,6385,6380,218,30,6.03
710.211933,6385,6380,148,30,6.03
710.311938,6385,6380,148,30,6.03
710.411931,6385,6380,148,30,6.03
710.511942,6385,6380,78,30,6.03
710.611932,6385,6380,78,30,6.03
710.711933,6385,6380,78,30,6.04
710.811932,6385,6380,78,30,6.04
710.911931,6385,6380,78,30,6.07
711.011932,6385,6380,78,30,6.07
711.111931,6385,6380,78,30,6.08
711.211933,6385,6380,98,30,6.08
711.311939,6385,6380,98,30,6.08
711.411932,6385,6380,98,30,6.07
711.511948,6385,6384,327,30,6.07
711.611932,6385,6384,327,30,6.07
711.711996,6385,6380,327,30,6.04
711.811932,6385,6384,0,30,6.04
711.911933,6385,6384,0,30,6.02
712.01194,6385,6392,0,30,6.02
712.111932,6385,6388,0,30,6.03
712.211931,6385,6380,69,30,6.03
712.311932,6385,6384,69,30,6.03
712.411933,6385,6384,69,30,6.04
712.511933,6385,6388,0,30,6.04
712.611931,6385,6384,0,30,6.04
712.711932,6385,6384,0,30,6.02
712.811933,6385,6380,204,30,6.02
712.911931,6385,6384,204,30,6.03
713.011933,6385,6376,204,30,6.03
713.111931,6385,6380,204,30,6.06
713.211933,6385,6380,110,30,6.06
713.311932,6385,6380,110,30,6.06
713.411949,6385,6380,110,30,6.07
713.511932,6385,6380,0,30,6.07
713.611989,6385,6384,0,30,6.07
713.711931,6385,6384,0,30,6.08
713.811932,6385,6384,0,30,6.08
713.911932,6385,6384,0,30,6.04
714.01194,6385,6384,0,30,6.04
714.111931,6385,6388,0,30,6.08
714.211932,6385,6388,0,30,6.08
714.311932,6385,6388,0,30,6.08
714.411932,6385,6392,0,30,6.07
714.511934,6385,6392,110,30,6.07
714.611934,6385,6392,110,30,6.07
714.711932,6385,6384,110,30,6.07
714.811933,6385,6388,163,30,6.07
714.911932,6385,6384,163,30,6.07
715.011933,6385,6388,163,30,6.07
715.111931,6385,6388,163,30,6.08
715.211932,6385,6388,0,30,6.08
715.311933,6385,6396,0,30,6.08
715.411933,6385,6392,0,30,6.06
715.511931,6385,6392,112,30,6.06
715.611933,6385,6392,112,30,6.06
715.711939,6385,6396,112,30,6.08
715.811933,6385,6392,1,30,6.08
715.911931,6385,6392,1,30,5.96
716.011933,6385,6400,1,30,5.96
716.111932,6385,6400,1,30,6.04
716.211933,6385,6396,315,30,6.04
716.311931,6385,6396,315,30,6.04
716.411932,6385,6392,315,30,6.07
716.511933,6385,6392,110,30,6.07
716.611933,6385,6392,110,30,6.07
716.711931,6385,6388,110,30,6.06
716.811933,6385,6388,327,30,6.06
716.911932,6385,6388,327,30,6.07
717.011932,6385,6388,327,30,6.07
717.111932,6385,6388,327,30,6.08
717.211943,6385,6392,110,30,6.08
717.311932,6385,6396,110,30,6.08
717.411933,6385,6392,110,30,6.07
717.51194,6385,6392,112,30,6.07
717.611933,6385,6388,112,30,6.07
717.711945,6385,6392,112,30,6.08
717.811932,6385,6388,0,30,6.08
717.911932,6385,6384,0,30,6.08
718.011934,6385,6392,0,30,6.08
718.111931,6385,6392,0,30,6.03
718.211933,6385,6388,204,30,6.03
718.31193,6385,6392,204,30,6.03
718.411949,6385,6388,204,30,6.05
718.511932,6385,6392,0,30,6.05
718.61198,6385,6392,0,30,6.05
718.711932,6385,6388,0,30,6.07
718.811983,6385,6388,0,30,6.07
718.911933,6385,6384,0,30,6.06
719.01195,6385,6376,0,30,6.06
719.111931,6385,6388,0,30,6.03
719.211932,6385,6380,163,30,6.03
719.311931,6385,6380,163,30,6.03
719.411932,6385,6380,163,30,6.07
719.511932,6385,6380,109,30,6.07
719.611931,6385,6376,109,30,6.07
719.711931,6385,6380,109,30,6.09
719.811934,6385,6380,141,30,6.09
719.911938,6385,6384,141,30,6.08
720.011933,6385,6380,141,30,6.08
720.111931,6385,6376,141,30,6.08
720.211932,6385,6380,114,30,6.08
720.311931,6385,6380,114,30,6.08
720.411932,6385,6380,114,30,6.07
720.51193,6385,6380,145,30,6.07
720.611931,6385,6380,145,30,6.07
720.711932,6385,6380,145,30,6.08
720.811933,6385,6380,175,30,6.08
720.911932,6385,6380,175,30,6.08
721.011932,6385,6380,175,30,6.08
721.111932,6385,6380,175,30,6.07
721.211934,6385,6380,80,30,6.07
721.31193,6385,6388,80,30,6.07
721.411932,6385,6384,80,30,6.07
721.511931,6385,6380,0,30,6.07
721.611932,6385,6384,0,30,6.07
721.711938,6385,6384,0,30,6.06
721.811933,6385,6384,0,30,6.06
721.911931,6385,6388,0,30,6.05
722.011932,6385,6384,0,30,6.05
722.111934,6385,6384,0,30,6.04
722.211932,6385,6388,0,30,6.04
722.311955,6385,6388,0,30,6.04
722.411931,6385,6384,0,30,6.07
722.511976,6385,6388,0,30,6.07
722.61193,6385,6384,0,30,6.07
722.711932,6385,6384,0,30,6.09
722.811932,6385,6384,0,30,6.09
722.911939,6385,6384,0,30,6.08
723.011935,6385,6384,0,30,6.08
723.111931,6385,6384,0,30,6.04
723.211932,6385,6380,0,30,6.04
723.311933,6385,6380,0,30,6.04
723.411932,6385,6384,0,30,6.05
723.511932,6385,6380,78,30,6.05
723.611943,6385,6384,78,30,6.05
723.711932,6385,6384,78,30,6.04
723.811948,6385,6380,0,30,6.04
723.91193,6385,6380,0,30,6.08
724.011961,6385,6380,0,30,6.08
724.111931,6385,6380,0,30,6.05
724.21196,6385,6384,0,30,6.05
724.311931,6385,6384,0,30,6.05
724.411948,6385,6380,0,30,6.07
724.511932,6385,6380,78,30,6.07
724.611932,6385,6380,78,30,6.07
724.711932,6385,6380,78,30,6.08
724.811932,6385,6380,78,30,6.08
724.911933,6385,6384,78,30,6.04
725.011932,6385,6384,78,30,6.04
725.111933,6385,6384,78,30,6.09
725.211932,6385,6384,0,30,6.09
725.311931,6385,6384,0,30,6.09
725.411941,6385,6384,0,30,6.09
725.511932,6385,6384,0,30,6.09
725.611932,6385,6380,0,30,6.09
725.711932,6385,6384,0,30,6.08
725.811932,6385,6384,204,30,6.08
725.911932,6385,6380,204,30,6.07
726.011933,6385,6380,204,30,6.07
726.111931,6385,6380,204,30,6.08
726.211933,6385,6380,80,30,6.08
726.311932,6385,6380,80,30,6.08
726.411933,6385,6384,80,30,6.01
726.511932,6385,6380,0,30,6.01
726.611932,6385,6380,0,30,6.01
726.711932,6385,6384,0,30,6.07
726.811934,6385,6380,163,30,6.07
726.911931,6385,6380,163,30,6.08
727.011932,6385,6380,163,30,6.08
727.111932,6385,6380,163,30,6.07
727.211932,6385,6384,0,30,6.07
727.311931,6385,6384,0,30,6.07
727.411933,6385,6384,0,30,6.07
727.511932,6385,6384,0,30,6.07
727.611934,6385,6380,0,30,6.07
727.711932,6385,6380,0,30,6.09
727.811933,6385,6380,81,30,6.09
727.911932,6385,6380,81,30,6.07
728.011933,6385,6380,81,30,6.07
728.111932,6385,6380,81,30,6.08
728.211932,6385,6384,0,30,6.08
728.311933,6385,6380,0,30,6.08
728.411933,6385,6384,0,30,6.07
728.511932,6385,6384,0,30,6.07
728.611933,6385,6384,0,30,6.07
728.711931,6385,6380,0,30,6.08
728.811932,6385,6380,78,30,6.08
728.911931,6385,6380,78,30,6.05
729.011932,6385,6380,78,30,6.05
729.111932,6385,6380,78,30,6.09
729.211932,6385,6380,78,30,6.09
729.311932,6385,6380,78,30,6.09
729.411932,6385,6384,78,30,6.07
729.511932,6385,6384,0,30,6.07
729.611933,6385,6388,0,30,6.07
729.711932,6385,6388,0,30,6.08
729.811931,6385,6384,0,30,6.08
729.911931,6385,6380,0,30,6.06
730.011934,6385,6384,0,30,6.06
730.111932,6385,6384,0,30,6.09
730.211935,6385,6384,0,30,6.09
730.311932,6385,6380,0,30,6.09
730.411932,6385,6384,0,30,6.07
730.511932,6385,6384,0,30,6.07
730.611933,6385,6384,0,30,6.07
730.711936,6385,6384,0,30,6.09
730.811934,6385,6384,0,30,6.09
730.911932,6385,6384,0,30,6.07
731.011933,6385,6384,0,30,6.07
731.111932,6385,6388,0,30,6.08
731.211934,6385,6384,0,30,6.08
731.311941,6385,6384,0,30,6.08
731.411932,6385,6384,0,30,6.09
731.511932,6385,6380,78,30,6.09
731.611958,6385,6384,78,30,6.09
731.71194,6385,6384,78,30,6.01
731.811975,6385,6384,0,30,6.01
731.91194,6385,6384,0,30,6.08
732.01199,6385,6384,0,30,6.08
732.111932,6385,6384,0,30,6.08
732.211949,6385,6384,0,30,6.08
732.311934,6385,6384,0,30,6.08
732.411933,6385,6384,0,30,6.07
732.511943,6385,6384,0,30,6.07
732.611932,6385,6384,0,30,6.07
732.711933,6385,6384,0,30,6.08
732.811932,6385,6384,0,30,6.08
732.911933,6385,6384,0,30,6.08
733.011932,6385,6384,0,30,6.08
733.111934,6385,6384,0,30,6.09
733.211931,6385,6384,0,30,6.09
733.31195,6385,6380,0,30,6.09
733.411933,6385,6380,0,30,5.96
733.51196,6385,6384,0,30,5.96
733.611933,6385,6384,0,30,5.96
733.711944,6385,6384,0,30,6.06
733.811936,6385,6384,0,30,6.06
733.911949,6385,6384,0,30,6.06
734.011932,6385,6384,0,30,6.06
734.111931,6385,6384,0,30,6.09
734.211941,6385,6380,78,30,6.09
734.31193,6385,6380,78,30,6.09
734.411934,6385,6380,78,30,6.07
734.511931,6385,6380,80,30,6.07
734.611933,6385,6384,80,30,6.07
734.711931,6385,6380,80,30,6.01
734.811933,6385,6380,80,30,6.01
734.911931,6385,6380,80,30,6.06
735.011933,6385,6380,80,30,6.06
735.111931,6385,6380,80,30,6.07
735.211932,6385,6380,92,30,6.07
735.311932,6385,6380,92,30,6.07
735.411934,6385,6380,92,30,6.07
735.511933,6385,6380,88,30,6.07
735.611932,6385,6380,88,30,6.07
735.711932,6385,6380,88,30,6.07
735.811933,6385,6380,93,30,6.07
735.911932,6385,6380,93,30,6.08
736.011932,6385,6380,93,30,6.08
736.111932,6385,6380,93,30,6.08
736.211932,6385,6380,136,30,6.08
736.311934,6385,6380,136,30,6.08
736.411933,6385,6376,136,30,6.07
736.511932,6385,6380,172,30,6.07
736.611933,6385,6384,172,30,6.07
736.711934,6385,6380,172,30,6.06
736.811933,6385,6380,98,30,6.06
736.911949,6385,6380,98,30,6.02
737.011932,6385,6380,98,30,6.02
737.111984,6385,6380,98,30,6.06
737.211933,6385,6380,141,30,6.06
737.311945,6385,6380,141,30,6.06
737.411933,6385,6380,141,30,6.09
737.511932,6385,6380,172,30,6.09
737.611933,6385,6380,172,30,6.09
737.711933,6385,6380,172,30,6.07
737.811934,6385,6380,203,30,6.07
737.911933,6385,6380,203,30,6.08
738.011932,6385,6376,203,30,6.08
738.111932,6385,6380,203,30,6.04
738.211932,6385,6380,245,30,6.04
738.311933,6385,6380,245,30,6.04
738.411933,6385,6380,245,30,6.08
738.511933,6385,6380,276,30,6.08
738.611941,6385,6380,276,30,6.08
738.711932,6385,6380,276,30,6.07
738.811931,6385,6380,78,30,6.07
738.911932,6385,6380,78,30,6.08
739.011932,6385,6380,78,30,6.08
739.111932,6385,6380,78,30,6.06
739.211932,6385,6380,116,30,6.06
739.311933,6385,6380,116,30,6.06
739.411933,6385,6380,116,30,6.08
739.511932,6385,6380,81,30,6.08
739.611933,6385,6380,81,30,6.08
739.71194,6385,6380,81,30,6.09
739.811934,6385,6380,83,30,6.09
739.911932,6385,6380,83,30,6.07
740.011932,6385,6380,83,30,6.07
740.111932,6385,6380,83,30,6.08
740.211931,6385,6380,93,30,6.08
740.311934,6385,6380,93,30,6.08
740.411932,6385,6380,93,30,6.07
740.511934,6385,6380,90,30,6.07
740.611933,6385,6380,90,30,6.07
740.711932,6385,6380,90,30,6.07
740.811942,6385,6380,95,30,6.07
740.911933,6385,6380,95,30,6.08
741.011933,6385,6380,95,30,6.08
741.111934,6385,6380,95,30,6.07
741.211933,6385,6380,81,30,6.07
741.311933,6385,6380,81,30,6.07
741.411932,6385,6380,81,30,6.07
741.511933,6385,6380,85,30,6.07
741.611933,6385,6380,85,30,6.07
741.711955,6385,6380,85,30,6.09
741.811933,6385,6380,117,30,6.09
741.911974,6385,6380,117,30,6.08
742.011932,6385,6380,117,30,6.08
742.111949,6385,6380,117,30,6.06
742.211932,6385,6380,116,30,6.06
742.311933,6385,6380,116,30,6.06
742.411934,6385,6380,116,30,6.07
742.511934,6385,6380,146,30,6.07
742.611933,6385,6380,146,30,6.07
742.711933,6385,6380,146,30,6.08
742.811933,6385,6380,177,30,6.08
742.911932,6385,6380,177,30,6.06
743.011933,6385,6380,177,30,6.06
743.111932,6385,6380,177,30,6.07
743.211932,6385,6380,85,30,6.07
743.311932,6385,6380,85,30,6.07
743.411934,6385,6380,85,30,6.06
743.511932,6385,6380,163,30,6.06
743.611933,6385,6380,163,30,6.06
743.71194,6385,6380,163,30,6.09
743.811932,6385,6380,80,30,6.09
743.911931,6385,6380,80,30,6.08
744.011932,6385,6380,80,30,6.08
744.111933,6385,6380,80,30,6.06
744.211934,6385,6380,80,30,6.06
744.311932,6385,6380,80,30,6.06
744.411933,6385,6380,80,30,6.04
744.511931,6385,6380,78,30,6.04
744.611933,6385,6384,78,30,6.04
744.711932,6385,6384,78,30,6.05
744.811933,6385,6380,78,30,6.05
744.91193,6385,6380,78,30,6.04
745.011933,6385,6384,78,30,6.04
745.111939,6385,6384,78,30,6.05
745.211936,6385,6384,0,30,6.05
745.311932,6385,6380,0,30,6.05
745.411956,6385,6384,0,30,6.08
745.511932,6385,6380,204,30,6.08
745.611979,6385,6384,204,30,6.08
745.711932,6385,6380,204,30,6.06
745.811984,6385,6380,204,30,6.06
745.911932,6385,6380,204,30,6.03
746.01196,6385,6380,204,30,6.03
746.111933,6385,6380,204,30,6.07
746.21195,6385,6380,78,30,6.07
746.311943,6385,6380,78,30,6.07
746.411932,6385,6380,78,30,6.07
746.511933,6385,6380,92,30,6.07
746.611933,6385,6380,92,30,6.07
746.711934,6385,6380,92,30,6.08
746.811934,6385,6380,122,30,6.08
746.911932,6385,6380,122,30,6.08
747.011931,6385,6380,122,30,6.08
747.111932,6385,6380,122,30,6.06
747.211933,6385,6380,163,30,6.06
747.311932,6385,6380,163,30,6.06
747.411933,6385,6380,163,30,6.04
747.511934,6385,6380,81,30,6.04
747.611934,6385,6380,81,30,6.04
747.711933,6385,6380,81,30,6.04
747.811933,6385,6380,0,30,6.04
747.911934,6385,6384,0,30,5.98
748.011933,6385,6380,0,30,5.98
748.111932,6385,6380,0,30,6.05
748.211932,6385,6380,80,30,6.05
748.311933,6385,6380,80,30,6.05
748.411933,6385,6380,80,30,6.08
748.511932,6385,6380,110,30,6.08
748.611932,6385,6380,110,30,6.08
748.711932,6385,6380,110,30,6.07
748.811933,6385,6380,145,30,6.07
748.911932,6385,6376,145,30,6.08
749.01195,6385,6380,145,30,6.08
749.111933,6385,6380,145,30,6.06
749.211984,6385,6380,197,30,6.06
749.311932,6385,6376,197,30,6.06
749.411949,6385,6380,197,30,6.09
749.511932,6385,6376,232,30,6.09
749.611932,6385,6380,232,30,6.09
749.711931,6385,6380,232,30,6.07
749.811932,6385,6380,163,30,6.07
749.91194,6385,6380,163,30,6.08
750.011932,6385,6380,163,30,6.08
750.111932,6385,6380,163,30,6.07
750.211932,6385,6380,307,30,6.07
750.311939,6385,6380,307,30,6.07
750.411933,6385,6380,307,30,6.08
750.511932,6385,6380,81,30,6.08
750.611932,6385,6380,81,30,6.08
750.711932,6385,6380,81,30,6.08
750.811932,6385,6380,80,30,6.08
750.911933,6385,6380,80,30,6.09
751.011933,6385,6380,80,30,6.09
751.111932,6385,6380,80,30,6.07
751.211933,6385,6380,78,30,6.07
751.311933,6385,6380,78,30,6.07
751.411932,6385,6380,78,30,6.08
751.511932,6385,6380,78,30,6.08
751.611944,6385,6380,78,30,6.08
751.711932,6385,6380,78,30,6.06
751.811982,6385,6380,78,30,6.06
751.911933,6385,6380,78,30,6.09
752.011951,6385,6380,78,30,6.09
752.111933,6385,6380,78,30,6.08
752.211933,6385,6380,95,30,6.08
752.311932,6385,6380,95,30,6.08
752.411933,6385,6384,95,30,6.09
752.511931,6385,6380,78,30,6.09
752.611932,6385,6384,78,30,6.09
752.711932,6385,6380,78,30,6.07
752.811951,6385,6380,0,30,6.07
752.911933,6385,6380,0,30,6.08
753.011932,6385,6380,0,30,6.08
753.111931,6385,6380,0,30,6.08
753.211933,6385,6380,117,30,6.08
753.311932,6385,6380,117,30,6.08
753.411934,6385,6380,117,30,6.09
753.511932,6385,6380,148,30,6.09
753.611933,6385,6380,148,30,6.09
753.711934,6385,6380,148,30,6.06
753.811934,6385,6380,179,30,6.06
753.911942,6385,6380,179,30,6.08
754.011931,6385,6380,179,30,6.08
754.111932,6385,6380,179,30,6.09
754.211932,6385,6380,80,30,6.09
754.311932,6385,6380,80,30,6.09
754.411933,6385,6380,80,30,6.09
754.511932,6385,6380,110,30,6.09
754.611932,6385,6380,110,30,6.09
754.711933,6385,6380,110,30,6.08
754.811933,6385,6380,141,30,6.08
754.911932,6385,6380,141,30,6.09
755.011934,6385,6380,141,30,6.09
755.111932,6385,6380,141,30,6.08
755.211933,6385,6380,182,30,6.08
755.311931,6385,6380,182,30,6.08
755.411932,6385,6380,182,30,6.07
755.511933,6385,6380,213,30,6.07
755.611932,6385,6380,213,30,6.07
755.711952,6385,6380,213,30,6.08
755.811933,6385,6380,80,30,6.08
755.911932,6385,6380,80,30,6.08
756.011933,6385,6380,80,30,6.08
756.111932,6385,6380,80,30,6.07
756.211933,6385,6380,78,30,6.07
756.311957,6385,6380,78,30,6.07
756.411932,6385,6380,78,30,6.08
756.511931,6385,6380,83,30,6.08
756.611932,6385,6380,83,30,6.08
756.711932,6385,6380,83,30,6.08
756.811932,6385,6380,88,30,6.08
756.911933,6385,6380,88,30,6.07
757.011932,6385,6380,88,30,6.07
757.111931,6385,6380,88,30,6.08
757.211933,6385,6380,81,30,6.08
757.311936,6385,6380,81,30,6.08
757.411934,6385,6380,81,30,6.07
757.511933,6385,6380,163,30,6.07
757.61194,6385,6380,163,30,6.07
757.711932,6385,6380,163,30,6.09
757.811933,6385,6380,80,30,6.09
757.911934,6385,6380,80,30,6.08
758.011933,6385,6380,80,30,6.08
758.11195,6385,6380,80,30,6.07
758.211932,6385,6380,102,30,6.07
758.311952,6385,6380,102,30,6.07
758.411933,6385,6380,102,30,6.06
758.511959,6385,6380,133,30,6.06
758.611934,6385,6380,133,30,6.06
758.711949,6385,6380,133,30,6.06
758.811932,6385,6380,80,30,6.06
758.911933,6385,6380,80,30,6.08
759.011934,6385,6380,80,30,6.08
759.111931,6385,6380,80,30,6.06
759.211932,6385,6380,81,30,6.06
759.311932,6385,6380,81,30,6.06
759.411934,6385,6380,81,30,6.06
759.511935,6385,6380,85,30,6.06
759.611932,6385,6380,85,30,6.06
759.711933,6385,6380,85,30,6.08
759.811932,6385,6380,81,30,6.08
759.911933,6385,6380,81,30,6.07
760.011933,6385,6380,81,30,6.07
760.111933,6385,6380,81,30,6.06
760.211934,6385,6380,90,30,6.06
760.311932,6385,6380,90,30,6.06
760.411933,6385,6380,90,30,6.03
760.511932,6385,6380,121,30,6.03
760.611933,6385,6380,121,30,6.03
760.711944,6385,6380,121,30,6.09
760.811932,6385,6384,81,30,6.09
760.91196,6385,6380,81,30,6.08
761.011932,6385,6380,81,30,6.08
761.111932,6385,6380,81,30,6.07
761.211932,6385,6380,87,30,6.07
761.311932,6385,6380,87,30,6.07
761.411932,6385,6380,87,30,6.04
761.511932,6385,6380,78,30,6.04
761.611931,6385,6384,78,30,6.04
761.711932,6385,6380,78,30,6.08
761.81194,6385,6380,92,30,6.08
761.911933,6385,6380,92,30,6.07
762.011933,6385,6380,92,30,6.07
762.111931,6385,6380,92,30,6.08
762.211941,6385,6384,78,30,6.08
762.311931,6385,6380,78,30,6.08
762.411933,6385,6380,78,30,6.08
762.511932,6385,6380,78,30,6.08
762.611932,6385,6384,78,30,6.08
762.711935,6385,6380,78,30,6.06
762.811932,6385,6380,204,30,6.06
762.911932,6385,6380,204,30,6.08
763.011933,6385,6380,204,30,6.08
763.111947,6385,6384,204,30,6.08
763.211941,6385,6380,163,30,6.08
763.311978,6385,6380,163,30,6.08
763.411932,6385,6380,163,30,6.07
763.51198,6385,6384,0,30,6.07
763.611942,6385,6380,0,30,6.07
763.71196,6385,6380,0,30,6.05
763.811933,6385,6380,80,30,6.05
763.911949,6385,6380,80,30,6.05
764.011932,6385,6380,80,30,6.05
764.111933,6385,6380,80,30,6.08
764.211932,6385,6380,109,30,6.08
764.311933,6385,6380,109,30,6.08
764.41194,6385,6380,109,30,6.08
764.511932,6385,6380,78,30,6.08
764.611932,6385,6380,78,30,6.08
764.711931,6385,6380,78,30,6.08
764.811933,6385,6380,83,30,6.08
764.911931,6385,6380,83,30,6.06
765.011932,6385,6380,83,30,6.06
765.11193,6385,6380,83,30,6.06
765.211933,6385,6380,124,30,6.06
765.311931,6385,6380,124,30,6.06
765.411932,6385,6380,124,30,6.08
765.511932,6385,6380,155,30,6.08
765.611933,6385,6380,155,30,6.08
765.711932,6385,6380,155,30,6.07
765.811931,6385,6376,185,30,6.07
765.911932,6385,6380,185,30,6.09
766.011932,6385,6380,185,30,6.09
766.111931,6385,6380,185,30,6.08
766.211931,6385,6380,228,30,6.08
766.311932,6385,6380,228,30,6.08
766.411932,6385,6380,228,30,6.06
766.511932,6385,6380,177,30,6.06
766.611932,6385,6380,177,30,6.06
766.711933,6385,6380,177,30,6.08
766.811933,6385,6380,85,30,6.08
766.911931,6385,6380,85,30,6.08
767.011941,6385,6380,85,30,6.08
767.111931,6385,6380,85,30,6.08
767.211933,6385,6380,127,30,6.08
767.311931,6385,6380,127,30,6.08
767.411933,6385,6380,127,30,6.08
767.511933,6385,6380,158,30,6.08
767.611933,6385,6376,158,30,6.08
767.711932,6385,6380,158,30,6.06
767.811936,6385,6380,192,30,6.06
767.911932,6385,6380,192,30,6.08
768.011932,6385,6380,192,30,6.08
768.111933,6385,6380,192,30,6.08
768.211933,6385,6380,233,30,6.08
768.311932,6385,6380,233,30,6.08
768.411932,6385,6380,233,30,6.07
768.511933,6385,6380,264,30,6.07
768.611933,6385,6380,264,30,6.07
768.711932,6385,6380,264,30,6.09
768.811933,6385,6380,295,30,6.09
768.911931,6385,6380,295,30,6.05
769.011933,6385,6380,295,30,6.05
769.111931,6385,6380,295,30,6.08
769.211932,6385,6380,81,30,6.08
769.311932,6385,6380,81,30,6.08
769.411953,6385,6380,81,30,6.09
769.511931,6385,6380,78,30,6.09
769.61198,6385,6380,78,30,6.09
769.711932,6385,6380,78,30,6.09
769.811953,6385,6384,0,30,6.09
769.911931,6385,6384,0,30,6.09
770.011951,6385,6384,0,30,6.09
770.111931,6385,6380,0,30,6.08
770.211933,6385,6384,78,30,6.08
770.311931,6385,6380,78,30,6.08
770.411932,6385,6380,78,30,6.02
770.511932,6385,6384,0,30,6.02
770.61195,6385,6380,0,30,6.02
770.711931,6385,6380,0,30,6.04
770.811985,6385,6380,0,30,6.04
770.911931,6385,6384,0,30,6.09
771.011948,6385,6380,0,30,6.09
771.111933,6385,6384,0,30,6.08
771.211931,6385,6384,0,30,6.08
771.311931,6385,6384,0,30,6.08
771.411933,6385,6388,0,30,6.09
771.511933,6385,6384,0,30,6.09
771.611932,6385,6384,0,30,6.09
771.711931,6385,6384,0,30,6.08
771.811934,6385,6384,0,30,6.08
771.911932,6385,6380,0,30,6.08
772.011933,6385,6384,0,30,6.08
772.111932,6385,6384,0,30,6.06
772.211932,6385,6384,0,30,6.06
772.311933,6385,6388,0,30,6.06
772.411932,6385,6384,0,30,6.05
772.511933,6385,6384,0,30,6.05
772.611932,6385,6384,0,30,6.05
772.711932,6385,6384,0,30,6.08
772.811932,6385,6384,0,30,6.08
772.911931,6385,6384,0,30,6.05
773.011932,6385,6384,0,30,6.05
773.111931,6385,6388,0,30,6.09
773.211933,6385,6388,0,30,6.09
773.311933,6385,6384,0,30,6.09
773.411933,6385,6384,0,30,6.08
773.511932,6385,6384,0,30,6.08
773.611932,6385,6384,0,30,6.08
773.711933,6385,6384,0,30,6.07
773.811932,6385,6388,163,30,6.07
773.911932,6385,6392,163,30,6.06
774.011932,6385,6388,163,30,6.06
774.111933,6385,6392,163,30,6.08
774.211935,6385,6392,441,30,6.08
774.311932,6385,6396,441,30,6.08
774.411933,6385,6392,441,30,6.08
774.511932,6385,6392,127,30,6.08
774.61194,6385,6388,127,30,6.08
774.711933,6385,6388,127,30,6.05
774.811933,6385,6388,0,30,6.05
774.911938,6385,6388,0,30,6.08
775.011932,6385,6388,0,30,6.08
775.111939,6385,6388,0,30,6.08
775.211933,6385,6384,0,30,6.08
775.311933,6385,6392,0,30,6.08
775.411936,6385,6384,0,30,6.07
775.51195,6385,6384,0,30,6.07
775.61195,6385,6388,0,30,6.07
775.711932,6385,6384,0,30,6.09
775.81195,6385,6384,0,30,6.09
775.911935,6385,6384,0,30,6.09
776.011985,6385,6384,0,30,6.09
776.111932,6385,6384,0,30,6.07
776.211976,6385,6380,78,30,6.07
776.31194,6385,6384,78,30,6.07
776.411952,6385,6380,78,30,6.08
776.511933,6385,6380,80,30,6.08
776.611933,6385,6380,80,30,6.08
776.711938,6385,6380,80,30,6.08
776.811935,6385,6380,83,30,6.08
776.911935,6385,6380,83,30,6.07
777.011958,6385,6380,83,30,6.07
777.111949,6385,6380,83,30,6.08
777.211949,6385,6380,81,30,6.08
777.311948,6385,6380,81,30,6.08
777.411975,6385,6380,81,30,6.08
777.51196,6385,6380,81,30,6.08
777.611949,6385,6380,81,30,6.08
777.711957,6385,6380,81,30,6.09
777.811952,6385,6380,78,30,6.09
777.911948,6385,6380,78,30,6.09
778.011933,6385,6380,78,30,6.09
778.111932,6385,6380,78,30,6.07
778.211933,6385,6380,80,30,6.07
778.311932,6385,6380,80,30,6.07
778.411932,6385,6380,80,30,6.05
778.511933,6385,6384,78,30,6.05
778.611933,6385,6380,78,30,6.05
778.711939,6385,6380,78,30,6.08
778.811932,6385,6384,0,30,6.08
778.911932,6385,6384,0,30,6.09
779.011941,6385,6384,0,30,6.09
779.111978,6385,6384,0,30,6.08
779.211933,6385,6384,0,30,6.08
779.311961,6385,6380,0,30,6.08
779.411941,6385,6388,0,30,6.09
779.511949,6385,6384,0,30,6.09
779.611933,6385,6384,0,30,6.09
779.711934,6385,6388,0,30,6.08
779.811941,6385,6388,0,30,6.08
779.91193,6385,6384,0,30,5.97
780.011933,6385,6388,0,30,5.97
780.111931,6385,6384,0,30,6.07
780.211934,6385,6384,0,30,6.07
780.311935,6385,6388,0,30,6.07
780.411935,6385,6384,0,30,6.05
780.511937,6385,6384,0,30,6.05
780.611934,6385,6384,0,30,6.05
780.711936,6385,6388,0,30,6.07
780.811936,6385,6392,0,30,6.07
780.911937,6385,6392,0,30,6.08
781.011936,6385,6392,0,30,6.08
781.111935,6385,6388,0,30,6.08
781.211937,6385,6388,0,30,6.08
781.311933,6385,6392,0,30,6.08
781.411934,6385,6396,0,30,6.07
781.511935,6385,6392,133,30,6.07
781.611934,6385,6396,133,30,6.07
781.711935,6385,6392,133,30,6.08
781.811935,6385,6396,110,30,6.08
781.911933,6385,6392,110,30,6.09
782.011935,6385,6392,110,30,6.09
782.111934,6385,6388,110,30,6.08
782.211942,6385,6392,110,30,6.08
782.311934,6385,6392,110,30,6.08
782.411935,6385,6392,110,30,6.09
782.511941,6385,6388,0,30,6.09
782.611943,6385,6392,0,30,6.09
782.711934,6385,6392,0,30,6.07
782.811935,6385,6392,110,30,6.07
782.911944,6385,6388,110,30,6.08
783.011934,6385,6392,110,30,6.08
783.111983,6385,6392,110,30,6.09
783.211935,6385,6392,204,30,6.09
783.311976,6385,6392,204,30,6.09
783.411934,6385,6388,204,30,6.08
783.511933,6385,6388,0,30,6.08
783.611936,6385,6388,0,30,6.08
783.711934,6385,6388,0,30,6.08
783.811934,6385,6388,0,30,6.08
783.911935,6385,6388,0,30,6.08
784.011934,6385,6388,0,30,6.08
784.111953,6385,6384,0,30,6.07
784.211942,6385,6384,0,30,6.07
784.311939,6385,6384,0,30,6.07
784.411935,6385,6388,0,30,6.09
784.511935,6385,6384,0,30,6.09
784.611934,6385,6384,0,30,6.09
784.711934,6385,6384,0,30,6.08
784.811936,6385,6384,0,30,6.08
784.911935,6385,6384,0,30,6.09
785.011943,6385,6384,0,30,6.09
785.111934,6385,6384,0,30,6.07
785.211935,6385,6384,0,30,6.07
785.311934,6385,6380,0,30,6.07
785.411935,6385,6384,0,30,6.06
785.511934,6385,6380,163,30,6.06
785.611934,6385,6384,163,30,6.06
785.711933,6385,6384,163,30,6.08
785.811934,6385,6384,0,30,6.08
785.911935,6385,6384,0,30,6.09
786.011936,6385,6380,0,30,6.09
786.111934,6385,6384,0,30,6.08
786.211933,6385,6380,0,30,6.08
786.311933,6385,6384,0,30,6.08
786.411935,6385,6380,0,30,6.09
786.511933,6385,6384,78,30,6.09
786.611933,6385,6380,78,30,6.09
786.711934,6385,6384,78,30,6.09
786.811934,6385,6380,0,30,6.09
786.91194,6385,6384,0,30,6.08
787.011934,6385,6380,0,30,6.08
787.111934,6385,6384,0,30,6.09
787.211933,6385,6384,0,30,6.09
787.311935,6385,6384,0,30,6.09
787.411919,6385,6384,0,30,6.08
787.511956,6385,6384,0,30,6.08
787.611919,6385,6384,0,30,6.08
787.711936,6385,6384,0,30,6.08
787.811926,6385,6384,0,30,6.08
787.911918,6385,6384,0,30,6.07
788.01192,6385,6384,0,30,6.07
788.111918,6385,6384,0,30,6.07
788.211919,6385,6388,0,30,6.07
788.311918,6385,6388,0,30,6.07
788.41192,6385,6388,0,30,6.02
788.511926,6385,6384,0,30,6.02
788.611922,6385,6388,0,30,6.02
788.711919,6385,6384,0,30,6.01
788.811948,6385,6384,0,30,6.01
788.911919,6385,6380,0,30,6.09
789.011935,6385,6380,0,30,6.09
789.111919,6385,6384,0,30,6.08
789.211919,6385,6380,87,30,6.08
789.311919,6385,6380,87,30,6.08
789.41192,6385,6380,87,30,6.08
789.511918,6385,6380,80,30,6.08
789.61192,6385,6380,80,30,6.08
789.711927,6385,6380,80,30,6.08
789.81192,6385,6380,83,30,6.08
789.911919,6385,6380,83,30,6.08
790.01192,6385,6380,83,31,6.08
790.111919,6385,6380,83,31,6.07
790.211919,6385,6384,0,31,6.07
790.311918,6385,6380,0,31,6.07
790.411919,6385,6380,0,31,6.08
790.51192,6385,6380,204,31,6.08
790.611918,6385,6380,204,31,6.08
790.711918,6385,6384,204,31,6.07
790.81192,6385,6380,78,31,6.07
790.911919,6385,6384,78,31,6.07
791.01192,6385,6384,78,31,6.07
791.111919,6385,6384,78,31,6.08
791.21192,6385,6384,0,31,6.08
791.311919,6385,6384,0,31,6.08
791.411919,6385,6384,0,31,6.08
791.511918,6385,6384,0,31,6.08
791.61192,6385,6384,0,31,6.08
791.711919,6385,6384,0,31,6.07
791.811921,6385,6388,0,31,6.07
791.911918,6385,6384,0,31,6.07
792.01192,6385,6384,0,31,6.07
792.111919,6385,6380,0,31,6.08
792.211919,6385,6380,78,31,6.08
792.311919,6385,6384,78,31,6.08
792.41192,6385,6384,78,31,6.07
792.51192,6385,6388,0,31,6.07
792.61192,6385,6384,0,31,6.07
792.711926,6385,6388,0,31,6.06
792.81192,6385,6384,0,31,6.06
792.911919,6385,6384,0,31,6.06
793.011921,6385,6384,0,31,6.06
793.111918,6385,6384,0,31,6.03
793.211919,6385,6384,0,31,6.03
793.311921,6385,6384,0,31,6.03
793.411919,6385,6384,0,31,6.08
793.51192,6385,6388,0,31,6.08
793.611919,6385,6392,0,31,6.08
793.711919,6385,6384,0,31,6.01
793.811918,6385,6384,163,31,6.01
793.911919,6385,6392,163,31,5.98
794.011919,6385,6388,163,31,5.98
794.111917,6385,6392,163,31,6.05
794.211919,6385,6388,0,31,6.05
794.311917,6385,6392,0,31,6.05
794.411919,6385,6392,0,31,6.09
794.511918,6385,6392,0,31,6.09
794.611919,6385,6388,0,31,6.09
794.711918,6385,6388,0,31,6.09
794.811935,6385,6388,327,31,6.09
794.911918,6385,6388,327,31,6.07
795.011951,6385,6392,327,31,6.07
795.111917,6385,6388,327,31,6.07
795.211936,6385,6392,204,31,6.07
795.311917,6385,6392,204,31,6.07
795.411936,6385,6388,204,31,6.02
795.511918,6385,6388,0,31,6.02
795.611926,6385,6384,0,31,6.02
795.711919,6385,6380,0,31,6.08
795.81192,6385,6384,0,31,6.08
795.911918,6385,6384,0,31,6.07
796.011917,6385,6384,0,31,6.07
796.111917,6385,6384,0,31,6.07
796.211919,6385,6384,0,31,6.07
796.311918,6385,6384,0,31,6.07
796.411919,6385,6384,0,31,6.08
796.511917,6385,6388,0,31,6.08
796.61192,6385,6388,0,31,6.08
796.711917,6385,6384,0,31,6.08
796.811919,6385,6384,0,31,6.08
796.911921,6385,6384,0,31,6.08
797.01192,6385,6384,0,31,6.08
797.111919,6385,6384,0,31,6.08
797.211919,6385,6384,0,31,6.08
797.31192,6385,6384,0,31,6.08
797.411918,6385,6384,0,31,6.08
797.511936,6385,6384,0,31,6.08
797.611919,6385,6380,0,31,6.08
797.711955,6385,6384,0,31,6.08
797.811918,6385,6384,163,31,6.08
797.911945,6385,6384,163,31,6.06
798.011919,6385,6384,163,31,6.06
798.111919,6385,6384,163,31,6.09
798.211919,6385,6384,0,31,6.09
798.31193,6385,6384,0,31,6.09
798.41192,6385,6384,0,31,6.08
798.511919,6385,6384,0,31,6.08
798.61192,6385,6384,0,31,6.08
798.711918,6385,6384,0,31,6.06
798.811919,6385,6384,0,31,6.06
798.911919,6385,6384,0,31,6.08
799.011919,6385,6384,0,31,6.08
799.111919,6385,6384,0,31,6.07
799.21192,6385,6384,0,31,6.07
799.311918,6385,6380,0,31,6.07
799.411918,6385,6384,0,31,6.09
799.511919,6385,6380,0,31,6.09
799.611921,6385,6384,0,31,6.09
799.711919,6385,6384,0,31,6.07
799.811953,6385,6384,0,31,6.07
799.911918,6385,6384,0,31,6.08
800.011951,6385,6384,0,31,6.08
800.111918,6385,6384,0,31,6.09
800.211937,6385,6384,0,31,6.09
800.311917,6385,6384,0,31,6.09
800.411918,6385,6384,0,31,6.06
800.511917,6385,6384,0,31,6.06
800.611927,6385,6384,0,31,6.06
800.711919,6385,6384,0,31,6.08
800.811917,6385,6384,0,31,6.08
800.911918,6385,6384,0,31,6.05
801.011919,6385,6384,0,31,6.05
801.111918,6385,6388,0,31,6.07
801.21192,6385,6384,0,31,6.07
801.311937,6385,6388,0,31,6.07
801.411919,6385,6388,0,31,6.07
801.511918,6385,6384,0,31,6.07
801.611919,6385,6384,0,31,6.07
801.711918,6385,6388,0,31,6.07
801.811928,6385,6384,0,31,6.07
801.911916,6385,6388,0,31,6.09
802.01192,6385,6388,0,31,6.09
802.11192,6385,6388,0,31,6.09
802.211919,6385,6388,0,31,6.09
802.311926,6385,6388,0,31,6.09
802.411921,6385,6384,0,31,6.07
802.511924,6385,6384,0,31,6.07
802.611919,6385,6384,0,31,6.07
802.711918,6385,6384,0,31,6.06
802.811923,6385,6384,0,31,6.06
802.911918,6385,6380,0,31,6.07
803.011922,6385,6380,0,31,6.07
803.111918,6385,6384,0,31,6.08
803.211919,6385,6384,0,31,6.08
803.311919,6385,6384,0,31,6.08
803.411917,6385,6384,0,31,6.06
803.511918,6385,6384,0,31,6.06
803.611923,6385,6380,0,31,6.06
803.711919,6385,6380,0,31,6.07
803.811927,6385,6384,0,31,6.07
803.911919,6385,6384,0,31,6.08
804.011918,6385,6380,0,31,6.08
804.111917,6385,6380,0,31,6.05
804.211919,6385,6384,0,31,6.05
804.311918,6385,6384,0,31,6.05
804.411918,6385,6380,0,31,6.07
804.511918,6385,6380,80,31,6.07
804.611931,6385,6384,80,31,6.07
804.711918,6385,6384,80,31,6.04
804.811926,6385,6380,327,31,6.04
804.911919,6385,6380,327,31,6.07
805.011919,6385,6384,327,31,6.07
805.111918,6385,6380,327,31,6.08
805.21192,6385,6380,163,31,6.08
805.311921,6385,6380,163,31,6.08
805.41192,6385,6380,163,31,6.07
805.511918,6385,6380,83,31,6.07
805.611939,6385,6380,83,31,6.07
805.711918,6385,6384,83,31,6.02
805.811926,6385,6384,0,31,6.02
805.91192,6385,6380,0,31,6.06
806.011919,6385,6384,0,30,6.06
806.111918,6385,6384,0,30,6.09
806.211921,6385,6384,0,30,6.09
806.311918,6385,6384,0,30,6.09
806.411921,6385,6384,0,30,6.07
806.511927,6385,6388,0,30,6.07
806.61193,6385,6380,0,30,6.07
806.711921,6385,6384,0,30,6.07
806.811927,6385,6380,78,30,6.07
806.911919,6385,6384,78,30,6.05
807.011919,6385,6384,78,31,6.05
807.11192,6385,6384,78,31,6.06
807.211936,6385,6384,0,31,6.06
807.311941,6385,6380,0,31,6.06
807.411948,6385,6384,0,31,6.07
807.511948,6385,6384,0,31,6.07
807.611935,6385,6384,0,31,6.07
807.711937,6385,6384,0,31,6.08
807.811919,6385,6384,0,31,6.08
807.911917,6385,6384,0,31,6.07
808.011918,6385,6384,0,31,6.07
808.111917,6385,6384,0,31,6.05
808.211919,6385,6384,0,31,6.05
808.311919,6385,6384,0,31,6.05
808.41192,6385,6380,0,31,6.05
808.511919,6385,6384,0,31,6.05
808.611919,6385,6380,0,31,6.05
808.711919,6385,6380,0,31,6.07
808.811919,6385,6380,204,31,6.07
808.911918,6385,6384,204,31,6.07
809.011918,6385,6380,204,31,6.07
809.111916,6385,6384,204,31,6.07
809.211918,6385,6384,0,31,6.07
809.311919,6385,6384,0,31,6.07
809.411929,6385,6384,0,31,6.08
809.511918,6385,6380,163,31,6.08
809.611919,6385,6384,163,31,6.08
809.711918,6385,6380,163,31,6.08
809.811926,6385,6380,163,31,6.08
809.911918,6385,6384,163,31,6.06
810.011918,6385,6384,163,31,6.06
810.111927,6385,6380,163,31,6.04
810.211919,6385,6380,163,31,6.04
810.311919,6385,6384,163,31,6.04
810.411918,6385,6380,163,31,6.08
810.51192,6385,6380,0,31,6.08
810.611919,6385,6384,0,31,6.08
810.711919,6385,6388,0,31,6.06
810.811918,6385,6392,0,31,6.06
810.911918,6385,6384,0,31,6.06
811.011918,6385,6384,0,30,6.06
811.11192,6385,6384,0,30,6.08
811.211918,6385,6384,163,30,6.08
811.311933,6385,6384,163,30,6.08
811.411918,6385,6384,163,30,6.08
811.511936,6385,6380,163,30,6.08
811.61192,6385,6380,163,30,6.08
811.711958,6385,6380,163,30,6.06
811.811919,6385,6380,78,30,6.06
811.911954,6385,6380,78,30,6.06
812.01192,6385,6380,78,31,6.06
812.111919,6385,6380,78,31,6.09
812.211919,6385,6384,163,31,6.09
812.311925,6385,6384,163,31,6.09
812.411919,6385,6384,163,31,6.06
812.511925,6385,6384,327,31,6.06
812.611919,6385,6384,327,31,6.06
812.711925,6385,6384,327,31,6.07
812.811919,6385,6384,0,31,6.07
812.911918,6385,6384,0,31,6.09
813.011918,6385,6384,0,31,6.09
813.111918,6385,6384,0,31,6.05
813.211917,6385,6384,0,31,6.05
813.311927,6385,6380,0,31,6.05
813.411944,6385,6384,0,31,6.07
813.511918,6385,6384,0,31,6.07
813.611918,6385,6380,0,31,6.07
813.711918,6385,6384,0,31,6.04
813.811919,6385,6384,0,31,6.04
813.911918,6385,6384,0,31,6.09
814.011918,6385,6380,0,30,6.09
814.111918,6385,6388,0,30,6.07
814.211919,6385,6388,0,30,6.07
814.311926,6385,6388,0,30,6.07
814.411918,6385,6388,0,30,6.08
814.511918,6385,6388,0,30,6.08
814.611938,6385,6388,0,30,6.08
814.711918,6385,6388,0,30,6.09
814.811927,6385,6388,0,30,6.09
814.911918,6385,6384,0,30,6.06
815.01192,6385,6384,0,31,6.06
815.111919,6385,6384,0,31,6.05
815.21192,6385,6384,0,31,6.05
815.311919,6385,6384,0,31,6.05
815.411918,6385,6384,0,31,6.05
815.511926,6385,6384,0,31,6.05
815.611919,6385,6384,0,31,6.05
815.71192,6385,6388,0,31,6.04
815.811919,6385,6384,0,31,6.04
815.911919,6385,6384,0,31,6.07
816.01192,6385,6384,0,30,6.07
816.11192,6385,6384,0,30,6.08
816.211919,6385,6388,0,30,6.08
816.311918,6385,6384,0,30,6.08
816.41193,6385,6384,0,30,6.08
816.511935,6385,6384,0,30,6.08
816.61192,6385,6384,0,30,6.08
816.711974,6385,6384,0,30,6.08
816.811921,6385,6384,0,30,6.08
816.911947,6385,6384,0,30,6.07
817.011919,6385,6384,0,30,6.07
817.111919,6385,6384,0,30,6.09
817.211918,6385,6384,0,30,6.09
817.311916,6385,6384,0,30,6.09
817.411919,6385,6384,0,30,6.08
817.511918,6385,6384,0,30,6.08
817.611918,6385,6380,0,30,6.08
817.711918,6385,6384,0,30,6.07
817.811918,6385,6384,0,30,6.07
817.911918,6385,6384,0,30,6.08
818.011926,6385,6384,0,30,6.08
818.111918,6385,6384,0,30,6.06
818.211928,6385,6380,204,30,6.06
818.311919,6385,6384,204,30,6.06
818.411928,6385,6384,204,30,6.08
818.511918,6385,6384,0,30,6.08
818.61192,6385,6384,0,30,6.08
818.711919,6385,6384,0,30,6.06
818.811919,6385,6384,0,30,6.06
818.911918,6385,6384,0,30,6.06
819.011923,6385,6384,0,31,6.06
819.111926,6385,6380,0,31,6.08
819.211937,6385,6380,327,31,6.08
819.311919,6385,6380,327,31,6.08
819.411952,6385,6384,327,31,6.08
819.511918,6385,6384,0,31,6.08
819.611958,6385,6384,0,31,6.08
819.711918,6385,6384,0,31,6.08
819.811937,6385,6384,78,31,6.08
819.911918,6385,6380,78,31,6.08
820.011925,6385,6380,78,31,6.08
820.111928,6385,6384,78,31,6.09
820.211926,6385,6380,163,31,6.09
820.311936,6385,6384,163,31,6.09
820.411937,6385,6380,163,31,6.09
820.511935,6385,6380,204,31,6.09
820.611935,6385,6380,204,31,6.09
820.711934,6385,6384,204,31,6.09
820.811936,6385,6384,0,31,6.09
820.911934,6385,6384,0,31,6.09
821.011927,6385,6380,0,31,6.09
821.111918,6385,6380,0,31,6.08
821.211919,6385,6380,78,31,6.08
821.311919,6385,6380,78,31,6.08
821.411919,6385,6380,78,31,6.07
821.511927,6385,6384,163,31,6.07
821.61192,6385,6380,163,31,6.07
821.711918,6385,6380,163,31,6.08
821.811919,6385,6384,0,31,6.08
821.911917,6385,6384,0,31,6.09
822.01192,6385,6380,0,31,6.09
822.111918,6385,6380,0,31,6.07
822.21192,6385,6380,83,31,6.07
822.311919,6385,6380,83,31,6.07
822.411919,6385,6380,83,31,6.06
822.511918,6385,6380,114,31,6.06
822.61192,6385,6380,114,31,6.06
822.711917,6385,6380,114,31,6.07
822.811928,6385,6380,81,31,6.07
822.911919,6385,6380,81,31,6.07
823.011921,6385,6380,81,31,6.07
823.111926,6385,6380,81,31,6.08
823.21192,6385,6380,95,31,6.08
823.311919,6385,6380,95,31,6.08
823.411941,6385,6380,95,31,6.07
823.511918,6385,6380,78,31,6.07
823.611955,6385,6380,78,31,6.07
823.711918,6385,6380,78,31,6.07
823.811943,6385,6380,95,31,6.07
823.911918,6385,6380,95,31,6.05
824.011917,6385,6380,95,31,6.05
824.111918,6385,6384,95,31,6.07
824.211918,6385,6384,0,31,6.07
824.311919,6385,6384,0,31,6.07
824.41192,6385,6384,0,31,6.08
824.511917,6385,6380,78,31,6.08
824.611917,6385,6384,78,31,6.08
824.711918,6385,6384,78,31,6.08
824.811919,6385,6384,0,31,6.08
824.911918,6385,6380,0,31,6.06
825.011918,6385,6380,0,31,6.06
825.111917,6385,6380,0,31,6.07
825.211919,6385,6380,163,31,6.07
825.311918,6385,6384,163,31,6.07
825.411918,6385,6384,163,31,6.07
825.511919,6385,6384,204,31,6.07
825.611918,6385,6384,204,31,6.07
825.711926,6385,6384,204,31,6.06
825.81192,6385,6384,0,31,6.06
825.911917,6385,6384,0,31,6.07
826.011935,6385,6384,0,31,6.07
826.111918,6385,6384,0,31,6.08
826.211939,6385,6384,0,31,6.08
826.311917,6385,6384,0,31,6.08
826.411936,6385,6384,0,31,6.08
826.51192,6385,6384,0,31,6.08
826.611918,6385,6380,0,31,6.08
826.711918,6385,6380,0,31,6.08
826.811918,6385,6380,78,31,6.08
826.911919,6385,6380,78,31,6.06
827.01192,6385,6380,78,31,6.06
827.111919,6385,6380,78,31,6.08
827.211919,6385,6380,78,31,6.08
827.311919,6385,6380,78,31,6.08
827.41192,6385,6380,78,31,6.07
827.51192,6385,6380,163,31,6.07
827.611919,6385,6384,163,31,6.07
827.711917,6385,6380,163,31,6.07
827.81192,6385,6384,0,31,6.07
827.911926,6385,6380,0,31,6.08
828.011917,6385,6384,0,31,6.08
828.111918,6385,6380,0,31,6.09
828.211918,6385,6384,0,31,6.09
828.311918,6385,6384,0,31,6.09
828.411919,6385,6384,0,31,6.08
828.511925,6385,6380,0,31,6.08
828.611918,6385,6380,0,31,6.08
828.711918,6385,6380,0,31,6.09
828.811918,6385,6380,78,31,6.09
828.911918,6385,6380,78,31,6.08
829.011917,6385,6380,78,31,6.08
829.111918,6385,6380,78,31,6.09
829.211919,6385,6380,80,31,6.09
829.311917,6385,6380,80,31,6.09
829.411917,6385,6380,80,31,6.07
829.511919,6385,6384,0,31,6.07
829.611918,6385,6384,0,31,6.07
829.711919,6385,6384,0,31,6.08
829.811918,6385,6384,0,31,6.08
829.911926,6385,6384,0,31,6.08
830.011919,6385,6384,0,31,6.08
830.111918,6385,6384,0,31,6.09
830.211918,6385,6384,0,31,6.09
830.311918,6385,6384,0,31,6.09
830.411918,6385,6384,0,31,6.09
830.511927,6385,6380,204,31,6.09
830.611918,6385,6384,204,31,6.09
830.711959,6385,6384,204,31,6.07
830.81192,6385,6384,0,31,6.07
830.911943,6385,6384,0,31,6.08
831.01192,6385,6380,0,31,6.08
831.111918,6385,6380,0,31,6.07
831.211919,6385,6380,0,31,6.07
831.311918,6385,6384,0,31,6.07
831.411919,6385,6380,0,31,6.04
831.511917,6385,6384,0,31,6.04
831.61192,6385,6380,0,31,6.04
831.711919,6385,6384,0,31,6.08
831.811917,6385,6384,0,31,6.08
831.911917,6385,6384,0,31,6.09
832.01192,6385,6384,0,31,6.09
832.111919,6385,6384,0,31,6.08
832.211926,6385,6384,0,31,6.08
832.311931,6385,6384,0,31,6.08
832.411919,6385,6384,0,31,6.09
832.511918,6385,6384,163,31,6.09
832.611918,6385,6380,163,31,6.09
832.711918,6385,6380,163,31,6.07
832.81192,6385,6380,80,31,6.07
832.911926,6385,6380,80,31,6.08
833.011918,6385,6380,80,31,6.08
833.111917,6385,6384,80,31,6.08
833.211919,6385,6380,204,31,6.08
833.311918,6385,6384,204,31,6.08
833.411917,6385,6384,204,31,6.07
833.511918,6385,6384,0,31,6.07
833.611918,6385,6380,0,31,6.07
833.711918,6385,6384,0,31,6.07
833.811919,6385,6380,0,31,6.07
833.911926,6385,6380,0,31,6.07
834.011928,6385,6380,0,31,6.07
834.111916,6385,6380,0,31,6.03
834.211924,6385,6380,78,31,6.03
834.311917,6385,6380,78,31,6.03
834.411919,6385,6380,78,31,6.08
834.511919,6385,6380,163,31,6.08
834.611918,6385,6384,163,31,6.08
834.711918,6385,6380,163,31,6.09
834.811918,6385,6380,78,31,6.09
834.911925,6385,6380,78,31,6.07
835.011924,6385,6380,78,31,6.07
835.111917,6385,6384,78,31,6.06
835.211919,6385,6384,0,31,6.06
835.311918,6385,6384,0,31,6.06
835.411917,6385,6380,0,31,6.06
835.511918,6385,6384,0,31,6.06
835.611918,6385,6384,0,31,6.06
835.71192,6385,6380,0,31,6.07
835.811917,6385,6384,0,31,6.07
835.911952,6385,6384,0,31,6.08
836.011918,6385,6384,0,31,6.08
836.111946,6385,6384,0,31,6.08
836.211918,6385,6384,0,31,6.08
836.311949,6385,6380,0,31,6.08
836.411919,6385,6380,0,31,6.07
836.511947,6385,6380,80,31,6.07
836.611917,6385,6384,80,31,6.07
836.71194,6385,6380,80,31,6.09
836.811917,6385,6380,204,31,6.09
836.911916,6385,6380,204,31,6.06
837.011918,6385,6380,204,31,6.06
837.111916,6385,6380,204,31,6.07
837.211918,6385,6384,78,31,6.07
837.311919,6385,6384,78,31,6.07
837.411918,6385,6380,78,31,6.07
837.511936,6385,6380,0,31,6.07
837.611918,6385,6380,0,31,6.07
837.711916,6385,6380,0,31,6.09
837.811919,6385,6380,78,31,6.09
837.911917,6385,6380,78,31,6.03
838.011927,6385,6380,78,31,6.03
838.111918,6385,6380,78,31,6.06
838.211918,6385,6380,80,31,6.06
838.311918,6385,6380,80,31,6.06
838.411916,6385,6380,80,31,6.07
838.51192,6385,6380,81,31,6.07
838.611919,6385,6380,81,31,6.07
838.71192,6385,6384,81,31,6.08
838.81192,6385,6380,80,31,6.08
838.91192,6385,6380,80,31,6.06
839.01192,6385,6380,80,31,6.06
839.111921,6385,6384,80,31,6.06
839.21192,6385,6380,327,31,6.06
839.311918,6385,6384,327,31,6.06
839.411919,6385,6384,327,31,6.08
839.511917,6385,6380,78,31,6.08
839.61192,6385,6384,78,31,6.08
839.711918,6385,6384,78,31,6.09
839.811918,6385,6384,0,31,6.09
839.911918,6385,6384,0,31,6.09
840.011926,6385,6380,0,31,6.09
840.111919,6385,6384,0,31,6.09
840.211926,6385,6384,0,31,6.09
840.311918,6385,6380,0,31,6.09
840.411918,6385,6384,0,31,6.08
840.511919,6385,6384,0,31,6.08
840.611919,6385,6384,0,31,6.08
840.711926,6385,6380,0,31,6.09
840.811917,6385,6380,163,31,6.09
840.911918,6385,6384,163,31,6.09
841.011917,6385,6380,163,31,6.09
841.111926,6385,6384,163,31,6.09
841.211917,6385,6380,78,31,6.09
841.311925,6385,6384,78,31,6.09
841.41192,6385,6380,78,31,6.04
841.511917,6385,6380,78,31,6.04
841.611918,6385,6384,78,31,6.04
841.711917,6385,6380,78,31,6.08
841.811927,6385,6384,0,31,6.08
841.911918,6385,6384,0,31,6.08
842.011919,6385,6384,0,31,6.08
842.11192,6385,6380,0,31,6.08
842.211919,6385,6380,327,31,6.08
842.311917,6385,6384,327,31,6.08
842.411919,6385,6380,327,31,6.09
842.511926,6385,6380,78,31,6.09
842.611926,6385,6384,78,31,6.09
842.711919,6385,6380,78,31,6.08
842.811952,6385,6384,0,31,6.08
842.911919,6385,6384,0,31,6.08
843.011936,6385,6384,0,31,6.08
843.111918,6385,6384,0,31,6.07
843.211918,6385,6380,204,31,6.07
843.311918,6385,6384,204,31,6.07
843.411918,6385,6384,204,31,6.09
843.511916,6385,6380,78,31,6.09
843.611918,6385,6380,78,31,6.09
843.711917,6385,6380,78,31,6.07
843.811917,6385,6384,0,31,6.07
843.911919,6385,6380,0,31,6.07
844.011919,6385,6384,0,31,6.07
844.111919,6385,6380,0,31,6.09
844.211922,6385,6380,163,31,6.09
844.311917,6385,6380,163,31,6.09
844.411918,6385,6380,163,31,6.06
844.511917,6385,6380,78,31,6.06
844.611916,6385,6384,78,31,6.06
844.711918,6385,6384,78,31,6.07
844.81192,6385,6380,78,31,6.07
844.911918,6385,6380,78,31,6.06
845.01192,6385,6384,78,31,6.06
845.111918,6385,6380,78,31,6.07
845.211919,6385,6384,0,31,6.07
845.311917,6385,6384,0,31,6.07
845.411921,6385,6384,0,31,6.08
845.511917,6385,6384,0,31,6.08
845.611919,6385,6384,0,31,6.08
845.711919,6385,6384,0,31,6.08
845.811927,6385,6380,78,31,6.08
845.911918,6385,6380,78,31,6.08
846.011952,6385,6380,78,31,6.08
846.111918,6385,6380,78,31,6.09
846.211947,6385,6380,78,31,6.09
846.311917,6385,6380,78,31,6.09
846.411921,6385,6384,78,31,6.07
846.511917,6385,6380,81,31,6.07
846.611938,6385,6380,81,31,6.07
846.711918,6385,6380,81,31,6.09
846.811918,6385,6384,0,31,6.09
846.911918,6385,6380,0,31,6.07
847.011919,6385,6380,0,31,6.07
847.111918,6385,6380,0,31,6.07
847.211921,6385,6384,0,31,6.07
847.311918,6385,6384,0,31,6.07
847.411919,6385,6384,0,31,6.08
847.511918,6385,6380,163,31,6.08
847.611918,6385,6384,163,31,6.08
847.711917,6385,6380,163,31,6.09
847.811919,6385,6380,163,31,6.09
847.911918,6385,6384,163,31,6.09
848.01192,6385,6380,163,31,6.09
848.111918,6385,6380,163,31,6.07
848.211926,6385,6380,78,31,6.07
848.311918,6385,6380,78,31,6.07
848.411918,6385,6380,78,31,6.04
848.511919,6385,6380,78,31,6.04
848.611917,6385,6384,78,31,6.04
848.711916,6385,6384,78,31,6.09
848.811936,6385,6384,0,31,6.09
848.911926,6385,6384,0,31,6.08
849.011949,6385,6384,0,31,6.08
849.111918,6385,6380,0,31,6.03
849.211937,6385,6380,83,31,6.03
849.311919,6385,6380,83,31,6.03
849.411918,6385,6380,83,31,6.08
849.511918,6385,6380,85,31,6.08
849.611919,6385,6380,85,31,6.08
849.711917,6385,6380,85,31,6.08
849.81192,6385,6380,80,31,6.08
849.911917,6385,6380,80,31,6.09
850.011917,6385,6380,80,31,6.09
850.111919,6385,6380,80,31,6.07
850.21192,6385,6384,0,31,6.07
850.311918,6385,6380,0,31,6.07
850.411919,6385,6380,0,31,6.08
850.511918,6385,6380,80,31,6.08
850.611919,6385,6380,80,31,6.08
850.711919,6385,6384,80,31,6.08
850.811926,6385,6384,0,31,6.08
850.911919,6385,6380,0,31,6.03
851.011918,6385,6384,0,31,6.03
851.111919,6385,6384,0,31,6.05
851.211918,6385,6384,78,31,6.05
851.311924,6385,6384,78,31,6.05
851.411919,6385,6384,78,31,6.08
851.511917,6385,6384,0,31,6.08
851.611919,6385,6384,0,31,6.08
851.711917,6385,6384,0,31,6.07
851.811918,6385,6384,204,31,6.07
851.911919,6385,6380,204,31,6.07
852.011918,6385,6384,204,31,6.07
852.111919,6385,6384,204,31,6.08
852.21192,6385,6384,0,31,6.08
852.31192,6385,6384,0,31,6.08
852.411918,6385,6384,0,31,6.07
852.511921,6385,6384,0,31,6.07
852.611918,6385,6384,0,31,6.07
852.711919,6385,6384,0,31,6.07
852.811919,6385,6384,0,31,6.07
852.911989,6385,6384,0,31,6.08
853.011925,6385,6380,0,31,6.08
853.111936,6385,6380,0,31,6.07
853.211928,6385,6380,92,31,6.07
853.311917,6385,6380,92,31,6.07
853.41192,6385,6384,92,31,6.08
853.511918,6385,6384,163,31,6.08
853.611918,6385,6384,163,31,6.08
853.711921,6385,6380,163,31,6.08
853.811921,6385,6380,327,31,6.08
853.911917,6385,6380,327,31,6.06
854.01192,6385,6380,327,31,6.06
854.111919,6385,6380,327,31,6.09
854.211919,6385,6384,0,31,6.09
854.311917,6385,6380,0,31,6.09
854.411919,6385,6380,0,31,6.08
854.511917,6385,6384,0,31,6.08
854.61192,6385,6380,0,31,6.08
854.711918,6385,6380,0,31,6.07
854.811918,6385,6380,327,31,6.07
854.911918,6385,6380,327,31,6.09
855.011918,6385,6380,327,31,6.09
855.111917,6385,6380,327,31,6.09
855.211919,6385,6380,80,31,6.09
855.311925,6385,6380,80,31,6.09
855.411918,6385,6380,80,31,6.07
855.511945,6385,6380,81,31,6.07
855.611918,6385,6384,81,31,6.07
855.711925,6385,6380,81,31,6.09
855.811921,6385,6380,80,31,6.09
855.911918,6385,6380,80,31,6.08
856.011919,6385,6380,80,31,6.08
856.111917,6385,6380,80,31,6.08
856.211918,6385,6380,78,31,6.08
856.311917,6385,6384,78,31,6.08
856.411918,6385,6384,78,31,6.08
856.511917,6385,6380,78,31,6.08
856.611917,6385,6380,78,31,6.08
856.711916,6385,6380,78,31,6.07
856.811918,6385,6384,0,31,6.07
856.911917,6385,6384,0,31,6.08
857.011918,6385,6384,0,31,6.08
857.111917,6385,6384,0,31,6.08
857.211918,6385,6380,78,31,6.08
857.311917,6385,6384,78,31,6.08
857.411918,6385,6384,78,31,6.09
857.511917,6385,6384,0,31,6.09
857.611918,6385,6384,0,31,6.09
857.711918,6385,6384,0,31,6.06
857.81192,6385,6384,0,31,6.06
857.911919,6385,6384,0,31,6.08
858.011919,6385,6384,0,31,6.08
858.111917,6385,6384,0,31,6.09
858.211926,6385,6384,0,31,6.09
858.311917,6385,6384,0,31,6.09
858.411918,6385,6384,0,31,6.08
858.511918,6385,6384,0,31,6.08
858.611917,6385,6384,0,31,6.08
858.711918,6385,6384,0,31,6.09
858.811926,6385,6380,0,31,6.09
858.911919,6385,6384,0,31,6.06
859.011918,6385,6384,0,31,6.06
859.111926,6385,6384,0,31,6.08
859.211919,6385,6380,78,31,6.08
859.311917,6385,6380,78,31,6.08
859.411918,6385,6380,78,31,6.07
859.511916,6385,6384,0,31,6.07
859.611919,6385,6384,0,31,6.07
859.711918,6385,6380,0,31,6.08
859.811918,6385,6384,0,31,6.08
859.911918,6385,6384,0,31,6.08
860.011919,6385,6380,0,31,6.08
860.111919,6385,6384,0,31,6.09
860.211919,6385,6384,0,31,6.09
860.311919,6385,6380,0,31,6.09
860.411918,6385,6384,0,31,6.09
860.51194,6385,6384,0,31,6.09
860.611918,6385,6380,0,31,6.09
860.711947,6385,6384,0,31,6.07
860.811918,6385,6384,0,31,6.07
860.911918,6385,6384,0,31,6.05
861.01192,6385,6384,0,31,6.05
861.111918,6385,6380,0,31,6.08
861.21192,6385,6380,83,31,6.08
861.311918,6385,6380,83,31,6.08
861.411919,6385,6380,83,31,6.05
861.511918,6385,6384,78,31,6.05
861.611918,6385,6380,78,31,6.05
861.711926,6385,6380,78,31,6.09
861.811919,6385,6384,163,31,6.09
861.911925,6385,6380,163,31,6.09
862.011918,6385,6380,163,31,6.09
862.111919,6385,6380,163,31,6.08
862.211918,6385,6380,78,31,6.08
862.311925,6385,6380,78,31,6.08
862.411918,6385,6380,78,31,6.08
862.511919,6385,6384,327,31,6.08
862.611917,6385,6380,327,31,6.08
862.711917,6385,6380,327,31,6.08
862.81192,6385,6384,80,31,6.08
862.911918,6385,6380,80,31,6.08
863.011928,6385,6384,80,31,6.08
863.111918,6385,6380,80,31,6.09
863.211919,6385,6384,0,31,6.09
863.311919,6385,6380,0,31,6.09
863.411919,6385,6380,0,31,6.09
863.511919,6385,6380,0,31,6.09
863.611919,6385,6380,0,31,6.09
863.711918,6385,6384,0,31,6.07
863.811919,6385,6380,204,31,6.07
863.911928,6385,6384,204,31,6.08
864.011918,6385,6380,204,31,6.08
864.111918,6385,6384,204,31,6.08
864.21192,6385,6384,0,31,6.08
864.311919,6385,6384,0,31,6.08
864.411919,6385,6384,0,31,6.06
864.511918,6385,6384,0,31,6.06
864.611918,6385,6384,0,31,6.06
864.711917,6385,6384,0,31,6.07
864.81192,6385,6384,0,31,6.07
864.911917,6385,6384,0,31,6.04
865.011934,6385,6384,0,31,6.04
865.111916,6385,6384,0,31,6.06
865.211985,6385,6384,0,31,6.06
865.311918,6385,6384,0,31,6.06
865.411945,6385,6384,0,31,6.05
865.511918,6385,6384,0,31,6.05
865.611918,6385,6384,0,31,6.05
865.711926,6385,6384,0,31,6.08
865.811937,6385,6384,0,31,6.08
865.911919,6385,6384,0,31,6.08
866.011941,6385,6384,0,31,6.08
866.111918,6385,6384,0,31,6.07
866.211936,6385,6384,0,31,6.07
866.311918,6385,6384,0,31,6.07
866.411919,6385,6384,0,31,6.06
866.511917,6385,6384,163,31,6.06
866.611919,6385,6384,163,31,6.06
866.711917,6385,6380,163,31,6.09
866.81192,6385,6380,0,31,6.09
866.911929,6385,6384,0,31,6.07
867.011919,6385,6384,0,31,6.07
867.111918,6385,6384,0,31,6.07
867.211919,6385,6384,0,31,6.07
867.311917,6385,6384,0,31,6.07
867.411918,6385,6384,0,31,6.05
867.511947,6385,6384,0,31,6.05
867.611919,6385,6384,0,31,6.05
867.711925,6385,6384,0,31,6.08
867.811919,6385,6380,327,31,6.08
867.911918,6385,6380,327,31,6.04
868.011917,6385,6380,327,31,6.04
868.111918,6385,6384,327,31,6.03
868.21192,6385,6384,78,31,6.03
868.311919,6385,6380,78,31,6.03
868.411918,6385,6380,78,31,6.06
868.511929,6385,6380,81,31,6.06
868.611919,6385,6384,81,31,6.06
868.711924,6385,6384,81,31,6.09
868.811919,6385,6384,0,31,6.09
868.911917,6385,6380,0,31,6.08
869.011918,6385,6380,0,31,6.08
869.111918,6385,6384,0,31,6.04
869.211918,6385,6384,0,31,6.04
869.311919,6385,6384,0,31,6.04
869.411919,6385,6380,0,31,6.07
869.511929,6385,6384,78,31,6.07
869.611918,6385,6380,78,31,6.07
869.711918,6385,6380,78,31,6.08
869.811918,6385,6384,78,31,6.08
869.911918,6385,6384,78,31,6.08
870.011918,6385,6384,78,31,6.08
870.111919,6385,6384,78,31,6.06
870.211919,6385,6384,0,31,6.06
870.311918,6385,6384,0,31,6.06
870.41192,6385,6384,0,31,6.08
870.51195,6385,6384,0,31,6.08
870.611917,6385,6384,0,31,6.08
870.711919,6385,6384,0,31,6.08
870.811921,6385,6384,0,31,6.08
870.911926,6385,6384,0,31,6.09
871.01192,6385,6380,0,31,6.09
871.111918,6385,6380,0,31,6.07
871.211918,6385,6380,0,31,6.07
871.311918,6385,6384,0,31,6.07
871.411918,6385,6380,0,31,6.08
871.511925,6385,6380,80,31,6.08
871.611919,6385,6380,80,31,6.08
871.711918,6385,6380,80,31,6.08
871.811919,6385,6380,97,31,6.08
871.911919,6385,6384,97,31,6.08
872.011919,6385,6384,97,31,6.08
872.111919,6385,6380,97,31,6.08
872.21192,6385,6380,83,31,6.08
872.311917,6385,6384,83,31,6.08
872.411927,6385,6380,83,31,6.08
872.511918,6385,6380,80,31,6.08
872.611919,6385,6380,80,31,6.08
872.711918,6385,6380,80,31,6.09
872.811918,6385,6380,0,31,6.09
872.911918,6385,6380,0,31,6.07
873.011921,6385,6384,0,31,6.07
873.111926,6385,6380,0,31,6.08
873.211951,6385,6384,0,31,6.08
873.311918,6385,6380,0,31,6.08
873.411956,6385,6384,0,31,6.07
873.511948,6385,6384,0,31,6.07
873.611934,6385,6384,0,31,6.07
873.711925,6385,6384,0,31,6.08
873.811919,6385,6384,0,31,6.08
873.911925,6385,6384,0,31,6.08
874.011927,6385,6384,0,31,6.08
874.111918,6385,6384,0,31,6.08
874.21192,6385,6384,0,31,6.08
874.311941,6385,6384,0,31,6.08
874.411919,6385,6384,0,31,6.09
874.511943,6385,6380,0,31,6.09
874.611918,6385,6384,0,31,6.09
874.711933,6385,6380,0,31,6.09
874.811922,6385,6380,78,31,6.09
874.911919,6385,6380,78,31,6.08
875.011918,6385,6384,78,31,6.08
875.111922,6385,6380,78,31,6.09
875.211918,6385,6384,163,31,6.09
875.311918,6385,6384,163,31,6.09
875.411919,6385,6384,163,31,6.08
875.511918,6385,6384,0,31,6.08
875.611926,6385,6380,0,31,6.08
875.71192,6385,6384,0,31,6.08
875.811919,6385,6384,163,31,6.08
875.911918,6385,6384,163,31,6.08
876.011918,6385,6384,163,31,6.08
876.111917,6385,6384,163,31,6.09
876.211936,6385,6380,163,31,6.09
876.311919,6385,6380,163,31,6.09
876.411918,6385,6380,163,31,6.08
876.511918,6385,6384,0,31,6.08
876.61192,6385,6384,0,31,6.08
876.711918,6385,6384,0,31,6.09
876.811918,6385,6384,204,31,6.09
876.911918,6385,6384,204,31,6.07
877.011919,6385,6384,204,31,6.07
877.111919,6385,6380,204,31,6.08
877.211919,6385,6384,0,31,6.08
877.311919,6385,6380,0,31,6.08
877.41192,6385,6384,0,31,6.07
877.511919,6385,6384,0,31,6.07
877.611918,6385,6384,0,31,6.07
877.71192,6385,6384,0,31,6.07
877.811918,6385,6388,0,31,6.07
877.911918,6385,6384,0,31,6.08
878.011918,6385,6384,0,31,6.08
878.11192,6385,6384,0,31,6.08
878.211919,6385,6384,78,31,6.08
878.311919,6385,6384,78,31,6.08
878.411919,6385,6380,78,31,6.08
878.51195,6385,6384,0,31,6.08
878.61193,6385,6380,0,31,6.08
878.711941,6385,6384,0,31,6.08
878.811919,6385,6384,0,31,6.08
878.911941,6385,6384,0,31,6.08
879.01192,6385,6384,0,31,6.08
879.111919,6385,6384,0,31,6.09
879.21192,6385,6384,0,31,6.09
879.311918,6385,6384,0,31,6.09
879.411919,6385,6384,0,31,6.09
879.511918,6385,6384,0,31,6.09
879.611919,6385,6384,0,31,6.09
879.711919,6385,6384,0,31,6.08
879.811919,6385,6380,204,31,6.08
879.91192,6385,6380,204,31,6.09
880.011918,6385,6384,204,31,6.09
880.111918,6385,6384,204,31,6.08
880.211921,6385,6384,0,31,6.08
880.311917,6385,6380,0,31,6.08
880.411918,6385,6384,0,31,6.07
880.511918,6385,6384,0,31,6.07
880.611919,6385,6384,0,31,6.07
880.711919,6385,6384,0,31,6.09
880.811919,6385,6384,0,31,6.09
880.911926,6385,6384,0,31,6.08
881.011918,6385,6384,0,31,6.08
881.111921,6385,6380,0,31,6.09
881.211918,6385,6384,0,31,6.09
881.311918,6385,6380,0,31,6.09
881.41192,6385,6384,0,31,6.08
881.511919,6385,6380,0,31,6.08
881.611927,6385,6380,0,31,6.08
881.711918,6385,6384,0,31,6.07
881.811918,6385,6384,0,31,6.07
881.911918,6385,6384,0,31,6.07
882.011919,6385,6384,0,31,6.07
882.111917,6385,6384,0,31,6.08
882.21192,6385,6384,0,31,6.08
882.311918,6385,6384,0,31,6.08
882.411919,6385,6380,0,31,6.08
882.511918,6385,6384,327,31,6.08
882.611918,6385,6384,327,31,6.08
882.711918,6385,6384,327,31,6.07
882.811919,6385,6384,327,31,6.07
882.911917,6385,6380,327,31,6.07
883.011917,6385,6384,327,31,6.07
883.111917,6385,6384,327,31,6.09
883.211919,6385,6384,0,31,6.09
883.31192,6385,6384,0,31,6.09
883.411918,6385,6384,0,31,6.08
883.511918,6385,6384,0,31,6.08
883.611918,6385,6380,0,31,6.08
883.711919,6385,6384,0,31,6.09
883.811922,6385,6384,0,31,6.09
883.911927,6385,6384,0,31,6.09
884.01192,6385,6384,0,31,6.09
884.111919,6385,6384,0,31,6.09
884.211919,6385,6384,0,31,6.09
884.311918,6385,6380,0,31,6.09
884.411934,6385,6384,0,31,6.08
884.511918,6385,6384,0,31,6.08
884.611948,6385,6384,0,31,6.08
884.711934,6385,6384,0,31,6.07
884.811919,6385,6380,163,31,6.07
884.911977,6385,6384,163,31,6.08
885.011919,6385,6384,163,31,6.08
885.11195,6385,6380,163,31,6.08
885.211918,6385,6384,0,31,6.08
885.311941,6385,6384,0,31,6.08
885.411919,6385,6384,0,31,6.08
885.511918,6385,6384,0,31,6.08
885.61192,6385,6380,0,31,6.08
885.711919,6385,6384,0,31,6.09
885.811918,6385,6384,0,31,6.09
885.911925,6385,6384,0,31,6.09
886.011917,6385,6384,0,31,6.09
886.111917,6385,6384,0,31,6.08
886.211918,6385,6384,0,31,6.08
886.311919,6385,6384,0,31,6.08
886.411919,6385,6384,0,31,6.09
886.51192,6385,6384,0,31,6.09
886.611919,6385,6384,0,31,6.09
886.711918,6385,6384,0,31,6.09
886.81192,6385,6384,0,31,6.09
886.911918,6385,6384,0,31,6.07
887.011919,6385,6384,0,31,6.07
887.111919,6385,6384,0,31,6.07
887.211919,6385,6384,0,31,6.07
887.311918,6385,6384,0,31,6.07
887.411919,6385,6384,0,31,6.09
887.511925,6385,6384,327,31,6.09
887.611919,6385,6384,327,31,6.09
887.711918,6385,6384,327,31,6.02
887.811919,6385,6384,0,31,6.02
887.911918,6385,6384,0,31,6.07
888.011919,6385,6384,0,31,6.07
888.111917,6385,6384,0,31,6.09
888.211918,6385,6384,0,31,6.09
888.311918,6385,6380,0,31,6.09
888.41192,6385,6384,0,31,6.06
888.511918,6385,6384,0,31,6.06
888.611919,6385,6384,0,31,6.06
888.711919,6385,6384,0,31,6.09
888.811918,6385,6384,0,31,6.09
888.911918,6385,6384,0,31,6.09
889.011919,6385,6384,0,31,6.09
889.111917,6385,6384,0,31,6.08
889.211918,6385,6384,0,31,6.08
889.311919,6385,6384,0,31,6.08
889.411919,6385,6388,0,31,6.07
889.511918,6385,6384,0,31,6.07
889.611917,6385,6384,0,31,6.07
889.711918,6385,6384,0,31,6.06
889.811918,6385,6384,0,31,6.06
889.911917,6385,6380,0,31,5.99
890.011919,6385,6384,0,31,5.99
890.111918,6385,6384,0,31,6.05
890.211918,6385,6384,0,31,6.05
890.311916,6385,6384,0,31,6.05
890.411921,6385,6384,0,31,6.03
890.511919,6385,6384,0,31,6.03
890.611919,6385,6384,0,31,6.03
890.711917,6385,6384,0,31,6.08
890.811927,6385,6384,0,31,6.08
890.911918,6385,6384,0,31,6.09
891.011919,6385,6384,0,31,6.09
891.111917,6385,6384,0,31,6.08
891.211921,6385,6384,0,31,6.08
891.311916,6385,6384,0,31,6.08
891.411934,6385,6388,0,31,6.07
891.511919,6385,6388,0,31,6.07
891.611939,6385,6388,0,31,6.07
891.711917,6385,6384,0,31,6.07
891.811945,6385,6384,0,31,6.07
891.911918,6385,6384,0,31,6.05
892.011919,6385,6384,0,31,6.05
892.111918,6385,6384,0,31,6.07
892.211917,6385,6384,0,31,6.07
892.311919,6385,6388,0,31,6.07
892.411919,6385,6384,0,31,6.05
892.511918,6385,6384,0,31,6.05
892.611919,6385,6384,0,31,6.05
892.711917,6385,6384,0,31,6.09
892.811919,6385,6380,163,31,6.09
892.911918,6385,6384,163,31,6.09
893.011922,6385,6384,163,31,6.09
893.11192,6385,6384,163,31,6.08
893.211921,6385,6384,0,31,6.08
893.311936,6385,6380,0,31,6.08
893.411918,6385,6380,0,31,6.01
893.511947,6385,6380,95,31,6.01
893.611919,6385,6380,95,31,6.01
893.711937,6385,6380,95,31,6
893.811919,6385,6380,78,31,6
893.911919,6385,6384,78,31,6.08
894.011918,6385,6384,78,31,6.08
894.111917,6385,6384,78,31,6.09
894.211919,6385,6384,0,31,6.09
894.311926,6385,6384,0,31,6.09
894.411919,6385,6384,0,31,6.07
894.511918,6385,6384,0,31,6.07
894.61192,6385,6380,0,31,6.07
894.711917,6385,6384,0,31,6.08
894.811924,6385,6384,0,31,6.08
894.911919,6385,6384,0,31,6.08
895.011919,6385,6384,0,31,6.08
895.111918,6385,6384,0,31,6.05
895.211918,6385,6384,0,31,6.05
895.311916,6385,6380,0,31,6.05
895.411918,6385,6380,0,31,6.05
895.511918,6385,6380,85,31,6.05
895.61192,6385,6380,85,31,6.05
895.711917,6385,6380,85,31,6.09
895.811919,6385,6380,116,31,6.09
895.911918,6385,6380,116,31,6.08
896.011919,6385,6384,116,31,6.08
896.111918,6385,6380,116,31,6.05
896.211919,6385,6380,204,31,6.05
896.311918,6385,6384,204,31,6.05
896.411918,6385,6384,204,31,6.06
896.511919,6385,6384,0,31,6.06
896.611938,6385,6384,0,31,6.06
896.711918,6385,6384,0,31,6.06
896.811918,6385,6384,0,31,6.06
896.911926,6385,6384,0,31,6.07
897.011919,6385,6380,0,31,6.07
897.111918,6385,6384,0,31,6.06
897.211932,6385,6384,0,31,6.06
897.311927,6385,6380,0,31,6.06
897.411931,6385,6380,0,31,6.08
897.511919,6385,6380,80,31,6.08
897.61195,6385,6380,80,31,6.08
897.711918,6385,6384,80,31,6.08
897.811926,6385,6380,78,31,6.08
897.911918,6385,6380,78,31,6.08
898.011917,6385,6380,78,31,6.08
898.111917,6385,6380,78,31,6.08
898.211919,6385,6380,80,31,6.08
898.311917,6385,6380,80,31,6.08
898.411918,6385,6380,80,31,6.09
898.511924,6385,6380,90,31,6.09
898.611922,6385,6380,90,31,6.09
898.711918,6385,6380,90,31,6.03
898.81192,6385,6380,78,31,6.03
898.91192,6385,6380,78,31,6.01
899.011918,6385,6380,78,31,6.01
899.111917,6385,6380,78,31,5.98
899.211919,6385,6384,0,31,5.98
899.311917,6385,6380,0,31,5.98
899.411918,6385,6380,0,31,6.03
899.511921,6385,6380,90,31,6.03
899.611918,6385,6380,90,31,6.03
899.711917,6385,6380,90,31,6.07
899.811918,6385,6380,121,31,6.07
899.911918,6385,6380,121,31,6.09
900.011918,6385,6380,121,31,6.09
900.111917,6385,6380,121,31,6.07
900.211917,6385,6380,162,31,6.07
900.311917,6385,6380,162,31,6.07
900.411917,6385,6380,162,31,6.03
900.511927,6385,6380,192,31,6.03
900.611918,6385,6380,192,31,6.03
900.711916,6385,6380,192,31,6.08
900.811925,6385,6380,223,31,6.08
900.911917,6385,6380,223,31,6.05
901.011918,6385,6380,223,31,6.05
901.111917,6385,6380,223,31,6.04
901.211922,6385,6380,165,31,6.04
901.311916,6385,6380,165,31,6.04
901.411918,6385,6380,165,31,6.03
901.511925,6385,6380,298,31,6.03
901.611917,6385,6380,298,31,6.03
901.711926,6385,6380,298,31,6.06
901.811917,6385,6380,329,31,6.06
901.911917,6385,6376,329,31,6.08
902.011926,6385,6376,329,31,6.08
902.111917,6385,6380,329,31,6.06
902.211918,6385,6380,380,31,6.06
902.311918,6385,6380,380,31,6.06
902.411918,6385,6380,380,31,6.07
902.511917,6385,6380,411,31,6.07
902.611919,6385,6380,411,31,6.07
902.711932,6385,6380,411,31,6.01
902.811921,6385,6380,448,31,6.01
902.911918,6385,6380,448,31,6.08
903.011934,6385,6380,448,31,6.08
903.111917,6385,6380,448,31,6.04
903.211951,6385,6380,491,31,6.04
903.311917,6385,6380,491,31,6.04
903.411932,6385,6380,491,31,6.06
903.511918,6385,6380,523,31,6.06
903.611934,6385,6380,523,31,6.06
903.711938,6385,6380,523,31,6.06
903.81192,6385,6380,554,31,6.06
903.911917,6385,6380,554,31,6.06
904.011918,6385,6380,554,31,6.06
904.111917,6385,6380,554,31,6.05
904.211917,6385,6380,81,31,6.05
904.311918,6385,6380,81,31,6.05
904.411917,6385,6380,81,31,6.08
904.511916,6385,6380,114,31,6.08
904.611918,6385,6380,114,31,6.08
904.711922,6385,6380,114,31,6.06
904.811918,6385,6376,349,31,6.06
904.911933,6385,6380,349,31,6.09
905.011917,6385,6380,349,31,6.09
905.111931,6385,6376,349,31,6.01
905.211918,6385,6376,201,31,6.01
905.311946,6385,6376,201,31,6.01
905.411918,6385,6380,201,31,6.08
905.511934,6385,6380,573,31,6.08
905.611928,6385,6380,573,31,6.08
905.711928,6385,6380,573,31,6.02
905.811917,6385,6376,185,31,6.02
905.911917,6385,6376,185,31,6.08
906.011919,6385,6376,185,31,6.08
906.111919,6385,6376,185,31,6.05
906.211919,6385,6380,344,31,6.05
906.311918,6385,6380,344,31,6.05
906.411919,6385,6380,344,31,6.05
906.511919,6385,6380,375,31,6.05
906.61192,6385,6380,375,31,6.05
906.71193,6385,6380,375,31,6.07
906.81192,6385,6380,407,31,6.07
906.911917,6385,6380,407,31,6.08
907.011919,6385,6380,407,31,6.08
907.111918,6385,6380,407,31,6.08
907.211918,6385,6380,450,31,6.08
907.311918,6385,6380,450,31,6.08
907.411918,6385,6380,450,31,6.05
907.511919,6385,6380,481,31,6.05
907.611919,6385,6380,481,31,6.05
907.711919,6385,6380,481,31,6.04
907.811919,6385,6380,511,31,6.04
907.911918,6385,6380,511,31,6.05
908.011919,6385,6380,511,31,6.05
908.111918,6385,6380,511,31,6.03
908.211918,6385,6380,554,31,6.03
908.311919,6385,6380,554,31,6.03
908.411918,6385,6380,554,31,5.98
908.511918,6385,6380,586,31,5.98
908.611918,6385,6380,586,31,5.98
908.711918,6385,6380,586,31,6.08
908.811919,6385,6380,109,31,6.08
908.911918,6385,6380,109,31,6.06
909.011926,6385,6376,109,31,6.06
909.111919,6385,6376,109,31,6.09
909.211918,6385,6376,365,31,6.09
909.311928,6385,6380,365,31,6.09
909.41192,6385,6380,365,31,5.99
909.511919,6385,6376,194,31,5.99
909.61192,6385,6380,194,31,5.99
909.711921,6385,6380,194,31,6.08
909.811918,6385,6380,295,31,6.08
909.911918,6385,6380,295,31,6.07
910.011918,6385,6380,295,31,6.07
910.111935,6385,6380,295,31,6
910.21192,6385,6380,440,31,6
910.31195,6385,6380,440,31,6
910.411917,6385,6376,440,31,6.05
910.511936,6385,6376,377,31,6.05
910.61192,6385,6380,377,31,6.05
910.711919,6385,6376,377,31,6.03
910.811921,6385,6380,257,31,6.03
910.911944,6385,6376,257,31,6.05
911.011925,6385,6376,257,31,6.05
911.11192,6385,6380,257,31,6.06
911.211927,6385,6376,339,31,6.06
911.31192,6385,6376,339,31,6.06
911.411922,6385,6376,339,31,6.06
911.511925,6385,6380,385,31,6.06
911.61192,6385,6380,385,31,6.06
911.711918,6385,6380,385,31,6.07
911.811919,6385,6380,503,31,6.07
911.911919,6385,6380,503,31,6.07
912.011922,6385,6380,503,31,6.07
912.111918,6385,6380,503,31,6.06
912.211922,6385,6380,546,31,6.06
912.311919,6385,6376,546,31,6.06
912.411919,6385,6380,546,31,6.07
912.511919,6385,6380,586,31,6.07
912.611919,6385,6380,586,31,6.07
912.711919,6385,6380,586,31,6.08
912.811919,6385,6376,271,31,6.08
912.911919,6385,6380,271,31,6.09
913.011918,6385,6380,271,31,6.09
913.111921,6385,6380,271,31,6.07
913.211918,6385,6376,153,31,6.07
913.311939,6385,6376,153,31,6.07
913.411919,6385,6380,153,31,6.09
913.511947,6385,6380,90,31,6.09
913.611918,6385,6380,90,31,6.09
913.711918,6385,6380,90,31,6.06
913.811918,6385,6376,225,31,6.06
913.911919,6385,6380,225,31,6.06
914.011919,6385,6380,225,31,6.06
914.11192,6385,6376,225,31,6.04
914.211921,6385,6380,269,31,6.04
914.311917,6385,6376,269,31,6.04
914.411918,6385,6380,269,31,6.06
914.511917,6385,6380,308,31,6.06
914.611918,6385,6380,308,31,6.06
914.711928,6385,6380,308,31,6.05
914.811919,6385,6376,546,31,6.05
914.911919,6385,6380,546,31,6.05
915.011919,6385,6380,546,31,6.05
915.111918,6385,6380,546,31,6.04
915.211918,6385,6376,453,31,6.04
915.311919,6385,6376,453,31,6.04
915.411918,6385,6380,453,31,6.07
915.511926,6385,6380,429,31,6.07
915.611917,6385,6380,429,31,6.07
915.711923,6385,6376,429,31,6.03
915.811918,6385,6380,465,31,6.03
915.911918,6385,6376,465,31,6.07
916.011919,6385,6376,465,31,6.07
916.111918,6385,6376,465,31,6.07
916.211918,6385,6380,523,31,6.07
916.311917,6385,6380,523,31,6.07
916.411919,6385,6380,523,31,6.08
916.511918,6385,6380,764,31,6.08
916.611921,6385,6380,764,31,6.08
916.711917,6385,6380,764,31,6.04
916.811919,6385,6380,90,31,6.04
916.911918,6385,6380,90,31,6.04
917.011918,6385,6376,90,31,6.04
917.111917,6385,6376,90,31,6.07
917.211919,6385,6376,209,31,6.07
917.311926,6385,6376,209,31,6.07
917.41192,6385,6380,209,31,6.08
917.511918,6385,6380,187,31,6.08
917.611926,6385,6380,187,31,6.08
917.711917,6385,6380,187,31,6.08
917.811919,6385,6380,220,31,6.08
917.911917,6385,6380,220,31,6.07
918.011919,6385,6380,220,31,6.07
918.111917,6385,6380,220,31,6.05
918.211918,6385,6380,261,31,6.05
918.311918,6385,6380,261,31,6.05
918.41193,6385,6376,261,31,5.99
918.511918,6385,6376,366,31,5.99
918.611936,6385,6376,366,31,5.99
918.711919,6385,6376,366,31,6.05
918.811943,6385,6376,421,31,6.05
918.911919,6385,6376,421,31,6.05
919.011975,6385,6376,421,31,6.05
919.111918,6385,6376,421,31,6.08
919.211934,6385,6376,286,31,6.08
919.311918,6385,6376,286,31,6.08
919.411927,6385,6376,286,31,6.07
919.511919,6385,6376,546,31,6.07
919.611919,6385,6376,546,31,6.07
919.711918,6385,6376,546,31,6.06
919.811918,6385,6380,535,31,6.06
919.911917,6385,6376,535,31,6.07
920.011919,6385,6376,535,31,6.07
920.111917,6385,6376,535,31,6.06
920.211919,6385,6380,153,31,6.06
920.311919,6385,6380,153,31,6.06
920.411929,6385,6380,153,31,6.06
920.511928,6385,6380,121,31,6.06
920.611919,6385,6380,121,31,6.06
920.711917,6385,6380,121,31,6.08
920.811927,6385,6380,153,31,6.08
920.911919,6385,6380,153,31,6.02
921.011919,6385,6380,153,31,6.02
921.111918,6385,6380,153,31,6.05
921.211918,6385,6380,197,31,6.05
921.311917,6385,6380,197,31,6.05
921.411918,6385,6380,197,31,6.07
921.511917,6385,6380,127,31,6.07
921.611921,6385,6376,127,31,6.07
921.711919,6385,6380,127,31,6.05
921.811919,6385,6380,226,31,6.05
921.911918,6385,6376,226,31,6.08
922.01192,6385,6380,226,31,6.08
922.111917,6385,6380,226,31,6.07
922.211918,6385,6376,385,31,6.07
922.31192,6385,6380,385,31,6.07
922.411919,6385,6380,385,31,6.07
922.511917,6385,6376,424,31,6.07
922.611927,6385,6376,424,31,6.07
922.711918,6385,6380,424,31,6.05
922.811919,6385,6380,303,31,6.05
922.911918,6385,6376,303,31,6.08
923.01192,6385,6380,303,31,6.08
923.111917,6385,6376,303,31,6.05
923.211937,6385,6376,528,31,6.05
923.31192,6385,6376,528,31,6.05
923.411938,6385,6380,528,31,6.07
923.511917,6385,6380,510,31,6.07
923.611952,6385,6380,510,31,6.07
923.711918,6385,6380,510,31,6.06
923.811946,6385,6376,542,31,6.06
923.911926,6385,6380,542,31,6.03
924.01192,6385,6380,542,31,6.03
924.111919,6385,6376,542,31,6.05
924.211919,6385,6380,588,31,6.05
924.311917,6385,6380,588,31,6.05
924.411919,6385,6380,588,31,6.06
924.511924,6385,6380,107,31,6.06
924.611919,6385,6380,107,31,6.06
924.711918,6385,6380,107,31,6.07
924.81192,6385,6380,204,31,6.07
924.911926,6385,6376,204,31,6.07
925.011918,6385,6380,204,31,6.07
925.111918,6385,6380,204,31,6.08
925.211919,6385,6376,366,31,6.08
925.311926,6385,6380,366,31,6.08
925.411919,6385,6376,366,31,6.08
925.511918,6385,6380,407,31,6.08
925.61192,6385,6376,407,31,6.08
925.711918,6385,6380,407,31,6.07
925.81192,6385,6376,288,31,6.07
925.911918,6385,6376,288,31,6.08
926.01192,6385,6376,288,31,6.08
926.111918,6385,6376,288,31,6.08
926.211929,6385,6376,419,31,6.08
926.311918,6385,6376,419,31,6.08
926.411931,6385,6376,419,31,6.08
926.511918,6385,6376,406,31,6.08
926.611919,6385,6380,406,31,6.08
926.711919,6385,6380,406,31,6.07
926.811918,6385,6380,363,31,6.07
926.911918,6385,6376,363,31,6.06
927.011921,6385,6376,363,31,6.06
927.111919,6385,6380,363,31,6.07
927.211919,6385,6376,825,31,6.07
927.311918,6385,6376,825,31,6.07
927.411919,6385,6380,825,31,6.06
927.511917,6385,6380,535,31,6.06
927.611919,6385,6380,535,31,6.06
927.711926,6385,6380,535,31,6.06
927.811919,6385,6376,573,31,6.06
927.911918,6385,6380,573,31,6.07
928.011939,6385,6380,573,31,6.07
928.111917,6385,6380,573,31,6.08
928.211919,6385,6380,104,31,6.08
928.311918,6385,6380,104,31,6.08
928.411926,6385,6380,104,31,6.08
928.511917,6385,6380,134,31,6.08
928.611917,6385,6380,134,31,6.08
928.711918,6385,6380,134,31,6.08
928.811918,6385,6380,165,31,6.08
928.911918,6385,6380,165,31,6.09
929.011918,6385,6380,165,31,6.09
929.111917,6385,6376,165,31,6.08
929.211919,6385,6380,209,31,6.08
929.311918,6385,6380,209,31,6.08
929.411918,6385,6380,209,31,6.08
929.511917,6385,6380,242,31,6.08
929.611917,6385,6380,242,31,6.08
929.711937,6385,6380,242,31,6.08
929.811921,6385,6380,274,31,6.08
929.911918,6385,6380,274,31,6.07
930.011919,6385,6380,274,31,6.07
930.111918,6385,6376,274,31,6.07
930.211918,6385,6376,325,31,6.07
930.311918,6385,6380,325,31,6.07
930.411919,6385,6376,325,31,6.08
930.511919,6385,6380,266,31,6.08
930.611919,6385,6380,266,31,6.08
930.711926,6385,6380,266,31,6.08
930.811925,6385,6376,450,31,6.08
930.911917,6385,6380,450,31,6.07
931.011919,6385,6380,450,31,6.07
931.111918,6385,6380,450,31,6.07
931.21192,6385,6380,467,31,6.07
931.311919,6385,6380,467,31,6.07
931.411918,6385,6376,467,31,6.07
931.511918,6385,6380,424,31,6.07
931.611918,6385,6380,424,31,6.07
931.711917,6385,6376,424,31,6.06
931.811918,6385,6380,546,31,6.06
931.911927,6385,6380,546,31,6.05
932.011917,6385,6376,546,31,6.05
932.111918,6385,6376,546,31,6.06
932.21192,6385,6380,291,31,6.06
932.311919,6385,6380,291,31,6.06
932.411918,6385,6380,291,31,6.08
932.511918,6385,6380,124,31,6.08
932.61196,6385,6380,124,31,6.08
932.711956,6385,6376,124,31,6.08
932.811919,6385,6376,230,31,6.08
932.91193,6385,6376,230,31,6.09
933.011919,6385,6376,230,31,6.09
933.111932,6385,6376,230,31,6.07
933.211919,6385,6380,90,31,6.07
933.311952,6385,6380,90,31,6.07
933.411919,6385,6380,90,31,6.08
933.511927,6385,6380,194,31,6.08
933.611922,6385,6376,194,31,6.08
933.711923,6385,6376,194,31,6.07
933.811919,6385,6376,383,31,6.07
933.911919,6385,6376,383,31,6.08
934.011919,6385,6376,383,31,6.08
934.111925,6385,6376,383,31,6.07
934.211919,6385,6380,385,31,6.07
934.311918,6385,6380,385,31,6.07
934.411918,6385,6380,385,31,6.05
934.51192,6385,6376,378,31,6.05
934.611919,6385,6376,378,31,6.05
934.71192,6385,6380,378,31,6.07
934.811919,6385,6376,368,31,6.07
934.91192,6385,6380,368,31,6.06
935.011918,6385,6376,368,31,6.06
935.111925,6385,6380,368,31,6.07
935.21192,6385,6380,513,31,6.07
935.311919,6385,6376,513,31,6.07
935.411918,6385,6380,513,31,6.08
935.511918,6385,6380,551,31,6.08
935.611918,6385,6380,551,31,6.08
935.711918,6385,6380,551,31,6.06
935.811919,6385,6380,581,31,6.06
935.911919,6385,6380,581,31,6.07
936.01192,6385,6380,581,31,6.07
936.11193,6385,6380,581,31,6.08
936.211919,6385,6380,112,31,6.08
936.311953,6385,6380,112,31,6.08
936.411918,6385,6380,112,31,6.05
936.511939,6385,6380,150,31,6.05
936.61192,6385,6380,150,31,6.05
936.711934,6385,6380,150,31,6.08
936.811921,6385,6376,184,31,6.08
936.911916,6385,6380,184,31,6.09
937.011917,6385,6380,184,31,6.09
937.111926,6385,6380,184,31,6.05
937.211918,6385,6380,226,31,6.05
937.311918,6385,6380,226,31,6.05
937.411928,6385,6376,226,31,6.07
937.511918,6385,6376,336,31,6.07
937.611919,6385,6376,336,31,6.07
937.711927,6385,6380,336,31,6.08
937.811919,6385,6380,312,31,6.08
937.911919,6385,6380,312,31,6.07
938.011918,6385,6380,312,31,6.07
938.111926,6385,6376,312,31,6.05
938.211917,6385,6380,257,31,6.05
938.311918,6385,6376,257,31,6.05
938.411918,6385,6376,257,31,6.07
938.511917,6385,6380,394,31,6.07
938.611918,6385,6380,394,31,6.07
938.711919,6385,6380,394,31,6.07
938.811919,6385,6380,426,31,6.07
938.911918,6385,6380,426,31,6.08
939.011918,6385,6380,426,31,6.08
939.111919,6385,6380,426,31,6.08
939.211919,6385,6380,469,31,6.08
939.311918,6385,6380,469,31,6.08
939.41192,6385,6380,469,31,6.07
939.511918,6385,6380,499,31,6.07
939.611918,6385,6380,499,31,6.07
939.711918,6385,6380,499,31,6.03
939.811919,6385,6380,530,31,6.03
939.911926,6385,6380,530,31,6.06
940.011919,6385,6380,530,31,6.06
940.111917,6385,6380,530,31,6.03
940.211919,6385,6380,573,31,6.03
940.311918,6385,6380,573,31,6.03
940.41192,6385,6380,573,31,6.09
940.511917,6385,6380,92,31,6.09
940.61192,6385,6376,92,31,6.09
940.711918,6385,6380,92,31,6.08
940.81192,6385,6380,126,31,6.08
940.911919,6385,6380,126,31,6.05
941.011919,6385,6376,126,31,6.05
941.111918,6385,6376,126,31,6.07
941.211918,6385,6380,175,31,6.07
941.311918,6385,6380,175,31,6.07
941.41192,6385,6376,175,31,6.07
941.511918,6385,6376,278,31,6.07
941.611918,6385,6376,278,31,6.07
941.711924,6385,6376,278,31,6.08
941.811923,6385,6380,262,31,6.08
941.911918,6385,6380,262,31,6.06
942.011922,6385,6376,262,31,6.06
942.111917,6385,6376,262,31,6.08
942.211919,6385,6376,390,31,6.08
942.311919,6385,6376,390,31,6.08
942.411947,6385,6376,390,31,6.08
942.511919,6385,6376,445,31,6.08
942.611947,6385,6376,445,31,6.08
942.711918,6385,6380,445,31,6.08
942.811919,6385,6380,499,31,6.08
942.911918,6385,6376,499,31,6.07
943.01192,6385,6380,499,31,6.07
943.111919,6385,6376,499,31,6.06
943.211919,6385,6376,569,31,6.06
943.311918,6385,6376,569,31,6.06
943.41192,6385,6376,569,31,6.05
943.511917,6385,6376,624,31,6.05
943.61192,6385,6376,624,31,6.05
943.711925,6385,6380,624,31,6.08
943.811919,6385,6376,167,31,6.08
943.91192,6385,6376,167,31,6.06
944.011919,6385,6376,167,31,6.06
944.111918,6385,6376,167,31,6.06
944.211919,6385,6376,233,31,6.06
944.311918,6385,6380,233,31,6.06
944.411919,6385,6376,233,31,6.06
944.511918,6385,6380,221,31,6.06
944.611918,6385,6380,221,31,6.06
944.711919,6385,6380,221,31,6.08
944.81192,6385,6380,254,31,6.08
944.911918,6385,6380,254,31,6.08
945.01192,6385,6380,254,31,6.08
945.111919,6385,6380,254,31,6.02
945.211919,6385,6376,363,31,6.02
945.311918,6385,6380,363,31,6.02
945.411919,6385,6376,363,31,6.06
945.511917,6385,6380,240,31,6.06
945.61193,6385,6380,240,31,6.06
945.711917,6385,6380,240,31,6.07
945.811919,6385,6376,539,31,6.07
945.911936,6385,6376,539,31,6.08
946.011918,6385,6380,539,31,6.08
946.111917,6385,6380,539,31,6.07
946.211918,6385,6376,496,31,6.07
946.311918,6385,6376,496,31,6.07
946.411918,6385,6380,496,31,6.07
946.511917,6385,6376,675,31,6.07
946.611924,6385,6376,675,31,6.07
946.711917,6385,6376,675,31,5.98
946.811921,6385,6380,725,31,5.98
946.911918,6385,6380,725,31,6.05
947.011946,6385,6380,725,31,6.05
947.111917,6385,6380,725,31,6.07
947.211945,6385,6380,566,31,6.07
947.311918,6385,6380,566,31,6.07
947.411935,6385,6380,566,31,6.04
947.511918,6385,6380,87,31,6.04
947.611918,6385,6380,87,31,6.04
947.711919,6385,6380,87,31,6.08
947.811918,6385,6380,117,31,6.08
947.911917,6385,6380,117,31,6.08
948.011917,6385,6380,117,31,6.08
948.111938,6385,6380,117,31,6.08
948.211918,6385,6376,329,31,6.08
948.311917,6385,6376,329,31,6.08
948.411919,6385,6376,329,31,6.08
948.511918,6385,6380,204,31,6.08
948.611919,6385,6376,204,31,6.08
948.711918,6385,6380,204,31,6.08
948.811919,6385,6380,243,31,6.08
948.911918,6385,6380,243,31,6.08
949.011919,6385,6380,243,31,6.08
949.111916,6385,6376,243,31,6.09
949.211947,6385,6376,366,31,6.09
949.311918,6385,6376,366,31,6.09
949.411959,6385,6376,366,31,6.07
949.511918,6385,6376,561,31,6.07
949.611947,6385,6376,561,31,6.07
949.711918,6385,6376,561,31,6.08
949.811934,6385,6380,609,31,6.08
949.911919,6385,6376,609,31,6.05
950.011919,6385,6376,609,31,6.05
950.111917,6385,6376,609,31,6.07
950.211921,6385,6376,469,31,6.07
950.311917,6385,6380,469,31,6.07
950.411918,6385,6376,469,31,6.07
950.511918,6385,6376,506,31,6.07
950.611918,6385,6380,506,31,6.07
950.711918,6385,6380,506,31,6.06
950.811918,6385,6380,448,31,6.06
950.911919,6385,6376,448,31,6.07
951.011919,6385,6376,448,31,6.07
951.111917,6385,6376,448,31,6.06
951.211917,6385,6380,85,31,6.06
951.311918,6385,6380,85,31,6.06
951.411919,6385,6380,85,31,6.08
951.511919,6385,6380,117,31,6.08
951.611919,6385,6380,117,31,6.08
951.711922,6385,6380,117,31,6.07
951.811918,6385,6380,148,31,6.07
951.911919,6385,6380,148,31,6.07
952.011918,6385,6380,148,31,6.07
952.111933,6385,6380,148,31,6.07
952.211918,6385,6380,191,31,6.07
952.311946,6385,6380,191,31,6.07
952.411919,6385,6380,191,31,6.03
952.511919,6385,6380,385,31,6.03
952.611918,6385,6380,385,31,6.03
952.711917,6385,6380,385,31,6.01
952.811919,6385,6380,262,31,6.01
952.911918,6385,6376,262,31,6.08
953.011919,6385,6376,262,31,6.08
953.111919,6385,6376,262,31,6.08
953.211919,6385,6380,320,31,6.08
953.311918,6385,6380,320,31,6.08
953.41192,6385,6376,320,31,6.05
953.511919,6385,6380,216,31,6.05
953.611918,6385,6380,216,31,6.05
953.711918,6385,6376,216,31,6.05
953.811918,6385,6380,392,31,6.05
953.911918,6385,6376,392,31,6.07
954.011921,6385,6376,392,31,6.07
954.111918,6385,6376,392,31,6.07
954.211918,6385,6380,455,31,6.07
954.311919,6385,6380,455,31,6.07
954.411919,6385,6376,455,31,6.06
954.511919,6385,6376,557,31,6.06
954.611919,6385,6380,557,31,6.06
954.711925,6385,6380,557,31,6.06
954.811919,6385,6376,535,31,6.06
954.911916,6385,6376,535,31,6.04
955.011918,6385,6380,535,31,6.04
955.111916,6385,6380,535,31,6.07
955.211917,6385,6380,586,31,6.07
955.311918,6385,6380,586,31,6.07
955.411928,6385,6380,586,31,6.07
955.511918,6385,6376,153,31,6.07
955.61192,6385,6380,153,31,6.07
955.711927,6385,6380,153,31,6.06
955.811919,6385,6380,150,31,6.06
955.911919,6385,6380,150,31,6.08
956.011919,6385,6380,150,31,6.08
956.111919,6385,6380,150,31,6.08
956.211919,6385,6380,199,31,6.08
956.311917,6385,6380,199,31,6.08
956.411919,6385,6380,199,31,6.04
956.511917,6385,6380,233,31,6.04
956.611919,6385,6376,233,31,6.04
956.711923,6385,6376,233,31,6.07
956.811927,6385,6376,279,31,6.07
956.91192,6385,6380,279,31,6.08
957.011918,6385,6376,279,31,6.08
957.111918,6385,6376,279,31,6.05
957.211917,6385,6380,341,31,6.05
957.311918,6385,6380,341,31,6.05
957.411918,6385,6380,341,31,6.05
957.51192,6385,6376,440,31,6.05
957.611921,6385,6376,440,31,6.05
957.711917,6385,6376,440,31,6.05
957.811919,6385,6380,160,31,6.05
957.911917,6385,6376,160,31,6.06
958.011917,6385,6376,160,31,6.06
958.111918,6385,6380,160,31,6.07
958.211917,6385,6376,549,31,6.07
958.311919,6385,6380,549,31,6.07
958.411919,6385,6376,549,31,6
958.511917,6385,6376,595,31,6
958.611919,6385,6376,595,31,6
958.711918,6385,6380,595,31,6.05
958.811917,6385,6376,740,31,6.05
958.911918,6385,6376,740,31,6.07
959.011921,6385,6380,740,31,6.07
959.111917,6385,6380,740,31,6.09
959.211918,6385,6376,279,31,6.09
959.311918,6385,6380,279,31,6.09
959.411919,6385,6376,279,31,6.09
959.511918,6385,6380,153,31,6.09
959.611918,6385,6380,153,31,6.09
959.711919,6385,6380,153,31,6.08
959.811917,6385,6380,184,31,6.08
959.911918,6385,6380,184,31,6.07
960.011919,6385,6376,184,31,6.07
960.111918,6385,6380,184,31,6.06
960.211918,6385,6380,35,31,6.06
960.311918,6385,6376,35,31,6.06
960.411918,6385,6380,35,31,6.07
960.511919,6385,6376,424,31,6.07
960.611919,6385,6376,424,31,6.07
960.711919,6385,6376,424,31,6.08
960.811918,6385,6376,197,31,6.08
960.911921,6385,6380,197,31,6.07
961.011919,6385,6380,197,31,6.07
961.11193,6385,6376,197,31,6.08
961.211919,6385,6380,354,31,6.08
961.311952,6385,6380,354,31,6.08
961.411918,6385,6380,354,31,6.06
961.511934,6385,6376,390,31,6.06
961.611939,6385,6380,390,31,6.06
961.711918,6385,6380,390,31,6.06
961.811955,6385,6380,429,31,6.06
961.911919,6385,6380,429,31,6.08
962.011934,6385,6376,429,31,6.08
962.111918,6385,6380,429,31,6.07
962.211919,6385,6376,546,31,6.07
962.311934,6385,6376,546,31,6.07
962.411919,6385,6380,546,31,6.07
962.511948,6385,6380,520,31,6.07
962.611919,6385,6376,520,31,6.07
962.711918,6385,6380,520,31,6.06
962.811918,6385,6376,627,31,6.06
962.911919,6385,6380,627,31,6.06
963.011918,6385,6380,627,31,6.06
963.111917,6385,6380,627,31,6.08
963.211917,6385,6380,100,31,6.08
963.311918,6385,6380,100,31,6.08
963.411919,6385,6380,100,31,6.08
963.511917,6385,6376,346,31,6.08
963.611918,6385,6380,346,31,6.08
963.711926,6385,6380,346,31,6.08
963.811917,6385,6376,81,31,6.08
963.911918,6385,6380,81,31,6.07
964.011935,6385,6376,81,31,6.07
964.111918,6385,6376,81,31,6.06
964.211918,6385,6376,351,31,6.06
964.311917,6385,6376,351,31,6.06
964.411935,6385,6376,351,31,6.05
964.511916,6385,6376,358,31,6.05
964.611919,6385,6380,358,31,6.05
964.711917,6385,6380,358,31,6.08
964.811935,6385,6380,406,31,6.08
964.911917,6385,6380,406,31,6.08
965.011918,6385,6376,406,31,6.08
965.111918,6385,6376,406,31,6.08
965.211918,6385,6380,737,31,6.08
965.311918,6385,6376,737,31,6.08
965.411919,6385,6380,737,31,6.06
965.511917,6385,6376,515,31,6.06
965.611919,6385,6380,515,31,6.06
965.711918,6385,6380,515,31,6.07
965.811918,6385,6380,487,31,6.07
965.911917,6385,6376,487,31,6.08
966.011918,6385,6380,487,31,6.08
966.111917,6385,6376,487,31,6.07
966.21192,6385,6380,743,31,6.07
966.311918,6385,6380,743,31,6.07
966.411935,6385,6380,743,31,6.05
966.511918,6385,6380,569,31,6.05
966.611918,6385,6380,569,31,6.05
966.711918,6385,6380,569,31,6.06
966.811919,6385,6380,90,31,6.06
966.911927,6385,6380,90,31,6.09
967.01192,6385,6380,90,31,6.09
967.111917,6385,6380,90,31,6.07
967.211933,6385,6380,133,31,6.07
967.311917,6385,6380,133,31,6.07
967.411918,6385,6380,133,31,6.06
967.511919,6385,6380,168,31,6.06
967.611935,6385,6380,168,31,6.06
967.711918,6385,6380,168,31,6.08
967.811922,6385,6376,267,31,6.08
967.911918,6385,6376,267,31,6.08
968.011948,6385,6380,267,31,6.08
968.111918,6385,6380,267,31,6.05
968.211921,6385,6380,269,31,6.05
968.311917,6385,6380,269,31,6.05
968.411936,6385,6376,269,31,6.06
968.511918,6385,6376,380,31,6.06
968.611921,6385,6376,380,31,6.06
968.711926,6385,6376,380,31,6.06
968.811935,6385,6376,433,31,6.06
968.911919,6385,6376,433,31,6.05
969.011918,6385,6376,433,31,6.05
969.111926,6385,6376,433,31,6.03
969.211935,6385,6376,505,31,6.03
969.311918,6385,6376,505,31,6.03
969.411918,6385,6376,505,31,6.05
969.511918,6385,6376,561,31,6.05
969.611937,6385,6380,561,31,6.05
969.71192,6385,6380,561,31,6.04
969.811918,6385,6380,701,31,6.04
969.911925,6385,6376,701,31,6.03
970.011934,6385,6380,701,31,6.03
970.111918,6385,6380,701,31,6.03
970.211919,6385,6376,243,31,6.03
970.311918,6385,6380,243,31,6.03
970.411935,6385,6380,243,31,6.09
970.511918,6385,6376,276,31,6.09
970.611918,6385,6380,276,31,6.09
970.711918,6385,6380,276,31,6.07
970.811935,6385,6376,213,31,6.07
970.911917,6385,6380,213,31,6.07
971.011918,6385,6380,213,31,6.07
971.111925,6385,6380,213,31,6.08
971.211935,6385,6380,196,31,6.08
971.311917,6385,6380,196,31,6.08
971.411918,6385,6380,196,31,6.08
971.511919,6385,6380,228,31,6.08
971.611936,6385,6376,228,31,6.08
971.711918,6385,6380,228,31,6.08
971.811919,6385,6380,259,31,6.08
971.911921,6385,6380,259,31,6.07
972.011934,6385,6380,259,31,6.07
972.11194,6385,6380,259,31,6.07
972.211918,6385,6380,302,31,6.07
972.311935,6385,6380,302,31,6.07
972.411936,6385,6380,302,31,6.08
972.511917,6385,6380,400,31,6.08
972.61192,6385,6380,400,31,6.08
972.711919,6385,6380,400,31,6.04
972.811935,6385,6380,373,31,6.04
972.911925,6385,6380,373,31,6.04
973.011919,6385,6380,373,31,6.04
973.111919,6385,6380,373,31,6.07
973.211935,6385,6376,423,31,6.07
973.311919,6385,6376,423,31,6.07
973.41192,6385,6380,423,31,6.08
973.511919,6385,6376,525,31,6.08
973.611937,6385,6376,525,31,6.08
973.711919,6385,6376,525,31,6.07
973.811919,6385,6376,506,31,6.07
973.911926,6385,6380,506,31,6.06
974.011935,6385,6380,506,31,6.06
974.111918,6385,6380,506,31,6.05
974.21192,6385,6380,557,31,6.05
974.311925,6385,6380,557,31,6.05
974.411937,6385,6380,557,31,6.06
974.511917,6385,6380,80,31,6.06
974.611919,6385,6380,80,31,6.06
974.711928,6385,6380,80,31,6.06
974.811937,6385,6380,116,31,6.06
974.911918,6385,6380,116,31,6.08
975.011952,6385,6380,116,31,6.08
975.111918,6385,6376,116,31,6.08
975.211953,6385,6380,97,31,6.08
975.311918,6385,6380,97,31,6.08
975.41192,6385,6376,97,31,6.07
975.511918,6385,6380,203,31,6.07
975.611954,6385,6380,203,31,6.07
975.711929,6385,6376,203,31,6.08
975.811959,6385,6376,569,31,6.08
975.911919,6385,6376,569,31,6.08
976.011936,6385,6380,569,31,6.08
976.111919,6385,6380,569,31,6.07
976.211918,6385,6376,199,31,6.07
976.311927,6385,6376,199,31,6.07
976.411937,6385,6376,199,31,6.06
976.511918,6385,6376,418,31,6.06
976.611918,6385,6376,418,31,6.06
976.711919,6385,6376,418,31,6.06
976.811937,6385,6380,261,31,6.06
976.91193,6385,6380,261,31,6.06
977.011919,6385,6380,261,31,6.06
977.111918,6385,6376,261,31,6.07
977.211935,6385,6376,525,31,6.07
977.31192,6385,6376,525,31,6.07
977.411928,6385,6376,525,31,6.05
977.511918,6385,6380,513,31,6.05
977.611937,6385,6380,513,31,6.05
977.711918,6385,6380,513,31,6.05
977.811918,6385,6380,544,31,6.05
977.911917,6385,6380,544,31,6.04
978.011936,6385,6380,544,31,6.04
978.111927,6385,6380,544,31,6.05
978.211918,6385,6380,585,31,6.05
978.311926,6385,6380,585,31,6.05
978.411937,6385,6380,585,31,6.07
978.511917,6385,6380,78,31,6.07
978.611919,6385,6380,78,31,6.07
978.711919,6385,6380,78,31,5.98
978.811937,6385,6380,107,31,5.98
978.911919,6385,6380,107,31,6.02
979.011919,6385,6380,107,31,6.02
979.111919,6385,6380,107,31,6.07
979.211942,6385,6380,148,31,6.07
979.311917,6385,6380,148,31,6.07
979.411918,6385,6380,148,31,6.08
979.511918,6385,6380,179,31,6.08
979.611935,6385,6376,179,31,6.08
979.71192,6385,6380,179,31,6.04
979.81192,6385,6376,291,31,6.04
979.911931,6385,6376,291,31,6.08
980.011937,6385,6376,291,31,6.08
980.111917,6385,6376,291,31,6.08
980.211919,6385,6376,358,31,6.08
980.31192,6385,6376,358,31,6.08
980.411936,6385,6376,358,31,6.06
980.511919,6385,6376,411,31,6.06
980.611921,6385,6380,411,31,6.06
980.711918,6385,6376,411,31,6.06
980.811937,6385,6380,718,31,6.06
980.911919,6385,6376,718,31,6.07
981.011918,6385,6376,718,31,6.07
981.111918,6385,6376,718,31,6.07
981.211936,6385,6376,520,31,6.07
981.311917,6385,6376,520,31,6.07
981.411919,6385,6376,520,31,6.06
981.511926,6385,6376,709,31,6.06
981.611935,6385,6376,709,31,6.06
981.711919,6385,6380,709,31,6.06
981.811917,6385,6376,542,31,6.06
981.911919,6385,6380,542,31,6.05
982.011936,6385,6376,542,31,6.05
982.111919,6385,6376,542,31,6.04
982.211919,6385,6380,88,31,6.04
982.311919,6385,6380,88,31,6.04
982.411937,6385,6380,88,31,6.08
982.511919,6385,6380,121,31,6.08
982.611918,6385,6380,121,31,6.08
982.711917,6385,6380,121,31,6.09
982.811938,6385,6380,151,31,6.09
982.911917,6385,6380,151,31,6.07
983.01192,6385,6380,151,31,6.07
983.111917,6385,6380,151,31,6.08
983.211977,6385,6380,192,31,6.08
983.311917,6385,6380,192,31,6.08
983.411974,6385,6380,192,31,6.08
983.511918,6385,6380,223,31,6.08
983.611946,6385,6380,223,31,6.08
983.711916,6385,6380,223,31,6.08
983.811935,6385,6380,254,31,6.08
983.911917,6385,6380,254,31,6.07
984.011936,6385,6380,254,31,6.07
984.111917,6385,6380,254,31,6.09
984.211918,6385,6380,295,31,6.09
984.311918,6385,6380,295,31,6.09
984.411936,6385,6380,295,31,6.07
984.511927,6385,6376,530,31,6.07
984.611919,6385,6380,530,31,6.07
984.711918,6385,6376,530,31,6.05
984.811936,6385,6376,426,31,6.05
984.911917,6385,6380,426,31,6.05
985.011919,6385,6380,426,31,6.05
985.111918,6385,6376,426,31,6.07
985.211935,6385,6380,416,31,6.07
985.311918,6385,6380,416,31,6.07
985.411927,6385,6380,416,31,6.08
985.511918,6385,6376,621,31,6.08
985.611935,6385,6380,621,31,6.08
985.711916,6385,6376,621,31,6.05
985.811918,6385,6380,228,31,6.05
985.911917,6385,6380,228,31,6.07
986.011936,6385,6380,228,31,6.07
986.111926,6385,6380,228,31,6.02
986.211919,6385,6380,540,31,6.02
986.311918,6385,6380,540,31,6.02
986.411944,6385,6380,540,31,6.06
986.511919,6385,6380,575,31,6.06
986.61192,6385,6380,575,31,6.06
986.711919,6385,6380,575,31,6.09
986.811935,6385,6380,95,31,6.09
986.911919,6385,6380,95,31,6.07
987.011918,6385,6380,95,31,6.07
987.111918,6385,6380,95,31,6.07
987.211944,6385,6380,138,31,6.07
987.311917,6385,6380,138,31,6.07
987.411916,6385,6380,138,31,6.07
987.511919,6385,6380,170,31,6.07
987.611943,6385,6380,170,31,6.07
987.711932,6385,6380,170,31,6.02
987.811918,6385,6380,211,31,6.02
987.911935,6385,6380,211,31,6.06
988.011936,6385,6380,211,31,6.06
988.111974,6385,6380,211,31,6.04
988.211918,6385,6380,257,31,6.04
988.311935,6385,6376,257,31,6.04
988.411936,6385,6376,257,31,6.08
988.51195,6385,6376,370,31,6.08
988.611918,6385,6376,370,31,6.08
988.711955,6385,6376,370,31,6.06
988.811938,6385,6376,421,31,6.06
988.911936,6385,6376,421,31,6.06
989.011919,6385,6380,421,31,6.06
989.111918,6385,6376,421,31,6.07
989.211937,6385,6376,482,31,6.07
989.311919,6385,6376,482,31,6.07
989.41192,6385,6376,482,31,6.06
989.51192,6385,6380,373,31,6.06
989.611936,6385,6376,373,31,6.06
989.711936,6385,6376,373,31,6.05
989.811919,6385,6376,590,31,6.05
989.911918,6385,6376,590,31,6.05
990.011936,6385,6376,590,31,6.05
990.111919,6385,6376,590,31,6.06
990.211927,6385,6376,151,31,6.06
990.311918,6385,6376,151,31,6.06
990.411937,6385,6376,151,31,6.08
990.511928,6385,6376,204,31,6.08
990.611921,6385,6376,204,31,6.08
990.711936,6385,6376,204,31,6.07
990.811938,6385,6380,185,31,6.07
990.91192,6385,6376,185,31,6.08
991.011919,6385,6376,185,31,6.08
991.11192,6385,6376,185,31,6.09
991.211939,6385,6376,319,31,6.09
991.311919,6385,6376,319,31,6.09
991.411919,6385,6376,319,31,6.05
991.511921,6385,6376,371,31,6.05
991.611938,6385,6376,371,31,6.05
991.71192,6385,6380,371,31,6.07
991.811919,6385,6380,208,31,6.07
991.911919,6385,6380,208,31,6.07
992.011935,6385,6380,208,31,6.07
992.111917,6385,6380,208,31,6.07
992.21192,6385,6380,400,31,6.07
992.311918,6385,6376,400,31,6.07
992.411938,6385,6380,400,31,6.07
992.51192,6385,6380,450,31,6.07
992.611919,6385,6376,450,31,6.07
992.711927,6385,6376,450,31,6.06
992.811937,6385,6376,559,31,6.06
992.911918,6385,6376,559,31,6.07
993.011918,6385,6380,559,31,6.07
993.111921,6385,6376,559,31,6.04
993.211936,6385,6380,557,31,6.04
993.311918,6385,6376,557,31,6.04
993.411917,6385,6380,557,31,6.03
993.511918,6385,6380,80,31,6.03
993.611935,6385,6380,80,31,6.03
993.711919,6385,6380,80,31,6.06
993.811928,6385,6380,110,31,6.06
993.911926,6385,6380,110,31,6.08
994.011937,6385,6380,110,31,6.08
994.111919,6385,6380,110,31,6.08
994.211918,6385,6380,153,31,6.08
994.311916,6385,6380,153,31,6.08
994.411937,6385,6380,153,31,6.07
994.511919,6385,6376,191,31,6.07
994.611918,6385,6380,191,31,6.07
994.711923,6385,6380,191,31,6.06
994.811944,6385,6380,226,31,6.06
994.911921,6385,6380,226,31,6.07
995.011919,6385,6380,226,31,6.07
995.111919,6385,6380,226,31,6.08
995.211937,6385,6380,279,31,6.08
995.311918,6385,6380,279,31,6.08
995.411917,6385,6380,279,31,6.06
995.511936,6385,6380,315,31,6.06
995.611935,6385,6380,315,31,6.06
995.711947,6385,6380,315,31,6.05
995.811918,6385,6376,522,31,6.05
995.911934,6385,6380,522,31,6.08
996.011937,6385,6380,522,31,6.08
996.111918,6385,6380,522,31,6.06
996.211918,6385,6376,614,31,6.06
996.311938,6385,6376,614,31,6.06
996.411934,6385,6380,614,31,6.07
996.511917,6385,6380,450,31,6.07
996.611918,6385,6380,450,31,6.07
996.711918,6385,6380,450,31,6.06
996.811945,6385,6380,489,31,6.06
996.911918,6385,6380,489,31,6.06
997.011919,6385,6376,489,31,6.06
997.111917,6385,6376,489,31,6.06
997.211935,6385,6376,546,31,6.06
997.311918,6385,6376,546,31,6.06
997.411919,6385,6380,546,31,6.04
997.511919,6385,6380,583,31,6.04
997.611935,6385,6380,583,31,6.04
997.711918,6385,6380,583,31,6.07
997.811929,6385,6376,313,31,6.07
997.911917,6385,6380,313,31,6.07
998.011935,6385,6380,313,31,6.07
998.111919,6385,6380,313,31,6.07
998.211919,6385,6380,155,31,6.07
998.311935,6385,6380,155,31,6.07
998.411936,6385,6380,155,31,6.09
998.511918,6385,6380,191,31,6.09
998.611919,6385,6380,191,31,6.09
998.711918,6385,6376,191,31,6.07
998.811953,6385,6376,230,31,6.07
998.911918,6385,6380,230,31,6.07
999.011919,6385,6380,230,31,6.07
999.111916,6385,6380,230,31,6.08
999.211935,6385,6376,445,31,6.08
999.311918,6385,6376,445,31,6.08
999.41192,6385,6380,445,31,6.08
999.511919,6385,6376,389,31,6.08
999.611936,6385,6376,389,31,6.08
999.711918,6385,6376,389,31,6.08
999.81193,6385,6380,435,31,6.08
999.911918,6385,6376,435,31,6.04
1000.011944,6385,6380,435,31,6.04
1000.111917,6385,6376,435,31,6.04
1000.211919,6385,6380,423,31,6.04
1000.311918,6385,6376,423,31,6.04
1000.411936,6385,6380,423,31,6.07
1000.511918,6385,6376,627,31,6.07
1000.611921,6385,6380,627,31,6.07
1000.711918,6385,6380,627,31,6.06
1000.811958,6385,6380,498,31,6.06
1000.911918,6385,6376,498,31,6.06
1001.011935,6385,6380,498,31,6.06
1001.111926,6385,6376,498,31,6.06
1001.211935,6385,6380,551,31,6.06
1001.311918,6385,6380,551,31,6.06
1001.411947,6385,6380,551,31,6.04
1001.511927,6385,6380,581,31,6.04
1001.611936,6385,6380,581,31,6.04
1001.711918,6385,6380,581,31,6.08
1001.81193,6385,6380,20,31,6.08
1001.911917,6385,6376,20,31,6.09
1002.011936,6385,6380,20,31,6.09
1002.111918,6385,6380,20,31,6.07
1002.21192,6385,6380,145,31,6.07
1002.311918,6385,6380,145,31,6.07
1002.411943,6385,6380,145,31,6.07
1002.511919,6385,6380,177,31,6.07
1002.611918,6385,6376,177,31,6.07
1002.711918,6385,6380,177,31,6.07
1002.81194,6385,6380,375,31,6.07
1002.911923,6385,6380,375,31,6.06
1003.011921,6385,6380,375,31,6.06
1003.111926,6385,6380,375,31,6.08
1003.211937,6385,6380,261,31,6.08
1003.311918,6385,6380,261,31,6.08
1003.41192,6385,6380,261,31,6.06
1003.51192,6385,6380,196,31,6.06
1003.611938,6385,6380,196,31,6.06
1003.71192,6385,6376,196,31,6.06
1003.811953,6385,6380,71,31,6.06
1003.911919,6385,6376,71,31,6.07
1004.011938,6385,6380,71,31,6.07
1004.111917,6385,6380,71,31,6.06
1004.211945,6385,6376,390,31,6.06
1004.311918,6385,6380,390,31,6.06
1004.411935,6385,6380,390,31,6.06
1004.511919,6385,6380,428,31,6.06
1004.611919,6385,6380,428,31,6.06
1004.711918,6385,6380,428,31,6.05
1004.811948,6385,6376,464,31,6.05
1004.911919,6385,6376,464,31,6.06
1005.01192,6385,6380,464,31,6.06
1005.111921,6385,6380,464,31,6.06
1005.211938,6385,6376,511,31,6.06
1005.31193,6385,6376,511,31,6.06
1005.411938,6385,6376,511,31,6.06
1005.511919,6385,6380,552,31,6.06
1005.611937,6385,6380,552,31,6.06
1005.711918,6385,6376,552,31,6.05
1005.81192,6385,6380,63,31,6.05
1005.911918,6385,6380,63,31,6.06
1006.011936,6385,6380,63,31,6.06
1006.111918,6385,6380,63,31,6.05
1006.211918,6385,6380,127,31,6.05
1006.311918,6385,6380,127,31,6.05
1006.411935,6385,6380,127,31,6.03
1006.511917,6385,6376,365,31,6.03
1006.611918,6385,6380,365,31,6.03
1006.711925,6385,6380,365,31,6.06
1006.811935,6385,6380,97,31,6.06
1006.911917,6385,6380,97,31,6.09
1007.011919,6385,6380,97,32,6.09
1007.111926,6385,6376,97,32,6.07
1007.211938,6385,6376,313,32,6.07
1007.311917,6385,6380,313,32,6.07
1007.411918,6385,6376,313,32,6.08
1007.511916,6385,6380,291,32,6.08
1007.611936,6385,6380,291,32,6.08
1007.711918,6385,6380,291,32,6.08
1007.811929,6385,6376,233,32,6.08
1007.911919,6385,6376,233,32,6.06
1008.011952,6385,6380,233,31,6.06
1008.111918,6385,6380,233,31,6.07
1008.211946,6385,6376,453,31,6.07
1008.311919,6385,6376,453,31,6.07
1008.411948,6385,6380,453,31,6.08
1008.511918,6385,6380,433,31,6.08
1008.611936,6385,6376,433,31,6.08
1008.711918,6385,6376,433,31,6.07
1008.811936,6385,6376,479,31,6.07
1008.911918,6385,6380,479,31,6.05
1009.011918,6385,6376,479,31,6.05
1009.111919,6385,6380,479,31,6.02
1009.211935,6385,6380,535,31,6.02
1009.311917,6385,6380,535,31,6.02
1009.411919,6385,6380,535,31,6.07
1009.511917,6385,6380,568,31,6.07
1009.611936,6385,6380,568,31,6.07
1009.711918,6385,6380,568,31,6.04
1009.811919,6385,6380,87,31,6.04
1009.911918,6385,6380,87,31,6.05
1010.011935,6385,6380,87,31,6.05
1010.111919,6385,6380,87,31,6.07
1010.211917,6385,6380,131,31,6.07
1010.311917,6385,6376,131,31,6.07
1010.411938,6385,6376,131,31,6.03
1010.511917,6385,6380,383,31,6.03
1010.61192,6385,6380,383,31,6.03
1010.711919,6385,6380,383,31,6.07
1010.811935,6385,6380,218,31,6.07
1010.911919,6385,6380,218,31,6.04
1011.011918,6385,6376,218,31,6.04
1011.111926,6385,6380,218,31,6.05
1011.211935,6385,6376,445,31,6.05
1011.311919,6385,6376,445,31,6.05
1011.41192,6385,6380,445,31,6.06
1011.511919,6385,6380,319,31,6.06
1011.611942,6385,6380,319,31,6.06
1011.711919,6385,6380,319,31,6.07
1011.81192,6385,6380,513,31,6.07
1011.911918,6385,6380,513,31,6.07
1012.011937,6385,6376,513,31,6.07
1012.111918,6385,6380,513,31,6.07
1012.211919,6385,6376,462,31,6.07
1012.311918,6385,6376,462,31,6.07
1012.411936,6385,6380,462,31,6.02
1012.511918,6385,6376,440,31,6.02
1012.611919,6385,6376,440,31,6.02
1012.711921,6385,6376,440,31,6.05
1012.811935,6385,6380,486,31,6.05
1012.911918,6385,6380,486,31,6.03
1013.011919,6385,6380,486,31,6.03
1013.111918,6385,6380,486,31,6.03
1013.211936,6385,6380,537,31,6.03
1013.311919,6385,6380,537,31,6.03
1013.411918,6385,6376,537,31,6.06
1013.511917,6385,6380,578,31,6.06
1013.611936,6385,6376,578,31,6.06
1013.711918,6385,6380,578,31,6.05
1013.811926,6385,6380,105,31,6.05
1013.911919,6385,6376,105,31,6.09
1014.011936,6385,6376,105,31,6.09
1014.111919,6385,6376,105,31,6.06
1014.211927,6385,6376,155,31,6.06
1014.311918,6385,6376,155,31,6.06
1014.411934,6385,6380,155,31,6.04
1014.511919,6385,6380,199,31,6.04
1014.61192,6385,6380,199,31,6.04
1014.711919,6385,6380,199,31,6.06
1014.811935,6385,6380,400,31,6.06
1014.911918,6385,6380,400,31,6.07
1015.01192,6385,6376,400,31,6.07
1015.111922,6385,6376,400,31,6.07
1015.211935,6385,6376,358,31,6.07
1015.311952,6385,6376,358,31,6.07
1015.41192,6385,6376,358,31,6.07
1015.511976,6385,6376,409,31,6.07
1015.611935,6385,6376,409,31,6.07
1015.711936,6385,6376,409,31,6.07
1015.811919,6385,6376,464,31,6.07
1015.911918,6385,6376,464,31,6.06
1016.011934,6385,6376,464,31,6.06
1016.111919,6385,6376,464,31,6.04
1016.211918,6385,6376,535,31,6.04
1016.311925,6385,6376,535,31,6.04
1016.411936,6385,6376,535,31,6.05
1016.511918,6385,6376,588,31,6.05
1016.611917,6385,6376,588,31,6.05
1016.71192,6385,6376,588,31,6
1016.811947,6385,6376,643,31,6
1016.911919,6385,6380,643,31,6.01
1017.011919,6385,6380,643,31,6.01
1017.111918,6385,6380,643,31,6.02
1017.211934,6385,6380,114,31,6.02
1017.311918,6385,6380,114,31,6.02
1017.41192,6385,6380,114,31,6.04
1017.511918,6385,6380,145,31,6.04
1017.611935,6385,6376,145,31,6.04
1017.711918,6385,6380,145,31,6.08
1017.811922,6385,6380,175,31,6.08
1017.911926,6385,6380,175,31,6.04
1018.011935,6385,6380,175,31,6.04
1018.111949,6385,6380,175,31,6.07
1018.21193,6385,6380,283,31,6.07
1018.311953,6385,6380,283,31,6.07
1018.411936,6385,6380,283,31,6.06
1018.511935,6385,6380,252,31,6.06
1018.611919,6385,6380,252,31,6.06
1018.711935,6385,6380,252,31,6.08
1018.811935,6385,6380,353,31,6.08
1018.911919,6385,6376,353,31,6.08
1019.011919,6385,6380,353,31,6.08
1019.111918,6385,6380,353,31,6.05
1019.211934,6385,6380,414,31,6.05
1019.311919,6385,6376,414,31,6.05
1019.411917,6385,6380,414,31,6.06
1019.511919,6385,6380,399,31,6.06
1019.611957,6385,6376,399,31,6.06
1019.711918,6385,6376,399,31,6.07
1019.811923,6385,6376,308,31,6.07
1019.911918,6385,6376,308,31,6.07
1020.011936,6385,6376,308,31,6.07
1020.111919,6385,6380,308,31,6.06
1020.211936,6385,6376,573,31,6.06
1020.311919,6385,6380,573,31,6.06
1020.411935,6385,6380,573,31,6.07
1020.511919,6385,6380,619,31,6.07
1020.61192,6385,6380,619,31,6.07
1020.711929,6385,6380,619,31,6.06
1020.811934,6385,6380,83,31,6.06
1020.911917,6385,6376,83,31,6.09
1021.011919,6385,6376,83,31,6.09
1021.111919,6385,6376,83,31,6.04
1021.211978,6385,6380,134,31,6.04
1021.311943,6385,6380,134,31,6.04
1021.411919,6385,6380,134,31,6.06
1021.511979,6385,6380,167,31,6.06
1021.611934,6385,6376,167,31,6.06
1021.711945,6385,6376,167,31,6.07
1021.811918,6385,6376,274,31,6.07
1021.911917,6385,6380,274,31,6.07
1022.011934,6385,6376,274,31,6.07
1022.111918,6385,6380,274,31,6.07
1022.21192,6385,6380,261,31,6.07
1022.311917,6385,6376,261,31,6.07
1022.411946,6385,6376,261,31,6.05
1022.511926,6385,6376,375,31,6.05
1022.611918,6385,6380,375,31,6.05
1022.711918,6385,6376,375,31,6.05
1022.811946,6385,6376,218,31,6.05
1022.911926,6385,6380,218,31,6.07
1023.011917,6385,6376,218,31,6.07
1023.111916,6385,6376,218,31,6.02
1023.211947,6385,6376,486,31,6.02
1023.311917,6385,6376,486,31,6.02
1023.411918,6385,6376,486,31,6.08
1023.511917,6385,6376,537,31,6.08
1023.611935,6385,6376,537,31,6.08
1023.711918,6385,6380,537,31,6.05
1023.811919,6385,6376,581,31,6.05
1023.911917,6385,6376,581,31,6.07
1024.011934,6385,6380,581,31,6.07
1024.111918,6385,6380,581,31,6.04
1024.211919,6385,6380,571,31,6.04
1024.311926,6385,6380,571,31,6.04
1024.411946,6385,6376,571,31,6.06
1024.511918,6385,6380,95,31,6.06
1024.611918,6385,6380,95,31,6.06
1024.711918,6385,6376,95,31,6.05
1024.811948,6385,6380,136,31,6.05
1024.911919,6385,6376,136,31,6.07
1025.011918,6385,6380,136,31,6.07
1025.111917,6385,6380,136,31,6.07
1025.211947,6385,6380,191,31,6.07
1025.311919,6385,6380,191,31,6.07
1025.411921,6385,6380,191,31,6.08
1025.511918,6385,6380,225,31,6.08
1025.611948,6385,6380,225,31,6.08
1025.711918,6385,6376,225,31,6.08
1025.81192,6385,6376,334,31,6.08
1025.911917,6385,6376,334,31,6.07
1026.011954,6385,6376,334,31,6.07
1026.111918,6385,6376,334,31,6.07
1026.211917,6385,6376,395,31,6.07
1026.311919,6385,6376,395,31,6.07
1026.411947,6385,6376,395,31,6.08
1026.511929,6385,6376,445,31,6.08
1026.61192,6385,6376,445,31,6.08
1026.711918,6385,6376,445,31,6.05
1026.811947,6385,6380,293,31,6.05
1026.911917,6385,6380,293,31,6.04
1027.011917,6385,6380,293,31,6.04
1027.111918,6385,6376,293,31,6.07
1027.211947,6385,6376,554,31,6.07
1027.311938,6385,6376,554,31,6.07
1027.41192,6385,6376,554,31,6.07
1027.511918,6385,6380,400,31,6.07
1027.611946,6385,6376,400,31,6.07
1027.711918,6385,6376,400,31,6.06
1027.811919,6385,6376,146,31,6.06
1027.911919,6385,6376,146,31,6.08
1028.011935,6385,6376,146,31,6.08
1028.111919,6385,6376,146,31,6.08
1028.211937,6385,6376,206,31,6.08
1028.311917,6385,6380,206,31,6.08
1028.411959,6385,6380,206,31,6.03
1028.511919,6385,6380,177,31,6.03
1028.61194,6385,6380,177,31,6.03
1028.711917,6385,6380,177,31,6.08
1028.811957,6385,6380,213,31,6.08
1028.911919,6385,6380,213,31,6.08
1029.011947,6385,6380,213,31,6.08
1029.111926,6385,6376,213,31,6.08
1029.211945,6385,6376,339,31,6.08
1029.311916,6385,6376,339,31,6.08
1029.411935,6385,6380,339,31,6.06
1029.511917,6385,6380,218,31,6.06
1029.611947,6385,6376,218,31,6.06
1029.711916,6385,6380,218,31,6.07
1029.81192,6385,6380,93,31,6.07
1029.911917,6385,6380,93,31,6.01
1030.011946,6385,6380,93,31,6.01
1030.111918,6385,6376,93,31,6.07
1030.211919,6385,6380,418,31,6.07
1030.311918,6385,6376,418,31,6.07
1030.411934,6385,6376,418,31,6.06
1030.511926,6385,6380,458,31,6.06
1030.611918,6385,6376,458,31,6.06
1030.711916,6385,6376,458,31,6.06
1030.811932,6385,6380,496,31,6.06
1030.911917,6385,6380,496,31,6.06
1031.011918,6385,6380,496,31,6.06
1031.111926,6385,6380,496,31,6.01
1031.211941,6385,6380,549,31,6.01
1031.311918,6385,6380,549,31,6.01
1031.41192,6385,6380,549,31,6.05
1031.511918,6385,6380,242,31,6.05
1031.611938,6385,6376,242,31,6.05
1031.711919,6385,6380,242,31,6.06
1031.811927,6385,6380,284,31,6.06
1031.911918,6385,6380,284,31,6.07
1032.011945,6385,6380,284,31,6.07
1032.111918,6385,6380,284,31,6.07
1032.21194,6385,6376,245,31,6.07
1032.311918,6385,6380,245,31,6.07
1032.411976,6385,6376,245,31,6.07
1032.511917,6385,6380,221,31,6.07
1032.611948,6385,6380,221,31,6.07
1032.711918,6385,6376,221,31,6.05
1032.81193,6385,6376,327,31,6.05
1032.911918,6385,6376,327,31,6.07
1033.011919,6385,6380,327,31,6.07
1033.111918,6385,6380,327,31,6.05
1033.211942,6385,6380,319,31,6.05
1033.311918,6385,6380,319,31,6.05
1033.411917,6385,6380,319,31,6.07
1033.511925,6385,6380,354,31,6.07
1033.61195,6385,6380,354,31,6.07
1033.711918,6385,6376,354,31,6.06
1033.811951,6385,6376,469,31,6.06
1033.911918,6385,6380,469,31,6.07
1034.011931,6385,6380,469,31,6.07
1034.111917,6385,6376,469,31,6.07
1034.211918,6385,6380,467,31,6.07
1034.311918,6385,6376,467,31,6.07
1034.411929,6385,6380,467,31,6.06
1034.511918,6385,6376,578,31,6.06
1034.611919,6385,6376,578,31,6.06
1034.711918,6385,6376,578,31,6.07
1034.811932,6385,6380,624,31,6.07
1034.911917,6385,6376,624,31,6.05
1035.011918,6385,6380,624,31,6.05
1035.111925,6385,6380,624,31,6.09
1035.21193,6385,6380,93,31,6.09
1035.311918,6385,6380,93,31,6.09
1035.411919,6385,6380,93,31,6.06
1035.511918,6385,6380,134,31,6.06
1035.61193,6385,6380,134,31,6.06
1035.711917,6385,6380,134,31,6.08
1035.811919,6385,6380,69,31,6.08
1035.911926,6385,6380,69,31,6.03
1036.011929,6385,6380,69,31,6.03
1036.111921,6385,6380,69,31,6.06
1036.211926,6385,6380,44,31,6.06
1036.311918,6385,6380,44,31,6.06
1036.411949,6385,6380,44,31,6.07
1036.511919,6385,6380,259,31,6.07
1036.611917,6385,6380,259,31,6.07
1036.711921,6385,6380,259,31,6.07
1036.811931,6385,6380,155,31,6.07
1036.911917,6385,6380,155,31,6.08
1037.011919,6385,6376,155,31,6.08
1037.111917,6385,6376,155,31,6.07
1037.21193,6385,6380,354,31,6.07
1037.311918,6385,6380,354,31,6.07
1037.411918,6385,6380,354,31,6.07
1037.511917,6385,6376,462,31,6.07
1037.611949,6385,6376,462,31,6.07
1037.711917,6385,6376,462,31,6.04
1037.811918,6385,6380,310,31,6.04
1037.911918,6385,6380,310,31,6.06
1038.011947,6385,6380,310,31,6.06
1038.111917,6385,6376,310,31,6
1038.211919,6385,6376,568,31,6
1038.311926,6385,6376,568,31,6
1038.41193,6385,6376,568,31,6.07
1038.511917,6385,6376,610,31,6.07
1038.611918,6385,6380,610,31,6.07
1038.711919,6385,6380,610,31,6.07
1038.811948,6385,6380,581,31,6.07
1038.911917,6385,6380,581,31,6.09
1039.011918,6385,6380,581,31,6.09
1039.111918,6385,6380,581,31,6.06
1039.21193,6385,6380,112,31,6.06
1039.311918,6385,6380,112,31,6.06
1039.41192,6385,6380,112,31,6.07
1039.511918,6385,6376,214,31,6.07
1039.611947,6385,6380,214,31,6.07
1039.711918,6385,6380,214,31,6.08
1039.811922,6385,6380,185,31,6.08
1039.911918,6385,6380,185,31,6.05
1040.011947,6385,6380,185,31,6.05
1040.111918,6385,6376,185,31,6.09
1040.211918,6385,6376,303,31,6.09
1040.311926,6385,6380,303,31,6.09
1040.411948,6385,6376,303,31,6.07
1040.511935,6385,6376,346,31,6.07
1040.611917,6385,6380,346,31,6.07
1040.711917,6385,6376,346,31,6.08
1040.811947,6385,6376,397,31,6.08
1040.911916,6385,6376,397,31,6.07
1041.01192,6385,6380,397,31,6.07
1041.111917,6385,6380,397,31,6.05
1041.211946,6385,6380,131,31,6.05
1041.311919,6385,6380,131,31,6.05
1041.411917,6385,6380,131,31,6.05
1041.511918,6385,6380,172,31,6.05
1041.611948,6385,6380,172,31,6.05
1041.711919,6385,6380,172,31,6.06
1041.811919,6385,6380,472,31,6.06
1041.911919,6385,6380,472,31,6.06
1042.011949,6385,6380,472,31,6.06
1042.111917,6385,6376,472,31,6.05
1042.211918,6385,6380,525,31,6.05
1042.311918,6385,6380,525,31,6.05
1042.411947,6385,6380,525,31,6.07
1042.511917,6385,6380,556,31,6.07
1042.611916,6385,6376,556,31,6.07
1042.711936,6385,6380,556,31,6.07
1042.811947,6385,6380,78,31,6.07
1042.911935,6385,6380,78,31,6.06
1043.011918,6385,6380,78,31,6.06
1043.111942,6385,6380,78,31,6.08
1043.211948,6385,6376,206,31,6.08
1043.311946,6385,6380,206,31,6.08
1043.411917,6385,6380,206,31,6.07
1043.511936,6385,6376,223,31,6.07
1043.611946,6385,6380,223,31,6.07
1043.711919,6385,6380,223,31,6.04
1043.811917,6385,6380,196,31,6.04
1043.911917,6385,6380,196,31,6.09
1044.011948,6385,6380,196,31,6.09
1044.111919,6385,6380,196,31,6.07
1044.21192,6385,6380,302,31,6.07
1044.311918,6385,6380,302,31,6.07
1044.411946,6385,6380,302,31,6.06
1044.511919,6385,6380,177,31,6.06
1044.611917,6385,6376,177,31,6.06
1044.711919,6385,6376,177,31,5.98
1044.811948,6385,6380,327,31,5.98
1044.911919,6385,6380,327,31,6.08
1045.011918,6385,6376,327,31,6.08
1045.111919,6385,6376,327,31,6.02
1045.211948,6385,6376,450,31,6.02
1045.311941,6385,6380,450,31,6.02
1045.411917,6385,6376,450,31,6.07
1045.511935,6385,6376,501,31,6.07
1045.611947,6385,6376,501,31,6.07
1045.711975,6385,6376,501,31,5.98
1045.811924,6385,6376,551,31,5.98
1045.911935,6385,6376,551,31,6.03
1046.011946,6385,6376,551,31,6.03
1046.111934,6385,6376,551,31,6.06
1046.211918,6385,6376,290,31,6.06
1046.311918,6385,6376,290,31,6.06
1046.411948,6385,6376,290,31,6.06
1046.511918,6385,6380,92,31,6.06
1046.61192,6385,6380,92,31,6.06
1046.711926,6385,6380,92,31,6.05
1046.811989,6385,6380,126,31,6.05
1046.911919,6385,6380,126,31,6.07
1047.011919,6385,6376,126,31,6.07
1047.111926,6385,6380,126,31,6.07
1047.211948,6385,6376,245,31,6.07
1047.311919,6385,6376,245,31,6.07
1047.411918,6385,6376,245,31,6.04
1047.51195,6385,6376,290,31,6.04
1047.611947,6385,6380,290,31,6.04
1047.711953,6385,6380,290,31,6.02
1047.811917,6385,6380,259,31,6.02
1047.911935,6385,6380,259,31,6.08
1048.011948,6385,6380,259,31,6.08
1048.111918,6385,6380,259,31,6.06
1048.211919,6385,6380,52,31,6.06
1048.311919,6385,6376,52,31,6.06
1048.411955,6385,6380,52,31,6.05
1048.511918,6385,6380,358,31,6.05
1048.611917,6385,6380,358,31,6.05
1048.711919,6385,6380,358,31,6.07
1048.811945,6385,6376,458,31,6.07
1048.911918,6385,6376,458,31,6.07
1049.011918,6385,6376,458,31,6.07
1049.111916,6385,6380,458,31,6.05
1049.211944,6385,6380,455,31,6.05
1049.311917,6385,6376,455,31,6.05
1049.411918,6385,6376,455,31,6.06
1049.511918,6385,6376,663,31,6.06
1049.611933,6385,6376,663,31,6.06
1049.711918,6385,6376,663,31,6.01
1049.811918,6385,6376,750,31,6.01
1049.911917,6385,6376,750,31,6.01
1050.011938,6385,6380,750,31,6.01
1050.111918,6385,6380,750,31,5.99
1050.211918,6385,6380,83,31,5.99
1050.311917,6385,6376,83,31,5.99
1050.411938,6385,6376,83,31,6.07
1050.511917,6385,6380,324,31,6.07
1050.611918,6385,6380,324,31,6.07
1050.711917,6385,6380,324,31,6.06
1050.811935,6385,6376,156,31,6.06
1050.911937,6385,6380,156,31,6.08
1051.011919,6385,6380,156,31,6.08
1051.111918,6385,6380,156,31,6.03
1051.211934,6385,6376,267,31,6.03
1051.311918,6385,6376,267,31,6.03
1051.411917,6385,6376,267,31,6.09
1051.511918,6385,6376,308,31,6.09
1051.611946,6385,6376,308,31,6.09
1051.711916,6385,6376,308,31,6.05
1051.811918,6385,6376,624,31,6.05
1051.911919,6385,6380,624,31,6.06
1052.011948,6385,6380,624,31,6.06
1052.111917,6385,6380,624,31,6.09
1052.211918,6385,6376,356,31,6.09
1052.311917,6385,6376,356,31,6.09
1052.411947,6385,6376,356,31,6.07
1052.511919,6385,6376,470,31,6.07
1052.611918,6385,6380,470,31,6.07
1052.711917,6385,6380,470,31,6.05
1052.811947,6385,6376,516,31,6.05
1052.911917,6385,6376,516,31,6.05
1053.011919,6385,6376,516,31,6.05
1053.111917,6385,6380,516,31,6.05
1053.211948,6385,6380,511,31,6.05
1053.311928,6385,6380,511,31,6.05
1053.411919,6385,6380,511,31,6.07
1053.511918,6385,6380,552,31,6.07
1053.611947,6385,6376,552,31,6.07
1053.711925,6385,6376,552,31,6.05
1053.811918,6385,6376,150,31,6.05
1053.911917,6385,6380,150,31,6.05
1054.011954,6385,6376,150,31,6.05
1054.111918,6385,6380,150,31,6.07
1054.211918,6385,6380,139,31,6.07
1054.311919,6385,6380,139,31,6.07
1054.411948,6385,6380,139,31,6.05
1054.511918,6385,6376,237,31,6.05
1054.611919,6385,6376,237,31,6.05
1054.711916,6385,6376,237,31,6.05
1054.811935,6385,6380,383,31,6.05
1054.911917,6385,6380,383,31,6.06
1055.011919,6385,6376,383,31,6.06
1055.111917,6385,6376,383,31,6.02
1055.211948,6385,6376,332,31,6.02
1055.311918,6385,6376,332,31,6.02
1055.411926,6385,6376,332,31,6.06
1055.511919,6385,6376,518,31,6.06
1055.611946,6385,6380,518,31,6.06
1055.711917,6385,6380,518,31,6.08
1055.811921,6385,6376,513,31,6.08
1055.911924,6385,6376,513,31,6.05
1056.011951,6385,6376,513,31,6.05
1056.111917,6385,6376,513,31,6.08
1056.211945,6385,6376,481,31,6.08
1056.311918,6385,6380,481,31,6.08
1056.411947,6385,6376,481,31,6.07
1056.511918,6385,6380,197,31,6.07
1056.611926,6385,6380,197,31,6.07
1056.711916,6385,6380,197,31,6.05
1056.811947,6385,6376,566,31,6.05
1056.911918,6385,6380,566,31,6.05
1057.011918,6385,6380,566,31,6.05
1057.111918,6385,6380,566,31,6.05
1057.211947,6385,6380,554,31,6.05
1057.311917,6385,6380,554,31,6.05
1057.411918,6385,6380,554,31,6.06
1057.511924,6385,6380,80,31,6.06
1057.611947,6385,6380,80,31,6.06
1057.711918,6385,6380,80,31,6.07
1057.81192,6385,6380,110,31,6.07
1057.911917,6385,6380,110,31,6.08
1058.011949,6385,6380,110,31,6.08
1058.111919,6385,6376,110,31,6.08
1058.21192,6385,6376,225,31,6.08
1058.311918,6385,6380,225,31,6.08
1058.411947,6385,6380,225,31,6.06
1058.511917,6385,6380,194,31,6.06
1058.611919,6385,6380,194,31,6.06
1058.711937,6385,6380,194,31,6.06
1058.81195,6385,6380,237,31,6.06
1058.911917,6385,6380,237,31,6.06
1059.011937,6385,6380,237,31,6.06
1059.111918,6385,6376,237,31,6.06
1059.211951,6385,6380,156,31,6.06
1059.311917,6385,6380,156,31,6.06
1059.411938,6385,6380,156,31,6.08
1059.511917,6385,6380,342,31,6.08
1059.611947,6385,6376,342,31,6.08
1059.711918,6385,6380,342,31,6.06
1059.811937,6385,6376,302,31,6.06
1059.911917,6385,6380,302,31,6.06
1060.011947,6385,6376,302,31,6.06
1060.111918,6385,6376,302,31,6.06
1060.211926,6385,6380,503,31,6.06
1060.311918,6385,6376,503,31,6.06
1060.411947,6385,6380,503,31,6.04
1060.511918,6385,6380,482,31,6.04
1060.611918,6385,6380,482,31,6.04
1060.711918,6385,6380,482,31,6.06
1060.811942,6385,6380,580,31,6.06
1060.911917,6385,6380,580,31,6.07
1061.011954,6385,6380,580,31,6.07
1061.111918,6385,6380,580,31,6.02
1061.211946,6385,6380,568,31,6.02
1061.311919,6385,6380,568,31,6.02
1061.411917,6385,6380,568,31,6.05
1061.511925,6385,6376,153,31,6.05
1061.611947,6385,6376,153,31,6.05
1061.711917,6385,6380,153,31,6.07
1061.81192,6385,6380,124,31,6.07
1061.911918,6385,6380,124,31,6.07
1062.011943,6385,6380,124,31,6.07
1062.111917,6385,6380,124,31,6.08
1062.211919,6385,6380,167,31,6.08
1062.311917,6385,6380,167,31,6.08
1062.411946,6385,6380,167,31,6.08
1062.511918,6385,6380,204,31,6.08
1062.611917,6385,6376,204,31,6.08
1062.711919,6385,6380,204,31,6.07
1062.811947,6385,6380,243,31,6.07
1062.911918,6385,6376,243,31,6.06
1063.011919,6385,6380,243,31,6.06
1063.111924,6385,6376,243,31,6.05
1063.211945,6385,6380,185,31,6.05
1063.311918,6385,6380,185,31,6.05
1063.411917,6385,6380,185,31,6.03
1063.511918,6385,6376,486,31,6.03
1063.611948,6385,6376,486,31,6.03
1063.711917,6385,6376,486,31,6.08
1063.811926,6385,6380,102,31,6.08
1063.911917,6385,6376,102,31,6.07
1064.011946,6385,6376,102,31,6.07
1064.111918,6385,6380,102,31,6.07
1064.211918,6385,6376,493,31,6.07
1064.311918,6385,6376,493,31,6.07
1064.411945,6385,6380,493,31,6.07
1064.511918,6385,6376,540,31,6.07
1064.611918,6385,6376,540,31,6.07
1064.711918,6385,6376,540,31,6.04
1064.811942,6385,6376,593,31,6.04
1064.911919,6385,6380,593,31,6.04
1065.011919,6385,6380,593,31,6.04
1065.111919,6385,6376,593,31,6.05
1065.211941,6385,6380,578,31,6.05
1065.311918,6385,6380,578,31,6.05
1065.411919,6385,6376,578,31,6.08
1065.511918,6385,6376,165,31,6.08
1065.611948,6385,6380,165,31,6.08
1065.711917,6385,6380,165,31,6.09
1065.811918,6385,6380,138,31,6.09
1065.911918,6385,6380,138,31,6.08
1066.011945,6385,6380,138,31,6.08
1066.111918,6385,6380,138,31,6.07
1066.211919,6385,6380,179,31,6.07
1066.311918,6385,6380,179,31,6.07
1066.411945,6385,6380,179,31,6.08
1066.511917,6385,6380,209,31,6.08
1066.611918,6385,6380,209,31,6.08
1066.711918,6385,6380,209,31,6.08
1066.811935,6385,6380,81,31,6.08
1066.911918,6385,6380,81,31,6.08
1067.01192,6385,6380,81,31,6.08
1067.111918,6385,6380,81,31,6.09
1067.211933,6385,6380,112,31,6.09
1067.311917,6385,6380,112,31,6.09
1067.41192,6385,6380,112,31,6.05
1067.511918,6385,6380,143,31,6.05
1067.611932,6385,6380,143,31,6.05
1067.711918,6385,6380,143,31,6.07
1067.811926,6385,6380,88,31,6.07
1067.911919,6385,6380,88,31,6.07
1068.011946,6385,6380,88,31,6.07
1068.11192,6385,6380,88,31,6.08
1068.211918,6385,6380,131,31,6.08
1068.31192,6385,6380,131,31,6.08
1068.411945,6385,6380,131,31,6.08
1068.511919,6385,6380,81,31,6.08
1068.611917,6385,6380,81,31,6.08
1068.711918,6385,6380,81,31,6.07
1068.811947,6385,6380,112,31,6.07
1068.911951,6385,6380,112,31,6.08
1069.011918,6385,6380,112,31,6.08
1069.111946,6385,6380,112,31,6.07
1069.211948,6385,6380,153,31,6.07
1069.311934,6385,6380,153,31,6.07
1069.41192,6385,6380,153,31,6.08
1069.511916,6385,6380,184,31,6.08
1069.611949,6385,6380,184,31,6.08
1069.711918,6385,6380,184,31,6.07
1069.811918,6385,6380,218,31,6.07
1069.91192,6385,6380,218,31,6.07
1070.011949,6385,6380,218,31,6.07
1070.111918,6385,6376,218,31,6.09
1070.211927,6385,6376,334,31,6.09
1070.311916,6385,6380,334,31,6.09
1070.411948,6385,6380,334,31,6.05
1070.511918,6385,6380,317,31,6.05
1070.61192,6385,6376,317,31,6.05
1070.711917,6385,6376,317,31,6.07
1070.811949,6385,6380,528,31,6.07
1070.911918,6385,6380,528,31,6.07
1071.011918,6385,6380,528,31,6.07
1071.11192,6385,6380,528,31,6.08
1071.211946,6385,6380,315,31,6.08
1071.311918,6385,6380,315,31,6.08
1071.411918,6385,6380,315,31,6.06
1071.511936,6385,6380,452,31,6.06
1071.611948,6385,6380,452,31,6.06
1071.711934,6385,6376,452,31,6.05
1071.811918,6385,6380,484,31,6.05
1071.911918,6385,6380,484,31,6.04
1072.011945,6385,6380,484,31,6.04
1072.111919,6385,6380,484,31,6.06
1072.211918,6385,6380,87,31,6.06
1072.311919,6385,6380,87,31,6.06
1072.411946,6385,6380,87,31,6.09
1072.511919,6385,6380,117,31,6.09
1072.611918,6385,6380,117,31,6.09
1072.711918,6385,6380,117,31,6.06
1072.811945,6385,6380,148,31,6.06
1072.911918,6385,6380,148,31,6.07
1073.011918,6385,6380,148,31,6.07
1073.111919,6385,6380,148,31,6.08
1073.211947,6385,6380,189,31,6.08
1073.311927,6385,6380,189,31,6.08
1073.411919,6385,6376,189,31,6.07
1073.511919,6385,6376,290,31,6.07
1073.611948,6385,6380,290,31,6.07
1073.711924,6385,6380,290,31,6.06
1073.811919,6385,6376,327,31,6.06
1073.91192,6385,6376,327,31,6.06
1074.011946,6385,6376,327,31,6.06
1074.111927,6385,6380,327,31,6.06
1074.211919,6385,6380,313,31,6.06
1074.311942,6385,6380,313,31,6.06
1074.411947,6385,6380,313,31,6.07
1074.51195,6385,6380,346,31,6.07
1074.61192,6385,6380,346,31,6.07
1074.711945,6385,6380,346,31,6.05
1074.811946,6385,6380,377,31,6.05
1074.911917,6385,6380,377,31,6.06
1075.011918,6385,6380,377,31,6.06
1075.111918,6385,6380,377,31,6.06
1075.211946,6385,6380,418,31,6.06
1075.311919,6385,6380,418,31,6.06
1075.411919,6385,6380,418,31,6.06
1075.511917,6385,6380,612,31,6.06
1075.611944,6385,6376,612,31,6.06
1075.711925,6385,6380,612,31,6.06
1075.811918,6385,6380,482,31,6.06
1075.911918,6385,6380,482,31,6.07
1076.011947,6385,6380,482,31,6.07
1076.111918,6385,6380,482,31,6.07
1076.211918,6385,6380,525,31,6.07
1076.311925,6385,6380,525,31,6.07
1076.411946,6385,6380,525,31,6.05
1076.511917,6385,6380,557,31,6.05
1076.611917,6385,6380,557,31,6.05
1076.711918,6385,6380,557,31,6.06
1076.811948,6385,6380,590,31,6.06
1076.911918,6385,6380,590,31,6.09
1077.01192,6385,6380,590,31,6.09
1077.111916,6385,6380,590,31,6.09
1077.211943,6385,6380,119,31,6.09
1077.311917,6385,6380,119,31,6.09
1077.411919,6385,6380,119,31,6.09
1077.511917,6385,6380,150,31,6.09
1077.611951,6385,6380,150,31,6.09
1077.711917,6385,6380,150,31,6.08
1077.811919,6385,6380,180,31,6.08
1077.911916,6385,6380,180,31,6.08
1078.011945,6385,6380,180,31,6.08
1078.111918,6385,6380,180,31,6.07
1078.211921,6385,6376,429,31,6.07
1078.311919,6385,6380,429,31,6.07
1078.41194,6385,6380,429,31,6.04
1078.511919,6385,6380,259,31,6.04
1078.611919,6385,6380,259,31,6.04
1078.711919,6385,6380,259,31,6.07
1078.811939,6385,6380,296,31,6.07
1078.911918,6385,6376,296,31,6.08
1079.011918,6385,6380,296,31,6.08
1079.111917,6385,6376,296,31,6.07
1079.211944,6385,6380,351,31,6.07
1079.311918,6385,6376,351,31,6.07
1079.411918,6385,6380,351,31,6.07
1079.511918,6385,6380,387,31,6.07
1079.611945,6385,6380,387,31,6.07
1079.711919,6385,6380,387,31,6.08
1079.811919,6385,6380,421,31,6.08
1079.911918,6385,6380,421,31,6.08
1080.011946,6385,6380,421,31,6.08
1080.111917,6385,6380,421,31,6.05
1080.211919,6385,6376,365,31,6.05
1080.311919,6385,6380,365,31,6.05
1080.411936,6385,6380,365,31,6.05
1080.511927,6385,6380,78,31,6.05
1080.611919,6385,6380,78,31,6.05
1080.711916,6385,6380,78,31,6.09
1080.811939,6385,6380,78,31,6.09
1080.911917,6385,6380,78,31,6.06
1081.011929,6385,6380,78,31,6.06
1081.111918,6385,6380,78,31,6.07
1081.211945,6385,6380,78,31,6.07
1081.311918,6385,6380,78,31,6.07
1081.411951,6385,6380,78,31,6.08
1081.511917,6385,6380,93,31,6.08
1081.611947,6385,6380,93,31,6.08
1081.711917,6385,6380,93,31,6.06
1081.811919,6385,6380,124,31,6.06
1081.911917,6385,6380,124,31,6.04
1082.011929,6385,6380,124,31,6.04
1082.111918,6385,6380,124,31,6.06
1082.21192,6385,6380,167,31,6.06
1082.311917,6385,6376,167,31,6.06
1082.411934,6385,6376,167,31,6.01
1082.511919,6385,6376,371,31,6.01
1082.611919,6385,6380,371,31,6.01
1082.71192,6385,6380,371,31,6.05
1082.811929,6385,6376,104,31,6.05
1082.911918,6385,6376,104,31,6.08
1083.011918,6385,6380,104,31,6.08
1083.111918,6385,6380,104,31,6.08
1083.211931,6385,6380,206,31,6.08
1083.311918,6385,6376,206,31,6.08
1083.41192,6385,6376,206,31,6.07
1083.511926,6385,6376,421,31,6.07
1083.611931,6385,6380,421,31,6.07
1083.711917,6385,6376,421,31,6.07
1083.811919,6385,6376,361,31,6.07
1083.911945,6385,6380,361,31,6.08
1084.01193,6385,6380,361,31,6.08
1084.111917,6385,6380,361,31,6.06
1084.211918,6385,6376,662,31,6.06
1084.311918,6385,6380,662,31,6.06
1084.411934,6385,6380,662,31,6.08
1084.511919,6385,6380,489,31,6.08
1084.611918,6385,6380,489,31,6.08
1084.711917,6385,6380,489,31,6.08
1084.811929,6385,6380,522,31,6.08
1084.911917,6385,6380,522,31,6.08
1085.011926,6385,6380,522,31,6.08
1085.111936,6385,6380,522,31,6.06
1085.21193,6385,6380,428,31,6.06
1085.311917,6385,6380,428,31,6.06
1085.411918,6385,6380,428,31,6.08
1085.511918,6385,6380,97,31,6.08
1085.611943,6385,6376,97,31,6.08
1085.711927,6385,6376,97,31,6.08
1085.811918,6385,6376,203,31,6.08
1085.911918,6385,6380,203,31,6.08
1086.011952,6385,6380,203,31,6.08
1086.111916,6385,6380,203,31,6.09
1086.211921,6385,6376,252,31,6.09
1086.311917,6385,6376,252,31,6.09
1086.41196,6385,6380,252,31,6.08
1086.511918,6385,6380,232,31,6.08
1086.611918,6385,6380,232,31,6.08
1086.711919,6385,6380,232,31,6.06
1086.811942,6385,6376,331,31,6.06
1086.911919,6385,6380,331,31,6.06
1087.011918,6385,6380,331,31,6.06
1087.111917,6385,6380,331,31,6.08
1087.211945,6385,6380,313,31,6.08
1087.311926,6385,6380,313,31,6.08
1087.411923,6385,6376,313,31,6.07
1087.511918,6385,6380,418,31,6.07
1087.611951,6385,6376,418,31,6.07
1087.711917,6385,6376,418,31,6.07
1087.811958,6385,6380,404,31,6.07
1087.911918,6385,6376,404,31,6.07
1088.011942,6385,6380,404,31,6.07
1088.111917,6385,6380,404,31,6.08
1088.211918,6385,6380,452,31,6.08
1088.311918,6385,6380,452,31,6.08
1088.411947,6385,6380,452,31,6.06
1088.511916,6385,6376,551,31,6.06
1088.611919,6385,6380,551,31,6.06
1088.711926,6385,6380,551,31,6.06
1088.81195,6385,6376,523,31,6.06
1088.911917,6385,6376,523,31,6.06
1089.011918,6385,6380,523,31,6.06
1089.111918,6385,6380,523,31,6.06
1089.211942,6385,6380,571,31,6.06
1089.311918,6385,6380,571,31,6.06
1089.411918,6385,6380,571,31,6.08
1089.511918,6385,6380,92,31,6.08
1089.611931,6385,6380,92,31,6.08
1089.711925,6385,6380,92,31,6.06
1089.811925,6385,6380,122,31,6.06
1089.911917,6385,6380,122,31,6.08
1090.011936,6385,6380,122,31,6.08
1090.111927,6385,6380,122,31,6.08
1090.211918,6385,6380,168,31,6.08
1090.311916,6385,6380,168,31,6.08
1090.411949,6385,6380,168,31,6.09
1090.511926,6385,6380,204,31,6.09
1090.611919,6385,6380,204,31,6.09
1090.711918,6385,6376,204,31,6.08
1090.811948,6385,6376,300,31,6.08
1090.911917,6385,6376,300,31,6.07
1091.011918,6385,6380,300,31,6.07
1091.111917,6385,6376,300,31,6.08
1091.211948,6385,6380,286,31,6.08
1091.311919,6385,6380,286,31,6.08
1091.411918,6385,6376,286,31,6.03
1091.511919,6385,6376,656,31,6.03
1091.611976,6385,6376,656,31,6.03
1091.711931,6385,6376,656,31,6.06
1091.811931,6385,6376,697,31,6.06
1091.911939,6385,6376,697,31,6.08
1092.01196,6385,6376,697,31,6.08
1092.111932,6385,6380,697,31,6.07
1092.211932,6385,6380,288,31,6.07
1092.31193,6385,6380,288,31,6.07
1092.411961,6385,6376,288,31,6.08
1092.511931,6385,6376,540,31,6.08
1092.611932,6385,6376,540,31,6.08
1092.711931,6385,6380,540,31,6.05
1092.81196,6385,6380,518,31,6.05
1092.911938,6385,6376,518,31,6.04
1093.011932,6385,6376,518,31,6.04
1093.111931,6385,6380,518,31,6.02
1093.21196,6385,6376,634,31,6.02
1093.311932,6385,6380,634,31,6.02
1093.411931,6385,6380,634,31,6.06
1093.511941,6385,6380,155,31,6.06
1093.611976,6385,6380,155,31,6.06
1093.711931,6385,6380,155,31,6.09
1093.811938,6385,6376,327,31,6.09
1093.911932,6385,6380,327,31,6.08
1094.011957,6385,6380,327,31,6.08
1094.111939,6385,6380,327,31,6.08
1094.211932,6385,6376,498,31,6.08
1094.311932,6385,6376,498,31,6.08
1094.411961,6385,6380,498,31,6.07
1094.511953,6385,6380,54,31,6.07
1094.611933,6385,6380,54,31,6.07
1094.711976,6385,6376,54,31,6.08
1094.811983,6385,6376,109,31,6.08
1094.91199,6385,6380,109,31,6.09
1095.011931,6385,6380,109,31,6.09
1095.112,6385,6380,109,31,6.06
1095.211972,6385,6376,363,31,6.06
1095.311992,6385,6376,363,31,6.06
1095.411932,6385,6376,363,31,6.06
1095.511948,6385,6380,337,31,6.06
1095.611956,6385,6380,337,31,6.06
1095.711931,6385,6380,337,31,6.04
1095.811931,6385,6380,373,31,6.04
1095.911931,6385,6380,373,31,6.05
1096.011977,6385,6380,373,31,6.05
1096.111932,6385,6380,373,31,6.07
1096.211932,6385,6380,423,31,6.07
1096.311931,6385,6380,423,31,6.07
1096.411959,6385,6376,423,31,6.06
1096.511931,6385,6380,457,31,6.06
1096.611932,6385,6380,457,31,6.06
1096.711932,6385,6380,457,31,6.06
1096.811974,6385,6376,487,31,6.06
1096.911931,6385,6380,487,31,6.04
1097.011932,6385,6380,487,31,6.04
1097.111931,6385,6380,487,31,6.06
1097.21196,6385,6380,535,31,6.06
1097.311932,6385,6380,535,31,6.06
1097.411934,6385,6380,535,31,6.07
1097.511931,6385,6380,566,31,6.07
1097.611956,6385,6380,566,31,6.07
1097.71193,6385,6380,566,31,6.05
1097.811976,6385,6380,78,31,6.05
1097.911945,6385,6380,78,31,6.07
1098.011956,6385,6380,78,31,6.07
1098.11193,6385,6380,78,31,6.08
1098.211931,6385,6380,112,31,6.08
1098.311931,6385,6380,112,31,6.08
1098.411955,6385,6380,112,31,6.07
1098.51193,6385,6376,150,31,6.07
1098.611931,6385,6376,150,31,6.07
1098.71193,6385,6380,150,31,5.99
1098.811946,6385,6376,262,31,5.99
1098.911953,6385,6380,262,31,6.07
1099.011931,6385,6380,262,31,6.07
1099.111929,6385,6380,262,31,6.05
1099.211952,6385,6380,307,31,6.05
1099.311931,6385,6380,307,31,6.05
1099.411932,6385,6380,307,31,6.07
1099.51193,6385,6376,342,31,6.07
1099.61195,6385,6380,342,31,6.07
1099.711932,6385,6376,342,31,6.07
1099.811932,6385,6380,242,31,6.07
1099.911935,6385,6376,242,31,6.02
1100.011948,6385,6376,242,31,6.02
1100.111933,6385,6376,242,31,6.06
1100.211931,6385,6380,380,31,6.06
1100.311931,6385,6380,380,31,6.06
1100.411947,6385,6380,380,31,6
1100.511931,6385,6380,375,31,6
1100.611931,6385,6376,375,31,6
1100.711931,6385,6376,375,31,5.98
1100.811946,6385,6376,530,31,5.98
1100.911944,6385,6380,530,31,6.05
1101.01193,6385,6380,530,31,6.05
1101.111933,6385,6380,530,31,6.06
1101.21195,6385,6380,511,31,6.06
1101.311931,6385,6380,511,31,6.06
1101.411932,6385,6380,511,31,6.08
1101.511931,6385,6380,80,31,6.08
1101.611947,6385,6380,80,31,6.08
1101.711933,6385,6384,80,31,6.07
1101.811932,6385,6380,78,31,6.07
1101.911981,6385,6380,78,31,6.07
1102.011945,6385,6380,78,31,6.07
1102.111954,6385,6380,78,31,6.05
1102.211933,6385,6380,105,31,6.05
1102.311959,6385,6380,105,31,6.05
1102.411945,6385,6380,105,31,6.08
1102.511932,6385,6380,136,31,6.08
1102.61194,6385,6380,136,31,6.08
1102.71193,6385,6376,136,31,6.08
1102.811948,6385,6380,168,31,6.08
1102.911934,6385,6376,168,31,6.05
1103.011931,6385,6376,168,31,6.05
1103.111931,6385,6380,168,31,6.09
1103.211944,6385,6380,387,31,6.09
1103.31193,6385,6380,387,31,6.09
1103.411932,6385,6380,387,31,6.09
1103.511931,6385,6380,255,31,6.09
1103.611944,6385,6380,255,31,6.09
1103.711931,6385,6380,255,31,6.04
1103.811932,6385,6380,286,31,6.04
1103.911932,6385,6376,286,31,6.08
1104.011944,6385,6376,286,31,6.08
1104.111931,6385,6376,286,31,6.03
1104.211931,6385,6380,342,31,6.03
1104.311941,6385,6380,342,31,6.03
1104.411944,6385,6376,342,31,6.01
1104.511931,6385,6376,445,31,6.01
1104.611932,6385,6376,445,31,6.01
1104.711931,6385,6376,445,31,6.05
1104.811943,6385,6376,499,31,6.05
1104.911953,6385,6376,499,31,6.05
1105.011932,6385,6380,499,31,6.05
1105.111931,6385,6376,499,31,6.04
1105.211945,6385,6376,571,31,6.04
1105.31193,6385,6376,571,31,6.04
1105.411931,6385,6376,571,31,6.02
1105.51193,6385,6380,421,31,6.02
1105.611946,6385,6380,421,31,6.02
1105.71193,6385,6380,421,31,6.09
1105.811931,6385,6380,92,31,6.09
1105.911939,6385,6376,92,31,6.08
1106.011945,6385,6376,92,31,6.08
1106.111933,6385,6376,92,31,6.08
1106.211931,6385,6380,151,31,6.08
1106.311932,6385,6380,151,31,6.08
1106.411944,6385,6380,151,31,6.04
1106.511931,6385,6380,100,31,6.04
1106.611952,6385,6380,100,31,6.04
1106.711935,6385,6380,100,31,5.98
1106.811961,6385,6380,136,31,5.98
1106.911931,6385,6380,136,31,6.04
1107.011949,6385,6380,136,31,6.04
1107.111931,6385,6380,136,31,6.02
1107.21198,6385,6380,180,31,6.02
1107.31193,6385,6376,180,31,6.02
1107.411931,6385,6380,180,31,6.07
1107.511931,6385,6380,221,31,6.07
1107.61195,6385,6376,221,31,6.07
1107.711931,6385,6376,221,31,6.08
1107.811932,6385,6380,162,31,6.08
1107.911931,6385,6380,162,31,6.07
1108.011976,6385,6380,162,31,6.07
1108.111931,6385,6376,162,31,6.02
1108.211977,6385,6380,382,31,6.02
1108.311934,6385,6380,382,31,6.02
1108.411976,6385,6376,382,31,5.98
1108.511932,6385,6380,360,31,5.98
1108.611949,6385,6380,360,31,5.98
1108.711931,6385,6380,360,31,6.04
1108.811961,6385,6376,598,31,6.04
1108.911932,6385,6376,598,31,6.06
1109.011933,6385,6376,598,31,6.06
1109.111932,6385,6376,598,31,6.05
1109.21196,6385,6376,530,31,6.05
1109.311932,6385,6380,530,31,6.05
1109.411939,6385,6380,530,31,6.05
1109.511931,6385,6380,505,31,6.05
1109.611961,6385,6380,505,31,6.05
1109.711931,6385,6380,505,31,6.04
1109.811931,6385,6380,78,31,6.04
1109.911931,6385,6380,78,31,6.05
1110.011961,6385,6380,78,31,6.05
1110.111931,6385,6380,78,31,6.01
1110.211931,6385,6380,78,31,6.01
1110.311931,6385,6380,78,31,6.01
1110.411959,6385,6380,78,31,6.03
1110.511939,6385,6384,0,31,6.03
1110.611931,6385,6380,0,31,6.03
1110.711931,6385,6380,0,31,6.07
1110.81196,6385,6380,92,31,6.07
1110.911933,6385,6380,92,31,6.08
1111.011934,6385,6380,92,31,6.08
1111.11193,6385,6380,92,31,6.09
1111.21196,6385,6380,109,31,6.09
1111.311931,6385,6380,109,31,6.09
1111.411932,6385,6380,109,31,6.09
1111.511932,6385,6376,467,31,6.09
1111.611975,6385,6380,467,31,6.09
1111.711932,6385,6380,467,31,6.06
1111.811931,6385,6380,174,31,6.06
1111.911932,6385,6380,174,31,6.09
1112.011976,6385,6380,174,31,6.09
1112.111939,6385,6380,174,31,6.09
1112.211931,6385,6380,382,31,6.09
1112.311932,6385,6380,382,31,6.09
1112.41196,6385,6380,382,31,6.04
1112.51193,6385,6380,252,31,6.04
1112.611932,6385,6376,252,31,6.04
1112.711931,6385,6376,252,31,6.01
1112.81196,6385,6376,356,31,6.01
1112.911931,6385,6380,356,31,6.01
1113.011932,6385,6376,356,31,6.01
1113.111931,6385,6376,356,31,6
1113.21196,6385,6380,423,31,6
1113.311931,6385,6376,423,31,6
1113.411932,6385,6376,423,31,6.02
1113.51194,6385,6376,470,31,6.02
1113.611973,6385,6376,470,31,6.02
1113.711931,6385,6380,470,31,6.08
1113.811932,6385,6376,518,31,6.08
1113.911932,6385,6380,518,31,6.03
1114.01196,6385,6380,518,31,6.03
1114.111939,6385,6376,518,31,6.04
1114.211933,6385,6380,576,31,6.04
1114.311932,6385,6380,576,31,6.04
1114.411975,6385,6380,576,31,6.06
1114.511932,6385,6380,458,31,6.06
1114.611932,6385,6380,458,31,6.06
1114.71194,6385,6380,458,31,6.06
1114.811975,6385,6380,83,31,6.06
1114.911931,6385,6380,83,31,6.06
1115.011932,6385,6380,83,31,6.06
1115.111944,6385,6380,83,31,6.08
1115.211975,6385,6380,192,31,6.08
1115.31193,6385,6380,192,31,6.08
1115.411931,6385,6380,192,31,6.04
1115.51195,6385,6380,162,31,6.04
1115.611976,6385,6380,162,31,6.04
1115.711932,6385,6380,162,31,6.07
1115.811933,6385,6380,192,31,6.07
1115.911932,6385,6380,192,31,6.07
1116.011959,6385,6380,192,31,6.07
1116.111932,6385,6380,192,31,6.06
1116.211947,6385,6380,237,31,6.06
1116.311931,6385,6376,237,31,6.06
1116.411978,6385,6380,237,31,6.04
1116.51193,6385,6380,267,31,6.04
1116.611953,6385,6380,267,31,6.04
1116.711931,6385,6380,267,31,6.04
1116.81196,6385,6376,368,31,6.04
1116.911931,6385,6376,368,31,6.08
1117.011948,6385,6376,368,31,6.08
1117.11193,6385,6376,368,31,6.06
1117.211959,6385,6376,426,31,6.06
1117.31193,6385,6380,426,31,6.06
1117.411933,6385,6380,426,31,6.06
1117.511932,6385,6380,406,31,6.06
1117.611951,6385,6380,406,31,6.06
1117.71193,6385,6380,406,31,6.05
1117.811931,6385,6380,448,31,6.05
1117.911931,6385,6380,448,31,6.05
1118.011959,6385,6376,448,31,6.05
1118.111932,6385,6376,448,31,6.05
1118.211932,6385,6376,564,31,6.05
1118.311931,6385,6376,564,31,6.05
1118.411959,6385,6376,564,31,6.06
1118.511931,6385,6380,610,31,6.06
1118.611931,6385,6376,610,31,6.06
1118.711932,6385,6376,610,31,6.04
1118.811956,6385,6376,83,31,6.04
1118.911939,6385,6376,83,31,6.07
1119.011932,6385,6376,83,31,6.07
1119.111932,6385,6376,83,31,6.09
1119.211954,6385,6376,213,31,6.09
1119.311931,6385,6380,213,31,6.09
1119.411934,6385,6376,213,31,6.07
1119.511931,6385,6376,261,31,6.07
1119.611953,6385,6380,261,31,6.07
1119.711931,6385,6380,261,31,6.08
1119.811931,6385,6376,303,31,6.08
1119.911932,6385,6380,303,31,6.08
1120.011947,6385,6380,303,31,6.08
1120.111931,6385,6376,303,31,6.01
1120.211932,6385,6376,365,31,6.01
1120.31193,6385,6376,365,31,6.01
1120.411951,6385,6376,365,31,6.06
1120.511941,6385,6376,411,31,6.06
1120.611931,6385,6376,411,31,6.06
1120.711947,6385,6376,411,31,6.06
1120.811949,6385,6376,563,31,6.06
1120.911961,6385,6376,563,31,6.07
1121.011931,6385,6376,563,31,6.07
1121.11196,6385,6380,563,31,6.05
1121.211947,6385,6380,452,31,6.05
1121.311948,6385,6380,452,31,6.05
1121.411931,6385,6380,452,31,6.07
1121.511948,6385,6376,551,31,6.07
1121.611947,6385,6380,551,31,6.07
1121.711946,6385,6380,551,31,6.04
1121.811932,6385,6380,520,31,6.04
1121.911985,6385,6380,520,31,6.06
1122.011949,6385,6380,520,31,6.06
1122.11196,6385,6380,520,31,6.06
1122.211932,6385,6380,564,31,6.06
1122.311931,6385,6380,564,31,6.06
1122.411975,6385,6376,564,31,6.03
1122.511932,6385,6376,156,31,6.03
1122.611933,6385,6380,156,31,6.03
1122.711932,6385,6380,156,31,6.06
1122.81195,6385,6380,295,31,6.06
1122.911931,6385,6380,295,31,6.07
1123.011932,6385,6376,295,31,6.07
1123.111938,6385,6376,295,31,6.06
1123.211961,6385,6376,245,31,6.06
1123.311931,6385,6376,245,31,6.06
1123.411933,6385,6376,245,31,6.08
1123.511931,6385,6376,296,31,6.08
1123.611989,6385,6376,296,31,6.08
1123.711931,6385,6380,296,31,6.05
1123.811931,6385,6380,274,31,6.05
1123.911932,6385,6376,274,31,6.05
1124.011972,6385,6376,274,31,6.05
1124.111931,6385,6376,274,31,6.06
1124.211931,6385,6380,332,31,6.06
1124.311931,6385,6376,332,31,6.06
1124.411982,6385,6380,332,31,6.08
1124.511931,6385,6380,370,31,6.08
1124.611931,6385,6380,370,31,6.08
1124.711931,6385,6380,370,31,6.05
1124.811973,6385,6380,409,31,6.05
1124.911932,6385,6380,409,31,6.07
1125.011934,6385,6376,409,31,6.07
1125.111932,6385,6376,409,31,6.07
1125.211974,6385,6376,528,31,6.07
1125.311939,6385,6376,528,31,6.07
1125.41193,6385,6380,528,31,6.06
1125.511931,6385,6380,416,31,6.06
1125.611982,6385,6376,416,31,6.06
1125.711931,6385,6380,416,31,6.05
1125.811932,6385,6380,556,31,6.05
1125.911939,6385,6380,556,31,6.05
1126.011975,6385,6380,556,31,6.05
1126.111932,6385,6380,556,31,6.06
1126.211931,6385,6380,13,31,6.06
1126.311934,6385,6376,13,31,6.06
1126.411976,6385,6380,13,31,6.06
1126.511931,6385,6380,124,31,6.06
1126.611939,6385,6380,124,31,6.06
1126.711931,6385,6380,124,31,6.08
1126.811972,6385,6380,156,31,6.08
1126.911931,6385,6380,156,31,6.08
1127.011932,6385,6376,156,31,6.08
1127.111932,6385,6380,156,31,6.06
1127.21196,6385,6380,206,31,6.06
1127.311932,6385,6380,206,31,6.06
1127.411932,6385,6380,206,31,6.09
1127.511932,6385,6380,245,31,6.09
1127.61196,6385,6380,245,31,6.09
1127.711938,6385,6380,245,31,6.05
1127.811931,6385,6380,177,31,6.05
1127.911931,6385,6376,177,31,6.05
1128.01196,6385,6376,177,31,6.05
1128.11193,6385,6380,177,31,6.07
1128.211932,6385,6376,395,31,6.07
1128.31193,6385,6376,395,31,6.07
1128.411961,6385,6380,395,31,6.04
1128.511932,6385,6376,238,31,6.04
1128.611932,6385,6376,238,31,6.04
1128.711932,6385,6376,238,31,6.08
1128.811973,6385,6376,496,31,6.08
1128.911932,6385,6376,496,31,6.07
1129.011931,6385,6376,496,31,6.07
1129.111932,6385,6376,496,31,6.08
1129.21196,6385,6376,569,31,6.08
1129.311932,6385,6380,569,31,6.08
1129.411933,6385,6376,569,31,6.05
1129.511932,6385,6380,551,31,6.05
1129.611959,6385,6380,551,31,6.05
1129.711948,6385,6380,551,31,6.07
1129.81193,6385,6376,414,31,6.07
1129.911932,6385,6380,414,31,6.08
1130.011977,6385,6380,414,31,6.08
1130.111932,6385,6380,414,31,6.07
1130.211931,6385,6380,136,31,6.07
1130.311932,6385,6380,136,31,6.07
1130.41196,6385,6380,136,31,6.09
1130.511941,6385,6376,383,31,6.09
1130.611932,6385,6376,383,31,6.09
1130.71193,6385,6376,383,31,6.07
1130.811959,6385,6376,296,31,6.07
1130.911948,6385,6376,296,31,6.04
1131.011932,6385,6376,296,31,6.04
1131.111989,6385,6376,296,31,6.04
1131.21196,6385,6380,201,31,6.04
1131.31198,6385,6380,201,31,6.04
1131.411932,6385,6380,201,31,6.05
1131.511957,6385,6380,334,31,6.05
1131.611973,6385,6376,334,31,6.05
1131.711932,6385,6380,334,31,6.05
1131.811931,6385,6376,438,31,6.05
1131.911931,6385,6376,438,31,6.01
1132.011975,6385,6376,438,31,6.01
1132.111931,6385,6380,438,31,6.05
1132.211932,6385,6376,494,31,6.05
1132.311932,6385,6376,494,31,6.05
1132.411959,6385,6376,494,31,6.05
1132.511932,6385,6376,539,31,6.05
1132.611932,6385,6376,539,31,6.05
1132.711939,6385,6380,539,31,6.07
1132.811959,6385,6380,516,31,6.07
1132.911931,6385,6376,516,31,6.06
1133.011931,6385,6376,516,31,6.06
1133.111931,6385,6376,516,31,6.07
1133.211974,6385,6376,627,31,6.07
1133.311931,6385,6380,627,31,6.07
1133.411931,6385,6380,627,31,6.06
1133.511939,6385,6380,85,31,6.06
1133.61196,6385,6380,85,31,6.06
1133.711931,6385,6380,85,31,6.08
1133.811932,6385,6380,117,31,6.08
1133.911931,6385,6380,117,31,6.08
1134.011951,6385,6380,117,31,6.08
1134.111931,6385,6380,117,31,6.07
1134.211952,6385,6376,322,31,6.07
1134.311931,6385,6376,322,31,6.07
1134.41196,6385,6376,322,31,6.09
1134.51193,6385,6380,264,31,6.09
1134.611948,6385,6380,264,31,6.09
1134.711931,6385,6380,264,31,6.05
1134.811944,6385,6376,305,31,6.05
1134.91193,6385,6376,305,31,6.05
1135.011953,6385,6376,305,31,6.05
1135.111931,6385,6376,305,31,6.07
1135.211989,6385,6376,368,31,6.07
1135.31193,6385,6376,368,31,6.07
1135.411953,6385,6376,368,31,6.06
1135.511932,6385,6380,245,31,6.06
1135.61196,6385,6376,245,31,6.06
1135.711931,6385,6376,245,31,6.08
1135.811936,6385,6376,462,31,6.08
1135.91193,6385,6380,462,31,6.05
1136.011958,6385,6376,462,31,6.05
1136.111931,6385,6380,462,31,6.06
1136.211932,6385,6376,655,31,6.06
1136.31193,6385,6380,655,31,6.06
1136.411959,6385,6376,655,31,6.03
1136.511931,6385,6380,487,31,6.03
1136.611931,6385,6380,487,31,6.03
1136.711932,6385,6380,487,31,6.06
1136.811958,6385,6380,525,31,6.06
1136.91193,6385,6380,525,31,6.05
1137.011932,6385,6376,525,31,6.05
1137.111931,6385,6380,525,31,6.06
1137.211955,6385,6380,583,31,6.06
1137.311931,6385,6376,583,31,6.06
1137.411933,6385,6376,583,31,6.09
1137.51193,6385,6376,180,31,6.09
1137.611953,6385,6376,180,31,6.09
1137.71193,6385,6380,180,31,6.08
1137.811931,6385,6376,223,31,6.08
1137.911931,6385,6380,223,31,6.06
1138.011954,6385,6380,223,31,6.06
1138.111931,6385,6380,223,31,6.06
1138.211931,6385,6376,281,31,6.06
1138.311931,6385,6376,281,31,6.06
1138.411952,6385,6376,281,31,6.07
1138.511931,6385,6376,336,31,6.07
1138.611932,6385,6376,336,31,6.07
1138.71193,6385,6376,336,31,6.08
1138.811959,6385,6380,387,31,6.08
1138.91193,6385,6380,387,31,6.05
1139.011931,6385,6376,387,31,6.05
1139.111932,6385,6376,387,31,6.08
1139.211949,6385,6376,458,31,6.08
1139.311931,6385,6376,458,31,6.08
1139.411931,6385,6380,458,31,6.07
1139.511932,6385,6376,441,31,6.07
1139.611958,6385,6380,441,31,6.07
1139.711931,6385,6376,441,31,6.08
1139.81194,6385,6380,479,31,6.08
1139.911932,6385,6380,479,31,6.04
1140.011946,6385,6376,479,31,6.04
1140.111931,6385,6376,479,31,6.05
1140.211932,6385,6380,602,31,6.05
1140.311932,6385,6380,602,31,6.05
1140.411946,6385,6380,602,31,6.05
1140.51193,6385,6376,740,31,6.05
1140.611932,6385,6376,740,31,6.05
1140.71193,6385,6376,740,31,6.07
1140.811961,6385,6376,182,31,6.07
1140.911932,6385,6376,182,31,6.08
1141.011932,6385,6376,182,31,6.08
1141.111947,6385,6376,182,31,6.03
1141.211975,6385,6376,243,31,6.03
1141.311934,6385,6380,243,31,6.03
1141.411932,6385,6376,243,31,6.07
1141.511932,6385,6380,228,31,6.07
1141.611975,6385,6380,228,31,6.07
1141.711939,6385,6376,228,31,6.06
1141.811932,6385,6380,276,31,6.06
1141.911931,6385,6376,276,31,6.05
1142.01196,6385,6376,276,31,6.05
1142.111931,6385,6376,276,31,6.04
1142.211931,6385,6376,409,31,6.04
1142.311931,6385,6376,409,31,6.04
1142.411959,6385,6376,409,31,6.08
1142.511932,6385,6380,296,31,6.08
1142.611932,6385,6376,296,31,6.08
1142.711932,6385,6376,296,31,6.03
1142.811975,6385,6380,448,31,6.03
1142.911931,6385,6380,448,31,6.07
1143.011932,6385,6380,448,31,6.07
1143.111931,6385,6380,448,31,6.05
1143.211961,6385,6380,510,31,6.05
1143.311932,6385,6380,510,31,6.05
1143.411932,6385,6380,510,31,6.07
1143.51193,6385,6380,546,31,6.07
1143.611961,6385,6380,546,31,6.07
1143.711931,6385,6376,546,31,6.06
1143.811931,6385,6380,585,31,6.06
1143.911932,6385,6380,585,31,6.09
1144.01196,6385,6380,585,31,6.09
1144.111939,6385,6380,585,31,6.07
1144.211933,6385,6380,124,31,6.07
1144.311931,6385,6380,124,31,6.07
1144.411959,6385,6380,124,31,6.06
1144.511932,6385,6380,163,31,6.06
1144.611933,6385,6380,163,31,6.06
1144.711931,6385,6380,163,31,6.08
1144.811975,6385,6380,98,31,6.08
1144.911931,6385,6376,98,31,6.02
1145.011933,6385,6376,98,31,6.02
1145.11193,6385,6380,98,31,6.04
1145.211949,6385,6380,324,31,6.04
1145.311932,6385,6380,324,31,6.04
1145.411979,6385,6380,324,31,6.04
1145.511932,6385,6380,458,31,6.04
1145.611982,6385,6380,458,31,6.04
1145.711932,6385,6376,458,31,6.07
1145.81195,6385,6380,334,31,6.07
1145.911932,6385,6380,334,31,6.07
1146.011961,6385,6380,334,31,6.07
1146.111932,6385,6380,334,31,6.07
1146.211933,6385,6380,243,31,6.07
1146.311931,6385,6380,243,31,6.07
1146.411959,6385,6380,243,31,6.06
1146.511931,6385,6376,631,31,6.06
1146.611941,6385,6380,631,31,6.06
1146.711933,6385,6376,631,31,6.07
1146.81196,6385,6380,472,31,6.07
1146.91193,6385,6376,472,31,6.05
1147.011932,6385,6380,472,31,6.05
1147.111933,6385,6380,472,31,6.07
1147.211961,6385,6380,520,31,6.07
1147.311932,6385,6380,520,31,6.07
1147.411933,6385,6380,520,31,6.06
1147.511932,6385,6376,721,31,6.06
1147.61196,6385,6380,721,31,6.06
1147.711932,6385,6380,721,31,6.04
1147.811932,6385,6380,81,31,6.04
1147.911945,6385,6380,81,31,6.08
1148.01196,6385,6376,81,31,6.08
1148.111979,6385,6380,81,31,6.04
1148.211931,6385,6380,10,31,6.04
1148.311976,6385,6376,10,31,6.04
1148.411959,6385,6380,10,31,6.05
1148.511958,6385,6380,167,31,6.05
1148.611933,6385,6380,167,31,6.05
1148.711939,6385,6380,167,31,6.08
1148.811959,6385,6380,197,31,6.08
1148.911932,6385,6380,197,31,6.09
1149.011932,6385,6380,197,31,6.09
1149.111932,6385,6380,197,31,6.08
1149.21196,6385,6380,254,31,6.08
1149.311932,6385,6380,254,31,6.08
1149.41195,6385,6376,254,31,6.06
1149.511932,6385,6376,291,31,6.06
1149.611959,6385,6376,291,31,6.06
1149.711931,6385,6376,291,31,6.06
1149.811931,6385,6376,395,31,6.06
1149.911939,6385,6380,395,31,6.07
1150.011959,6385,6376,395,31,6.07
1150.111932,6385,6376,395,31,6.06
1150.211932,6385,6376,458,31,6.06
1150.311932,6385,6376,458,31,6.06
1150.411959,6385,6376,458,31,6.08
1150.511932,6385,6376,513,31,6.08
1150.611932,6385,6380,513,31,6.08
1150.711939,6385,6376,513,31,6.06
1150.811959,6385,6376,561,31,6.06
1150.911932,6385,6376,561,31,6.05
1151.011931,6385,6376,561,31,6.05
1151.11193,6385,6380,561,31,6.07
1151.211958,6385,6376,767,31,6.07
1151.311932,6385,6376,767,31,6.07
1151.411932,6385,6376,767,31,6.08
1151.511948,6385,6376,160,31,6.08
1151.611958,6385,6376,160,31,6.08
1151.71196,6385,6376,160,31,6.07
1151.811934,6385,6376,209,31,6.07
1151.911949,6385,6380,209,31,6.08
1152.011958,6385,6380,209,31,6.08
1152.11196,6385,6380,209,31,6.05
1152.211932,6385,6380,197,31,6.05
1152.311931,6385,6380,197,31,6.05
1152.411983,6385,6380,197,31,6.08
1152.511931,6385,6380,233,31,6.08
1152.611931,6385,6380,233,31,6.08
1152.711931,6385,6380,233,31,6.08
1152.811957,6385,6380,267,31,6.08
1152.911931,6385,6380,267,31,6.07
1153.011931,6385,6380,267,31,6.07
1153.111931,6385,6380,267,31,6.07
1153.21196,6385,6380,308,31,6.07
1153.311933,6385,6380,308,31,6.07
1153.411932,6385,6380,308,31,6.06
1153.511933,6385,6380,245,31,6.06
1153.611985,6385,6376,245,31,6.06
1153.711944,6385,6376,245,31,6.04
1153.811931,6385,6380,453,31,6.04
1153.911933,6385,6380,453,31,6.02
1154.011989,6385,6380,453,31,6.02
1154.111929,6385,6376,453,31,6.05
1154.211931,6385,6376,511,31,6.05
1154.311931,6385,6376,511,31,6.05
1154.411979,6385,6380,511,31,6.04
1154.511931,6385,6380,820,31,6.04
1154.611939,6385,6380,820,31,6.04
1154.711933,6385,6380,820,31,6.07
1154.811976,6385,6376,528,31,6.07
1154.911932,6385,6376,528,31,6.05
1155.011935,6385,6376,528,31,6.05
1155.111933,6385,6376,528,31,6.02
1155.211974,6385,6380,83,31,6.02
1155.311939,6385,6380,83,31,6.02
1155.411934,6385,6380,83,31,6.06
1155.511932,6385,6380,184,31,6.06
1155.61196,6385,6380,184,31,6.06
1155.711935,6385,6376,184,31,6.08
1155.811933,6385,6376,329,31,6.08
1155.911933,6385,6376,329,31,6.07
1156.01196,6385,6376,329,31,6.07
1156.111941,6385,6380,329,31,6.06
1156.211931,6385,6380,73,31,6.06
1156.311931,6385,6380,73,31,6.06
1156.411974,6385,6376,73,31,6.07
1156.511941,6385,6380,257,31,6.07
1156.611933,6385,6380,257,31,6.07
1156.711933,6385,6376,257,31,6.08
1156.811953,6385,6380,464,31,6.08
1156.911932,6385,6376,464,31,6.02
1157.011933,6385,6380,464,31,6.02
1157.111931,6385,6376,464,31,6.05
1157.211955,6385,6376,428,31,6.05
1157.31194,6385,6380,428,31,6.05
1157.411932,6385,6376,428,31,6.04
1157.511932,6385,6376,481,31,6.04
1157.611956,6385,6376,481,31,6.04
1157.711939,6385,6376,481,31,6.06
1157.811932,6385,6380,371,31,6.06
1157.91193,6385,6376,371,31,6.07
1158.011956,6385,6380,371,31,6.07
1158.111939,6385,6380,371,31,6.03
1158.211931,6385,6380,532,31,6.03
1158.31195,6385,6380,532,31,6.03
1158.411975,6385,6380,532,31,6.03
1158.511959,6385,6376,633,31,6.03
1158.611931,6385,6376,633,31,6.03
1158.71196,6385,6380,633,31,6.05
1158.811954,6385,6376,172,31,6.05
1158.911948,6385,6380,172,31,6.06
1159.011931,6385,6380,172,31,6.06
1159.111932,6385,6376,172,31,6.08
1159.211976,6385,6376,230,31,6.08
1159.311932,6385,6376,230,31,6.08
1159.411933,6385,6376,230,31,6.08
1159.511932,6385,6376,283,31,6.08
1159.611947,6385,6380,283,31,6.08
1159.71193,6385,6376,283,31,6.08
1159.811932,6385,6380,262,31,6.08
1159.911932,6385,6376,262,31,6.08
1160.011954,6385,6380,262,31,6.08
1160.111932,6385,6376,262,31,6.06
1160.211932,6385,6376,325,31,6.06
1160.311932,6385,6380,325,31,6.06
1160.411953,6385,6380,325,31,6.05
1160.511931,6385,6376,435,31,6.05
1160.611934,6385,6376,435,31,6.05
1160.711931,6385,6376,435,31,6.04
1160.811993,6385,6376,486,31,6.04
1160.911931,6385,6380,486,31,6.07
1161.011933,6385,6380,486,31,6.07
1161.11194,6385,6380,486,31,6.04
1161.211953,6385,6380,530,31,6.04
1161.311931,6385,6380,530,31,6.04
1161.411949,6385,6380,530,31,6.06
1161.511932,6385,6376,571,31,6.06
1161.611947,6385,6380,571,31,6.06
1161.711932,6385,6376,571,31,6.06
1161.811954,6385,6380,411,31,6.06
1161.91194,6385,6380,411,31,6.06
1162.011955,6385,6380,411,31,6.06
1162.111931,6385,6380,411,31,6.06
1162.211951,6385,6380,87,31,6.06
1162.311939,6385,6380,87,31,6.06
1162.411955,6385,6380,87,31,6.06
1162.511932,6385,6380,117,31,6.06
1162.611931,6385,6380,117,31,6.06
1162.711931,6385,6380,117,31,5.98
1162.811978,6385,6380,78,31,5.98
1162.911932,6385,6380,78,31,6.01
1163.011931,6385,6380,78,31,6.01
1163.111932,6385,6380,78,31,6.07
1163.211953,6385,6380,119,31,6.07
1163.311931,6385,6380,119,31,6.07
1163.41193,6385,6380,119,31,6.05
1163.511931,6385,6380,151,31,6.05
1163.611976,6385,6380,151,31,6.05
1163.711941,6385,6380,151,31,6.09
1163.811932,6385,6380,182,31,6.09
1163.911932,6385,6380,182,31,6.05
1164.011984,6385,6380,182,31,6.05
1164.111931,6385,6380,182,31,6.09
1164.211932,6385,6380,225,31,6.09
1164.311931,6385,6380,225,31,6.09
1164.411956,6385,6380,225,31,6.05
1164.511932,6385,6380,262,31,6.05
1164.611932,6385,6376,262,31,6.05
1164.71193,6385,6380,262,31,6.04
1164.811955,6385,6380,363,31,6.04
1164.911932,6385,6380,363,31,6.08
1165.01195,6385,6376,363,31,6.08
1165.111932,6385,6376,363,31,6.08
1165.211973,6385,6376,423,31,6.08
1165.311931,6385,6376,423,31,6.08
1165.41196,6385,6376,423,31,6.07
1165.511931,6385,6380,307,31,6.07
1165.61196,6385,6380,307,31,6.07
1165.711951,6385,6380,307,31,6.06
1165.811931,6385,6380,453,31,6.06
1165.911931,6385,6376,453,31,6.04
1166.012001,6385,6380,453,31,6.04
1166.111939,6385,6380,453,31,6.08
1166.211932,6385,6380,506,31,6.08
1166.311932,6385,6380,506,31,6.08
1166.411959,6385,6380,506,31,6.01
1166.511931,6385,6380,537,31,6.01
1166.611931,6385,6380,537,31,6.01
1166.711931,6385,6380,537,31,6.03
1166.811983,6385,6380,568,31,6.03
1166.911931,6385,6380,568,31,6.06
1167.011942,6385,6380,568,31,6.06
1167.111933,6385,6380,568,31,6.08
1167.21196,6385,6380,98,31,6.08
1167.31193,6385,6380,98,31,6.08
1167.411933,6385,6380,98,31,6.05
1167.511932,6385,6380,133,31,6.05
1167.611959,6385,6380,133,31,6.05
1167.711931,6385,6380,133,31,6.06
1167.811933,6385,6380,162,31,6.06
1167.911932,6385,6380,162,31,6.04
1168.011953,6385,6380,162,31,6.04
1168.111932,6385,6380,162,31,6.03
1168.211931,6385,6380,203,31,6.03
1168.311932,6385,6380,203,31,6.03
1168.411959,6385,6380,203,31,6.06
1168.51193,6385,6380,235,31,6.06
1168.611932,6385,6380,235,31,6.06
1168.711931,6385,6380,235,31,6.05
1168.811959,6385,6380,266,31,6.05
1168.911932,6385,6380,266,31,6.07
1169.011931,6385,6380,266,31,6.07
1169.11193,6385,6380,266,31,6.07
1169.21196,6385,6380,307,31,6.07
1169.31193,6385,6376,307,31,6.07
1169.41193,6385,6376,307,31,6.05
1169.511939,6385,6376,424,31,6.05
1169.611956,6385,6380,424,31,6.05
1169.711931,6385,6376,424,31,6.05
1169.811931,6385,6376,470,31,6.05
1169.911931,6385,6376,470,31,6.05
1170.011953,6385,6376,470,31,6.05
1170.111931,6385,6376,470,31,6.08
1170.211931,6385,6376,544,31,6.08
1170.311932,6385,6376,544,31,6.08
1170.411984,6385,6376,544,31,6.06
1170.51193,6385,6376,598,31,6.06
1170.611931,6385,6376,598,31,6.06
1170.71194,6385,6376,598,31,6.06
1170.811953,6385,6376,141,31,6.06
1170.91193,6385,6376,141,31,6.05
1171.011932,6385,6376,141,31,6.05
1171.111931,6385,6376,141,31,6.08
1171.211988,6385,6376,214,31,6.08
1171.311931,6385,6376,214,31,6.08
1171.411932,6385,6376,214,31,6.07
1171.511931,6385,6376,269,31,6.07
1171.611973,6385,6376,269,31,6.07
1171.711931,6385,6376,269,31,6.06
1171.811932,6385,6380,257,31,6.06
1171.911931,6385,6376,257,31,6
1172.011975,6385,6376,257,31,6
1172.111938,6385,6376,257,31,6.03
1172.211976,6385,6376,380,31,6.03
1172.311932,6385,6376,380,31,6.03
1172.411947,6385,6376,380,31,6.02
1172.51194,6385,6376,435,31,6.02
1172.611949,6385,6376,435,31,6.02
1172.711932,6385,6376,435,31,6.07
1172.81195,6385,6376,489,31,6.07
1172.911931,6385,6376,489,31,6.06
1173.011931,6385,6380,489,31,6.06
1173.111933,6385,6380,489,31,6.07
1173.211948,6385,6380,342,31,6.07
1173.311932,6385,6376,342,31,6.07
1173.411931,6385,6376,342,31,6.06
1173.511932,6385,6380,389,31,6.06
1173.611948,6385,6376,389,31,6.06
1173.711931,6385,6380,389,31,6.06
1173.811936,6385,6376,633,31,6.06
1173.911931,6385,6380,633,31,5.97
1174.011947,6385,6380,633,31,5.97
1174.111932,6385,6380,633,31,6.06
1174.211933,6385,6380,100,31,6.06
1174.311949,6385,6380,100,31,6.06
1174.411944,6385,6380,100,31,6.08
1174.511974,6385,6380,131,31,6.08
1174.611932,6385,6380,131,31,6.08
1174.71195,6385,6380,131,31,6.02
1174.811945,6385,6380,162,31,6.02
1174.911931,6385,6380,162,31,6
1175.01193,6385,6376,162,31,6
1175.11193,6385,6376,162,31,6.06
1175.211946,6385,6376,276,31,6.06
1175.31193,6385,6380,276,31,6.06
1175.411932,6385,6380,276,31,6.09
1175.511932,6385,6376,452,31,6.09
1175.611945,6385,6380,452,31,6.09
1175.711931,6385,6380,452,31,6.05
1175.811932,6385,6380,209,31,6.05
1175.91193,6385,6380,209,31,6.07
1176.011953,6385,6376,209,31,6.07
1176.111931,6385,6376,209,31,6.06
1176.211931,6385,6376,416,31,6.06
1176.311933,6385,6380,416,31,6.06
1176.411945,6385,6380,416,31,6.07
1176.511931,6385,6380,394,31,6.07
1176.611931,6385,6376,394,31,6.07
1176.711933,6385,6376,394,31,6.06
1176.811952,6385,6376,641,31,6.06
1176.911931,6385,6376,641,31,6.07
1177.011931,6385,6380,641,31,6.07
1177.111931,6385,6380,641,31,6.07
1177.211946,6385,6380,493,31,6.07
1177.31194,6385,6376,493,31,6.07
1177.411931,6385,6380,493,31,6.06
1177.511932,6385,6380,528,31,6.06
1177.611949,6385,6380,528,31,6.06
1177.711932,6385,6380,528,31,6.05
1177.81193,6385,6380,725,31,6.05
1177.911931,6385,6380,725,31,6.05
1178.011958,6385,6376,725,31,6.05
1178.111931,6385,6376,725,31,6.07
1178.211931,6385,6380,98,31,6.07
1178.31193,6385,6380,98,31,6.07
1178.41196,6385,6380,98,31,6.08
1178.511943,6385,6376,201,31,6.08
1178.611931,6385,6376,201,31,6.08
1178.711948,6385,6376,201,31,6.06
1178.811981,6385,6376,252,31,6.06
1178.911984,6385,6376,252,31,6.06
1179.011933,6385,6376,252,31,6.06
1179.111961,6385,6380,252,31,6.08
1179.211976,6385,6380,255,31,6.08
1179.31195,6385,6380,255,31,6.08
1179.411931,6385,6380,255,31,6.03
1179.511932,6385,6380,300,31,6.03
1179.611976,6385,6376,300,31,6.03
1179.711931,6385,6376,300,31,6.05
1179.811935,6385,6376,418,31,6.05
1179.911932,6385,6376,418,31,6.05
1180.011973,6385,6376,418,31,6.05
1180.111931,6385,6376,418,31,6.07
1180.211935,6385,6376,315,31,6.07
1180.311932,6385,6380,315,31,6.07
1180.41196,6385,6380,315,31,6.07
1180.511931,6385,6380,460,31,6.07
1180.611932,6385,6376,460,31,6.07
1180.711931,6385,6376,460,31,6.07
1180.811976,6385,6376,407,31,6.07
1180.911932,6385,6380,407,31,6.07
1181.011951,6385,6380,407,31,6.07
1181.111931,6385,6380,407,31,6.06
1181.21196,6385,6380,421,31,6.06
1181.31193,6385,6380,421,31,6.06
1181.411939,6385,6376,421,31,6.06
1181.511932,6385,6380,88,31,6.06
1181.611961,6385,6380,88,31,6.06
1181.711931,6385,6380,88,31,6.05
1181.811936,6385,6380,121,31,6.05
1181.911932,6385,6380,121,31,6.09
1182.011982,6385,6380,121,31,6.09
1182.111931,6385,6376,121,31,6.09
1182.211931,6385,6380,192,31,6.09
1182.31193,6385,6376,192,31,6.09
1182.411992,6385,6380,192,31,6.07
1182.511931,6385,6380,206,31,6.07
1182.611932,6385,6380,206,31,6.07
1182.711931,6385,6380,206,31,6.06
1182.81196,6385,6380,242,31,6.06
1182.911931,6385,6380,242,31,6.08
1183.011931,6385,6380,242,31,6.08
1183.11193,6385,6380,242,31,6.08
1183.211944,6385,6376,491,31,6.08
1183.311931,6385,6376,491,31,6.08
1183.411932,6385,6380,491,31,6.07
1183.511932,6385,6376,394,31,6.07
1183.611975,6385,6380,394,31,6.07
1183.711939,6385,6376,394,31,6.07
1183.811931,6385,6376,440,31,6.07
1183.91193,6385,6380,440,31,6.06
1184.011975,6385,6376,440,31,6.06
1184.111933,6385,6376,440,31,6.07
1184.211931,6385,6376,436,31,6.07
1184.311932,6385,6380,436,31,6.07
1184.41196,6385,6376,436,31,6.05
1184.511939,6385,6380,477,31,6.05
1184.611931,6385,6380,477,31,6.05
1184.711931,6385,6380,477,31,6.07
1184.811973,6385,6380,412,31,6.07
1184.911931,6385,6380,412,31,6.05
1185.011932,6385,6380,412,31,6.05
1185.11195,6385,6376,412,31,6.06
1185.211976,6385,6376,726,31,6.06
1185.311931,6385,6380,726,31,6.06
1185.411934,6385,6380,726,31,6.06
1185.511931,6385,6376,156,31,6.06
1185.61196,6385,6376,156,31,6.06
1185.711931,6385,6376,156,31,6.08
1185.811935,6385,6380,143,31,6.08
1185.911933,6385,6380,143,31,6.08
1186.01196,6385,6380,143,31,6.08
1186.111932,6385,6380,143,31,6.07
1186.211931,6385,6376,257,31,6.07
1186.311931,6385,6380,257,31,6.07
1186.411958,6385,6380,257,31,6.04
1186.511932,6385,6380,97,31,6.04
1186.611934,6385,6376,97,31,6.04
1186.711936,6385,6380,97,31,6.08
1186.811982,6385,6380,281,31,6.08
1186.911951,6385,6380,281,31,6.08
1187.011976,6385,6376,281,31,6.08
1187.111976,6385,6380,281,31,6.06
1187.211976,6385,6380,332,31,6.06
1187.311933,6385,6380,332,31,6.06
1187.411935,6385,6376,332,31,6.07
1187.511933,6385,6380,373,31,6.07
1187.611976,6385,6380,373,31,6.07
1187.711934,6385,6380,373,31,6.08
1187.811935,6385,6376,409,31,6.08
1187.911935,6385,6376,409,31,6.07
1188.011977,6385,6380,409,31,6.07
1188.111934,6385,6380,409,31,6.07
1188.211934,6385,6380,455,31,6.07
1188.311934,6385,6380,455,31,6.07
1188.411975,6385,6380,455,31,6.06
1188.511934,6385,6380,486,31,6.06
1188.611934,6385,6380,486,31,6.06
1188.711933,6385,6380,486,31,6.07
1188.811976,6385,6380,516,31,6.07
1188.911931,6385,6380,516,31,6.08
1189.011932,6385,6380,516,31,6.08
1189.111933,6385,6380,516,31,6.07
1189.211974,6385,6380,566,31,6.07
1189.311932,6385,6380,566,31,6.07
1189.411936,6385,6376,566,31,6.06
1189.511934,6385,6380,87,31,6.06
1189.611977,6385,6380,87,31,6.06
1189.711933,6385,6380,87,31,6.06
1189.811932,6385,6380,117,31,6.06
1189.911932,6385,6380,117,31,6.08
1190.011959,6385,6380,117,31,6.08
1190.111933,6385,6380,117,31,6.08
1190.211934,6385,6380,158,31,6.08
1190.311931,6385,6380,158,31,6.08
1190.411974,6385,6380,158,31,6.07
1190.511934,6385,6380,189,31,6.07
1190.611932,6385,6376,189,31,6.07
1190.711931,6385,6376,189,31,6.06
1190.81196,6385,6380,225,31,6.06
1190.911932,6385,6380,225,31,6.07
1191.011944,6385,6380,225,31,6.07
1191.111933,6385,6380,225,31,6.08
1191.211978,6385,6380,431,31,6.08
1191.311932,6385,6380,431,31,6.08
1191.411948,6385,6376,431,31,6.06
1191.511932,6385,6380,308,31,6.06
1191.61196,6385,6380,308,31,6.06
1191.711932,6385,6380,308,31,6.07
1191.811932,6385,6380,199,31,6.07
1191.911932,6385,6376,199,31,6.07
1192.011954,6385,6376,199,31,6.07
1192.111933,6385,6380,199,31,6.05
1192.211934,6385,6376,457,31,6.05
1192.311932,6385,6380,457,31,6.05
1192.41196,6385,6380,457,31,6.07
1192.511935,6385,6380,429,31,6.07
1192.611934,6385,6380,429,31,6.07
1192.711932,6385,6380,429,31,6.05
1192.811946,6385,6380,460,31,6.05
1192.911933,6385,6380,460,31,6.07
1193.011931,6385,6380,460,31,6.07
1193.11193,6385,6380,460,31,6.06
1193.211982,6385,6380,503,31,6.06
1193.311932,6385,6380,503,31,6.06
1193.411932,6385,6380,503,31,6.07
1193.511934,6385,6380,534,31,6.07
1193.611955,6385,6380,534,31,6.07
1193.711943,6385,6380,534,31,6.07
1193.811941,6385,6380,564,31,6.07
1193.91194,6385,6380,564,31,6.07
1194.01196,6385,6380,564,31,6.07
1194.11193,6385,6380,564,31,6.08
1194.211931,6385,6376,307,31,6.08
1194.311932,6385,6380,307,31,6.08
1194.411945,6385,6376,307,31,6.05
1194.511931,6385,6380,145,31,6.05
1194.611956,6385,6376,145,31,6.05
1194.711931,6385,6380,145,31,6.09
1194.811949,6385,6380,180,31,6.09
1194.911931,6385,6380,180,31,6.06
1195.011942,6385,6380,180,31,6.06
1195.111932,6385,6380,180,31,6.08
1195.211957,6385,6380,293,31,6.08
1195.311932,6385,6380,293,31,6.08
1195.411931,6385,6380,293,31,6.08
1195.51193,6385,6380,267,31,6.08
1195.611952,6385,6380,267,31,6.08
1195.711932,6385,6376,267,31,6.06
1195.811932,6385,6376,373,31,6.06
1195.911932,6385,6380,373,31,6.06
1196.01195,6385,6380,373,31,6.06
1196.111932,6385,6376,373,31,6.03
1196.211932,6385,6380,368,31,6.03
1196.311941,6385,6380,368,31,6.03
1196.41195,6385,6380,368,31,6.07
1196.511931,6385,6380,402,31,6.07
1196.611932,6385,6380,402,31,6.07
1196.711934,6385,6380,402,31,6.06
1196.811975,6385,6380,436,31,6.06
1196.911932,6385,6380,436,31,6
1197.011946,6385,6384,436,31,6
1197.111931,6385,6380,436,31,6.07
1197.211956,6385,6380,80,31,6.07
1197.311988,6385,6380,80,31,6.07
1197.411931,6385,6380,80,31,6.08
1197.51193,6385,6380,92,31,6.08
1197.611949,6385,6380,92,31,6.08
1197.711932,6385,6380,92,31,6.06
1197.811934,6385,6380,122,31,6.06
1197.911931,6385,6380,122,31,6.08
1198.011959,6385,6380,122,31,6.08
1198.111931,6385,6380,122,31,6.07
1198.211931,6385,6380,163,31,6.07
1198.311931,6385,6380,163,31,6.07
1198.41196,6385,6380,163,31,6.05
1198.511933,6385,6380,194,31,6.05
1198.611935,6385,6380,194,31,6.05
1198.711939,6385,6380,194,31,6.07
1198.811983,6385,6380,225,31,6.07
1198.911931,6385,6380,225,31,6.07
1199.011991,6385,6380,225,31,6.07
1199.111934,6385,6380,225,31,6.09
1199.211975,6385,6380,267,31,6.09
1199.311933,6385,6380,267,31,6.09
1199.411931,6385,6380,267,31,6.07
1199.511933,6385,6380,303,31,6.07
1199.611973,6385,6380,303,31,6.07
1199.71193,6385,6380,303,31,6.08
1199.811933,6385,6376,406,31,6.08
1199.911932,6385,6380,406,31,6.07
1200.011957,6385,6380,406,31,6.07
1200.111931,6385,6380,406,31,6.06
1200.21193,6385,6380,399,31,6.06
1200.311931,6385,6380,399,31,6.06
1200.41196,6385,6380,399,31,6.06
1200.511933,6385,6380,435,31,6.06
1200.611932,6385,6380,435,31,6.06
1200.71193,6385,6380,435,31,6.07
1200.811944,6385,6380,465,31,6.07
1200.911932,6385,6380,465,31,6.08
1201.011933,6385,6380,465,31,6.08
1201.111939,6385,6380,465,31,6.07
1201.211961,6385,6380,506,31,6.07
1201.311932,6385,6380,506,31,6.07
1201.41194,6385,6380,506,31,6.04
1201.511932,6385,6380,537,31,6.04
1201.611995,6385,6380,537,31,6.04
1201.711931,6385,6380,537,31,6.06
1201.811934,6385,6380,568,31,6.06
1201.911933,6385,6380,568,31,6.05
1202.011974,6385,6380,568,31,6.05
1202.111942,6385,6380,568,31,6.06
1202.211932,6385,6380,97,31,6.06
1202.311933,6385,6380,97,31,6.06
1202.411975,6385,6380,97,31,6.08
1202.511931,6385,6380,127,31,6.08
1202.611932,6385,6380,127,31,6.08
1202.711931,6385,6380,127,31,6.08
1202.811975,6385,6380,158,31,6.08
1202.911931,6385,6380,158,31,6.09
1203.011931,6385,6380,158,31,6.09
1203.111931,6385,6380,158,31,6.09
1203.21198,6385,6380,199,31,6.09
1203.311938,6385,6380,199,31,6.09
1203.411932,6385,6380,199,31,6.08
1203.511932,6385,6380,230,31,6.08
1203.61196,6385,6380,230,31,6.08
1203.711932,6385,6380,230,31,6.05
1203.811932,6385,6380,261,31,6.05
1203.911932,6385,6380,261,31,6.07
1204.011948,6385,6380,261,31,6.07
1204.111932,6385,6380,261,31,6.07
1204.211932,6385,6380,302,31,6.07
1204.311941,6385,6380,302,31,6.07
1204.411961,6385,6380,302,31,6.07
1204.511979,6385,6380,332,31,6.07
1204.611933,6385,6380,332,31,6.07
1204.711988,6385,6380,332,31,6.07
1204.811974,6385,6380,363,31,6.07
1204.911949,6385,6376,363,31,6.08
1205.011932,6385,6376,363,31,6.08
1205.11194,6385,6380,363,31,6.08
1205.211975,6385,6380,407,31,6.08
1205.311931,6385,6380,407,31,6.08
1205.411932,6385,6380,407,31,6.07
1205.511933,6385,6380,438,31,6.07
1205.61196,6385,6380,438,31,6.07
1205.711933,6385,6376,438,31,6.08
1205.811932,6385,6380,373,31,6.08
1205.911932,6385,6380,373,31,6.07
1206.011973,6385,6380,373,31,6.07
1206.111931,6385,6380,373,31,6.06
1206.211941,6385,6380,522,31,6.06
1206.311932,6385,6380,522,31,6.06
1206.411959,6385,6380,522,31,6.08
1206.511931,6385,6380,552,31,6.08
1206.611938,6385,6380,552,31,6.08
1206.711932,6385,6380,552,31,6.07
1206.811982,6385,6380,583,31,6.07
1206.911932,6385,6380,583,31,6.06
1207.011948,6385,6380,583,31,6.06
1207.11193,6385,6380,583,31,6.08
1207.211961,6385,6380,112,31,6.08
1207.31193,6385,6380,112,31,6.08
1207.411931,6385,6380,112,31,6.08
1207.511931,6385,6380,143,31,6.08
1207.61196,6385,6380,143,31,6.08
1207.711933,6385,6380,143,31,6.09
1207.811931,6385,6380,174,31,6.09
1207.911932,6385,6380,174,31,6.09
1208.01196,6385,6380,174,31,6.09
1208.111931,6385,6380,174,31,6.08
1208.211932,6385,6376,378,31,6.08
1208.311932,6385,6380,378,31,6.08
1208.411973,6385,6380,378,31,6.06
1208.51193,6385,6380,250,31,6.06
1208.611932,6385,6380,250,31,6.06
1208.71193,6385,6380,250,31,6.05
1208.811948,6385,6376,348,31,6.05
1208.911932,6385,6380,348,31,6.08
1209.01193,6385,6380,348,31,6.08
1209.111931,6385,6380,348,31,6.07
1209.211973,6385,6380,332,31,6.07
1209.311931,6385,6380,332,31,6.07
1209.411933,6385,6376,332,31,6.07
1209.511931,6385,6376,429,31,6.07
1209.61196,6385,6380,429,31,6.07
1209.711933,6385,6380,429,31,6.07
1209.811932,6385,6380,399,31,6.07
1209.911932,6385,6380,399,31,6.07
1210.011958,6385,6380,399,31,6.07
1210.111931,6385,6380,399,31,6.05
1210.211933,6385,6380,440,31,6.05
1210.311932,6385,6380,440,31,6.05
1210.411954,6385,6380,440,31,6.07
1210.511932,6385,6380,81,31,6.07
1210.611932,6385,6380,81,31,6.07
1210.711931,6385,6380,81,31,6.07
1210.81198,6385,6380,81,31,6.07
1210.911931,6385,6380,81,31,6.07
1211.011931,6385,6380,81,31,6.07
1211.111975,6385,6380,81,31,6.08
1211.21198,6385,6380,100,31,6.08
1211.311989,6385,6380,100,31,6.08
1211.411932,6385,6384,100,31,6.01
1211.511949,6385,6384,0,31,6.01
1211.61196,6385,6380,0,31,6.01
1211.711931,6385,6380,0,31,6.09
1211.811932,6385,6380,163,31,6.09
1211.91193,6385,6380,163,31,6.05
1212.011961,6385,6380,163,31,6.05
1212.111931,6385,6380,163,31,6.08
1212.211934,6385,6380,119,31,6.08
1212.31193,6385,6380,119,31,6.08
1212.411979,6385,6380,119,31,6.04
1212.511931,6385,6376,436,31,6.04
1212.611932,6385,6376,436,31,6.04
1212.711932,6385,6380,436,31,6.05
1212.811989,6385,6380,141,31,6.05
1212.911932,6385,6380,141,31,6.07
1213.01193,6385,6380,141,31,6.07
1213.111931,6385,6380,141,31,6.08
1213.211948,6385,6380,189,31,6.08
1213.311932,6385,6376,189,31,6.08
1213.411932,6385,6376,189,31,6.07
1213.511931,6385,6376,296,31,6.07
1213.611946,6385,6376,296,31,6.07
1213.711933,6385,6376,296,31,6.06
1213.811932,6385,6376,348,31,6.06
1213.911931,6385,6380,348,31,6.06
1214.011957,6385,6376,348,31,6.06
1214.11193,6385,6376,348,31,6.06
1214.211935,6385,6380,334,31,6.06
1214.311932,6385,6380,334,31,6.06
1214.411984,6385,6376,334,31,6.07
1214.511932,6385,6376,436,31,6.07
1214.611933,6385,6376,436,31,6.07
1214.711931,6385,6380,436,31,6.04
1214.811952,6385,6380,479,31,6.04
1214.911932,6385,6380,479,31,6.04
1215.011932,6385,6380,479,31,6.04
1215.11193,6385,6376,479,31,6.05
1215.211976,6385,6380,534,31,6.05
1215.311931,6385,6376,534,31,6.05
1215.411932,6385,6380,534,31,6.05
1215.51194,6385,6380,250,31,6.05
1215.611951,6385,6376,250,31,6.05
1215.711932,6385,6380,250,31,6.02
1215.811933,6385,6380,52,31,6.02
1215.911932,6385,6380,52,31,6.08
1216.011948,6385,6380,52,31,6.08
1216.111931,6385,6380,52,31,6.05
1216.211933,6385,6380,102,31,6.05
1216.311932,6385,6380,102,31,6.05
1216.411961,6385,6380,102,31,6.08
1216.511938,6385,6380,133,31,6.08
1216.611932,6385,6380,133,31,6.08
1216.71193,6385,6380,133,31,6.06
1216.811972,6385,6380,163,31,6.06
1216.911933,6385,6380,163,31,6.08
1217.011941,6385,6380,163,31,6.08
1217.111987,6385,6380,163,31,6.08
1217.211989,6385,6380,204,31,6.08
1217.311988,6385,6380,204,31,6.08
1217.411944,6385,6380,204,31,6.08
1217.511948,6385,6380,235,31,6.08
1217.611948,6385,6380,235,31,6.08
1217.711932,6385,6380,235,31,6.05
1217.811939,6385,6380,266,31,6.05
1217.911932,6385,6380,266,31,6.04
1218.01196,6385,6380,266,31,6.04
1218.111931,6385,6380,266,31,6.07
1218.211934,6385,6380,78,31,6.07
1218.31193,6385,6380,78,31,6.07
1218.41196,6385,6380,78,31,6.08
1218.511931,6385,6380,88,31,6.08
1218.611933,6385,6380,88,31,6.08
1218.711932,6385,6380,88,31,6.01
1218.811982,6385,6380,121,31,6.01
1218.911931,6385,6380,121,31,6.06
1219.011932,6385,6380,121,31,6.06
1219.111931,6385,6380,121,31,6.07
1219.211961,6385,6380,162,31,6.07
1219.311932,6385,6380,162,31,6.07
1219.411932,6385,6380,162,31,6.08
1219.511932,6385,6380,194,31,6.08
1219.611985,6385,6380,194,31,6.08
1219.711932,6385,6380,194,31,6.06
1219.811932,6385,6380,226,31,6.06
1219.91193,6385,6380,226,31,6.05
1220.01195,6385,6380,226,31,6.05
1220.11193,6385,6380,226,31,6.02
1220.211932,6385,6380,274,31,6.02
1220.31194,6385,6376,274,31,6.02
1220.411954,6385,6380,274,31,6.06
1220.51193,6385,6380,322,31,6.06
1220.611933,6385,6376,322,31,6.06
1220.711931,6385,6376,322,31,6.07
1220.811951,6385,6376,429,31,6.07
1220.911931,6385,6380,429,31,6.06
1221.011932,6385,6380,429,31,6.06
1221.111933,6385,6380,429,31,6.08
1221.211958,6385,6380,313,31,6.08
1221.311932,6385,6376,313,31,6.08
1221.411931,6385,6380,313,31,6.07
1221.511931,6385,6380,614,31,6.07
1221.611961,6385,6380,614,31,6.07
1221.711931,6385,6380,614,31,6.08
1221.811935,6385,6380,484,31,6.08
1221.911931,6385,6380,484,31,6.06
1222.01196,6385,6376,484,31,6.06
1222.111931,6385,6380,484,31,6.07
1222.211932,6385,6380,527,31,6.07
1222.311931,6385,6380,527,31,6.07
1222.41196,6385,6380,527,31,6.05
1222.511932,6385,6380,559,31,6.05
1222.611931,6385,6380,559,31,6.05
1222.711933,6385,6380,559,31,6.04
1222.811992,6385,6380,78,31,6.04
1222.911933,6385,6380,78,31,6.08
1223.011931,6385,6380,78,31,6.08
1223.11193,6385,6380,78,31,6.08
1223.211959,6385,6380,119,31,6.08
1223.311931,6385,6380,119,31,6.08
1223.411933,6385,6380,119,31,6.08
1223.511931,6385,6380,81,31,6.08
1223.611975,6385,6380,81,31,6.08
1223.711931,6385,6380,81,31,6.04
1223.811948,6385,6380,88,31,6.04
1223.911931,6385,6380,88,31,6.09
1224.011981,6385,6380,88,31,6.09
1224.111932,6385,6380,88,31,6.06
1224.211984,6385,6380,133,31,6.06
1224.311931,6385,6380,133,31,6.06
1224.411985,6385,6380,133,31,6.09
1224.511931,6385,6380,163,31,6.09
1224.611932,6385,6380,163,31,6.09
1224.711932,6385,6380,163,31,6.06
1224.811984,6385,6380,194,31,6.06
1224.911931,6385,6380,194,31,6.04
1225.01193,6385,6380,194,31,6.04
1225.111932,6385,6380,194,31,6.09
1225.211947,6385,6380,237,31,6.09
1225.311931,6385,6380,237,31,6.09
1225.411932,6385,6380,237,31,6.07
1225.511931,6385,6380,269,31,6.07
1225.61196,6385,6380,269,31,6.07
1225.71193,6385,6380,269,31,6.07
1225.811932,6385,6380,300,31,6.07
1225.911931,6385,6380,300,31,6.05
1226.011958,6385,6380,300,31,6.05
1226.11193,6385,6380,300,31,6.04
1226.211931,6385,6376,414,31,6.04
1226.311931,6385,6376,414,31,6.04
1226.41196,6385,6376,414,31,6.05
1226.511931,6385,6376,460,31,6.05
1226.611939,6385,6380,460,31,6.05
1226.71193,6385,6380,460,31,6.05
1226.811984,6385,6376,498,31,6.05
1226.911931,6385,6380,498,31,6.07
1227.011932,6385,6380,498,31,6.07
1227.111957,6385,6376,498,31,6.05
1227.21196,6385,6380,487,31,6.05
1227.311931,6385,6380,487,31,6.05
1227.411935,6385,6380,487,31,6.02
1227.511932,6385,6380,78,31,6.02
1227.611958,6385,6380,78,31,6.02
1227.711932,6385,6380,78,31,6.07
1227.811933,6385,6380,102,31,6.07
1227.911932,6385,6380,102,31,6.08
1228.01196,6385,6380,102,31,6.08
1228.111938,6385,6380,102,31,6.06
1228.211947,6385,6380,143,31,6.06
1228.311938,6385,6380,143,31,6.06
1228.411982,6385,6380,143,31,6.08
1228.511938,6385,6380,175,31,6.08
1228.61195,6385,6380,175,31,6.08
1228.711932,6385,6380,175,31,6.06
1228.811982,6385,6380,206,31,6.06
1228.911939,6385,6376,206,31,6.06
1229.011942,6385,6376,206,31,6.06
1229.111931,6385,6376,206,31,6.08
1229.211961,6385,6380,261,31,6.08
1229.311932,6385,6380,261,31,6.08
1229.411931,6385,6380,261,31,6.08
1229.511932,6385,6380,295,31,6.08
1229.611984,6385,6380,295,31,6.08
1229.711948,6385,6380,295,31,6.07
1229.811931,6385,6376,329,31,6.07
1229.911985,6385,6380,329,31,6.05
1230.011958,6385,6376,329,31,6.05
1230.111944,6385,6380,329,31,6.08
1230.211933,6385,6380,119,31,6.08
1230.31196,6385,6380,119,31,6.08
1230.411958,6385,6380,119,31,6.06
1230.51195,6385,6376,489,31,6.06
1230.611952,6385,6380,489,31,6.06
1230.71193,6385,6380,489,31,6.03
1230.811983,6385,6376,523,31,6.03
1230.911931,6385,6380,523,31,6.05
1231.01194,6385,6376,523,31,6.05
1231.111932,6385,6380,523,31,6.06
1231.211957,6385,6376,585,31,6.06
1231.311943,6385,6380,585,31,6.06
1231.411931,6385,6376,585,31,6.06
1231.511931,6385,6376,636,31,6.06
1231.61196,6385,6380,636,31,6.06
1231.71193,6385,6376,636,31,6.08
1231.811932,6385,6376,167,31,6.08
1231.91194,6385,6376,167,31,6.07
1232.011959,6385,6376,167,31,6.07
1232.111932,6385,6380,167,31,6.08
1232.211933,6385,6380,165,31,6.08
1232.311931,6385,6380,165,31,6.08
1232.411981,6385,6380,165,31,6.05
1232.51193,6385,6380,406,31,6.05
1232.61194,6385,6380,406,31,6.05
1232.711932,6385,6380,406,31,6.05
1232.811993,6385,6380,237,31,6.05
1232.911932,6385,6380,237,31,6.07
1233.011933,6385,6380,237,31,6.07
1233.111931,6385,6380,237,31,6.09
1233.211953,6385,6380,284,31,6.09
1233.311931,6385,6380,284,31,6.09
1233.411931,6385,6380,284,31,6.07
1233.511931,6385,6380,80,31,6.07
1233.611956,6385,6380,80,31,6.07
1233.711932,6385,6380,80,31,6.06
1233.811932,6385,6380,87,31,6.06
1233.911932,6385,6380,87,31,6.05
1234.01196,6385,6380,87,31,6.05
1234.111938,6385,6380,87,31,6.05
1234.211932,6385,6380,80,31,6.05
1234.311932,6385,6384,80,31,6.05
1234.411951,6385,6380,80,31,6.08
1234.511932,6385,6380,92,31,6.08
1234.611932,6385,6380,92,31,6.08
1234.711932,6385,6380,92,31,6.08
1234.811953,6385,6380,122,31,6.08
1234.911933,6385,6380,122,31,6.07
1235.01193,6385,6380,122,31,6.07
1235.111931,6385,6380,122,31,6.06
1235.211978,6385,6380,163,31,6.06
1235.311931,6385,6380,163,31,6.06
1235.411932,6385,6380,163,31,6.08
1235.511931,6385,6380,194,31,6.08
1235.611945,6385,6380,194,31,6.08
1235.711931,6385,6380,194,31,6.08
1235.811933,6385,6380,225,31,6.08
1235.911939,6385,6380,225,31,6.07
1236.01195,6385,6380,225,31,6.07
1236.111931,6385,6380,225,31,6.08
1236.211932,6385,6380,267,31,6.08
1236.311932,6385,6380,267,31,6.08
1236.411951,6385,6380,267,31,6.08
1236.511931,6385,6380,300,31,6.08
1236.611931,6385,6380,300,31,6.08
1236.711932,6385,6376,300,31,6.08
1236.811985,6385,6380,400,31,6.08
1236.911932,6385,6376,400,31,6.07
1237.011933,6385,6380,400,31,6.07
1237.111931,6385,6380,400,31,6.07
1237.211953,6385,6380,389,31,6.07
1237.311933,6385,6380,389,31,6.07
1237.411932,6385,6380,389,31,6.06
1237.511956,6385,6376,421,31,6.06
1237.611952,6385,6380,421,31,6.06
1237.711958,6385,6380,421,31,6.07
1237.811936,6385,6376,518,31,6.07
1237.911949,6385,6380,518,31,6.06
1238.011977,6385,6376,518,31,6.06
1238.111933,6385,6380,518,31,6.08
1238.211951,6385,6380,505,31,6.08
1238.311939,6385,6380,505,31,6.08
1238.411977,6385,6380,505,31,6.06
1238.511933,6385,6380,537,31,6.06
1238.611932,6385,6380,537,31,6.06
1238.71194,6385,6380,537,31,6.08
1238.811975,6385,6380,568,31,6.08
1238.911931,6385,6380,568,31,6.08
1239.011931,6385,6380,568,31,6.08
1239.111949,6385,6380,568,31,6.09
1239.211943,6385,6380,95,31,6.09
1239.311984,6385,6380,95,31,6.09
1239.411932,6385,6380,95,31,6.06
1239.511948,6385,6380,126,31,6.06
1239.611953,6385,6380,126,31,6.06
1239.711939,6385,6380,126,31,6.08
1239.811934,6385,6380,156,31,6.08
1239.911931,6385,6380,156,31,6.08
1240.011951,6385,6380,156,31,6.08
1240.111931,6385,6380,156,31,6.08
1240.211931,6385,6380,197,31,6.08
1240.311933,6385,6380,197,31,6.08
1240.411957,6385,6380,197,31,6.08
1240.511941,6385,6380,228,31,6.08
1240.611933,6385,6380,228,31,6.08
1240.71193,6385,6380,228,31,6.08
1240.811975,6385,6376,1,31,6.08
1240.911931,6385,6376,1,31,6.08
1241.011934,6385,6376,1,31,6.08
1241.111939,6385,6380,1,31,6.05
1241.211952,6385,6380,322,31,6.05
1241.311932,6385,6380,322,31,6.05
1241.411931,6385,6380,322,31,6.06
1241.511942,6385,6380,354,31,6.06
1241.611958,6385,6380,354,31,6.06
1241.711931,6385,6380,354,31,6.04
1241.811935,6385,6376,556,31,6.04
1241.911934,6385,6376,556,31,6.06
1242.011953,6385,6380,556,31,6.06
1242.111932,6385,6376,556,31,6.06
1242.211932,6385,6380,452,31,6.06
1242.311932,6385,6376,452,31,6.06
1242.411961,6385,6380,452,31,6.07
1242.511931,6385,6380,489,31,6.07
1242.611933,6385,6380,489,31,6.07
1242.711939,6385,6380,489,31,6.07
1242.811954,6385,6380,520,31,6.07
1242.911932,6385,6380,520,31,6.07
1243.011938,6385,6380,520,31,6.07
1243.111932,6385,6380,520,31,6.06
1243.211948,6385,6380,561,31,6.06
1243.311931,6385,6380,561,31,6.06
1243.411984,6385,6380,561,31,6.06
1243.511932,6385,6380,80,31,6.06
1243.611954,6385,6380,80,31,6.06
1243.711944,6385,6380,80,31,6.08
1243.811934,6385,6380,110,31,6.08
1243.911931,6385,6380,110,31,6.07
1244.011954,6385,6380,110,31,6.07
1244.11194,6385,6380,110,31,6.03
1244.211931,6385,6380,151,31,6.03
1244.31193,6385,6380,151,31,6.03
1244.411975,6385,6380,151,31,6.06
1244.511931,6385,6380,90,31,6.06
1244.611931,6385,6380,90,31,6.06
1244.71193,6385,6380,90,31,6.08
1244.811979,6385,6380,121,31,6.08
1244.911931,6385,6380,121,31,6.06
1245.011931,6385,6380,121,31,6.06
1245.111932,6385,6380,121,31,6.09
1245.211961,6385,6380,162,31,6.09
1245.311931,6385,6380,162,31,6.09
1245.411932,6385,6380,162,31,6.08
1245.511931,6385,6380,192,31,6.08
1245.611956,6385,6380,192,31,6.08
1245.711929,6385,6380,192,31,6.08
1245.811947,6385,6380,225,31,6.08
1245.91194,6385,6380,225,31,6.07
1246.011961,6385,6380,225,31,6.07
1246.111932,6385,6380,225,31,6.08
1246.211931,6385,6380,266,31,6.08
1246.311931,6385,6380,266,31,6.08
1246.411959,6385,6380,266,31,6.06
1246.511932,6385,6380,296,31,6.06
1246.611931,6385,6380,296,31,6.06
1246.71193,6385,6380,296,31,6.08
1246.811985,6385,6380,93,31,6.08
1246.911931,6385,6380,93,31,6.09
1247.011931,6385,6380,93,31,6.09
1247.111931,6385,6380,93,31,6.06
1247.211959,6385,6380,136,31,6.06
1247.311931,6385,6380,136,31,6.06
1247.41193,6385,6380,136,31,6.04
1247.511938,6385,6380,81,31,6.04
1247.611973,6385,6380,81,31,6.04
1247.71193,6385,6380,81,31,6.06
1247.811934,6385,6380,112,31,6.06
1247.911931,6385,6380,112,31,6.08
1248.011944,6385,6380,112,31,6.08
1248.111932,6385,6376,112,31,6.04
1248.211932,6385,6376,493,31,6.04
1248.311931,6385,6380,493,31,6.04
1248.41196,6385,6376,493,31,6
1248.511932,6385,6380,213,31,6
1248.61198,6385,6376,213,31,6
1248.711932,6385,6376,213,31,6.08
1248.811956,6385,6380,255,31,6.08
1248.91193,6385,6376,255,31,6.07
1249.011933,6385,6376,255,31,6.07
1249.111932,6385,6376,255,31,6.07
1249.211974,6385,6380,312,31,6.07
1249.311931,6385,6380,312,31,6.07
1249.411988,6385,6380,312,31,6.01
1249.511932,6385,6376,412,31,6.01
1249.611947,6385,6376,412,31,6.01
1249.711932,6385,6376,412,31,6.04
1249.811991,6385,6376,465,31,6.04
1249.911932,6385,6380,465,31,6.04
1250.011984,6385,6380,465,31,6.04
1250.111932,6385,6380,465,31,6.05
1250.211933,6385,6376,515,31,6.05
1250.311931,6385,6380,515,31,6.05
1250.411954,6385,6380,515,31,6.06
1250.511932,6385,6380,95,31,6.06
1250.611933,6385,6380,95,31,6.06
1250.711932,6385,6380,95,31,6.07
1250.811977,6385,6380,127,31,6.07
1250.911931,6385,6380,127,31,6.06
1251.011932,6385,6380,127,31,6.06
1251.111932,6385,6380,127,31,6.07
1251.211978,6385,6380,170,31,6.07
1251.311932,6385,6380,170,31,6.07
1251.41195,6385,6380,170,31,6.06
1251.511931,6385,6380,203,31,6.06
1251.611959,6385,6380,203,31,6.06
1251.711932,6385,6380,203,31,6.07
1251.811945,6385,6380,233,31,6.07
1251.911931,6385,6380,233,31,6.07
1252.011977,6385,6380,233,31,6.07
1252.111931,6385,6380,233,31,6.08
1252.211934,6385,6380,276,31,6.08
1252.311931,6385,6380,276,31,6.08
1252.41196,6385,6380,276,31,6.08
1252.511934,6385,6380,85,31,6.08
1252.611932,6385,6380,85,31,6.08
1252.711931,6385,6380,85,31,6.07
1252.811973,6385,6380,80,31,6.07
1252.911932,6385,6380,80,31,6.07
1253.011932,6385,6380,80,31,6.07
1253.11193,6385,6380,80,31,6.06
1253.211959,6385,6380,204,31,6.06
1253.31193,6385,6380,204,31,6.06
1253.411932,6385,6380,204,31,6.07
1253.511934,6385,6380,93,31,6.07
1253.611957,6385,6380,93,31,6.07
1253.711931,6385,6380,93,31,6.09
1253.811952,6385,6380,124,31,6.09
1253.91193,6385,6380,124,31,6.08
1254.011959,6385,6380,124,31,6.08
1254.11194,6385,6376,124,31,5.99
1254.211933,6385,6380,168,31,5.99
1254.311931,6385,6380,168,31,5.99
1254.411957,6385,6380,168,31,6.08
1254.51193,6385,6376,363,31,6.08
1254.61194,6385,6376,363,31,6.08
1254.711931,6385,6376,363,31,6.05
1254.811977,6385,6380,102,31,6.05
1254.911931,6385,6376,102,31,6.06
1255.011933,6385,6380,102,31,6.06
1255.111932,6385,6380,102,31,6
1255.211946,6385,6380,291,31,6
1255.311931,6385,6376,291,31,6
1255.411939,6385,6376,291,31,6.03
1255.511932,6385,6376,400,31,6.03
1255.611952,6385,6376,400,31,6.03
1255.711931,6385,6376,400,31,6.07
1255.811934,6385,6376,453,31,6.07
1255.911932,6385,6380,453,31,6.07
1256.011945,6385,6376,453,31,6.07
1256.111931,6385,6376,453,31,6.08
1256.211932,6385,6376,520,31,6.08
1256.311979,6385,6376,520,31,6.08
1256.411954,6385,6380,520,31,6.02
1256.511943,6385,6380,667,31,6.02
1256.61193,6385,6380,667,31,6.02
1256.711949,6385,6376,667,31,6.04
1256.811977,6385,6380,276,31,6.04
1256.911931,6385,6380,276,31,6.07
1257.011934,6385,6380,276,31,6.07
1257.111931,6385,6380,276,31,6.06
1257.211958,6385,6380,588,31,6.06
1257.311931,6385,6380,588,31,6.06
1257.411933,6385,6380,588,31,6.02
1257.511932,6385,6380,105,31,6.02
1257.611945,6385,6380,105,31,6.02
1257.711931,6385,6380,105,31,6.09
1257.811951,6385,6380,201,31,6.09
1257.911931,6385,6380,201,31,6.09
1258.011941,6385,6380,201,31,6.09
1258.111932,6385,6380,201,31,6.06
1258.211933,6385,6376,252,31,6.06
1258.311931,6385,6376,252,31,6.06
1258.41194,6385,6376,252,31,6.06
1258.511932,6385,6380,235,31,6.06
1258.611931,6385,6380,235,31,6.06
1258.711932,6385,6380,235,31,6.04
1258.81196,6385,6380,276,31,6.04
1258.91193,6385,6380,276,31,6.08
1259.011931,6385,6380,276,31,6.08
1259.111931,6385,6380,276,31,6.07
1259.211957,6385,6380,322,31,6.07
1259.311931,6385,6380,322,31,6.07
1259.411932,6385,6380,322,31,6.07
1259.511932,6385,6376,423,31,6.07
1259.611943,6385,6376,423,31,6.07
1259.711931,6385,6380,423,31,6.06
1259.811934,6385,6376,609,31,6.06
1259.911932,6385,6380,609,31,6.02
1260.011941,6385,6380,609,31,6.02
1260.111932,6385,6380,609,31,6.04
1260.211933,6385,6380,92,31,6.04
1260.311932,6385,6380,92,31,6.04
1260.411941,6385,6384,92,31,6.01
1260.511932,6385,6384,327,31,6.01
1260.611933,6385,6384,327,31,6.01
1260.711933,6385,6380,327,31,6.08
1260.811977,6385,6380,95,31,6.08
1260.911932,6385,6380,95,31,6.06
1261.011932,6385,6380,95,31,6.06
1261.111946,6385,6380,95,31,6.06
1261.211945,6385,6380,104,31,6.06
1261.311981,6385,6380,104,31,6.06
1261.411941,6385,6380,104,31,6.05
1261.511948,6385,6380,83,31,6.05
1261.611958,6385,6384,83,31,6.05
1261.711931,6385,6384,83,31,6.02
1261.811947,6385,6384,0,31,6.02
1261.911934,6385,6380,0,31,6.06
1262.011953,6385,6380,0,31,6.06
1262.111933,6385,6380,0,31,6.07
1262.211932,6385,6380,78,31,6.07
1262.311931,6385,6380,78,31,6.07
1262.411942,6385,6380,78,31,6.07
1262.511933,6385,6380,80,31,6.07
1262.61194,6385,6380,80,31,6.07
1262.711933,6385,6380,80,31,6.05
1262.811989,6385,6380,80,31,6.05
1262.911956,6385,6380,80,31,6.08
1263.011933,6385,6380,80,31,6.08
1263.111945,6385,6380,80,31,6.08
1263.211959,6385,6380,100,31,6.08
1263.311959,6385,6376,100,31,6.08
1263.411932,6385,6376,100,31,6.03
1263.511956,6385,6380,145,31,6.03
1263.611941,6385,6380,145,31,6.03
1263.711933,6385,6380,145,31,6.06
1263.811948,6385,6380,87,31,6.06
1263.91194,6385,6380,87,31,6.02
1264.011957,6385,6380,87,31,6.02
1264.111931,6385,6380,87,31,6.09
1264.21194,6385,6380,116,31,6.09
1264.311931,6385,6380,116,31,6.09
1264.411957,6385,6380,116,31,6.05
1264.511934,6385,6380,148,31,6.05
1264.611932,6385,6380,148,31,6.05
1264.711932,6385,6376,148,31,6
1264.811979,6385,6376,182,31,6
1264.911933,6385,6380,182,31,6.05
1265.011944,6385,6376,182,31,6.05
1265.111933,6385,6380,182,31,6.07
1265.21198,6385,6376,300,31,6.07
1265.311932,6385,6376,300,31,6.07
1265.411932,6385,6380,300,31,6.08
1265.511932,6385,6380,279,31,6.08
1265.611957,6385,6380,279,31,6.08
1265.711932,6385,6380,279,31,6
1265.811949,6385,6376,52,31,6
1265.911932,6385,6376,52,31,6.07
1266.011957,6385,6376,52,31,6.07
1266.111939,6385,6376,52,31,6.06
1266.211931,6385,6376,453,31,6.06
1266.311932,6385,6376,453,31,6.06
1266.411957,6385,6376,453,31,6.05
1266.511931,6385,6376,508,31,6.05
1266.611931,6385,6376,508,31,6.05
1266.71193,6385,6376,508,31,6.06
1266.811981,6385,6376,563,31,6.06
1266.91193,6385,6376,563,31,6.04
1267.011933,6385,6376,563,31,6.04
1267.11194,6385,6380,563,31,6.06
1267.211958,6385,6376,629,31,6.06
1267.311932,6385,6376,629,31,6.06
1267.411933,6385,6376,629,31,6.04
1267.511931,6385,6376,102,31,6.04
1267.611976,6385,6380,102,31,6.04
1267.711932,6385,6376,102,31,6.07
1267.811949,6385,6376,206,31,6.07
1267.911931,6385,6376,206,31,6.05
1268.01196,6385,6376,206,31,6.05
1268.111931,6385,6376,206,31,6.07
1268.211933,6385,6376,281,31,6.07
1268.31194,6385,6380,281,31,6.07
1268.411978,6385,6376,281,31,6.07
1268.511942,6385,6376,167,31,6.07
1268.61198,6385,6376,167,31,6.07
1268.711934,6385,6376,167,31,6.06
1268.811979,6385,6376,383,31,6.06
1268.911932,6385,6380,383,31,6.07
1269.011951,6385,6376,383,31,6.07
1269.111932,6385,6380,383,31,6.04
1269.211958,6385,6376,595,31,6.04
1269.311931,6385,6380,595,31,6.04
1269.411931,6385,6376,595,31,6.08
1269.511932,6385,6380,428,31,6.08
1269.611958,6385,6376,428,31,6.08
1269.711932,6385,6376,428,31,6.06
1269.811949,6385,6376,337,31,6.06
1269.911932,6385,6380,337,31,6
1270.011958,6385,6380,337,31,6
1270.111932,6385,6376,337,31,6.07
1270.211932,6385,6376,609,31,6.07
1270.311931,6385,6376,609,31,6.07
1270.411959,6385,6376,609,31,6.06
1270.51195,6385,6376,151,31,6.06
1270.611933,6385,6380,151,31,6.06
1270.711932,6385,6376,151,31,6.08
1270.811981,6385,6376,206,31,6.08
1270.911933,6385,6376,206,31,6.08
1271.011933,6385,6380,206,31,6.08
1271.111934,6385,6376,206,31,6.08
1271.211957,6385,6376,377,31,6.08
1271.311932,6385,6376,377,31,6.08
1271.411932,6385,6380,377,31,6.09
1271.511931,6385,6376,322,31,6.09
1271.611957,6385,6376,322,31,6.09
1271.711932,6385,6380,322,31,6.07
1271.811957,6385,6380,371,31,6.07
1271.911931,6385,6376,371,31,6.05
1272.011958,6385,6376,371,31,6.05
1272.111933,6385,6376,371,31,6.01
1272.211932,6385,6376,438,31,6.01
1272.311931,6385,6376,438,31,6.01
1272.411956,6385,6376,438,31,6.05
1272.511932,6385,6376,532,31,6.05
1272.611933,6385,6376,532,31,6.05
1272.711933,6385,6380,532,31,6.05
1272.811984,6385,6376,539,31,6.05
1272.911932,6385,6376,539,31,6.07
1273.011932,6385,6376,539,31,6.07
1273.111939,6385,6376,539,31,6.02
1273.211956,6385,6380,544,31,6.02
1273.311931,6385,6380,544,31,6.02
1273.411933,6385,6380,544,31,6.07
1273.511932,6385,6380,576,31,6.07
1273.611955,6385,6380,576,31,6.07
1273.71193,6385,6380,576,31,6.08
1273.811951,6385,6380,100,31,6.08
1273.91193,6385,6380,100,31,6.06
1274.01196,6385,6380,100,31,6.06
1274.111931,6385,6380,100,31,6.07
1274.21194,6385,6376,209,31,6.07
1274.311932,6385,6376,209,31,6.07
1274.411981,6385,6376,209,31,6.08
1274.511933,6385,6376,254,31,6.08
1274.611958,6385,6376,254,31,6.08
1274.711932,6385,6376,254,31,6.06
1274.811979,6385,6376,307,31,6.06
1274.911932,6385,6376,307,31,6.06
1275.011952,6385,6380,307,31,6.06
1275.111933,6385,6380,307,31,6.06
1275.211942,6385,6380,206,31,6.06
1275.311932,6385,6376,206,31,6.06
1275.41194,6385,6376,206,31,6.07
1275.511933,6385,6380,262,31,6.07
1275.611976,6385,6376,262,31,6.07
1275.711931,6385,6376,262,31,6.07
1275.81195,6385,6376,479,31,6.07
1275.911933,6385,6376,479,31,6.03
1276.011979,6385,6376,479,31,6.03
1276.111933,6385,6376,479,31,5.97
1276.21198,6385,6376,552,31,5.97
1276.311931,6385,6380,552,31,5.97
1276.411979,6385,6380,552,31,6.01
1276.511932,6385,6376,730,31,6.01
1276.611933,6385,6376,730,31,6.01
1276.711932,6385,6380,730,31,6
1276.811976,6385,6380,576,31,6
1276.911932,6385,6376,576,31,6.06
1277.011932,6385,6380,576,31,6.06
1277.111931,6385,6376,576,31,6.02
1277.211976,6400,6376,269,31,6.02
1277.311932,6506,6384,269,31,6.02
1277.411932,6642,6536,269,31,7.33
1277.511933,6779,6692,559,31,7.33
1277.611953,6916,6820,559,31,7.33
1277.711931,7053,6948,559,31,7.35
1277.811949,7190,7096,810,31,7.35
1277.911938,7327,7240,810,31,7.34
1278.011953,7464,7384,810,31,7.34
1278.111931,7601,7496,810,31,7.36
1278.211932,7738,7644,576,31,7.36
1278.311931,7875,7792,576,31,7.36
1278.411957,8012,7940,576,31,7.37
1278.511932,8149,8072,800,31,7.37
1278.611932,8286,8188,800,31,7.37
1278.711931,8423,8332,800,31,7.35
1278.811997,8560,8472,841,31,7.35
1278.911934,8697,8620,841,31,7.35
1279.011932,8834,8768,841,31,7.35
1279.111931,8971,8880,841,31,7.36
1279.211975,9108,9024,667,31,7.36
1279.311932,9245,9168,667,31,7.36
1279.411941,9382,9308,667,31,7.4
1279.511933,9519,9456,189,31,7.4
1279.611959,9656,9596,189,31,7.4
1279.711932,9793,9736,189,31,7.42
1279.811948,9930,9872,165,31,7.42
1279.91194,10067,10020,165,31,7.42
1280.011956,10204,10144,165,32,7.42
1280.11193,10341,10280,165,32,7.41
1280.211931,10463,10416,11,32,7.41
1280.311933,10495,10496,11,32,7.41
1280.411961,10496,10512,11,32,7.4
1280.511932,10496,10516,356,32,7.4
1280.611932,10497,10520,356,32,7.4
1280.711931,10497,10520,356,32,7.39
1280.81198,10497,10528,675,32,7.39
1280.911931,10497,10532,675,32,7.36
1281.011932,10497,10540,675,32,7.36
1281.11193,10497,10540,675,32,7.33
1281.211956,10497,10544,1394,32,7.33
1281.311932,10497,10552,1394,32,7.33
1281.41193,10497,10556,1394,32,7.36
1281.511933,10497,10564,1530,32,7.36
1281.611975,10497,10572,1530,32,7.36
1281.711978,10497,10580,1530,32,7.31
1281.811931,10497,10588,1810,32,7.31
1281.911952,10497,10588,1810,32,7.19
1282.01196,10497,10592,1810,32,7.19
1282.11196,10497,10588,1810,32,7.23
1282.211934,10497,10592,1482,32,7.23
1282.311931,10497,10588,1482,32,7.23
1282.411955,10497,10588,1482,32,7.22
1282.511931,10497,10588,1598,32,7.22
1282.611933,10497,10588,1598,32,7.22
1282.711939,10497,10588,1598,32,7.23
1282.811951,10497,10588,1745,32,7.23
1282.911931,10497,10580,1745,32,7.28
1283.011931,10497,10576,1745,32,7.28
1283.111931,10497,10580,1745,32,7.33
1283.211949,10497,10580,1295,32,7.33
1283.311931,10497,10580,1295,32,7.33
1283.411931,10497,10580,1295,32,6
1283.511932,10497,10572,1550,32,6
1283.611951,10497,10576,1550,32,6
1283.71193,10497,10576,1550,32,6.01
1283.811932,10497,10576,1617,32,6.01
1283.91193,10497,10572,1617,32,5.98
1284.011984,10497,10576,1617,32,5.98
1284.111931,10497,10572,1617,32,6.01
1284.211932,10497,10572,1644,32,6.01
1284.311931,10497,10568,1644,32,6.01
1284.411974,10497,10568,1644,32,6.02
1284.511931,10497,10568,1426,32,6.02
1284.611932,10497,10564,1426,32,6.02
1284.711932,10497,10568,1426,32,6.04
1284.811976,10497,10560,1266,32,6.04
1284.911932,10497,10564,1266,32,6
1285.011934,10497,10564,1266,32,6
1285.111932,10497,10560,1266,32,6.04
1285.211976,10497,10564,1296,32,6.04
1285.311932,10497,10556,1296,32,6.04
1285.411932,10497,10552,1296,32,6.01
1285.511932,10497,10552,789,32,6.01
1285.611977,10497,10548,789,32,6.01
1285.71193,10497,10548,789,32,6.04
1285.811931,10497,10540,974,32,6.04
1285.911931,10497,10540,974,32,6.03
1286.011977,10497,10532,974,32,6.03
1286.111932,10496,10536,974,32,6.07
1286.211937,10459,10528,1008,32,6.07
1286.311932,10381,10492,1008,32,6.07
1286.411948,10213,10340,1008,32,6.03
1286.51193,10062,10180,1136,32,6.03
1286.611932,10030,10068,1136,32,6.03
1286.711932,10026,10044,1136,32,6.06
1286.811972,10024,10036,411,32,6.06
1286.911932,10014,10032,411,32,6.07
1287.011931,9995,10024,411,32,6.07
1287.111932,9972,10008,411,32,6.05
1287.212001,9943,10004,928,32,6.05
1287.311931,9906,9976,928,32,6.05
1287.411932,9865,9928,928,32,6.03
1287.511931,9825,9884,1199,32,6.03
1287.611977,9785,9836,1199,32,6.03
1287.711936,9764,9820,1199,32,6.06
1287.811932,9794,9816,646,32,6.06
1287.911952,9834,9824,646,32,6.09
1288.011955,9860,9852,646,32,6.09
1288.112007,9884,9872,646,32,6.09
1288.21193,9880,9900,230,32,6.09
1288.311946,9827,9900,230,32,6.09
1288.411958,9801,9880,230,32,5.99
1288.511947,9828,9860,993,32,5.99
1288.611932,9853,9864,993,32,5.99
1288.711932,9897,9868,993,32,6.09
1288.811959,9911,9924,308,32,6.09
1288.911932,9962,9936,308,32,6.09
1289.011932,10014,10004,308,32,6.09
1289.111937,10041,10044,308,32,6.09
1289.211943,10027,10060,385,32,6.09
1289.311985,9975,10060,385,32,6.09
1289.41193,9976,10048,385,32,5.99
1289.511948,10001,10040,1047,32,5.99
1289.611975,10040,10040,1047,32,5.99
1289.711931,10093,10076,1047,32,6.09
1289.811932,10140,10124,61,32,6.09
1289.911932,10194,10184,61,32,6.09
1290.011956,10236,10228,61,32,6.09
1290.11193,10245,10256,61,32,6.09
1290.211931,10236,10260,298,32,6.09
1290.311933,10227,10260,298,32,6.09
1290.411974,10210,10264,298,32,6.06
1290.511933,10186,10264,1397,32,6.06
1290.611931,10168,10244,1397,32,6.06
1290.711931,10162,10232,1397,32,6.05
1290.811973,10158,10232,1341,32,6.05
1290.91193,10202,10228,1341,32,6.02
1291.011936,10267,10244,1341,31,6.02
1291.111932,10308,10304,1341,31,6.09
1291.211973,10314,10324,307,31,6.09
1291.31193,10316,10332,307,31,6.09
1291.411932,10297,10340,307,31,6.08
1291.511932,10257,10344,1185,31,6.08
1291.611975,10208,10336,1185,31,6.08
1291.711931,10190,10296,1185,31,5.96
1291.811936,10191,10256,1184,31,5.96
1291.911932,10219,10240,1184,31,6.06
1292.011949,10238,10244,1184,31,6.06
1292.11194,10252,10252,1184,31,6.09
1292.211932,10239,10256,214,31,6.09
1292.311932,10220,10260,214,31,6.09
1292.411961,10200,10256,214,31,6.05
1292.511931,10183,10256,1090,31,6.05
1292.611932,10149,10244,1090,31,6.05
1292.711939,10114,10212,1090,31,6
1292.81196,10097,10200,1870,31,6
1292.911932,10080,10164,1870,31,5.96
1293.011933,10073,10164,1870,31,5.96
1293.111941,10102,10164,1870,31,5.97
1293.211954,10128,10164,1068,31,5.97
1293.311931,10174,10168,1068,31,5.97
1293.411932,10224,10212,1068,31,6.09
1293.511932,10210,10236,380,31,6.09
1293.61198,10187,10236,380,31,6.09
1293.711932,10140,10232,380,31,6
1293.811952,10107,10192,1684,31,6
1293.911939,10111,10168,1684,31,6.03
1294.011982,10130,10168,1684,31,6.03
1294.111933,10154,10172,1684,31,6.08
1294.21196,10174,10180,592,31,6.08
1294.311931,10192,10196,592,31,6.08
1294.411961,10173,10208,592,31,6.08
1294.511939,10171,10212,762,31,6.08
1294.611933,10157,10216,762,31,6.08
1294.71193,10161,10216,762,31,6.03
1294.811975,10161,10216,1257,31,6.03
1294.911941,10143,10212,1257,31,6.05
1295.011933,10132,10212,1257,31,6.05
1295.11194,10142,10212,1257,31,6
1295.211976,10141,10208,1704,31,6
1295.311932,10151,10212,1704,31,6
1295.411931,10172,10212,1704,31,6.05
1295.511932,10197,10216,900,31,6.05
1295.611985,10235,10228,900,31,6.05
1295.711931,10234,10260,900,31,6.09
1295.811932,10205,10264,962,31,6.09
1295.911932,10210,10256,962,31,6.06
1296.011975,10197,10260,962,31,6.06
1296.111953,10161,10248,962,31,5.96
1296.211931,10154,10236,1375,31,5.96
1296.311931,10178,10236,1375,31,5.96
1296.411974,10200,10236,1375,31,6.05
1296.511931,10198,10248,1305,31,6.05
1296.611933,10177,10248,1305,31,6.05
1296.71193,10143,10248,1305,31,5.98
1296.811974,10139,10244,2098,31,5.98
1296.911931,10121,10236,2098,31,5.98
1297.011939,10008,10196,2098,31,5.98
1297.111943,9840,10056,2098,31,5.87
1297.211981,9704,9884,1864,31,5.87
1297.31193,9603,9760,1864,31,5.87
1297.411932,9521,9656,1864,31,5.98
1297.511931,9518,9604,1736,31,5.98
1297.611975,9588,9596,1736,31,5.98
1297.71193,9689,9660,1736,31,6.1
1297.811932,9760,9760,102,31,6.1
1297.911933,9794,9816,102,31,6.09
1298.011985,9822,9840,102,31,6.09
1298.111949,9868,9864,102,31,6.09
1298.211931,9925,9936,230,31,6.09
1298.311933,9946,9972,230,31,6.09
1298.411953,9977,9992,230,31,6.08
1298.511942,10016,10020,324,31,6.08
1298.611932,10089,10080,324,31,6.08
1298.711941,10149,10144,324,31,6.09
1298.811947,10291,10244,793,31,6.09
1298.91193,10444,10392,793,31,6.09
1299.011932,10493,10520,793,31,6.09
1299.111944,10496,10548,793,31,6.08
1299.211988,10496,10552,834,31,6.08
1299.311932,10488,10556,834,31,6.08
1299.411935,10478,10560,834,31,6
1299.511941,10458,10556,1441,31,6
1299.611961,10398,10552,1441,31,6
1299.711932,10333,10516,1441,31,5.84
1299.811934,10240,10400,2127,31,5.84
1299.911945,10187,10328,2127,31,5.92
1300.011976,10153,10244,2127,31,5.92
1300.111933,10122,10232,2127,31,5.98
1300.211948,10064,10196,2332,31,5.98
1300.311948,10039,10148,2332,31,5.98
1300.411985,10063,10148,2332,31,5.96
1300.511948,10090,10148,1479,31,5.96
1300.611981,10119,10152,1479,31,5.96
1300.711932,10133,10152,1479,31,6.08
1300.811977,10163,10164,121,31,6.08
1300.911931,10207,10200,121,31,6.09
1301.011958,10261,10260,121,31,6.09
1301.111931,10295,10300,121,31,6.09
1301.211977,10335,10324,0,31,6.09
1301.311931,10349,10364,0,31,6.09
1301.411981,10376,10368,0,31,6.09
1301.511932,10369,10392,626,31,6.09
1301.611997,10343,10400,626,31,6.09
1301.711931,10327,10400,626,31,6.02
1301.811955,10310,10400,1721,31,6.02
1301.911931,10263,10372,1721,31,5.99
1302.011961,10233,10348,1721,31,5.99
1302.111931,10217,10320,1721,31,5.94
1302.211932,10218,10296,1378,31,5.94
1302.31193,10195,10296,1378,31,5.94
1302.411975,10179,10272,1378,31,5.97
1302.511931,10166,10248,1281,31,5.97
1302.611931,10160,10244,1281,31,5.97
1302.711933,10162,10232,1281,31,5.98
1302.81196,10195,10224,685,31,5.98
1302.91193,10226,10232,685,31,6.09
1303.011941,10253,10244,685,31,6.09
1303.111932,10251,10260,685,31,6.09
1303.211961,10243,10260,220,31,6.09
1303.311931,10223,10268,220,31,6.09
1303.411932,10206,10268,220,31,6.05
1303.511932,10216,10268,950,31,6.05
1303.611961,10215,10264,950,31,6.05
1303.711933,10224,10260,950,31,6.04
1303.811933,10255,10264,3,31,6.04
1303.911932,10267,10264,3,31,6.09
1304.011975,10287,10288,3,31,6.09
1304.111932,10279,10300,3,31,6.09
1304.211941,10273,10308,546,31,6.09
1304.311932,10259,10312,546,31,6.09
1304.411953,10272,10312,546,31,6.05
1304.511933,10270,10316,1001,31,6.05
1304.611933,10252,10312,1001,31,6.05
1304.711932,10241,10304,1001,31,6.05
1304.811955,10236,10304,1233,31,6.05
1304.911939,10218,10304,1233,31,5.99
1305.011932,10256,10288,1233,31,5.99
1305.111948,10294,10292,1233,31,6.09
1305.211954,10288,10304,143,31,6.09
1305.311932,10248,10312,143,31,6.09
1305.411932,10219,10308,143,31,6.01
1305.51193,10182,10284,1866,31,6.01
1305.611961,10147,10224,1866,31,6.01
1305.711932,10134,10216,1866,31,5.98
1305.811931,10119,10196,1615,31,5.98
1305.911938,10126,10176,1615,31,6.01
1306.011947,10135,10176,1615,31,6.01
1306.111931,10143,10180,1615,31,6.07
1306.211932,10168,10180,506,31,6.07
1306.311932,10192,10192,506,31,6.07
1306.411955,10187,10204,506,31,6.09
1306.51199,10178,10216,667,31,6.09
1306.611932,10178,10216,667,31,6.09
1306.711948,10176,10216,667,31,6.06
1306.81196,10176,10212,771,31,6.06
1306.911933,10174,10216,771,31,6.06
1307.011938,10147,10216,771,32,6.06
1307.111932,10154,10212,771,32,6.03
1307.21198,10174,10216,928,32,6.03
1307.311933,10170,10216,928,32,6.03
1307.411931,10154,10212,928,32,6.02
1307.511931,10167,10212,743,32,6.02
1307.611975,10180,10216,743,32,6.02
1307.711939,10180,10216,743,32,6.08
1307.811935,10178,10216,851,32,6.08
1307.911932,10190,10216,851,32,6.07
1308.011955,10200,10216,851,32,6.07
1308.111932,10191,10216,851,32,6.07
1308.211933,10153,10216,1306,32,6.07
1308.311931,10118,10200,1306,32,6.07
1308.411961,10277,10188,1306,32,6.07
1308.511932,10444,10356,228,32,6.07
1308.611931,10444,10472,228,32,6.07
1308.711931,10449,10468,228,32,6.09
1308.811976,10413,10468,834,32,6.09
1308.911932,10329,10456,834,32,5.96
1309.011932,10236,10360,834,32,5.96
1309.111931,10175,10300,834,32,5.96
1309.211961,10140,10228,1641,32,5.96
1309.311931,10142,10192,1641,32,5.96
1309.411932,10171,10184,1641,32,6.09
1309.511931,10171,10192,407,32,6.09
1309.611961,10179,10192,407,32,6.09
1309.71193,10196,10192,407,32,6.1
1309.811932,10226,10216,0,32,6.1
1309.91193,10256,10244,0,32,6.1
1310.011958,10277,10260,0,32,6.1
1310.111939,10294,10288,0,32,6.1
1310.211932,10306,10300,0,32,6.1
1310.311931,10323,10312,0,32,6.1
1310.411984,10334,10328,0,32,6.09
1310.51193,10336,10344,51,32,6.09
1310.611931,10340,10344,51,32,6.09
1310.71193,10329,10348,51,32,6.09
1310.811979,10296,10352,556,32,6.09
1310.911931,10269,10352,556,32,6.02
1311.01193,10246,10344,556,32,6.02
1311.111932,10247,10324,556,32,6.02
1311.211977,10264,10324,1175,32,6.02
1311.311931,10281,10324,1175,32,6.02
1311.411932,10300,10328,1175,32,6.05
1311.51193,10311,10328,718,32,6.05
1311.611957,10321,10332,718,32,6.05
1311.711931,10361,10336,718,32,6.09
1311.811934,10387,10388,0,32,6.09
1311.911939,10427,10396,0,32,6.09
1312.011956,10466,10448,0,32,6.09
1312.111932,10469,10464,0,32,6.09
1312.211931,10479,10464,199,32,6.09
1312.311932,10484,10468,199,32,6.09
1312.411957,10466,10476,199,32,6.1
1312.511939,10439,10476,520,32,6.1
1312.61193,10412,10476,520,32,6.1
1312.71193,10408,10472,520,32,6.02
1312.811957,10414,10460,1124,32,6.02
1312.911975,10433,10456,1124,32,6.05
1313.011931,10458,10452,1124,32,6.05
1313.111958,10480,10456,1124,32,6.09
1313.211956,10494,10464,520,32,6.09
1313.311984,10496,10480,520,32,6.09
1313.411931,10487,10484,520,32,6.09
1313.511975,10467,10484,208,32,6.09
1313.611956,10459,10484,208,32,6.09
1313.711989,10480,10484,208,32,6.09
1313.811931,10495,10476,296,32,6.09
1313.911951,10496,10476,296,32,6.09
1314.011997,10496,10484,296,32,6.09
1314.111929,10496,10488,296,32,6.09
1314.211931,10497,10488,148,32,6.09
1314.311931,10497,10488,148,32,6.09
1314.411957,10496,10484,148,32,6.09
1314.511931,10488,10492,0,32,6.09
1314.611931,10477,10484,0,32,6.09
1314.711931,10463,10488,0,32,6.09
1314.811979,10441,10488,771,32,6.09
1314.911931,10431,10472,771,32,6.06
1315.011931,10427,10460,771,32,6.06
1315.111942,10420,10448,771,32,6.06
1315.211956,10413,10440,902,32,6.06
1315.311931,10405,10424,902,32,6.06
1315.411931,10403,10412,902,32,6.08
1315.51193,10405,10408,0,32,6.08
1315.611956,10335,10408,0,32,6.08
1315.711933,10205,10308,0,32,6.05
1315.811933,10068,10164,1032,32,6.05
1315.911939,9931,10016,1032,32,6.07
1316.011956,9794,9872,1032,32,6.07
1316.111932,9657,9748,1032,32,6.07
1316.211932,9520,9608,1165,32,6.07
1316.311932,9383,9476,1165,32,6.07
1316.411956,9246,9336,1165,32,6.06
1316.511931,9109,9192,196,32,6.06
1316.611931,8972,9076,196,32,6.06
1316.711932,8835,8932,196,32,6.05
1316.811955,8709,8788,735,32,6.05
1316.911933,8671,8708,735,32,6.06
1317.011942,8669,8672,735,32,6.06
1317.111953,8669,8672,735,32,6.09
1317.211958,8669,8672,0,32,6.09
1317.311933,8669,8668,0,32,6.09
1317.411935,8663,8668,0,32,6.09
1317.511941,8573,8656,970,32,6.09
1317.611959,8439,8540,970,32,6.09
1317.711935,8302,8388,970,32,6.06
1317.811933,8165,8244,1027,32,6.06
1317.911934,8028,8100,1027,32,6.08
1318.011956,7891,7972,1027,32,6.08
1318.111933,7779,7848,1027,32,6.07
1318.211934,7756,7760,0,32,6.07
1318.311933,7755,7760,0,32,6.07
1318.411999,7755,7760,0,32,6.09
1318.51194,7755,7760,104,32,6.09
1318.611954,7755,7760,104,32,6.09
1318.711942,7755,7760,104,32,6.09
1318.81199,7755,7760,134,32,6.09
1318.911933,7755,7760,134,32,6.09
1319.011948,7755,7760,134,32,6.09
1319.111933,7755,7760,134,32,6.09
1319.211992,7755,7760,0,32,6.09
1319.311933,7755,7756,0,32,6.09
1319.411937,7755,7760,0,32,6.09
1319.511932,7755,7756,0,32,6.09
1319.611952,7755,7756,0,32,6.09
1319.711934,7755,7756,0,32,6.09
1319.811934,7755,7756,0,32,6.09
1319.911934,7755,7756,0,32,6.09
1320.011951,7755,7756,0,32,6.09
1320.111934,7755,7756,0,32,6.09
1320.211935,7755,7756,0,32,6.09
1320.311933,7755,7760,0,32,6.09
1320.411957,7755,7756,0,32,6.09
1320.511932,7755,7756,0,32,6.09
1320.611933,7755,7756,0,32,6.09
1320.711935,7755,7756,0,32,6.09
