t__s,ACT_TILT_LEFT_FRONT.Position_CMD,ACT_TILT_LEFT_FRONT.Position_FB,ACT_TILT_LEFT_FRONT.Torque_FB,ACT_TILT_LEFT_FRONT.Temperature_FB__dC,ACT_TILT_LEFT_FRONT.Voltage_FB__V
-0.007996,7675,7648,221,26,6.04
0.091938,7675,7648,221,26,6.03
0.191936,7675,7648,83,26,6.03
0.291937,7675,7648,83,26,6.03
0.392,7675,7648,83,26,6.04
0.491998,7675,7648,385,26,6.04
0.591999,7675,7652,385,26,6.04
0.692,7675,7648,385,26,6.04
0.792012,7675,7648,83,26,6.04
0.892,7675,7652,83,26,6.04
0.991998,7675,7648,83,26,6.04
1.095956,6371,7072,83,26,5.78
1.195977,6371,6372,0,26,5.78
1.295957,6371,6372,0,26,5.78
1.39599,6371,6372,0,26,7.41
1.495955,6371,6372,0,26,7.41
1.595997,6371,6372,0,26,7.41
1.695955,6371,6372,0,26,7.41
1.79596,6371,6372,0,26,7.41
1.895977,6371,6372,0,26,7.41
1.995956,6371,6372,0,26,7.41
2.095955,6371,6372,0,26,7.41
2.195958,6371,6372,0,26,7.41
2.295955,6371,6372,0,26,7.41
2.395977,6371,6372,0,26,7.41
2.495981,6371,6372,0,26,7.41
2.599935,6371,6372,0,26,7.41
2.699952,6371,6372,0,26,7.41
2.799956,6371,6372,0,26,7.41
2.899986,6371,6372,0,26,7.41
2.999954,6371,6372,0,27,7.41
3.099936,6371,6372,0,27,7.41
3.199984,6371,6372,0,27,7.41
3.299949,6371,6372,0,27,7.41
3.399944,6371,6372,0,27,7.41
3.499935,6371,6372,0,27,7.41
3.599935,6371,6372,0,27,7.41
3.69996,6371,6372,0,27,7.41
3.799935,6371,6372,0,27,7.41
3.899936,6371,6372,0,27,7.41
3.999936,6371,6372,0,27,7.41
4.099961,6371,6372,0,27,7.41
4.199936,6371,6372,0,27,7.41
4.299935,6371,6372,0,27,7.41
4.399936,6371,6372,0,27,7.41
4.499959,6371,6372,0,27,7.41
4.599935,6371,6372,0,27,7.41
4.699942,6371,6372,0,27,7.41
4.799935,6371,6372,0,27,7.41
4.899987,6371,6372,0,27,7.41
4.999935,6371,6372,0,27,7.41
5.099934,6371,6372,0,27,7.41
5.199934,6371,6372,0,27,7.41
5.299958,6371,6372,0,27,7.41
5.399941,6371,6372,0,27,7.41
5.499935,6371,6372,0,27,7.41
5.599934,6371,6372,0,27,7.41
5.699961,6371,6372,0,27,7.41
5.799946,6371,6372,0,27,7.41
5.899935,6371,6372,0,27,7.42
5.999934,6371,6372,0,27,7.42
6.09998,6371,6372,0,27,7.42
6.199934,6371,6372,0,27,7.42
6.299938,6371,6372,0,27,7.42
6.399936,6371,6372,0,27,6.07
6.499955,6371,6372,0,27,6.07
6.599934,6371,6372,0,27,6.07
6.699936,6371,6372,0,27,6.07
6.799937,6371,6372,0,27,6.07
6.899955,6371,6372,0,27,6.07
6.999943,6371,6372,0,27,6.07
7.099935,6371,6372,0,27,6.07
7.199936,6371,6372,0,27,6.07
7.299958,6371,6372,0,27,6.07
7.399935,6371,6372,0,27,6.09
7.499936,6371,6372,0,27,6.09
7.599935,6371,6372,0,27,6.09
7.699959,6371,6372,0,27,6.08
7.799948,6371,6372,0,27,6.08
7.899935,6371,6372,0,27,6.08
7.999943,6371,6372,0,26,6.08
8.099979,6371,6372,0,26,6.08
8.199935,6371,6372,0,26,6.08
8.299936,6371,6372,0,26,6.08
8.399952,6371,6372,0,26,6.08
8.499959,6371,6372,0,26,6.08
8.599948,6371,6372,0,26,6.08
8.699943,6371,6372,0,26,6.08
8.799958,6371,6372,0,26,6.08
8.899958,6371,6372,0,26,6.08
8.999935,6371,6372,0,26,6.08
9.099936,6371,6372,0,26,6.08
9.199935,6371,6372,0,26,6.08
9.299947,6371,6372,0,26,6.08
9.399935,6371,6372,0,26,6.09
9.499936,6371,6372,0,26,6.09
9.599934,6371,6372,0,26,6.09
9.699947,6371,6372,0,26,6.08
9.799949,6371,6372,0,26,6.08
9.899944,6371,6372,0,26,6.08
9.999934,6371,6372,0,26,6.08
10.099947,6371,6372,0,26,6.08
10.199935,6371,6372,0,26,6.08
10.299934,6371,6372,0,26,6.08
10.399936,6371,6372,0,26,6.09
10.499947,6371,6372,0,26,6.09
10.599934,6371,6372,0,26,6.09
10.699936,6371,6372,0,26,6.09
10.799997,6371,6372,0,26,6.09
10.900018,6371,6372,0,26,6.09
10.999942,6371,6372,0,26,6.09
11.099935,6371,6372,0,26,6.08
11.199935,6371,6372,0,26,6.08
11.299979,6371,6372,0,26,6.08
11.399936,6371,6372,0,26,6.08
11.499936,6371,6372,0,26,6.08
11.599936,6371,6372,0,26,6.08
11.699959,6371,6372,0,26,6.08
11.799933,6371,6372,0,26,6.08
11.899951,6371,6372,0,26,6.08
11.999934,6371,6372,0,26,6.08
12.099987,6371,6372,0,26,6.08
12.199935,6371,6372,0,26,6.08
12.299935,6371,6372,0,26,6.08
12.399955,6371,6372,0,26,6.08
12.499958,6371,6372,0,26,6.08
12.599934,6371,6372,0,26,6.08
12.699935,6371,6372,0,26,6.08
12.799936,6371,6372,0,26,6.08
12.899979,6371,6372,0,26,6.08
12.999935,6371,6372,0,26,6.08
13.099936,6371,6372,0,26,6.08
13.199934,6371,6372,0,26,6.08
13.299974,6371,6372,0,26,6.08
13.399935,6371,6372,0,26,6.08
13.499935,6371,6372,0,26,6.08
13.599934,6371,6372,0,26,6.08
13.699976,6371,6372,0,26,6.08
13.799937,6371,6372,0,26,6.08
13.899935,6371,6372,0,26,6.08
13.999943,6371,6372,0,26,6.08
14.099976,6371,6372,0,26,6.08
14.199936,6371,6372,0,26,6.08
14.299934,6371,6372,0,26,6.08
14.399934,6371,6372,0,26,6.08
14.49999,6371,6372,0,26,6.08
14.599935,6371,6372,0,26,6.08
14.699952,6371,6372,0,26,6.08
14.799935,6371,6372,0,26,6.08
14.899977,6371,6372,0,26,6.08
14.999934,6371,6372,0,26,6.08
15.099935,6371,6372,0,26,6.08
15.199936,6371,6372,0,26,6.08
15.299975,6371,6372,0,26,6.08
15.399936,6371,6372,0,26,6.08
15.499935,6371,6372,0,26,6.08
15.599936,6371,6372,0,26,6.08
15.699978,6371,6372,0,26,6.08
15.804073,6371,6372,0,26,6.08
15.904052,6371,6372,0,26,6.08
16.004039,6371,6372,0,26,6.08
16.104047,6371,6372,0,26,6.08
16.204047,6371,6372,0,26,6.08
16.304046,6371,6372,0,26,6.08
16.404041,6371,6372,0,26,6.08
16.50404,6371,6372,0,26,6.08
16.604039,6371,6372,0,26,6.08
16.704038,6371,6372,0,26,6.08
16.804038,6371,6372,0,26,6.08
16.904047,6371,6372,0,26,6.08
17.004055,6371,6372,0,26,6.08
17.104041,6371,6372,0,26,6.08
17.204038,6371,6372,0,26,6.08
17.304038,6371,6372,0,26,6.08
17.404046,6371,6372,0,26,6.08
17.504044,6371,6372,0,26,6.08
17.604039,6371,6372,0,26,6.08
17.704055,6371,6372,0,26,6.09
17.807948,6371,6372,0,26,6.09
17.907947,6371,6372,0,26,6.09
18.007955,6371,6372,0,26,6.09
18.107947,6371,6372,0,26,6.08
18.207948,6371,6372,0,26,6.08
18.307948,6371,6372,0,26,6.08
18.407948,6371,6372,0,26,6.08
18.507949,6371,6372,0,26,6.08
18.60795,6371,6372,0,26,6.08
18.707948,6371,6372,0,26,6.08
18.808009,6371,6372,0,26,6.08
18.90801,6371,6372,0,26,6.08
19.008011,6371,6372,0,26,6.08
19.108018,6371,6372,0,26,6.08
19.20801,6371,6372,0,26,6.08
19.308016,6371,6372,0,26,6.08
19.408013,6371,6372,0,26,6.08
19.508011,6371,6372,0,26,6.08
19.608008,6371,6372,0,26,6.08
19.708009,6371,6372,0,26,6.08
19.811986,6371,6372,0,26,6.08
19.911937,6371,6372,0,26,6.08
20.011938,6371,6372,0,26,6.08
20.111937,6371,6372,0,26,6.08
20.211938,6371,6372,0,26,6.08
20.311938,6371,6372,0,26,6.08
20.411938,6371,6372,0,26,6.08
20.511937,6371,6372,0,26,6.08
20.611939,6371,6372,0,26,6.08
20.711937,6371,6372,0,26,6.08
20.81195,6371,6372,0,26,6.08
20.911938,6371,6372,0,26,6.09
21.011937,6371,6372,0,26,6.09
21.11194,6371,6372,0,26,6.08
21.211939,6371,6372,0,26,6.08
21.311937,6371,6372,0,26,6.08
21.411941,6371,6372,0,26,6.08
21.511937,6371,6372,0,26,6.08
21.611937,6371,6372,0,26,6.08
21.711937,6371,6372,0,26,6.08
21.81194,6371,6372,0,26,6.08
21.911936,6371,6372,0,26,6.08
22.012003,6407,6372,0,26,6.08
22.112003,6544,6428,0,26,6
22.212004,6703,6576,911,26,6
22.311999,6864,6736,911,26,6
22.412001,7024,6896,911,26,6
22.511999,7184,7056,735,26,6
22.612002,7344,7216,735,26,6
22.711999,7504,7376,735,26,5.99
22.812014,7654,7540,856,26,5.99
22.912,7702,7656,856,26,6.02
23.011927,7706,7676,856,26,6.02
23.11192,7705,7680,856,26,6.04
23.211924,7705,7676,435,26,6.04
23.31192,7705,7680,435,26,6.04
23.411928,7705,7680,435,26,6.05
23.511919,7712,7684,221,26,6.05
23.611924,7818,7716,221,26,6.05
23.711955,7967,7852,221,26,5.98
23.811939,8104,8000,474,26,5.98
23.911949,8241,8140,474,26,6.02
24.011923,8378,8268,474,26,6.02
24.111936,8516,8404,474,26,6
24.211926,8653,8548,385,26,6
24.31192,8790,8688,385,26,6
24.411926,8927,8824,385,26,6.02
24.511921,9064,8956,745,26,6.02
24.611921,9201,9096,745,26,6.02
24.71192,9338,9240,745,26,6.01
24.811954,9475,9380,431,26,6.01
24.911921,9612,9512,431,26,6.02
25.011951,9749,9648,431,26,6.02
25.11192,9885,9784,431,26,6.01
25.211961,10022,9928,351,26,6.01
25.311929,10158,10064,351,26,6.01
25.411953,10295,10196,351,26,6.03
25.511922,10432,10340,426,26,6.03
25.611977,10568,10476,426,26,6.03
25.711933,10656,10616,426,26,6.06
25.811973,10552,10636,470,26,6.06
25.911935,10517,10544,470,26,6.06
26.011977,10516,10532,470,26,6.06
26.111934,10516,10536,470,26,6.07
26.211984,10516,10536,385,26,6.07
26.311932,10516,10536,385,26,6.07
26.411979,10516,10536,385,26,6.04
26.511933,10519,10540,17,26,6.04
26.611951,10523,10540,17,26,6.04
26.711932,10524,10540,17,26,6.08
26.811981,10526,10540,385,26,6.08
26.911935,10527,10540,385,26,6.08
27.01195,10527,10540,385,26,6.08
27.111933,10526,10540,385,26,6.08
27.211981,10526,10540,221,26,6.08
27.311933,10524,10540,221,26,6.08
27.41195,10524,10544,221,26,6.07
27.511933,10526,10544,221,26,6.07
27.611952,10527,10544,221,26,6.07
27.711934,10524,10544,221,26,6.05
27.811981,10507,10540,284,26,6.05
27.911933,10499,10524,284,26,6.06
28.011954,10490,10516,284,26,6.06
28.111932,10486,10512,284,26,6.08
28.211952,10482,10508,510,26,6.08
28.311932,10480,10504,510,26,6.08
28.411956,10479,10500,510,26,6.08
28.511939,10482,10500,221,26,6.08
28.611959,10491,10504,221,26,6.08
28.711932,10500,10504,221,26,6.08
28.81198,10502,10508,221,26,6.08
28.911933,10501,10508,221,26,6.07
29.011951,10499,10508,221,26,6.07
29.111933,10494,10512,221,26,6.07
29.211959,10489,10508,221,26,6.07
29.311933,10489,10512,221,26,6.07
29.411951,10490,10508,221,26,6.08
29.511942,10492,10504,221,26,6.08
29.611951,10497,10504,221,26,6.08
29.711933,10501,10504,221,26,6.08
29.811982,10502,10508,221,26,6.08
29.911933,10498,10512,221,26,6.06
30.011952,10493,10508,221,26,6.06
30.111935,10489,10508,221,26,6.08
30.211936,10488,10508,221,26,6.08
30.311934,10488,10508,221,26,6.08
30.411959,10487,10508,221,26,6.08
30.511936,10486,10508,221,26,6.08
30.611936,10485,10508,221,26,6.08
30.711932,10490,10504,221,26,6.07
30.811955,10496,10504,221,26,6.07
30.911942,10501,10504,221,26,6.08
31.011946,10506,10508,221,26,6.08
31.111934,10512,10508,221,26,6.08
31.211945,10513,10512,0,26,6.08
31.311934,10512,10516,0,26,6.08
31.411947,10508,10520,0,26,6.07
31.511941,10507,10520,221,26,6.07
31.611949,10512,10524,221,26,6.07
31.711934,10508,10540,221,26,6.06
31.811982,10495,10536,358,26,6.06
31.911934,10503,10528,358,26,6.03
32.01195,10548,10548,358,26,6.03
32.111934,10583,10588,358,26,6.05
32.211951,10602,10616,58,26,6.05
32.311933,10615,10628,58,26,6.05
32.411952,10619,10648,58,26,6.05
32.511932,10608,10648,349,26,6.05
32.611951,10599,10644,349,26,6.05
32.711933,10583,10640,349,26,6
32.811983,10562,10624,426,26,6
32.911934,10540,10604,426,26,5.96
33.011953,10515,10576,426,26,5.96
33.111934,10491,10556,426,26,5.98
33.211954,10480,10532,586,26,5.98
33.311943,10482,10524,586,26,5.98
33.411953,10497,10520,586,26,6.03
33.511933,10510,10536,547,26,6.03
33.61196,10504,10540,547,26,6.03
33.711935,10495,10540,547,26,6.02
33.811982,10503,10536,194,26,6.02
33.911933,10501,10544,194,26,6.02
34.011953,10481,10540,194,26,6.02
34.111933,10462,10536,194,26,5.95
34.211951,10455,10520,552,26,5.95
34.311933,10453,10508,552,26,5.95
34.411952,10449,10504,552,26,5.96
34.511933,10448,10500,431,26,5.96
34.611951,10435,10496,431,26,5.96
34.711934,10426,10488,431,26,5.96
34.811981,10415,10480,569,26,5.96
34.911952,10407,10468,569,26,5.98
35.011943,10396,10460,569,26,5.98
35.111934,10385,10452,569,26,5.97
35.211956,10387,10440,487,26,5.97
35.311934,10392,10436,487,26,5.97
35.411978,10392,10440,487,26,6.01
35.511935,10375,10436,523,26,6.01
35.611999,10358,10428,523,26,6.01
35.711934,10348,10412,523,26,5.96
35.811949,10344,10396,426,26,5.96
35.911934,10341,10392,426,26,5.99
36.01194,10336,10388,426,26,5.99
36.111936,10335,10376,426,26,6.01
36.211941,10338,10376,486,26,6.01
36.31194,10329,10380,486,26,6.01
36.411944,10313,10372,486,26,5.98
36.511935,10307,10356,460,26,5.98
36.611949,10312,10360,460,26,5.98
36.71194,10312,10356,460,26,6.01
36.811959,10307,10356,450,26,6.01
36.911933,10304,10356,450,26,6
37.011947,10297,10352,450,26,6
37.111935,10305,10348,450,26,6
37.21195,10320,10348,276,26,6
37.311933,10314,10352,276,26,6
37.411954,10322,10352,276,26,6.02
37.511935,10338,10364,247,26,6.02
37.61195,10342,10372,247,26,6.02
37.711955,10351,10380,247,26,6.03
37.811975,10356,10384,257,26,6.03
37.911961,10367,10392,257,26,6.05
38.011952,10382,10404,257,26,6.05
38.111975,10389,10416,257,26,6.04
38.211952,10387,10424,486,26,6.04
38.311936,10394,10424,486,26,6.04
38.41195,10403,10424,486,26,6.04
38.511933,10415,10436,83,26,6.04
38.611977,10423,10444,83,26,6.04
38.711933,10421,10456,83,26,6.04
38.811984,10402,10456,595,26,6.04
38.911935,10407,10456,595,26,5.98
39.011951,10408,10452,595,26,5.98
39.111932,10411,10452,595,26,6
39.211951,10406,10456,627,26,6
39.311932,10399,10448,627,26,6
39.411951,10397,10448,627,26,5.96
39.511934,10400,10448,441,26,5.96
39.611953,10406,10444,441,26,5.96
39.711934,10422,10444,441,26,7.38
39.811977,10422,10448,247,26,7.38
39.911947,10425,10452,247,26,7.37
40.011952,10415,10452,247,26,7.37
40.111977,10407,10448,247,26,7.33
40.211952,10400,10444,395,26,7.33
40.311951,10385,10436,395,26,7.33
40.411956,10378,10420,395,26,7.3
40.511934,10376,10420,395,26,7.3
40.611952,10365,10416,395,26,7.3
40.711934,10356,10396,395,26,7.34
40.811978,10350,10392,17,26,7.34
40.911933,10333,10380,17,26,7.34
41.011936,10327,10364,17,27,7.34
41.111933,10321,10356,17,27,7.36
41.211934,10276,10348,477,27,7.36
41.311932,10149,10272,477,27,7.36
41.411941,10014,10132,477,27,7.28
41.511933,9881,10000,795,27,7.28
41.611934,9736,9868,795,27,7.28
41.711933,9598,9724,795,27,7.28
41.811946,9472,9588,402,27,7.28
41.911933,9375,9476,402,27,7.26
42.011942,9298,9396,402,27,7.26
42.111933,9207,9320,402,27,7.25
42.211935,9110,9224,774,27,7.25
42.311932,9028,9136,774,27,7.25
42.411933,8925,9056,774,27,7.24
42.511932,8827,8948,1003,27,7.24
42.611936,8753,8856,1003,27,7.24
42.711931,8686,8796,1003,27,7.19
42.811953,8624,8720,624,27,7.19
42.911935,8579,8672,624,27,7.24
43.011942,8501,8620,624,27,7.24
43.111942,8365,8524,624,27,7.17
43.211946,8210,8372,1225,27,7.17
43.311933,8092,8212,1225,27,7.17
43.411943,8011,8100,1225,27,7.28
43.511932,7936,8024,122,27,7.28
43.611947,7805,7920,122,27,7.28
43.711934,7729,7796,122,27,7.34
43.811976,7623,7712,615,27,7.34
43.911941,7510,7600,615,27,7.33
44.01195,7392,7476,615,27,7.33
44.111933,7298,7368,615,27,7.37
44.21195,7182,7264,832,27,7.37
44.311933,7061,7140,832,27,7.37
44.411949,6916,7000,832,27,7.36
44.511933,6828,6860,17,27,7.36
44.611949,6743,6776,17,27,7.36
44.71194,6743,6712,17,27,7.34
44.811982,6743,6716,42,27,7.34
44.911933,6743,6720,42,27,7.38
45.011952,6743,6716,42,27,7.38
45.111935,6743,6712,42,27,7.36
45.211951,6743,6712,366,27,7.36
45.311934,6743,6720,366,27,7.36
45.411951,6743,6716,366,27,7.36
45.511935,6743,6716,83,27,7.36
45.611953,6743,6716,83,27,7.36
45.711934,6743,6712,83,27,7.36
45.811976,6743,6712,284,27,7.36
45.911934,6743,6712,284,27,7.37
46.011953,6743,6712,284,27,7.37
46.111933,6743,6712,284,27,7.34
46.211953,6743,6716,284,27,7.34
46.311938,6743,6720,284,27,7.34
46.411951,6743,6716,284,27,7.38
46.511934,6743,6716,80,27,7.38
46.611951,6743,6716,80,27,7.38
46.711934,6743,6716,80,27,7.38
46.811976,6743,6712,284,27,7.38
46.911935,6743,6720,284,27,7.42
47.011951,6743,6716,284,27,7.42
47.111935,6743,6720,284,27,7.39
47.211951,6743,6716,221,27,7.39
47.311935,6743,6720,221,27,7.39
47.41195,6743,6720,221,27,7.38
47.511938,6743,6712,121,27,7.38
47.611951,6743,6720,121,27,7.38
47.711951,6743,6724,121,27,7.41
47.811976,6743,6716,221,27,7.41
47.911976,6743,6720,221,27,7.41
48.01195,6743,6720,221,27,7.41
48.11195,6743,6720,221,27,6.05
48.211953,6743,6720,221,27,6.05
48.311934,6743,6716,221,27,6.05
48.411951,6743,6720,221,27,6.06
48.511935,6743,6720,58,27,6.06
48.611951,6743,6720,58,27,6.06
48.711935,6743,6724,58,27,6.07
48.811976,6743,6724,221,27,6.07
48.911935,6743,6720,221,27,6.07
49.011958,6743,6724,221,27,6.07
49.111945,6743,6724,221,27,6.06
49.211952,6743,6720,385,27,6.06
49.311935,6743,6720,385,27,6.06
49.411951,6743,6724,385,27,6.06
49.511936,6743,6720,221,27,6.06
49.611951,6743,6720,221,27,6.06
49.711935,6743,6720,221,27,6.06
49.811977,6743,6720,58,27,6.06
49.911935,6743,6720,58,27,6.05
50.011949,6743,6720,58,27,6.05
50.111932,6743,6720,58,27,6.05
50.21198,6743,6720,221,27,6.05
50.311932,6743,6720,221,27,6.05
50.41198,6743,6720,221,27,6.05
50.511935,6743,6720,221,27,6.05
50.611991,6743,6720,221,27,6.05
50.711933,6743,6720,221,27,6.07
50.811949,6743,6716,247,27,6.07
50.911933,6743,6716,247,27,6.07
51.011951,6743,6720,247,27,6.07
51.111934,6743,6720,247,27,6.05
51.211952,6743,6720,221,27,6.05
51.311933,6743,6716,221,27,6.05
51.411977,6743,6720,221,27,6.08
51.511942,6743,6720,221,27,6.08
51.611952,6743,6716,221,27,6.08
51.711932,6743,6716,221,27,6.06
51.811952,6743,6720,221,27,6.06
51.911932,6743,6724,221,27,6.05
52.011952,6743,6724,221,27,6.05
52.111932,6743,6720,221,27,6.06
52.211949,6743,6716,426,27,6.06
52.311933,6743,6720,426,27,6.06
52.411951,6743,6716,426,27,6.05
52.511941,6743,6716,426,27,6.05
52.61195,6743,6720,426,27,6.05
52.711932,6743,6716,426,27,6.06
52.811985,6743,6720,426,27,6.06
52.911932,6743,6720,426,27,6.07
53.011955,6743,6716,426,27,6.07
53.111933,6743,6716,426,27,6.05
53.211959,6743,6720,221,27,6.05
53.311933,6743,6724,221,27,6.05
53.41195,6743,6720,221,27,6.05
53.511933,6743,6716,247,27,6.05
53.611951,6743,6720,247,27,6.05
53.711934,6743,6724,247,27,6.05
53.811951,6743,6724,221,27,6.05
53.911933,6743,6720,221,27,6.05
54.011949,6743,6720,221,27,6.05
54.111934,6743,6724,221,27,6.05
54.21195,6743,6720,221,27,6.05
54.311932,6743,6724,221,27,6.05
54.411951,6743,6716,221,27,6.06
54.511932,6743,6724,105,27,6.06
54.61195,6743,6720,105,27,6.06
54.711934,6743,6720,105,27,6.06
54.811948,6743,6716,385,27,6.06
54.911932,6743,6724,385,27,6.05
55.01195,6743,6720,385,27,6.05
55.111933,6743,6724,385,27,6.06
55.21195,6743,6720,482,27,6.06
55.311933,6743,6724,482,27,6.06
55.41195,6743,6724,482,27,6.06
55.511932,6743,6720,426,27,6.06
55.61195,6743,6724,426,27,6.06
55.711932,6743,6724,426,27,6.07
55.81195,6743,6728,95,27,6.07
55.911931,6743,6724,95,27,6.06
56.01195,6743,6716,95,27,6.06
56.111933,6743,6720,95,27,6.06
56.21195,6743,6720,221,27,6.06
56.311933,6743,6720,221,27,6.06
56.411956,6743,6724,221,27,6.07
56.511931,6743,6720,221,27,6.07
56.611951,6743,6720,221,27,6.07
56.711932,6743,6724,221,27,6.05
56.81195,6743,6720,221,27,6.05
56.911932,6743,6720,221,27,6.06
57.011949,6743,6720,221,27,6.06
57.111932,6743,6716,221,27,6.05
57.21195,6743,6716,247,27,6.05
57.311931,6743,6720,247,27,6.05
57.41195,6743,6720,247,27,6.06
57.511933,6743,6720,42,27,6.06
57.611951,6743,6716,42,27,6.06
57.711933,6743,6720,42,27,6.05
57.811951,6743,6716,221,27,6.05
57.911936,6743,6716,221,27,6.06
58.01195,6743,6724,221,27,6.06
58.111978,6743,6724,221,27,6.06
58.21195,6743,6720,221,27,6.06
58.311932,6743,6724,221,27,6.06
58.411949,6743,6716,221,27,6.05
58.511931,6743,6720,221,27,6.05
58.61195,6743,6724,221,27,6.05
58.711932,6743,6724,221,27,6.07
58.811958,6743,6720,385,27,6.07
58.911934,6743,6716,385,27,6.04
59.01195,6743,6728,385,27,6.04
59.111936,6743,6728,385,27,6.07
59.211951,6743,6720,58,27,6.07
59.311933,6743,6720,58,27,6.07
59.411953,6743,6720,58,27,6.08
59.511933,6743,6724,58,27,6.08
59.611951,6743,6724,58,27,6.08
59.711934,6743,6728,58,27,6.06
59.811952,6743,6728,221,27,6.06
59.911934,6743,6724,221,27,6.07
60.011952,6743,6724,221,27,6.07
60.111934,6743,6720,221,27,6.06
60.21195,6743,6724,58,27,6.06
60.311933,6371,6676,58,27,6.06
60.411944,6371,6372,58,27,6.07
60.511932,6371,6372,0,27,6.07
60.611981,6371,6376,0,27,6.07
60.711933,6371,6372,0,27,6.09
60.81196,6371,6372,0,27,6.09
60.911932,6371,6372,0,27,6.09
61.01195,6371,6372,0,27,6.09
61.111934,6371,6372,0,27,6.08
61.211952,6371,6372,0,27,6.08
61.311933,6371,6372,0,27,6.08
61.411951,6371,6372,0,27,6.08
61.511976,6371,6372,0,27,6.08
61.61195,6371,6372,0,27,6.08
61.711945,6371,6372,0,27,6.08
61.81195,6371,6372,0,27,6.08
61.911959,6371,6372,0,27,6.08
62.011949,6371,6372,0,27,6.08
62.111934,6371,6372,0,27,6.08
62.211951,6371,6372,0,27,6.08
62.311932,6371,6372,0,27,6.08
62.41195,6371,6372,0,27,6.08
62.511932,6371,6372,0,27,6.08
62.61195,6371,6372,0,27,6.08
62.711942,6371,6372,0,27,6.09
62.811952,6371,6372,0,27,6.09
62.911935,6371,6372,0,27,6.09
63.011951,6371,6372,0,27,6.09
63.111934,6371,6372,0,27,6.08
63.21195,6371,6372,0,27,6.08
63.311944,6371,6372,0,27,6.08
63.41195,6371,6372,0,27,6.08
63.511934,6371,6372,0,27,6.08
63.61195,6743,6372,0,27,6.08
63.711932,6743,6692,0,27,6.02
63.81195,6743,6712,284,27,6.02
63.911933,6743,6716,284,27,6.04
64.01195,6743,6712,284,27,6.04
64.11194,6743,6720,284,27,6.02
64.21195,6743,6716,221,27,6.02
64.311933,6743,6716,221,27,6.02
64.411949,6743,6716,221,27,6.02
64.511933,6743,6720,83,27,6.02
64.61195,6743,6712,83,27,6.02
64.711933,6743,6716,83,27,6.03
64.811951,6743,6712,556,27,6.03
64.911932,6743,6716,556,27,6.05
65.011977,6743,6716,556,27,6.05
65.111931,6743,6716,556,27,6.05
65.211949,6743,6716,247,27,6.05
65.311931,6743,6716,247,27,6.05
65.411981,6743,6712,247,27,6.04
65.511932,6743,6716,247,27,6.04
65.611948,6743,6716,247,27,6.04
65.711955,6743,6720,247,27,6.07
65.811948,6743,6716,247,27,6.07
65.911979,6743,6716,247,27,6.04
66.01195,6743,6712,247,27,6.04
66.111975,6743,6720,247,27,6.05
66.211949,6743,6720,42,27,6.05
66.311948,6743,6720,42,27,6.05
66.411949,6743,6720,42,27,6.07
66.511932,6743,6720,221,27,6.07
66.611948,6743,6720,221,27,6.07
66.711931,6743,6720,221,27,6.04
66.811948,6743,6716,426,27,6.04
66.911931,6743,6720,426,27,6.04
67.011948,6743,6716,426,27,6.04
67.111951,6743,6716,426,27,6.01
67.211949,6743,6716,385,27,6.01
67.311931,6743,6720,385,27,6.01
67.411948,6743,6716,385,27,6.05
67.51193,6743,6716,247,27,6.05
67.611949,6743,6720,247,27,6.05
67.711931,6743,6716,247,27,6.06
67.811949,6743,6716,385,27,6.06
67.911956,6743,6720,385,27,6.06
68.011949,6743,6716,385,27,6.06
68.111931,6743,6720,385,27,6.07
68.21195,6743,6716,247,27,6.07
68.311939,6743,6720,247,27,6.07
68.411949,6743,6716,247,27,6.06
68.511931,6743,6720,221,27,6.06
68.611956,6743,6724,221,27,6.06
68.711932,6743,6716,221,27,6.03
68.811948,6743,6720,221,27,6.03
68.911931,6743,6712,221,27,6.04
69.011958,6743,6720,221,27,6.04
69.111931,6743,6720,221,27,6.05
69.211949,6743,6716,518,27,6.05
69.31193,6743,6716,518,27,6.05
69.411948,6743,6716,518,27,6.05
69.511931,6743,6712,556,27,6.05
69.611948,6743,6720,556,27,6.05
69.711932,6743,6716,556,27,6.03
69.811932,6743,6712,452,27,6.03
69.91193,6743,6716,452,27,6.03
70.011934,6743,6716,452,27,6.03
70.111932,6743,6712,452,27,6.02
70.211933,6743,6716,247,27,6.02
70.311932,6743,6720,247,27,6.02
70.411975,6743,6716,247,27,6.04
70.511932,6743,6716,247,27,6.04
70.611933,6743,6716,247,27,6.04
70.711931,6743,6720,247,27,6.08
70.811933,6743,6716,284,27,6.08
70.911931,6743,6708,284,27,6.02
71.011931,6743,6712,284,27,6.02
71.11193,6743,6712,284,27,6.03
71.211935,6743,6716,121,27,6.03
71.311931,6743,6712,121,27,6.03
71.411932,6743,6712,121,27,6.03
71.511934,6743,6716,247,27,6.03
71.611931,6743,6716,247,27,6.03
71.711932,6743,6716,247,27,6.03
71.811933,6743,6712,556,27,6.03
71.911931,6743,6712,556,27,6.04
72.011932,6743,6712,556,27,6.04
72.111932,6743,6716,556,27,6.03
72.211931,6743,6712,284,27,6.03
72.311932,6743,6712,284,27,6.03
72.411932,6743,6716,284,27,6.04
72.511931,6743,6716,247,27,6.04
72.611932,6743,6716,247,27,6.04
72.71194,6743,6716,247,27,6.06
72.811932,6743,6716,247,27,6.06
72.911955,6743,6716,247,27,6.03
73.011932,6743,6716,247,27,6.03
73.11193,6743,6716,247,27,6.03
73.211932,6743,6716,247,27,6.03
73.311933,6743,6720,247,27,6.03
73.411941,6743,6728,247,27,6.09
73.511941,6743,6716,247,27,6.09
73.611932,6743,6716,247,27,6.09
73.711953,6743,6712,247,27,6.03
73.811948,6743,6720,426,27,6.03
73.911979,6743,6712,426,27,6.03
74.011949,6743,6716,426,27,6.03
74.11196,6743,6716,426,27,6.03
74.211986,6743,6720,426,27,6.03
74.311948,6743,6712,426,27,6.03
74.411999,6743,6712,426,27,6.03
74.51193,6743,6716,247,27,6.03
74.611931,6743,6720,247,27,6.03
74.711932,6743,6716,247,27,6.04
74.811933,6743,6720,150,27,6.04
74.911932,6743,6716,150,27,6.05
75.011932,6743,6720,150,27,6.05
75.111932,6743,6716,150,27,6.04
75.211932,6743,6720,221,27,6.04
75.31193,6743,6716,221,27,6.04
75.411945,6743,6716,221,27,6.02
75.511933,6743,6712,284,27,6.02
75.611932,6743,6712,284,27,6.02
75.711931,6743,6712,284,27,6.06
75.811932,6743,6724,221,27,6.06
75.911939,6743,6716,221,27,6.03
76.011931,6743,6716,221,27,6.03
76.111933,6743,6720,221,27,6.04
76.211932,6743,6720,221,27,6.04
76.311934,6743,6716,221,27,6.04
76.411932,6743,6720,221,27,6.05
76.511932,6743,6716,247,27,6.05
76.611932,6743,6720,247,27,6.05
76.711932,6743,6712,247,27,6.04
76.811932,6743,6720,221,27,6.04
76.911931,6743,6728,221,27,6.07
77.011933,6743,6716,221,27,6.07
77.111931,6743,6720,221,27,6.07
77.211933,6743,6716,247,27,6.07
77.311931,6743,6720,247,27,6.07
77.411932,6743,6724,247,27,6.09
77.511932,6743,6716,247,27,6.09
77.611932,6743,6720,247,27,6.09
77.711931,6743,6720,247,27,6.08
77.811932,6743,6716,247,27,6.08
77.911947,6743,6720,247,27,6.04
78.011932,6743,6720,247,27,6.04
78.11193,6743,6716,247,27,6.07
78.211941,6743,6716,247,27,6.07
78.31193,6743,6720,247,27,6.07
78.411932,6743,6720,247,27,6.06
78.51194,6743,6724,17,27,6.06
78.611933,6743,6724,17,27,6.06
78.711931,6743,6716,17,27,6.05
78.811932,6743,6720,221,27,6.05
78.911933,6743,6720,221,27,6.08
79.011933,6743,6716,221,27,6.08
79.111932,6743,6720,221,27,6.09
79.211934,6743,6716,221,27,6.09
79.311931,6743,6716,221,27,6.09
79.411977,6743,6720,221,27,6.05
79.511932,6743,6720,221,27,6.05
79.611945,6743,6720,221,27,6.05
79.711932,6743,6720,221,27,6.06
79.811975,6743,6716,247,27,6.06
79.911931,6743,6716,247,27,6.04
80.011931,6743,6720,247,27,6.04
80.111931,6743,6716,247,27,6.03
80.211933,6743,6716,247,27,6.03
80.311931,6743,6716,247,27,6.03
80.411949,6743,6716,247,27,6.05
80.511944,6743,6720,221,27,6.05
80.611932,6743,6720,221,27,6.05
80.711933,6743,6716,221,27,6.05
80.811933,6743,6720,247,27,6.05
80.911932,6743,6716,247,27,6.04
81.011933,6743,6720,247,27,6.04
81.111932,6743,6716,247,27,6.06
81.211933,6743,6720,221,27,6.06
81.311932,6743,6720,221,27,6.06
81.411933,6743,6716,221,27,6.06
81.511932,6743,6720,83,27,6.06
81.611932,6743,6716,83,27,6.06
81.711932,6743,6716,83,27,6.05
81.811933,6743,6716,385,27,6.05
81.911931,6743,6716,385,27,6.06
82.011933,6743,6716,385,27,6.06
82.111932,6743,6716,385,27,6.05
82.211942,6743,6720,58,27,6.05
82.311932,6743,6716,58,27,6.05
82.411931,6743,6716,58,27,6.03
82.511931,6743,6716,247,27,6.03
82.611932,6743,6716,247,27,6.03
82.711933,6743,6712,247,27,6.03
82.811933,6743,6716,247,27,6.03
82.911949,6743,6720,247,27,6.06
83.011932,6743,6716,247,27,6.06
83.111939,6743,6716,247,27,6.03
83.211931,6743,6716,247,27,6.03
83.311929,6743,6716,247,27,6.03
83.411931,6743,6716,247,27,6.05
83.511931,6743,6716,247,27,6.05
83.611931,6743,6716,247,27,6.05
83.711931,6743,6720,247,27,6.06
83.811932,6743,6716,247,27,6.06
83.911932,6743,6716,247,27,6.06
84.011931,6743,6716,247,27,6.06
84.111934,6743,6716,247,27,6.05
84.211948,6743,6716,247,27,6.05
84.31193,6743,6720,247,27,6.05
84.411931,6743,6712,247,27,6.02
84.51194,6743,6716,221,27,6.02
84.611932,6743,6716,221,27,6.02
84.71193,6743,6716,221,27,6.05
84.811933,6743,6716,247,27,6.05
84.911931,6743,6716,247,27,6.04
85.011932,6743,6720,247,27,6.04
85.111932,6743,6712,247,27,6.04
85.211932,6743,6716,247,27,6.04
85.311932,6743,6716,247,27,6.04
85.411949,6743,6712,247,27,6.03
85.511932,6743,6716,247,27,6.03
85.611933,6371,6664,247,27,6.03
85.711931,6371,6372,247,27,6.09
85.81194,6371,6372,0,27,6.09
85.911932,6371,6372,0,27,6.09
86.011936,6371,6372,0,27,6.09
86.111931,6371,6372,0,27,6.09
86.211985,6371,6372,0,27,6.09
86.311931,6371,6372,0,27,6.09
86.411958,6371,6372,0,27,6.09
86.511932,6371,6372,0,27,6.09
86.611931,6371,6372,0,27,6.09
86.711932,6371,6372,0,27,6.08
86.811933,6371,6372,0,27,6.08
86.911932,6371,6372,0,27,6.09
87.011932,6371,6372,0,27,6.09
87.111933,6371,6372,0,27,6.08
87.211931,6371,6376,221,27,6.08
87.311951,6371,6372,221,27,6.08
87.411932,6371,6372,221,27,6.08
87.511952,6371,6376,221,27,6.08
87.611934,6371,6372,221,27,6.08
87.711949,6371,6372,221,27,6.09
87.811932,6371,6372,0,27,6.09
87.911947,6371,6372,0,27,6.08
88.011932,6371,6372,0,27,6.08
88.111932,6371,6372,0,27,6.08
88.211944,6371,6372,0,27,6.08
88.311931,6371,6372,0,27,6.08
88.411932,6371,6372,0,27,6.07
88.51193,6371,6376,221,27,6.07
88.611932,6371,6372,221,27,6.07
88.711931,6371,6372,221,27,6.07
88.811934,6371,6372,0,27,6.07
88.911932,6371,6372,0,27,6.08
89.011931,6371,6372,0,27,6.08
89.111931,6371,6372,0,27,6.07
89.211932,6371,6372,0,27,6.07
89.31193,6371,6372,0,27,6.07
89.411932,6371,6372,0,27,6.08
89.511938,6371,6372,0,27,6.08
89.611933,6371,6372,0,27,6.08
89.711931,6371,6372,0,27,6.07
89.811933,6371,6372,0,27,6.07
89.91193,6371,6372,0,27,6.08
90.011933,6371,6372,0,28,6.08
90.111931,6371,6372,0,28,6.08
90.211932,6371,6372,0,28,6.08
90.311932,6371,6372,0,28,6.08
90.411949,6371,6372,0,28,6.09
90.511932,6371,6372,0,28,6.09
90.611932,6371,6372,0,28,6.09
90.711932,6371,6372,0,28,6.08
90.811931,6371,6372,0,28,6.08
90.91194,6371,6372,0,28,6.09
91.011932,6371,6372,0,28,6.09
91.111931,6371,6372,0,28,6.08
91.211931,6371,6372,0,28,6.08
91.31192,6371,6372,0,28,6.08
91.411919,6371,6372,0,28,6.08
91.511918,6371,6372,0,28,6.08
91.611919,6371,6372,0,28,6.08
91.711918,6371,6372,0,28,6.08
91.811922,6371,6372,0,28,6.08
91.911918,6371,6372,0,28,6.08
92.011919,6371,6372,0,28,6.08
92.11192,6371,6372,0,28,6.08
92.211919,6371,6372,0,28,6.08
92.311926,6371,6372,0,28,6.08
92.41192,6371,6372,0,28,6.08
92.511925,6371,6372,0,28,6.08
92.611919,6371,6372,0,28,6.08
92.711919,6371,6372,0,28,6.09
92.811923,6371,6372,0,28,6.09
92.911918,6371,6372,0,28,6.09
93.011919,6371,6372,0,28,6.09
93.111937,6371,6372,0,28,6.09
93.21192,6371,6372,0,28,6.09
93.311958,6371,6372,0,28,6.09
93.41192,6371,6376,0,28,6.09
93.511943,6371,6372,0,28,6.09
93.611923,6371,6372,0,28,6.09
93.711948,6371,6372,0,28,6.08
93.811921,6371,6372,0,28,6.08
93.911936,6371,6372,0,28,6.09
94.011919,6371,6372,0,28,6.09
94.111918,6371,6372,0,28,6.09
94.211937,6371,6372,0,28,6.09
94.311919,6371,6372,0,28,6.09
94.411936,6371,6372,0,28,6.08
94.511919,6371,6372,0,28,6.08
94.61192,6371,6372,0,28,6.08
94.711919,6371,6372,0,28,6.09
94.81192,6371,6372,0,28,6.09
94.911919,6371,6372,0,28,6.09
95.01192,6371,6372,0,28,6.09
95.111919,6371,6372,0,28,6.08
95.211921,6371,6372,0,28,6.08
95.311919,6371,6372,0,28,6.08
95.41192,6371,6372,0,28,6.08
95.511919,6371,6372,0,28,6.08
95.61192,6371,6372,0,28,6.08
95.711919,6371,6372,0,28,6.08
95.81192,6371,6372,0,28,6.08
95.911919,6371,6372,0,28,6.09
96.011921,6371,6372,0,28,6.09
96.111919,6371,6372,0,28,6.08
96.211921,6371,6372,0,28,6.08
96.31192,6371,6372,0,28,6.08
96.41192,6371,6372,0,28,6.08
96.511919,6371,6372,0,28,6.08
96.61192,6371,6372,0,28,6.08
96.711918,6371,6372,0,28,6.08
96.81192,6371,6372,0,28,6.08
96.911919,6371,6372,0,28,6.08
97.01192,6371,6372,0,28,6.08
97.111918,6371,6372,0,28,6.09
97.21192,6371,6372,0,28,6.09
97.311919,6371,6372,0,28,6.09
97.411938,6371,6372,0,28,6.09
97.511919,6371,6372,0,28,6.09
97.611933,6371,6372,0,28,6.09
97.711918,6371,6372,0,28,6.08
97.811957,6371,6372,0,28,6.08
97.911919,6371,6372,0,28,6.08
98.011919,6371,6372,0,28,6.08
98.111928,6371,6372,0,28,6.08
98.211919,6371,6372,0,28,6.08
98.311919,6371,6372,0,28,6.08
98.411921,6371,6372,0,28,6.08
98.511919,6371,6372,0,28,6.08
98.61192,6371,6372,0,28,6.08
98.71192,6371,6372,0,28,6.09
98.811921,6371,6372,0,28,6.09
98.911919,6371,6372,0,28,6.09
99.01192,6371,6372,0,28,6.09
99.11192,6371,6372,0,28,6.09
99.21192,6371,6372,0,28,6.09
99.311919,6371,6372,0,28,6.09
99.411921,6371,6372,0,28,6.08
99.511921,6371,6372,0,28,6.08
99.611919,6371,6372,0,28,6.08
99.711919,6371,6372,0,28,6.07
99.811919,6371,6372,0,28,6.07
99.911919,6371,6372,0,28,6.08
100.011919,6371,6372,0,28,6.08
100.111918,6371,6372,0,28,6.08
100.211922,6371,6372,0,28,6.08
100.311919,6371,6372,0,28,6.08
100.411919,6371,6372,0,28,6.08
100.511919,6371,6372,0,28,6.08
100.611919,6371,6372,0,28,6.08
100.711919,6371,6372,0,28,6.08
100.811927,6371,6372,0,28,6.08
100.911919,6371,6372,0,28,6.08
101.01192,6371,6372,0,28,6.08
101.111919,6371,6372,0,28,6.08
101.211919,6371,6372,0,28,6.08
101.311919,6371,6372,0,28,6.08
101.41192,6371,6372,0,28,6.08
101.511921,6371,6372,0,28,6.08
101.611919,6371,6372,0,28,6.08
101.71192,6371,6372,0,28,6.08
101.811921,6371,6372,0,28,6.08
101.911919,6371,6372,0,28,6.08
102.011919,6371,6372,0,28,6.08
102.111918,6371,6372,0,28,6.08
102.21192,6371,6372,0,28,6.08
102.311918,6371,6372,0,28,6.08
102.411938,6371,6372,0,28,6.09
102.511918,6371,6372,0,28,6.09
102.61192,6371,6372,0,28,6.09
102.711919,6371,6372,0,28,6.08
102.811918,6371,6372,0,28,6.08
102.911919,6371,6372,0,28,6.08
103.011918,6371,6372,0,28,6.08
103.111918,6371,6372,0,28,6.08
103.211922,6371,6372,0,28,6.08
103.31192,6371,6372,0,28,6.08
103.411919,6371,6372,0,28,6.07
103.511919,6371,6372,0,28,6.07
103.611933,6371,6372,0,28,6.07
103.711919,6371,6372,0,28,6.09
103.811927,6371,6372,0,28,6.09
103.911919,6371,6372,0,28,6.08
104.011921,6371,6372,0,28,6.08
104.111919,6371,6372,0,28,6.08
104.211919,6371,6372,0,28,6.08
104.311919,6371,6372,0,28,6.08
104.41192,6371,6372,0,28,6.08
104.511919,6371,6372,0,28,6.08
104.611937,6371,6372,0,28,6.08
104.711919,6371,6372,0,28,6.08
104.81192,6371,6372,0,28,6.08
104.91192,6371,6372,0,28,6.09
105.011918,6371,6372,0,28,6.09
105.11194,6371,6372,0,28,6.09
105.211919,6371,6372,0,28,6.09
105.31192,6371,6372,0,28,6.09
105.41192,6371,6372,0,28,6.08
105.511929,6371,6372,0,28,6.08
105.611937,6371,6372,0,28,6.08
105.711919,6371,6372,0,28,6.09
105.81192,6371,6372,0,28,6.09
105.911921,6371,6372,0,28,6.08
106.01192,6371,6372,0,28,6.08
106.111919,6371,6372,0,28,6.08
106.211919,6371,6372,0,28,6.08
106.311927,6371,6372,0,28,6.08
106.41192,6371,6372,0,28,6.08
106.511936,6371,6372,0,28,6.08
106.611935,6371,6372,0,28,6.08
106.711938,6371,6372,0,28,6.08
106.811935,6371,6372,0,28,6.08
106.911936,6371,6372,0,28,6.09
107.011975,6371,6372,0,28,6.09
107.11193,6371,6372,0,28,6.08
107.211936,6371,6372,0,28,6.08
107.311949,6371,6372,0,28,6.08
107.411919,6371,6372,0,28,6.09
107.511936,6371,6372,0,28,6.09
107.611936,6371,6372,0,28,6.09
107.711918,6371,6372,0,28,6.09
107.811923,6371,6372,0,28,6.09
107.911919,6371,6372,0,28,6.08
108.011919,6371,6372,0,28,6.08
108.111935,6371,6372,0,28,6.09
108.211918,6371,6372,0,28,6.09
108.311919,6371,6372,0,28,6.09
108.411919,6371,6372,0,28,6.08
108.511918,6371,6372,0,28,6.08
108.611935,6371,6372,0,28,6.08
108.711917,6371,6372,0,28,6.08
108.811919,6371,6372,0,28,6.08
108.911918,6371,6372,0,28,6.08
109.011918,6743,6372,0,28,6.08
109.11192,6743,6708,0,28,6.04
109.211919,6743,6720,42,28,6.04
109.311919,6743,6720,42,28,6.04
109.41192,6743,6716,42,28,6.03
109.511919,6743,6712,411,28,6.03
109.611919,6743,6720,411,28,6.03
109.711919,6743,6720,411,28,6.05
109.811923,6743,6720,42,28,6.05
109.911919,6743,6720,42,28,6.08
110.011919,6743,6716,42,28,6.08
110.111918,6743,6716,42,28,6.06
110.211918,6743,6716,426,28,6.06
110.311916,6743,6720,426,28,6.06
110.411919,6743,6716,426,28,6.06
110.511918,6743,6720,221,28,6.06
110.611918,6743,6720,221,28,6.06
110.711917,6743,6716,221,28,6.05
110.811917,6743,6720,221,28,6.05
110.911917,6743,6716,221,28,6.03
111.011919,6743,6720,221,28,6.03
111.111919,6743,6720,221,28,6.09
111.211917,6743,6720,221,28,6.09
111.311916,6743,6720,221,28,6.09
111.411917,6743,6720,221,28,6.07
111.511916,6743,6716,518,28,6.07
111.611917,6743,6716,518,28,6.07
111.711916,6743,6716,518,28,6.05
111.811918,6743,6716,518,28,6.05
111.911917,6743,6720,518,28,6.05
112.011919,6743,6716,518,28,6.05
112.111916,6743,6716,518,28,6.07
112.211917,6743,6720,247,28,6.07
112.311917,6743,6716,247,28,6.07
112.411918,6743,6720,247,28,6.07
112.511917,6743,6712,556,28,6.07
112.611918,6743,6720,556,28,6.07
112.711925,6743,6716,556,28,6.08
112.811918,6743,6720,83,28,6.08
112.911918,6743,6716,83,28,6.04
113.011918,6743,6716,83,28,6.04
113.111917,6743,6716,83,28,6.04
113.211954,6743,6716,247,28,6.04
113.311925,6743,6716,247,28,6.04
113.411916,6743,6716,247,28,6.06
113.511916,6743,6716,221,28,6.06
113.611918,6743,6716,221,28,6.06
113.711919,6743,6716,221,28,6.04
113.811918,6743,6716,221,28,6.04
113.911919,6743,6720,221,28,6.08
114.011918,6743,6716,221,28,6.08
114.111917,6743,6720,221,28,6.05
114.211923,6743,6716,351,28,6.05
114.311917,6743,6716,351,28,6.05
114.411919,6743,6720,351,28,6.03
114.511918,6743,6716,247,28,6.03
114.611918,6743,6712,247,28,6.03
114.711917,6743,6716,247,28,6.04
114.811917,6743,6716,247,28,6.04
114.91193,6743,6724,247,28,6.09
115.011918,6743,6716,247,28,6.09
115.111917,6743,6720,247,28,6.07
115.21192,6743,6716,247,28,6.07
115.311916,6743,6720,247,28,6.07
115.411918,6743,6720,247,28,6.04
115.511917,6743,6716,247,28,6.04
115.611918,6743,6720,247,28,6.04
115.711917,6743,6716,247,28,6.08
115.811918,6743,6716,83,28,6.08
115.911928,6743,6716,83,28,6.06
116.011918,6743,6720,83,28,6.06
116.111918,6743,6716,83,28,6.06
116.211917,6743,6716,247,28,6.06
116.311916,6743,6716,247,28,6.06
116.411917,6743,6720,247,28,6.06
116.511916,6743,6716,247,28,6.06
116.611919,6743,6720,247,28,6.06
116.711917,6743,6720,247,28,6.05
116.81192,6743,6716,83,28,6.05
116.911932,6743,6720,83,28,6.06
117.011918,6743,6716,83,28,6.06
117.111917,6743,6720,83,28,6.05
117.211918,6743,6716,247,28,6.05
117.311916,6743,6720,247,28,6.05
117.411918,6743,6716,247,28,6.03
117.511917,6743,6712,42,28,6.03
117.611918,6743,6716,42,28,6.03
117.711917,6743,6716,42,28,6.07
117.811919,6743,6716,426,28,6.07
117.911931,6743,6716,426,28,6.06
118.011921,6743,6720,426,28,6.06
118.111916,6743,6712,426,28,6.04
118.211918,6743,6716,247,28,6.04
118.311925,6743,6720,247,28,6.04
118.41193,6743,6716,247,28,6.05
118.511917,6743,6720,221,28,6.05
118.611947,6743,6716,221,28,6.05
118.711917,6743,6716,221,28,6.04
118.811945,6743,6716,247,28,6.04
118.911928,6743,6712,247,28,6.04
119.011918,6743,6716,247,28,6.04
119.111916,6743,6716,247,28,6.03
119.211918,6743,6716,247,28,6.03
119.311917,6743,6712,247,28,6.03
119.411916,6743,6712,247,28,6.02
119.511917,6743,6716,247,28,6.02
119.611919,6743,6716,247,28,6.02
119.711929,6743,6712,247,28,6.05
119.81192,6743,6716,247,28,6.05
119.911977,6743,6724,247,28,6.07
120.011919,6743,6716,247,28,6.07
120.111933,6743,6716,247,28,6.05
120.211935,6743,6716,247,28,6.05
120.311917,6743,6712,247,28,6.05
120.41194,6743,6720,247,28,6.07
120.511917,6743,6732,58,28,6.07
120.611948,6743,6720,58,28,6.07
120.711918,6743,6728,58,28,6.07
120.811934,6743,6724,221,28,6.07
120.911918,6743,6728,221,28,6.09
121.011916,6743,6728,221,28,6.09
121.111918,6743,6724,221,28,6.09
121.211917,6743,6720,221,28,6.09
121.311925,6743,6720,221,28,6.09
121.411916,6743,6712,221,28,6.04
121.511928,6743,6716,247,28,6.04
121.611918,6743,6720,247,28,6.04
121.711916,6743,6712,247,28,6.08
121.811918,6743,6716,284,28,6.08
121.911918,6743,6720,284,28,6.02
122.011917,6743,6716,284,28,6.02
122.111917,6743,6716,284,28,6.02
122.211919,6743,6716,247,28,6.02
122.311917,6743,6716,247,28,6.02
122.411918,6743,6716,247,28,6.02
122.511917,6743,6712,556,28,6.02
122.611916,6743,6716,556,28,6.02
122.711918,6743,6720,556,28,6.03
122.81192,6743,6712,556,28,6.03
122.911927,6743,6712,556,28,6.03
123.011917,6743,6720,556,28,6.03
123.111917,6743,6716,556,28,6.03
123.211917,6743,6716,385,28,6.03
123.311919,6743,6712,385,28,6.03
123.411919,6743,6720,385,28,6.07
123.511917,6743,6716,411,28,6.07
123.611918,6743,6716,411,28,6.07
123.711917,6743,6720,411,28,6.06
123.811919,6743,6720,58,28,6.06
123.911926,6743,6720,58,28,6.05
124.011917,6743,6716,58,28,6.05
124.111917,6743,6720,58,28,6.01
124.211917,6743,6716,247,28,6.01
124.311917,6743,6720,247,28,6.01
124.411918,6743,6716,247,28,6.05
124.511935,6743,6720,221,28,6.05
124.611917,6743,6716,221,28,6.05
124.71192,6743,6716,221,28,6.02
124.811917,6743,6720,221,28,6.02
124.911917,6743,6720,221,28,6.08
125.011918,6743,6720,221,28,6.08
125.11192,6743,6720,221,28,6.05
125.211919,6743,6720,221,28,6.05
125.311917,6743,6720,221,28,6.05
125.411917,6743,6716,221,28,6.04
125.511918,6743,6720,221,28,6.04
125.611917,6743,6716,221,28,6.04
125.711917,6743,6716,221,28,6.05
125.811917,6743,6720,221,28,6.05
125.911917,6743,6716,221,28,6.06
126.011917,6743,6720,221,28,6.06
126.111917,6743,6716,221,28,6.04
126.211917,6743,6720,221,28,6.04
126.311926,6743,6716,221,28,6.04
126.411918,6743,6716,221,28,6.04
126.511917,6743,6720,221,28,6.04
126.611917,6743,6716,221,28,6.04
126.711935,6743,6724,221,28,6.08
126.811918,6743,6716,247,28,6.08
126.911918,6743,6720,247,28,6.06
127.011918,6743,6720,247,28,6.06
127.111925,6743,6720,247,28,6.06
127.211918,6743,6720,221,28,6.06
127.311916,6743,6720,221,28,6.06
127.411917,6743,6720,221,28,6.04
127.511935,6743,6716,385,28,6.04
127.611918,6743,6716,385,28,6.04
127.711917,6743,6720,385,28,6.08
127.811917,6743,6716,247,28,6.08
127.911917,6743,6720,247,28,6.06
128.011919,6743,6716,247,28,6.06
128.111918,6743,6716,247,28,6.03
128.211925,6743,6716,247,28,6.03
128.311918,6743,6716,247,28,6.03
128.411918,6743,6716,247,28,6.05
128.511918,6743,6716,80,28,6.05
128.611918,6743,6716,80,28,6.05
128.711917,6743,6716,80,28,6.04
128.811917,6743,6720,221,28,6.04
128.911916,6743,6720,221,28,6.06
129.011919,6743,6720,221,28,6.06
129.111917,6743,6716,221,28,6.08
129.211918,6743,6716,247,28,6.08
129.311917,6743,6716,247,28,6.08
129.411917,6743,6716,247,28,6.04
129.511917,6743,6716,80,28,6.04
129.611918,6743,6712,80,28,6.04
129.711918,6743,6716,80,28,6.04
129.811917,6743,6712,366,28,6.04
129.911918,6743,6716,366,28,6.03
130.011917,6743,6720,366,28,6.03
130.111917,6743,6716,366,28,6.04
130.21192,6743,6716,247,28,6.04
130.311917,6743,6720,247,28,6.04
130.411917,6743,6716,247,28,6.04
130.511917,6743,6716,385,28,6.04
130.611926,6743,6716,385,28,6.04
130.711925,6743,6716,385,28,6.05
130.811919,6743,6720,221,28,6.05
130.911949,6743,6716,221,28,6.04
131.011918,6743,6716,221,28,6.04
131.111976,6743,6716,221,28,6.04
131.211918,6743,6720,42,28,6.04
131.311937,6743,6716,42,28,6.04
131.411917,6743,6716,42,28,6.03
131.511935,6743,6716,284,28,6.03
131.611928,6743,6712,284,28,6.03
131.711927,6743,6720,284,28,6.04
131.811919,6743,6716,247,28,6.04
131.911917,6743,6720,247,28,6.07
132.011919,6743,6716,247,28,6.07
132.111934,6743,6712,247,28,6.03
132.211918,6743,6720,221,28,6.03
132.311917,6743,6712,221,28,6.03
132.411918,6743,6720,221,28,6.05
132.511929,6743,6720,247,28,6.05
132.611918,6743,6716,247,28,6.05
132.711936,6743,6720,247,28,6.07
132.811918,6743,6720,221,28,6.07
132.911917,6743,6716,221,28,6.05
133.011979,6743,6720,221,28,6.05
133.111918,6743,6720,221,28,6.06
133.211946,6743,6716,247,28,6.06
133.311916,6743,6720,247,28,6.06
133.411918,6743,6720,247,28,6.08
133.511925,6743,6716,247,28,6.08
133.611918,6743,6720,247,28,6.08
133.711918,6743,6720,247,28,6.05
133.811917,6743,6720,42,28,6.05
133.911917,6743,6716,42,28,6.04
134.011918,6743,6720,42,28,6.04
134.111918,6743,6720,42,28,6.05
134.211917,6743,6720,221,28,6.05
134.311918,6743,6716,221,28,6.05
134.411918,6743,6712,221,28,6.02
134.511916,6743,6716,83,28,6.02
134.611917,6743,6716,83,28,6.02
134.711918,6743,6716,83,28,6.03
134.811919,6743,6712,284,28,6.03
134.911916,6743,6720,284,28,6.05
135.011918,6743,6720,284,28,6.05
135.111926,6743,6716,284,28,6.05
135.211919,6743,6716,247,28,6.05
135.311917,6743,6712,247,28,6.05
135.411918,6743,6716,247,28,6.05
135.511917,6743,6716,426,28,6.05
135.611927,6743,6720,426,28,6.05
135.711917,6743,6716,426,28,6.04
135.811925,6743,6716,247,28,6.04
135.911918,6743,6716,247,28,6.04
136.011917,6743,6716,247,28,6.04
136.111917,6743,6716,247,28,6.04
136.211918,6743,6720,247,28,6.04
136.311918,6743,6716,247,28,6.04
136.411921,6743,6720,247,28,6.04
136.511918,6743,6716,247,28,6.04
136.611918,6743,6716,247,28,6.04
136.711921,6743,6716,247,28,6.05
136.811919,6743,6716,247,28,6.05
136.911922,6743,6716,247,28,6.07
137.011918,6743,6716,247,28,6.07
137.111924,6743,6716,247,28,6.04
137.211919,6743,6720,221,28,6.04
137.311916,6743,6720,221,28,6.04
137.411918,6743,6724,221,28,6.07
137.511925,6743,6720,482,28,6.07
137.611918,6743,6724,482,28,6.07
137.711915,6743,6716,482,28,6.04
137.811918,6743,6720,221,28,6.04
137.911917,6743,6720,221,28,6.07
138.011917,6743,6724,221,28,6.07
138.111925,6743,6716,221,28,6.08
138.211918,6743,6720,221,28,6.08
138.311916,6743,6720,221,28,6.08
138.411927,6743,6724,221,28,6.06
138.511924,6743,6720,221,28,6.06
138.611917,6743,6716,221,28,6.06
138.711917,6743,6716,221,28,6.06
138.81192,6743,6720,221,28,6.06
138.911918,6743,6716,221,28,6.04
139.011917,6743,6716,221,28,6.04
139.111916,6743,6720,221,28,6.04
139.211917,6743,6720,221,28,6.04
139.311925,6743,6716,221,28,6.04
139.411917,6743,6716,221,28,6.05
139.511918,6743,6716,385,28,6.05
139.611918,6743,6716,385,28,6.05
139.711918,6743,6720,385,28,6.04
139.811918,6743,6720,221,28,6.04
139.911918,6743,6716,221,28,6.06
140.011917,6743,6716,221,28,6.06
140.111918,6743,6712,221,28,6.02
140.211919,6743,6720,247,28,6.02
140.311917,6743,6716,247,28,6.02
140.411919,6743,6716,247,28,6.04
140.511917,6743,6716,247,28,6.04
140.611917,6743,6720,247,28,6.04
140.711917,6743,6720,247,28,6.06
140.811918,6743,6720,83,28,6.06
140.911916,6743,6716,83,28,6.03
141.011918,6743,6720,83,28,6.03
141.111917,6743,6720,83,28,6.04
141.211917,6743,6712,411,28,6.04
141.311916,6743,6716,411,28,6.04
141.411918,6743,6716,411,28,6.05
141.511917,6743,6716,247,28,6.05
141.611926,6743,6720,247,28,6.05
141.711917,6743,6712,247,28,6.03
141.811918,6743,6716,310,28,6.03
141.911916,6743,6716,310,28,6.04
142.011917,6743,6720,310,28,6.04
142.111918,6743,6712,310,28,6.03
142.211919,6743,6720,221,28,6.03
142.311917,6743,6716,221,28,6.03
142.411918,6743,6720,221,28,6.06
142.511918,6743,6720,518,28,6.06
142.611919,6743,6716,518,28,6.06
142.711916,6743,6720,518,28,6.04
142.811918,6743,6720,221,28,6.04
142.911916,6743,6716,221,28,6.04
143.011917,6743,6716,221,28,6.04
143.111918,6743,6720,221,28,6.05
143.211919,6743,6720,221,28,6.05
143.311916,6743,6720,221,28,6.05
143.41192,6743,6716,221,28,6.05
143.511916,6743,6720,83,28,6.05
143.61195,6743,6716,83,28,6.05
143.711917,6743,6720,83,28,6.06
143.811934,6743,6716,385,28,6.06
143.911917,6743,6720,385,28,6.07
144.01195,6743,6720,385,28,6.07
144.111918,6743,6720,385,28,6.05
144.211951,6743,6720,221,28,6.05
144.311917,6743,6720,221,28,6.05
144.411946,6743,6720,221,28,6.09
144.511918,6743,6720,58,28,6.09
144.611935,6743,6724,58,28,6.09
144.711918,6743,6716,58,28,6.08
144.811926,6743,6720,221,28,6.08
144.911918,6743,6716,221,28,6.05
145.011918,6743,6720,221,28,6.05
145.111917,6743,6720,221,28,6.09
145.211917,6743,6716,247,28,6.09
145.311924,6743,6720,247,28,6.09
145.411918,6743,6716,247,28,6.05
145.511935,6743,6712,284,28,6.05
145.611918,6743,6716,284,28,6.05
145.711938,6743,6716,284,28,6.04
145.811918,6743,6720,247,28,6.04
145.911946,6743,6716,247,28,6.05
146.011918,6743,6720,247,28,6.05
146.111946,6743,6716,247,28,6.05
146.211918,6743,6716,247,28,6.05
146.311917,6743,6716,247,28,6.05
146.411918,6743,6716,247,28,6.04
146.511916,6743,6716,452,28,6.04
146.611918,6743,6712,452,28,6.04
146.711917,6743,6716,452,28,6.04
146.811919,6743,6712,284,28,6.04
146.911917,6743,6712,284,28,6.04
147.011918,6743,6712,284,28,6.04
147.111917,6743,6716,284,28,6.03
147.211918,6743,6716,247,28,6.03
147.311918,6743,6716,247,28,6.03
147.411917,6743,6716,247,28,6.07
147.511917,6743,6716,426,28,6.07
147.611918,6743,6720,426,28,6.07
147.71192,6743,6716,426,28,6.05
147.811926,6743,6720,247,28,6.05
147.911917,6743,6716,247,28,6.03
148.011917,6743,6716,247,28,6.03
148.111917,6743,6720,247,28,6.04
148.211918,6743,6720,221,28,6.04
148.311934,6743,6716,221,28,6.04
148.411918,6743,6716,221,28,6.07
148.511926,6743,6716,385,28,6.07
148.611917,6743,6716,385,28,6.07
148.711917,6743,6716,385,28,6.05
148.811918,6743,6720,221,28,6.05
148.911918,6743,6716,221,28,6.04
149.011918,6743,6716,221,28,6.04
149.111917,6743,6716,221,28,6.06
149.211918,6743,6716,247,28,6.06
149.311917,6743,6720,247,28,6.06
149.411918,6743,6716,247,28,6.05
149.511918,6743,6720,221,28,6.05
149.611916,6743,6716,221,28,6.05
149.711916,6743,6720,221,28,6.05
149.811917,6743,6712,411,28,6.05
149.911917,6743,6716,411,28,6.05
150.011918,6743,6720,411,28,6.05
150.111917,6743,6720,411,28,6.02
150.211926,6743,6716,247,28,6.02
150.311925,6743,6716,247,28,6.02
150.411918,6743,6716,247,28,6.06
150.511917,6743,6720,221,28,6.06
150.611917,6743,6720,221,28,6.06
150.711916,6743,6720,221,28,6.06
150.811917,6743,6716,247,28,6.06
150.911918,6743,6720,247,28,6.07
151.011917,6743,6716,247,28,6.07
151.111925,6743,6720,247,28,6.06
151.211918,6743,6720,247,28,6.06
151.311916,6743,6720,247,28,6.06
151.411917,6743,6720,247,28,6.06
151.511916,6743,6720,221,28,6.06
151.611917,6743,6720,221,28,6.06
151.711917,6743,6712,221,28,6.02
151.811918,6743,6720,221,28,6.02
151.911916,6743,6720,221,28,6.05
152.011918,6743,6716,221,29,6.05
152.111917,6743,6720,221,29,6.05
152.211918,6743,6716,247,29,6.05
152.311918,6743,6720,247,29,6.05
152.411917,6743,6716,247,29,6.05
152.511917,6743,6720,221,29,6.05
152.611918,6743,6720,221,29,6.05
152.711917,6743,6716,221,29,6.05
152.811918,6743,6720,58,29,6.05
152.911917,6743,6716,58,29,6.04
153.011918,6743,6716,58,29,6.04
153.111917,6743,6720,58,29,6.06
153.211917,6743,6716,247,29,6.06
153.311917,6743,6716,247,29,6.06
153.411918,6743,6716,247,29,6.06
153.511918,6743,6716,518,29,6.06
153.611918,6743,6716,518,29,6.06
153.711919,6743,6716,518,29,6.05
153.81192,6743,6720,247,29,6.05
153.911917,6743,6716,247,29,6.04
154.011918,6743,6720,247,29,6.04
154.111918,6743,6720,247,29,6.08
154.211918,6743,6712,42,29,6.08
154.311918,6743,6720,42,29,6.08
154.411921,6743,6720,42,29,6.07
154.511938,6743,6720,221,29,6.07
154.611918,6743,6716,221,29,6.07
154.711919,6743,6716,221,29,6.09
154.811917,6743,6716,247,29,6.09
154.911925,6743,6720,247,29,6.06
155.011917,6743,6716,247,29,6.06
155.111931,6743,6712,247,29,6.03
155.211918,6743,6716,247,29,6.03
155.311948,6743,6720,247,29,6.03
155.411917,6743,6716,247,29,6.06
155.511931,6743,6720,83,29,6.06
155.611921,6743,6720,83,29,6.06
155.711947,6743,6716,83,29,6.04
155.811936,6743,6720,83,29,6.04
155.911945,6743,6716,83,29,6.07
156.011934,6743,6720,83,29,6.07
156.111952,6743,6716,83,29,6.03
156.21192,6743,6720,221,29,6.03
156.311952,6743,6720,221,29,6.03
156.411917,6743,6716,221,29,6.03
156.511947,6743,6720,221,29,6.03
156.611935,6743,6716,221,29,6.03
156.711952,6743,6720,221,29,6.04
156.811925,6743,6720,150,29,6.04
156.911947,6743,6720,150,29,6.07
157.011934,6743,6716,150,29,6.07
157.111945,6743,6720,150,29,6.05
157.211936,6743,6720,221,29,6.05
157.311935,6743,6716,221,29,6.05
157.411935,6743,6720,221,29,6.09
157.511935,6743,6720,17,29,6.09
157.611935,6743,6720,17,29,6.09
157.711935,6743,6720,17,29,6.08
157.811921,6743,6720,221,29,6.08
157.911917,6743,6720,221,29,6.08
158.011918,6743,6716,221,29,6.08
158.111919,6743,6716,221,29,6.03
158.211924,6743,6716,83,29,6.03
158.311918,6743,6720,83,29,6.03
158.411917,6743,6716,83,29,6.04
158.511926,6743,6720,58,29,6.04
158.611919,6743,6720,58,29,6.04
158.711926,6743,6716,58,29,6.05
158.81195,6743,6716,247,29,6.05
158.911924,6743,6720,247,29,6.08
159.011958,6743,6720,247,29,6.08
159.111916,6743,6716,247,29,6.03
159.211949,6743,6716,247,29,6.03
159.311924,6743,6716,247,29,6.03
159.411935,6743,6720,247,29,6.06
159.511932,6743,6716,385,29,6.06
159.611936,6743,6716,385,29,6.06
159.711934,6743,6720,385,29,6.06
159.811934,6743,6716,221,29,6.06
159.911942,6743,6716,221,29,6.08
160.011935,6743,6716,221,29,6.08
160.111934,6743,6716,221,29,6.05
160.211937,6743,6720,221,29,6.05
160.311917,6743,6716,221,29,6.05
160.411918,6743,6716,221,29,6.04
160.511925,6743,6716,247,29,6.04
160.611918,6743,6720,247,29,6.04
160.711918,6743,6716,247,29,6.05
160.811933,6743,6716,247,29,6.05
160.911926,6743,6720,247,29,6.06
161.011935,6743,6720,247,29,6.06
161.111935,6743,6720,247,29,6.06
161.211934,6743,6716,247,29,6.06
161.311933,6743,6716,247,29,6.06
161.411935,6743,6720,247,29,6.05
161.511936,6743,6716,247,29,6.05
161.611934,6743,6720,247,29,6.05
161.711916,6743,6720,247,29,6.08
161.811918,6743,6720,221,29,6.08
161.911918,6743,6720,221,29,6.05
162.011919,6743,6716,221,29,6.05
162.111917,6743,6720,221,29,6.07
162.211918,6743,6716,247,29,6.07
162.311926,6743,6716,247,29,6.07
162.411917,6743,6720,247,29,6.04
162.511917,6743,6720,221,29,6.04
162.611918,6743,6720,221,29,6.04
162.711917,6743,6716,221,29,6.04
162.811919,6743,6716,426,29,6.04
162.911916,6743,6720,426,29,6.06
163.011917,6743,6716,426,29,6.06
163.111916,6743,6716,426,29,6.06
163.211917,6743,6720,221,29,6.06
163.311916,6743,6716,221,29,6.06
163.411919,6743,6720,221,29,6.07
163.511918,6743,6720,221,29,6.07
163.611919,6743,6728,221,29,6.07
163.711917,6743,6720,221,29,6.06
163.811917,6743,6716,247,29,6.06
163.911917,6743,6716,247,29,6.09
164.011917,6743,6720,247,29,6.09
164.111918,6743,6720,247,29,6.06
164.211917,6743,6720,221,29,6.06
164.311917,6743,6716,221,29,6.06
164.411917,6743,6716,221,29,6.06
164.511917,6743,6720,221,29,6.06
164.611918,6743,6720,221,29,6.06
164.711917,6743,6720,221,29,6.05
164.811918,6743,6720,221,29,6.05
164.911917,6743,6716,221,29,6.06
165.011918,6743,6720,221,29,6.06
165.111917,6743,6720,221,29,6.05
165.211918,6743,6716,247,29,6.05
165.311917,6743,6720,247,29,6.05
165.411926,6743,6716,247,29,6.05
165.511916,6743,6720,83,29,6.05
165.611918,6743,6720,83,29,6.05
165.711917,6743,6716,83,29,6.05
165.811926,6743,6716,518,29,6.05
165.911918,6743,6720,518,29,6.09
166.011918,6743,6716,518,29,6.09
166.111916,6743,6716,518,29,6.05
166.211918,6743,6712,247,29,6.05
166.311916,6743,6716,247,29,6.05
166.411917,6743,6716,247,29,6.03
166.511917,6743,6720,42,29,6.03
166.611916,6743,6716,42,29,6.03
166.711917,6743,6720,42,29,6.05
166.811918,6743,6716,247,29,6.05
166.911917,6743,6716,247,29,6.08
167.011918,6743,6716,247,29,6.08
167.111925,6743,6720,247,29,6.05
167.211918,6743,6720,150,29,6.05
167.311918,6743,6720,150,29,6.05
167.411918,6743,6720,150,29,6.05
167.511917,6743,6716,221,29,6.05
167.611918,6743,6716,221,29,6.05
167.711917,6743,6716,221,29,6.05
167.811918,6743,6720,221,29,6.05
167.911917,6743,6716,221,29,6.06
168.011918,6743,6716,221,29,6.06
168.111917,6743,6720,221,29,6.05
168.211919,6743,6716,247,29,6.05
168.311918,6743,6720,247,29,6.05
168.411918,6743,6716,247,29,6.06
168.511919,6743,6720,58,29,6.06
168.611934,6743,6716,58,29,6.06
168.711918,6743,6716,58,29,6.04
168.811959,6743,6720,58,29,6.04
168.911936,6743,6720,58,29,6.05
169.011933,6743,6720,58,29,6.05
169.111918,6743,6720,58,29,6.05
169.211917,6743,6720,221,29,6.05
169.311948,6743,6716,221,29,6.05
169.41192,6743,6720,221,29,6.08
169.51192,6743,6716,385,29,6.08
169.611933,6743,6716,385,29,6.08
169.711917,6743,6720,385,29,6.06
169.811954,6743,6720,221,29,6.06
169.911918,6743,6716,221,29,6.05
170.011934,6743,6720,221,29,6.05
170.111917,6743,6720,221,29,6.07
170.211917,6743,6716,411,29,6.07
170.311928,6743,6720,411,29,6.07
170.411921,6743,6716,411,29,6.06
170.511918,6743,6720,221,29,6.06
170.611917,6743,6716,221,29,6.06
170.711918,6743,6720,221,29,6.03
170.811929,6743,6716,385,29,6.03
170.911918,6743,6716,385,29,6.04
171.011918,6743,6716,385,29,6.04
171.111917,6743,6720,385,29,6.08
171.211917,6743,6716,247,29,6.08
171.311917,6743,6716,247,29,6.08
171.411919,6743,6716,247,29,6.05
171.511917,6743,6716,247,29,6.05
171.611919,6743,6720,247,29,6.05
171.711916,6743,6720,247,29,6.03
171.811918,6743,6716,310,29,6.03
171.911917,6743,6716,310,29,6.04
172.011918,6743,6716,310,29,6.04
172.111926,6743,6716,310,29,6.04
172.211917,6743,6720,221,29,6.04
172.311918,6743,6716,221,29,6.04
172.411918,6743,6716,221,29,6.04
172.511919,6743,6716,247,29,6.04
172.611917,6743,6716,247,29,6.04
172.711918,6743,6716,247,29,6.05
172.811916,6743,6716,247,29,6.05
172.911918,6743,6720,247,29,6.05
173.011919,6743,6716,247,29,6.05
173.111918,6743,6716,247,29,6.04
173.21192,6743,6716,83,29,6.04
173.311951,6743,6716,83,29,6.04
173.411918,6743,6716,83,29,6.04
173.511977,6743,6716,247,29,6.04
173.611918,6743,6716,247,29,6.04
173.711947,6743,6720,247,29,6.05
173.811919,6743,6716,247,29,6.05
173.911935,6743,6716,247,29,6.04
174.011925,6743,6720,247,29,6.04
174.111919,6743,6716,247,29,6.05
174.211918,6743,6716,247,29,6.05
174.311917,6743,6716,247,29,6.05
174.411919,6743,6716,247,29,6.07
174.511918,6743,6716,247,29,6.07
174.611918,6743,6716,247,29,6.07
174.711917,6743,6720,247,29,6.04
174.811917,6743,6716,518,29,6.04
174.911919,6743,6716,518,29,6.06
175.011919,6743,6720,518,29,6.06
175.111916,6743,6716,518,29,6.06
175.211917,6743,6720,221,29,6.06
175.311937,6743,6720,221,29,6.06
175.411918,6743,6716,221,29,6.06
175.511925,6743,6720,221,29,6.06
175.611926,6743,6716,221,29,6.06
175.711918,6743,6716,221,29,6.06
175.811918,6743,6720,221,29,6.06
175.911917,6743,6720,221,29,6.09
176.011927,6743,6716,221,29,6.09
176.111917,6743,6724,221,29,6.05
176.211918,6743,6720,221,29,6.05
176.311916,6743,6720,221,29,6.05
176.411919,6743,6716,221,29,6.08
176.511918,6743,6720,221,29,6.08
176.611935,6743,6720,221,29,6.08
176.711918,6743,6716,221,29,6.04
176.811935,6743,6720,221,29,6.04
176.911917,6743,6716,221,29,6.05
177.011927,6743,6716,221,29,6.05
177.111916,6743,6716,221,29,6.05
177.211919,6743,6724,114,29,6.05
177.311918,6743,6720,114,29,6.05
177.411919,6743,6716,114,29,6.08
177.511916,6743,6716,221,29,6.08
177.611917,6743,6720,221,29,6.08
177.711915,6743,6716,221,29,6.04
177.811918,6743,6720,221,29,6.04
177.911917,6743,6716,221,29,6.05
178.011928,6743,6720,221,29,6.05
178.111917,6743,6716,221,29,6.05
178.211918,6743,6716,58,29,6.05
178.311926,6743,6720,58,29,6.05
178.411936,6743,6712,58,29,6.03
178.511917,6743,6716,83,29,6.03
178.611928,6743,6720,83,29,6.03
178.711918,6743,6716,83,29,6.05
178.811918,6743,6720,221,29,6.05
178.911918,6743,6720,221,29,6.05
179.011918,6743,6720,221,29,6.05
179.111918,6743,6716,221,29,6.02
179.211917,6743,6716,518,29,6.02
179.311927,6743,6716,518,29,6.02
179.411918,6743,6720,518,29,6.07
179.51192,6743,6716,284,29,6.07
179.611918,6743,6720,284,29,6.07
179.711916,6743,6716,284,29,6.05
179.811918,6743,6716,247,29,6.05
179.911918,6743,6716,247,29,6.03
180.011917,6743,6716,247,29,6.03
180.111917,6743,6720,247,29,6.07
180.211918,6743,6716,247,29,6.07
180.311927,6743,6720,247,29,6.07
180.411918,6743,6720,247,29,6.06
180.511917,6743,6716,247,29,6.06
180.611917,6743,6720,247,29,6.06
180.711918,6743,6720,247,29,6.07
180.811918,6743,6716,247,29,6.07
180.911926,6743,6720,247,29,6.02
181.011918,6743,6720,247,29,6.02
181.111917,6743,6720,247,29,6.06
181.211929,6743,6720,385,29,6.06
181.311951,6743,6716,385,29,6.06
181.411917,6743,6720,385,29,6.05
181.511957,6743,6720,221,29,6.05
181.611918,6743,6716,221,29,6.05
181.711932,6743,6720,221,29,6.07
181.811917,6743,6720,221,29,6.07
181.911935,6743,6720,221,29,6.06
182.011926,6743,6716,221,29,6.06
182.111925,6743,6716,221,29,6.06
182.21192,6743,6720,221,29,6.06
182.311925,6743,6720,221,29,6.06
182.411918,6743,6720,221,29,6.06
182.511936,6743,6716,385,29,6.06
182.611918,6743,6720,385,29,6.06
182.71195,6743,6720,385,29,6.05
182.81192,6743,6720,385,29,6.05
182.911947,6743,6720,385,29,6.07
183.011918,6743,6720,385,29,6.07
183.111919,6743,6720,385,29,6.07
183.211917,6743,6716,426,29,6.07
183.311918,6743,6724,426,29,6.07
183.411917,6743,6720,426,29,6.04
183.511918,6743,6716,221,29,6.04
183.611919,6743,6716,221,29,6.04
183.711925,6743,6720,221,29,6.09
183.811917,6743,6720,58,29,6.09
183.911917,6743,6716,58,29,6.04
184.011917,6743,6716,58,29,6.04
184.111917,6743,6716,58,29,6.06
184.211919,6743,6716,518,29,6.06
184.311919,6743,6716,518,29,6.06
184.411919,6743,6716,518,29,6.03
184.511919,6743,6716,247,29,6.03
184.611919,6743,6716,247,29,6.03
184.711925,6743,6720,247,29,6.05
184.811919,6743,6716,247,29,6.05
184.911918,6743,6716,247,29,6.06
185.011918,6743,6716,247,29,6.06
185.111918,6743,6720,247,29,6.06
185.211918,6743,6716,247,29,6.06
185.311916,6743,6720,247,29,6.06
185.411918,6743,6720,247,29,6.04
185.511917,6743,6716,385,29,6.04
185.611919,6743,6720,385,29,6.04
185.711918,6743,6712,385,29,6.04
185.811918,6743,6716,247,29,6.04
185.911918,6743,6716,247,29,6.04
186.011919,6743,6716,247,29,6.04
186.111919,6743,6712,247,29,6.04
186.211919,6743,6716,351,29,6.04
186.311918,6743,6716,351,29,6.04
186.411928,6743,6720,351,29,6.08
186.511919,6743,6716,247,29,6.08
186.611939,6743,6720,247,29,6.08
186.711925,6743,6720,247,29,6.08
186.811931,6743,6716,247,29,6.08
186.911918,6743,6720,247,29,6.07
187.011937,6743,6716,247,29,6.07
187.111919,6743,6716,247,29,6.05
187.211918,6743,6720,221,29,6.05
187.311918,6743,6720,221,29,6.05
187.411918,6743,6716,221,29,6.05
187.511917,6743,6716,385,29,6.05
187.611918,6743,6716,385,29,6.05
187.711926,6743,6720,385,29,6.04
187.811919,6743,6716,385,29,6.04
187.911918,6743,6716,385,29,6.04
188.011918,6743,6716,385,30,6.04
188.11192,6743,6716,385,30,6.05
188.211918,6743,6720,221,30,6.05
188.311918,6743,6720,221,30,6.05
188.411929,6743,6720,221,30,6.05
188.511918,6743,6720,221,30,6.05
188.611919,6743,6720,221,30,6.05
188.711926,6743,6716,221,30,6.05
188.81192,6743,6716,247,30,6.05
188.911918,6743,6716,247,30,6.05
189.011919,6743,6720,247,30,6.05
189.111918,6743,6720,247,30,6.05
189.211918,6743,6720,221,30,6.05
189.311917,6743,6716,221,30,6.05
189.411918,6743,6720,221,30,6.05
189.511917,6743,6720,221,30,6.05
189.611918,6743,6716,221,30,6.05
189.711917,6743,6716,221,30,6.06
189.811925,6743,6716,247,30,6.06
189.911917,6743,6720,247,30,6.05
190.011919,6743,6720,247,30,6.05
190.111918,6743,6724,247,30,6.07
190.211917,6743,6720,42,30,6.07
190.311918,6743,6716,42,30,6.07
190.411916,6743,6720,42,30,6.04
190.511917,6743,6720,221,30,6.04
190.611917,6371,6716,221,30,6.04
190.711916,6371,6372,221,30,6.09
190.811925,6371,6380,344,30,6.09
190.911917,6371,6372,344,30,6.08
191.011917,6371,6372,344,30,6.08
191.111918,6371,6372,344,30,6.07
191.211918,6371,6372,0,30,6.07
191.311917,6371,6372,0,30,6.07
191.411918,6371,6372,0,30,6.08
191.511917,6371,6372,0,30,6.08
191.611918,6371,6372,0,30,6.08
191.711921,6371,6372,0,30,6.08
191.81192,6371,6372,0,30,6.08
191.911918,6371,6376,0,30,6.09
192.011922,6371,6372,0,30,6.09
192.111918,6371,6372,0,30,6.06
192.211917,6371,6372,204,30,6.06
192.311926,6371,6372,204,30,6.06
192.411917,6371,6372,204,30,6.07
192.511917,6371,6372,0,30,6.07
192.611919,6371,6372,0,30,6.07
192.711918,6371,6372,0,30,6.08
192.811918,6371,6376,0,30,6.08
192.911918,6371,6372,0,30,6.06
193.011917,6371,6372,0,30,6.06
193.111919,6371,6372,0,30,6.08
193.211917,6371,6372,0,30,6.08
193.311918,6371,6376,0,30,6.08
193.411919,6371,6376,0,30,6.05
193.511917,6371,6372,0,30,6.05
193.611919,6371,6372,0,30,6.05
193.711917,6371,6372,0,30,6.08
193.811921,6371,6372,0,30,6.08
193.911917,6371,6372,0,30,6.08
194.01192,6371,6372,0,30,6.08
194.111917,6371,6372,0,30,6.08
194.21192,6371,6372,0,30,6.08
194.311918,6371,6372,0,30,6.08
194.411918,6371,6372,0,30,6.08
194.511927,6371,6372,0,30,6.08
194.611953,6371,6372,0,30,6.08
194.711919,6371,6372,0,30,6.08
194.811934,6371,6372,0,30,6.08
194.911918,6371,6372,0,30,6.08
195.011919,6371,6372,0,30,6.08
195.111919,6371,6372,0,30,6.08
195.211919,6371,6372,0,30,6.08
195.311919,6371,6372,0,30,6.08
195.411919,6371,6372,0,30,6.07
195.511918,6371,6372,0,30,6.07
195.611916,6371,6372,0,30,6.07
195.711917,6371,6376,0,30,6.07
195.811919,6371,6372,0,30,6.07
195.911915,6371,6372,0,30,6.08
196.011918,6371,6372,0,30,6.08
196.111918,6371,6372,0,30,6.08
196.211918,6371,6372,0,30,6.08
196.311917,6371,6372,0,30,6.08
196.411919,6371,6372,0,30,6.09
196.511917,6371,6372,0,30,6.09
196.611917,6371,6372,0,30,6.09
196.711918,6371,6372,0,30,6.09
196.81192,6371,6372,204,30,6.09
196.911918,6371,6372,204,30,6.06
197.011921,6371,6376,204,30,6.06
197.111925,6371,6376,204,30,6.09
197.211952,6371,6372,0,30,6.09
197.311919,6371,6372,0,30,6.09
197.411947,6371,6372,0,30,6.08
197.511917,6371,6372,0,30,6.08
197.611953,6371,6372,0,30,6.08
197.711928,6371,6372,0,30,6.07
197.811946,6371,6372,0,30,6.07
197.911917,6371,6372,0,30,6.08
198.011934,6371,6372,0,30,6.08
198.111918,6371,6372,0,30,6.07
198.211916,6371,6372,0,30,6.07
198.311918,6371,6372,0,30,6.07
198.411918,6371,6372,0,30,6.09
198.511926,6371,6372,0,30,6.09
198.611918,6371,6372,0,30,6.09
198.711917,6371,6372,0,30,6.09
198.811919,6371,6372,0,30,6.09
198.911918,6371,6372,0,30,6.09
199.011918,6371,6372,0,30,6.09
199.111927,6371,6372,0,30,6.09
199.211918,6371,6372,163,30,6.09
199.311917,6371,6372,163,30,6.09
199.411919,6371,6372,163,30,6.08
199.511936,6371,6372,0,30,6.08
199.61192,6371,6372,0,30,6.08
199.711919,6371,6372,0,30,6.08
199.81192,6371,6372,0,30,6.08
199.911919,6371,6372,0,30,6.08
200.011919,6371,6372,0,30,6.08
200.111918,6371,6372,0,30,6.08
200.21192,6371,6372,0,30,6.08
200.311918,6371,6372,0,30,6.08
200.411918,6371,6372,0,30,6.08
200.511918,6371,6372,0,30,6.08
200.611917,6371,6372,0,30,6.08
200.711926,6371,6372,0,30,6.08
200.811919,6371,6376,0,30,6.08
200.91192,6371,6372,0,30,6.08
201.011918,6371,6372,0,30,6.08
201.111928,6371,6372,0,30,6.09
201.21192,6371,6372,0,30,6.09
201.311933,6371,6372,0,30,6.09
201.41192,6371,6372,0,30,6.09
201.511977,6371,6372,0,30,6.09
201.611929,6371,6372,0,30,6.09
201.711946,6371,6372,0,30,6.08
201.811926,6371,6372,0,30,6.08
201.911918,6371,6372,0,30,6.08
202.011919,6371,6372,0,30,6.08
202.111919,6371,6372,0,30,6.09
202.211919,6371,6372,0,30,6.09
202.311918,6371,6372,0,30,6.09
202.41192,6371,6372,0,30,6.08
202.51192,6371,6372,0,30,6.08
202.611919,6371,6372,0,30,6.08
202.711918,6371,6372,0,30,6.08
202.81192,6371,6372,0,30,6.08
202.911918,6371,6372,0,30,6.09
203.011919,6371,6372,0,30,6.09
203.111926,6371,6372,0,30,6.09
203.21192,6371,6372,0,30,6.09
203.311923,6371,6372,0,30,6.09
203.411926,6371,6372,0,30,6.06
203.511943,6371,6372,0,30,6.06
203.611916,6371,6372,0,30,6.06
203.711926,6371,6372,0,30,6.09
203.811919,6371,6372,0,30,6.09
203.911916,6371,6372,0,30,6.09
204.01192,6371,6372,0,30,6.09
204.111927,6371,6372,0,30,6.08
204.21192,6371,6372,0,30,6.08
204.311919,6371,6372,0,30,6.08
204.411918,6371,6372,0,30,6.08
204.511927,6371,6372,0,30,6.08
204.611919,6371,6372,0,30,6.08
204.711918,6371,6372,0,30,6.07
204.811919,6371,6372,0,30,6.07
204.911918,6371,6372,0,30,6.09
205.011919,6371,6372,0,30,6.09
205.111919,6371,6372,0,30,6.09
205.21192,6371,6372,0,30,6.09
205.311918,6371,6372,0,30,6.09
205.411918,6371,6372,0,30,6.09
205.511918,6371,6372,0,30,6.09
205.611919,6371,6372,0,30,6.09
205.711919,6371,6372,0,30,6.08
205.811919,6371,6372,0,30,6.08
205.911918,6371,6372,0,30,6.07
206.011919,6371,6372,0,30,6.07
206.111917,6371,6372,0,30,6.08
206.211918,6371,6372,0,30,6.08
206.311916,6371,6372,0,30,6.08
206.411919,6371,6372,0,30,6.08
206.511917,6371,6372,0,30,6.08
206.611918,6371,6372,0,30,6.08
206.711919,6371,6372,0,30,6.08
206.811919,6371,6372,0,30,6.08
206.911917,6371,6372,0,30,6.08
207.011919,6371,6372,0,30,6.08
207.111918,6371,6372,0,30,6.08
207.211917,6371,6372,0,30,6.08
207.311916,6371,6372,0,30,6.08
207.411917,6371,6372,0,30,6.08
207.511919,6371,6372,0,30,6.08
207.611919,6371,6372,0,30,6.08
207.711918,6371,6372,0,30,6.09
207.811918,6371,6372,0,30,6.09
207.911918,6371,6372,0,30,6.08
208.011919,6371,6372,0,30,6.08
208.111917,6371,6372,0,30,6.08
208.211918,6371,6372,0,30,6.08
208.311918,6371,6372,0,30,6.08
208.411917,6371,6372,0,30,6.08
208.511919,6371,6372,0,30,6.08
208.611917,6371,6372,0,30,6.08
208.711917,6371,6372,0,30,6.08
208.811918,6371,6372,0,30,6.08
208.911917,6371,6372,0,30,6.09
209.011917,6371,6372,0,30,6.09
209.111917,6371,6372,0,30,6.09
209.211919,6371,6372,0,30,6.09
209.311926,6371,6372,0,30,6.09
209.411918,6371,6372,0,30,6.07
209.511918,6371,6372,317,30,6.07
209.611919,6371,6376,317,30,6.07
209.711917,6371,6372,317,30,6.09
209.811918,6371,6372,0,30,6.09
209.911918,6371,6372,0,30,6.09
210.011926,6371,6372,0,30,6.09
210.111928,6371,6372,0,30,6.09
210.211917,6371,6372,0,30,6.09
210.311918,6371,6372,0,30,6.09
210.411919,6371,6372,0,30,6.08
210.511918,6371,6372,0,30,6.08
210.611917,6371,6372,0,30,6.08
210.711917,6371,6372,0,30,6.09
210.811919,6371,6372,163,30,6.09
210.911916,6371,6372,163,30,6.09
211.011919,6371,6376,163,30,6.09
211.111918,6371,6372,163,30,6.08
211.211919,6371,6372,0,30,6.08
211.311919,6371,6372,0,30,6.08
211.411918,6371,6372,0,30,6.09
211.51192,6371,6372,0,30,6.09
211.611918,6371,6372,0,30,6.09
211.711918,6371,6372,0,30,6.08
211.811919,6371,6372,0,30,6.08
211.911919,6371,6372,0,30,6.08
212.011919,6371,6372,0,30,6.08
212.111918,6371,6372,0,30,6.08
212.211919,6371,6372,0,30,6.08
212.311917,6371,6372,0,30,6.08
212.411919,6371,6372,0,30,6.08
212.511918,6371,6372,0,30,6.08
212.611941,6371,6372,0,30,6.08
212.711918,6371,6372,0,30,6.08
212.811953,6371,6372,0,30,6.08
212.911917,6371,6372,0,30,6.08
213.011936,6371,6372,0,30,6.08
213.111918,6371,6372,0,30,6.09
213.211927,6371,6372,0,30,6.09
213.31192,6371,6372,0,30,6.09
213.411919,6371,6372,0,30,6.08
213.511925,6371,6372,0,30,6.08
213.611919,6371,6372,0,30,6.08
213.711918,6371,6372,0,30,6.09
213.811919,6371,6372,0,30,6.09
213.911917,6371,6372,0,30,6.08
214.011933,6371,6372,0,30,6.08
214.111918,6371,6372,0,30,6.07
214.21192,6371,6372,0,30,6.07
214.311917,6371,6372,0,30,6.07
214.41192,6371,6372,0,30,6.09
214.511916,6371,6372,0,30,6.09
214.611975,6371,6372,0,30,6.09
214.711918,6371,6372,0,30,6.08
214.811946,6371,6372,0,30,6.08
214.911918,6371,6372,0,30,6.07
215.011919,6371,6372,0,30,6.07
215.111917,6371,6372,0,30,6.08
215.211919,6371,6372,0,30,6.08
215.311918,6371,6372,0,30,6.08
215.411918,6371,6376,0,30,6.09
215.511917,6371,6372,0,30,6.09
215.611917,6371,6372,0,30,6.09
215.711927,6371,6372,0,30,6.09
215.811918,6371,6372,0,30,6.09
215.911919,6371,6372,0,30,6.09
216.01192,6371,6372,0,30,6.09
216.111919,6371,6372,0,30,6.09
216.211917,6371,6372,0,30,6.09
216.311917,6371,6372,0,30,6.09
216.411919,6371,6372,0,30,6.09
216.511918,6371,6372,0,30,6.09
216.611918,6371,6372,0,30,6.09
216.711918,6371,6372,0,30,6.08
216.811918,6371,6372,0,30,6.08
216.911917,6371,6372,0,30,6.09
217.011942,6371,6372,0,30,6.09
217.111918,6371,6372,0,30,6.09
217.211918,6371,6372,0,30,6.09
217.311918,6371,6372,0,30,6.09
217.411919,6371,6372,0,30,6.09
217.511919,6371,6372,0,30,6.09
217.611919,6371,6372,0,30,6.09
217.711918,6371,6372,0,30,6.08
217.811919,6371,6372,0,30,6.08
217.911918,6371,6372,0,30,6.07
218.01192,6371,6372,0,30,6.07
218.111919,6371,6372,0,30,6.08
218.211927,6371,6372,0,30,6.08
218.31192,6371,6372,0,30,6.08
218.411917,6371,6372,0,30,6.08
218.511919,6371,6372,0,30,6.08
218.611917,6371,6372,0,30,6.08
218.71192,6371,6372,0,30,6.09
218.811919,6371,6372,0,30,6.09
218.911919,6371,6372,0,30,6.09
219.011921,6371,6372,0,30,6.09
219.111919,6371,6372,0,30,6.08
219.211919,6371,6372,0,30,6.08
219.311919,6371,6372,0,30,6.08
219.411919,6371,6372,0,30,6.09
219.51192,6371,6372,0,30,6.09
219.611919,6371,6372,0,30,6.09
219.711928,6371,6372,0,30,6.08
219.811919,6371,6372,0,30,6.08
219.91192,6371,6372,0,30,6.08
220.01192,6371,6372,0,30,6.08
220.111932,6371,6372,0,30,6.09
220.211919,6371,6372,0,30,6.09
220.311919,6371,6372,0,30,6.09
220.411918,6371,6372,0,30,6.07
220.511938,6371,6372,0,30,6.07
220.611919,6371,6372,0,30,6.07
220.711953,6371,6372,0,30,6.08
220.811919,6371,6372,0,30,6.08
220.911959,6371,6372,0,30,6.08
221.011919,6371,6372,0,30,6.08
221.111952,6371,6372,0,30,6.08
221.211919,6371,6372,0,30,6.08
221.311947,6371,6372,0,30,6.08
221.411919,6371,6372,0,30,6.08
221.511937,6371,6372,0,30,6.08
221.611919,6371,6372,0,30,6.08
221.711935,6371,6372,0,30,6.08
221.811921,6371,6372,0,30,6.08
221.911921,6371,6372,0,30,6.09
222.011935,6371,6372,0,30,6.09
222.111939,6371,6372,0,30,6.08
222.211918,6371,6372,0,30,6.08
222.311935,6371,6372,0,30,6.08
222.411919,6371,6372,0,30,6.08
222.511919,6371,6372,0,30,6.08
222.611918,6371,6372,0,30,6.08
222.711919,6371,6372,0,30,6.06
222.811917,6371,6372,0,30,6.06
222.911917,6371,6372,0,30,6.09
223.011919,6371,6372,0,30,6.09
223.111919,6371,6372,0,30,6.08
223.211919,6371,6372,0,30,6.08
223.311919,6371,6372,0,30,6.08
223.41192,6371,6372,0,30,6.08
223.511919,6371,6372,0,30,6.08
223.611919,6371,6372,0,30,6.08
223.711926,6371,6372,0,30,6.09
223.811919,6371,6372,0,30,6.09
223.911919,6371,6372,0,30,6.08
224.011919,6371,6372,0,30,6.08
224.111927,6371,6372,0,30,6.09
224.21192,6743,6540,1344,30,6.09
224.311918,6743,6712,1344,30,6.09
224.411946,6743,6712,1344,30,6.06
224.51192,6743,6716,247,30,6.06
224.61192,6743,6716,247,30,6.06
224.711918,6743,6724,247,30,6.02
224.811919,6743,6716,518,30,6.02
224.911918,6743,6716,518,30,6.04
225.011931,6743,6720,518,30,6.04
225.111926,6743,6720,518,30,6.06
225.211919,6743,6720,221,30,6.06
225.311918,6743,6720,221,30,6.06
225.411931,6743,6720,221,30,6.04
225.51192,6743,6720,518,30,6.04
225.611921,6743,6716,518,30,6.04
225.71192,6743,6716,518,30,6.05
225.81192,6743,6720,221,30,6.05
225.91192,6743,6716,221,30,6.06
226.01192,6743,6716,221,30,6.06
226.111922,6743,6716,221,30,6.03
226.21192,6743,6712,452,30,6.03
226.311919,6743,6720,452,30,6.03
226.41192,6743,6716,452,30,6.05
226.511919,6743,6716,247,30,6.05
226.61192,6743,6716,247,30,6.05
226.711936,6743,6720,247,30,6.06
226.81192,6743,6716,247,30,6.06
226.911934,6743,6712,247,30,6.01
227.011921,6743,6716,247,30,6.01
227.111979,6743,6716,247,30,6.04
227.21192,6743,6720,83,30,6.04
227.311936,6743,6720,83,30,6.04
227.41192,6743,6720,83,30,6.06
227.511919,6743,6716,426,30,6.06
227.611919,6743,6716,426,30,6.06
227.711919,6743,6716,426,30,6.04
227.811921,6743,6720,221,30,6.04
227.91192,6743,6716,221,30,6.04
228.01192,6743,6720,221,30,6.04
228.111919,6743,6716,221,30,6.03
228.211924,6743,6720,247,30,6.03
228.311919,6743,6716,247,30,6.03
228.411919,6743,6716,247,30,6.04
228.511919,6743,6712,452,30,6.04
228.61192,6743,6716,452,30,6.04
228.71192,6743,6716,452,30,6.06
228.811919,6743,6716,247,30,6.06
228.911919,6743,6716,247,30,6.07
229.01192,6743,6716,247,30,6.07
229.11192,6743,6720,247,30,6.06
229.211919,6743,6716,247,30,6.06
229.31193,6743,6720,247,30,6.06
229.411919,6743,6716,247,30,6.03
229.511919,6743,6716,221,30,6.03
229.611919,6743,6720,221,30,6.03
229.711918,6743,6720,221,30,6.07
229.811922,6743,6716,247,30,6.07
229.91192,6743,6716,247,30,6.03
230.01192,6743,6716,247,30,6.03
230.11192,6743,6716,247,30,6.05
230.21192,6743,6720,83,30,6.05
230.311927,6743,6716,83,30,6.05
230.411919,6743,6716,83,30,6.02
230.511926,6743,6716,221,30,6.02
230.611926,6743,6720,221,30,6.02
230.711927,6743,6720,221,30,6.06
230.81192,6743,6720,221,30,6.06
230.911919,6743,6720,221,30,6.09
231.011919,6743,6720,221,30,6.09
231.111919,6743,6720,221,30,6.04
231.211928,6743,6716,247,30,6.04
231.31192,6743,6716,247,30,6.04
231.411919,6743,6716,247,30,6.04
231.511928,6743,6720,42,30,6.04
231.611921,6743,6716,42,30,6.04
231.711918,6743,6716,42,30,6.06
231.81192,6743,6716,247,30,6.06
231.911918,6743,6716,247,30,6.05
232.011921,6743,6720,247,30,6.05
232.11192,6743,6712,247,30,6.02
232.211921,6743,6720,42,30,6.02
232.311919,6743,6716,42,30,6.02
232.41192,6743,6720,42,30,6.05
232.511926,6743,6720,221,30,6.05
232.611919,6743,6716,221,30,6.05
232.711918,6743,6720,221,30,6.08
232.811919,6743,6724,221,30,6.08
232.911919,6743,6720,221,30,6.07
233.011921,6743,6716,221,30,6.07
233.11192,6743,6716,221,30,6.04
233.21192,6743,6720,221,30,6.04
233.31192,6743,6712,221,30,6.04
233.411921,6743,6720,221,30,6.03
233.511918,6743,6716,247,30,6.03
233.611921,6743,6712,247,30,6.03
233.711919,6743,6724,247,30,6.07
233.811937,6743,6724,221,30,6.07
233.91192,6743,6716,221,30,6.06
234.011942,6743,6716,221,30,6.06
234.11192,6743,6720,221,30,6.08
234.211938,6743,6720,385,30,6.08
234.311919,6743,6716,385,30,6.08
234.411937,6743,6716,385,30,6.05
234.511919,6743,6720,150,30,6.05
234.61196,6743,6716,150,30,6.05
234.711919,6743,6716,150,30,6.05
234.811948,6743,6720,221,30,6.05
234.91192,6743,6716,221,30,6.04
235.01192,6743,6712,221,30,6.04
235.111919,6743,6716,221,30,6.05
235.211918,6743,6716,247,30,6.05
235.311918,6743,6716,247,30,6.05
235.41192,6743,6716,247,30,6.04
235.51192,6743,6716,247,30,6.04
235.611919,6743,6716,247,30,6.04
235.711918,6743,6712,247,30,6.03
235.811919,6743,6712,284,30,6.03
235.911919,6743,6720,284,30,6.04
236.011919,6743,6720,284,30,6.04
236.111918,6743,6716,284,30,6.03
236.211919,6743,6712,284,30,6.03
236.311919,6743,6716,284,30,6.03
236.41192,6743,6716,284,30,6.03
236.51192,6743,6716,385,30,6.03
236.611919,6743,6720,385,30,6.03
236.711919,6743,6720,385,30,6.07
236.811919,6743,6716,247,30,6.07
236.911918,6743,6704,247,30,6.03
237.011919,6743,6704,247,30,6.03
237.111919,6743,6708,247,30,6.03
237.21192,6743,6712,247,30,6.03
237.311919,6743,6712,247,30,6.03
237.41192,6743,6712,247,30,6.05
237.511919,6743,6716,247,30,6.05
237.61192,6743,6712,247,30,6.05
237.711919,6743,6716,247,30,6.04
237.81192,6743,6712,80,30,6.04
237.911918,6743,6720,80,30,6.06
238.01192,6743,6712,80,31,6.06
238.111919,6743,6720,80,31,6.06
238.211919,6743,6716,247,31,6.06
238.31192,6743,6720,247,31,6.06
238.41192,6743,6720,247,31,6.05
238.511928,6743,6720,221,31,6.05
238.611921,6743,6716,221,31,6.05
238.71192,6743,6720,221,31,6.08
238.811921,6743,6724,17,31,6.08
238.91192,6743,6720,17,31,6.08
239.01192,6743,6720,17,31,6.08
239.111919,6743,6720,17,31,6.04
239.211927,6743,6720,247,31,6.04
239.311919,6743,6716,247,31,6.04
239.411924,6743,6720,247,31,6.09
239.511927,6743,6724,17,31,6.09
239.611954,6743,6724,17,31,6.09
239.71192,6743,6716,17,31,6.05
239.811942,6743,6716,247,31,6.05
239.91192,6743,6716,247,31,6.08
240.011937,6743,6720,247,31,6.08
240.111919,6743,6716,247,31,6.07
240.211921,6743,6716,221,31,6.07
240.311919,6743,6716,221,31,6.07
240.41192,6743,6720,221,31,6.1
240.51192,6743,6720,83,31,6.1
240.61192,6743,6716,83,31,6.1
240.711918,6743,6716,83,31,6.06
240.811921,6743,6716,247,31,6.06
240.911919,6743,6720,247,31,6.07
241.011927,6743,6716,247,31,6.07
241.111919,6743,6720,247,31,6.05
241.21192,6743,6716,426,31,6.05
241.31192,6743,6716,426,31,6.05
241.411919,6743,6720,426,31,6.06
241.511919,6743,6720,221,31,6.06
241.611928,6743,6716,221,31,6.06
241.711919,6743,6716,221,31,6.06
241.811921,6743,6720,221,31,6.06
241.911919,6743,6720,221,31,6.1
242.011921,6743,6716,221,31,6.1
242.111931,6743,6720,221,31,6.07
242.21192,6743,6720,247,31,6.07
242.311919,6743,6716,247,31,6.07
242.41192,6743,6720,247,31,6.06
242.511919,6743,6716,247,31,6.06
242.611919,6743,6716,247,31,6.06
242.711919,6743,6728,247,31,6.04
242.81192,6743,6720,247,31,6.04
242.911921,6743,6716,247,31,6.06
243.011919,6743,6716,247,31,6.06
243.111936,6743,6716,247,31,6.08
243.21192,6743,6724,221,31,6.08
243.31192,6743,6716,221,31,6.08
243.411919,6743,6712,221,31,6.06
243.511918,6743,6724,221,31,6.06
243.61193,6743,6720,221,31,6.06
243.711927,6743,6716,221,31,6.05
243.811921,6743,6716,247,31,6.05
243.911918,6743,6712,247,31,6.03
244.011919,6743,6712,247,31,6.03
244.111919,6743,6716,247,31,6.03
244.211919,6743,6712,366,31,6.03
244.311919,6743,6712,366,31,6.03
244.41192,6743,6716,366,31,6.04
244.511927,6743,6716,452,31,6.04
244.611918,6743,6716,452,31,6.04
244.711917,6743,6716,452,31,6.04
244.81192,6743,6712,284,31,6.04
244.911919,6743,6712,284,31,6.04
245.011919,6743,6716,284,31,6.04
245.111919,6743,6712,284,31,6.03
245.211921,6743,6712,247,31,6.03
245.311919,6743,6716,247,31,6.03
245.411918,6743,6716,247,31,6.04
245.511919,6743,6712,284,31,6.04
245.611918,6743,6708,284,31,6.04
245.71192,6743,6716,284,31,6.04
245.811921,6743,6712,284,31,6.04
245.911922,6743,6712,284,31,6.03
246.011929,6743,6716,284,31,6.03
246.111953,6743,6716,284,31,6.04
246.211919,6743,6716,247,31,6.04
246.311935,6743,6720,247,31,6.04
246.41192,6743,6716,247,31,6.03
246.511919,6743,6716,247,31,6.03
246.611919,6371,6688,247,31,6.03
246.71192,6371,6372,247,31,6.06
246.811927,6371,6364,204,31,6.06
246.911918,6371,6376,204,31,6.07
247.011919,6371,6368,204,31,6.07
247.111919,6371,6372,204,31,6.08
247.211917,6371,6372,0,31,6.08
247.311959,6371,6372,0,31,6.08
247.41192,6371,6372,0,31,6.08
247.511936,6371,6372,0,31,6.08
247.611919,6371,6372,0,31,6.08
247.711918,6371,6372,0,31,6.09
247.81192,6371,6372,0,31,6.09
247.911919,6371,6372,0,31,6.09
248.011919,6371,6372,0,31,6.09
248.111928,6371,6372,0,31,6.09
248.211921,6371,6372,0,31,6.09
248.311918,6371,6372,0,31,6.09
248.41192,6371,6372,0,31,6.09
248.51192,6371,6372,0,31,6.09
248.611919,6371,6372,0,31,6.09
248.711919,6371,6372,0,31,6.09
248.811919,6371,6372,0,31,6.09
248.911919,6371,6372,0,31,6.1
249.01192,6371,6372,0,31,6.1
249.11192,6371,6372,0,31,6.09
249.211919,6371,6372,0,31,6.09
249.311919,6371,6372,0,31,6.09
249.411919,6371,6372,0,31,6.1
249.51192,6371,6372,0,31,6.1
249.611919,6371,6372,0,31,6.1
249.711919,6371,6372,0,31,6.1
249.81192,6371,6372,0,31,6.1
249.911922,6371,6372,0,31,6.09
250.011919,6371,6372,0,31,6.09
250.11192,6371,6372,0,31,6.1
250.21192,6371,6372,0,31,6.1
250.311919,6371,6372,0,31,6.1
250.411921,6371,6372,0,31,6.1
250.511919,6371,6372,0,31,6.1
250.611919,6371,6372,0,31,6.1
250.711919,6371,6372,0,31,6.1
250.811919,6371,6372,0,31,6.1
250.91192,6371,6372,0,31,6.1
251.011919,6371,6372,0,31,6.1
251.111918,6371,6372,0,31,6.1
251.211919,6371,6372,0,31,6.1
251.311926,6371,6372,0,31,6.1
251.411918,6371,6372,0,31,6.1
251.511919,6371,6372,0,31,6.1
251.611919,6371,6372,0,31,6.1
251.71192,6371,6372,0,31,6.09
251.811919,6371,6372,0,31,6.09
251.911922,6371,6372,0,31,6.11
252.011919,6371,6372,0,31,6.11
252.111937,6371,6372,0,31,6.1
252.211921,6371,6372,0,31,6.1
252.311954,6371,6372,0,31,6.1
252.411927,6371,6372,0,31,6.09
252.511937,6371,6372,0,31,6.09
252.61192,6371,6372,0,31,6.09
252.711919,6371,6372,0,31,6.08
252.81192,6371,6372,0,31,6.08
252.911918,6371,6372,0,31,6.11
253.011919,6371,6372,0,31,6.11
253.111921,6371,6372,0,31,6.11
253.211932,6371,6372,0,31,6.11
253.311919,6371,6372,0,31,6.11
253.41192,6371,6372,0,31,6.11
253.511928,6371,6372,0,31,6.11
253.61192,6371,6372,0,31,6.11
253.711918,6371,6372,0,31,6.11
253.811919,6371,6372,0,31,6.11
253.91192,6371,6372,0,31,6.11
254.011919,6371,6372,0,31,6.11
254.111918,6371,6372,0,31,6.11
254.211926,6371,6372,0,31,6.11
254.311918,6371,6372,0,31,6.11
254.41192,6371,6372,0,31,6.11
254.511928,6371,6372,0,31,6.11
254.611919,6371,6372,0,31,6.11
254.711919,6371,6372,0,31,6.11
254.81192,6371,6372,0,31,6.11
254.911935,6371,6372,0,31,6.11
255.01192,6371,6372,0,31,6.11
255.111931,6371,6372,0,31,6.11
255.21192,6371,6372,0,31,6.11
255.311925,6371,6372,0,31,6.11
255.41193,6371,6372,0,31,6.1
255.51192,6371,6372,0,31,6.1
255.611953,6371,6372,0,31,6.1
255.711919,6371,6372,0,31,6.1
255.811936,6371,6372,0,31,6.1
255.911926,6371,6372,0,31,6.11
256.011919,6371,6372,0,31,6.11
256.111918,6371,6372,0,31,6.1
256.211919,6371,6372,0,31,6.1
256.311918,6371,6372,0,31,6.1
256.411918,6371,6372,0,31,6.1
256.511921,6371,6372,0,31,6.1
256.61192,6371,6372,0,31,6.1
256.711919,6371,6372,0,31,6.11
256.811923,6371,6372,0,31,6.11
256.911918,6371,6372,0,31,6.1
257.01192,6371,6372,0,31,6.1
257.111918,6371,6372,0,31,6.1
257.21192,6371,6372,0,31,6.1
257.311918,6371,6372,0,31,6.1
257.411919,6371,6372,0,31,6.1
257.511919,6371,6372,0,31,6.1
257.611919,6371,6372,0,31,6.1
257.711919,6371,6372,0,31,6.11
257.811922,6371,6372,0,31,6.11
257.91192,6371,6372,0,31,6.1
258.01192,6371,6372,0,31,6.1
258.11192,6371,6372,0,31,6.11
258.21192,6371,6372,0,31,6.11
258.311918,6371,6372,0,31,6.11
258.411928,6371,6372,0,31,6.1
258.51192,6371,6372,0,31,6.1
258.611919,6371,6372,0,31,6.1
258.711918,6371,6372,0,31,6.12
258.81192,6371,6372,0,31,6.12
258.911918,6371,6372,0,31,6.11
259.011919,6371,6372,0,31,6.11
259.111918,6371,6372,0,31,6.11
259.211919,6371,6372,0,31,6.11
259.31192,6371,6372,0,31,6.11
259.41192,6371,6372,0,31,6.11
259.511926,6371,6372,0,31,6.11
259.611917,6371,6372,0,31,6.11
259.711919,6371,6372,0,31,6.11
259.811925,6371,6372,0,31,6.11
259.911926,6371,6372,0,31,6.11
260.011919,6371,6372,0,31,6.11
260.111918,6371,6372,0,31,6.11
260.211919,6371,6372,0,31,6.11
260.311919,6371,6372,0,31,6.11
260.41192,6371,6372,0,31,6.11
260.511918,6371,6372,0,31,6.11
260.611918,6371,6372,0,31,6.11
260.711917,6371,6372,0,31,6.1
260.811926,6371,6372,0,31,6.1
260.91192,6371,6372,0,31,6.12
261.011919,6371,6372,0,31,6.12
261.111919,6371,6372,0,31,6.11
261.211918,6371,6372,0,31,6.11
261.311927,6371,6372,0,31,6.11
261.41192,6371,6372,0,31,6.11
261.511918,6371,6372,0,31,6.11
261.611922,6371,6372,0,31,6.11
261.71192,6371,6372,0,31,6.11
261.81192,6371,6372,0,31,6.11
261.911918,6371,6372,0,31,6.1
262.01192,6371,6372,0,31,6.1
262.11192,6371,6372,0,31,6.11
262.21192,6371,6372,0,31,6.11
262.311919,6371,6372,0,31,6.11
262.411921,6371,6372,0,31,6.11
262.511918,6371,6372,0,31,6.11
262.611928,6371,6372,0,31,6.11
262.711919,6371,6372,0,31,6.11
262.811927,6371,6372,0,31,6.11
262.911919,6371,6372,0,31,6.11
263.01192,6371,6372,0,31,6.11
263.111919,6371,6372,0,31,6.11
263.211919,6371,6372,0,31,6.11
263.31192,6371,6372,0,31,6.11
263.41192,6371,6372,0,31,6.11
263.51192,6371,6372,0,31,6.11
263.611922,6371,6372,0,31,6.11
263.711919,6371,6372,0,31,6.1
263.811928,6371,6372,0,31,6.1
263.911919,6371,6372,0,31,6.11
264.011922,6371,6372,0,31,6.11
264.11192,6371,6372,0,31,6.1
264.211955,6371,6372,0,31,6.1
264.311919,6371,6372,0,31,6.1
264.411935,6371,6372,0,31,6.08
264.511943,6371,6372,0,31,6.08
264.611938,6371,6372,0,31,6.08
264.711953,6371,6372,0,31,6.09
264.81195,6371,6372,0,31,6.09
264.911936,6371,6372,0,31,6.08
265.011981,6371,6372,0,31,6.08
265.111921,6371,6372,0,31,6.09
265.211934,6371,6372,0,31,6.09
265.311918,6371,6372,0,31,6.09
265.41192,6371,6372,0,31,6.09
265.511926,6371,6372,0,31,6.09
265.611918,6371,6372,0,31,6.09
265.711918,6371,6372,0,31,6.09
265.811919,6371,6372,0,31,6.09
265.911928,6371,6372,0,31,6.1
266.011919,6371,6372,0,31,6.1
266.111918,6371,6372,0,31,6.09
266.21192,6371,6372,0,31,6.09
266.311917,6371,6372,0,31,6.09
266.411919,6371,6372,0,31,6.1
266.511918,6371,6372,0,31,6.1
266.611917,6371,6372,0,31,6.1
266.711919,6371,6372,0,31,6.09
266.811919,6371,6372,0,31,6.09
266.911919,6371,6372,0,31,6.09
267.011918,6371,6372,0,31,6.09
267.111919,6371,6372,0,31,6.09
267.211918,6371,6372,0,31,6.09
267.31192,6371,6372,0,31,6.09
267.411921,6371,6372,0,31,6.1
267.511919,6371,6372,0,31,6.1
267.611919,6371,6372,0,31,6.1
267.711919,6371,6372,0,31,6.09
267.81192,6371,6372,0,31,6.09
267.91192,6371,6372,0,31,6.1
268.01192,6371,6372,0,32,6.1
268.11192,6371,6372,0,32,6.1
268.211921,6371,6372,0,32,6.1
268.311919,6371,6372,0,32,6.1
268.411919,6371,6372,0,32,6.11
268.511927,6371,6372,0,32,6.11
268.611918,6371,6372,0,32,6.11
268.71192,6371,6372,0,32,6.1
268.811919,6371,6372,0,32,6.1
268.911919,6371,6372,0,32,6.11
269.011921,6371,6372,0,32,6.11
269.111926,6371,6372,0,32,6.1
269.21192,6371,6372,0,32,6.1
269.311919,6371,6372,0,32,6.1
269.41192,6371,6372,0,32,6.11
269.511918,6371,6372,0,32,6.11
269.61192,6371,6372,0,32,6.11
269.711922,6371,6372,0,32,6.11
269.811921,6371,6372,0,32,6.11
269.911926,6371,6372,0,32,6.1
270.011919,6371,6372,0,32,6.1
270.111919,6371,6372,0,32,6.11
270.211919,6371,6372,0,32,6.11
270.311919,6371,6372,0,32,6.11
270.411919,6371,6372,0,32,6.1
270.511919,6371,6372,0,32,6.1
270.611919,6371,6372,0,32,6.1
270.71192,6371,6372,0,32,6.11
270.81192,6371,6372,0,32,6.11
270.911918,6371,6372,0,32,6.11
271.011919,6371,6372,0,32,6.11
271.111917,6371,6372,0,32,6.11
271.21192,6371,6372,0,32,6.11
271.311919,6371,6372,0,32,6.11
271.411919,6371,6372,0,32,6.11
271.511919,6371,6372,0,32,6.11
271.611919,6371,6372,0,32,6.11
271.711919,6371,6372,0,32,6.11
271.81192,6371,6372,0,32,6.11
271.911918,6371,6372,0,32,6.1
272.011929,6371,6372,0,32,6.1
272.111919,6371,6372,0,32,6.1
272.21192,6371,6372,0,32,6.1
272.311927,6371,6372,0,32,6.1
272.411919,6371,6372,0,32,6.1
272.51192,6371,6372,0,32,6.1
272.611919,6371,6372,0,32,6.1
272.711918,6371,6372,0,32,6.11
272.811919,6371,6372,0,32,6.11
272.911919,6371,6372,0,32,6.1
273.011921,6371,6372,0,32,6.1
273.111918,6371,6372,0,32,6.11
273.21192,6371,6372,0,32,6.11
273.311919,6371,6372,0,32,6.11
273.411918,6371,6372,0,32,6.11
273.511918,6371,6372,0,32,6.11
273.611923,6371,6372,0,32,6.11
273.711918,6371,6372,0,32,6.11
273.811958,6371,6372,0,32,6.11
273.911919,6371,6372,0,32,6.1
274.011937,6371,6372,0,32,6.1
274.111919,6371,6372,0,32,6.11
274.211921,6371,6372,0,32,6.11
274.311918,6371,6372,0,32,6.11
274.411923,6371,6372,0,32,6.1
274.511919,6371,6372,0,32,6.1
274.611919,6371,6372,0,32,6.1
274.711918,6371,6372,0,32,6.11
274.81192,6371,6372,0,32,6.11
274.911918,6371,6372,0,32,6.11
275.011918,6371,6372,0,32,6.11
275.111918,6371,6372,0,32,6.11
275.211918,6371,6372,0,32,6.11
275.311919,6371,6372,0,32,6.11
275.411924,6371,6372,0,32,6.11
275.511918,6371,6372,0,32,6.11
275.611918,6371,6372,0,32,6.11
275.71192,6371,6372,0,32,6.11
275.811926,6371,6372,0,32,6.11
275.911919,6371,6372,0,32,6.1
276.01192,6371,6372,0,32,6.1
276.11192,6371,6372,0,32,6.1
276.211919,6371,6372,0,32,6.1
276.311918,6371,6372,0,32,6.1
276.411922,6371,6372,0,32,6.11
276.51192,6371,6372,0,32,6.11
276.611919,6371,6372,0,32,6.11
276.71192,6371,6372,0,32,6.1
276.81192,6371,6372,0,32,6.1
276.911922,6371,6372,0,32,6.11
277.011919,6371,6372,0,32,6.11
277.11194,6371,6372,0,32,6.1
277.211941,6371,6372,0,32,6.1
277.31196,6371,6372,0,32,6.1
277.411918,6371,6372,0,32,6.11
277.511951,6371,6372,0,32,6.11
277.611919,6371,6372,0,32,6.11
277.711941,6371,6372,0,32,6.11
277.811921,6371,6372,0,32,6.11
277.911955,6371,6372,0,32,6.1
278.011919,6371,6372,0,32,6.1
278.111935,6371,6372,0,32,6.11
278.211919,6371,6372,0,32,6.11
278.311925,6371,6372,0,32,6.11
278.411922,6371,6372,0,32,6.11
278.511935,6371,6372,0,32,6.11
278.611937,6371,6372,0,32,6.11
278.711937,6371,6372,0,32,6.11
278.811938,6371,6372,0,32,6.11
278.911923,6371,6372,0,32,6.1
279.011937,6371,6372,0,32,6.1
279.111961,6371,6372,0,32,6.11
279.211935,6371,6372,0,32,6.11
279.311936,6371,6372,0,32,6.11
279.411936,6371,6372,0,32,6.11
279.511927,6371,6372,0,32,6.11
279.611918,6371,6372,0,32,6.11
279.711919,6371,6372,0,32,6.1
279.811919,6371,6372,0,32,6.1
279.911918,6371,6372,0,32,6.11
280.011921,6371,6372,0,32,6.11
280.111918,6371,6372,0,32,6.11
280.211919,6371,6372,0,32,6.11
280.311918,6371,6372,0,32,6.11
280.41192,6371,6372,0,32,6.11
280.511918,6371,6372,0,32,6.11
280.611919,6371,6372,0,32,6.11
280.711919,6371,6372,0,32,6.1
280.811918,6371,6372,0,32,6.1
280.911925,6371,6372,0,32,6.1
281.011919,6371,6372,0,32,6.1
281.111918,6371,6372,0,32,6.09
281.211919,6371,6372,0,32,6.09
281.311927,6371,6372,0,32,6.09
281.411919,6371,6372,0,32,6.11
281.511919,6371,6372,0,32,6.11
281.611919,6371,6372,0,32,6.11
281.711918,6371,6372,0,32,6.11
281.811919,6371,6372,0,32,6.11
281.911919,6371,6372,0,32,6.11
282.011921,6371,6372,0,32,6.11
282.111919,6371,6372,0,32,6.11
282.211919,6371,6372,0,32,6.11
282.311919,6371,6372,0,32,6.11
282.411929,6371,6372,0,32,6.11
282.51192,6371,6372,0,32,6.11
282.611918,6371,6372,0,32,6.11
282.711918,6371,6372,0,32,6.11
282.81192,6371,6372,0,32,6.11
282.911919,6371,6372,0,32,6.1
283.01192,6371,6372,0,32,6.1
283.111936,6371,6372,0,32,6.11
283.21192,6371,6372,0,32,6.11
283.311948,6371,6372,0,32,6.11
283.41192,6371,6372,0,32,6.11
283.511935,6371,6372,0,32,6.11
283.611921,6371,6372,0,32,6.11
283.711918,6371,6372,0,32,6.11
283.81192,6371,6372,0,32,6.11
283.911919,6371,6372,0,32,6.11
284.011919,6371,6372,0,32,6.11
284.111919,6371,6372,0,32,6.11
284.21192,6371,6372,0,32,6.11
284.311918,6371,6372,0,32,6.11
284.411918,6371,6372,0,32,6.12
284.511934,6371,6372,0,32,6.12
284.611919,6371,6372,0,32,6.12
284.711919,6371,6372,0,32,6.11
284.81192,6371,6372,0,32,6.11
284.911919,6371,6372,0,32,6.11
285.011918,6371,6372,0,32,6.11
285.111918,6371,6372,0,32,6.11
285.211929,6371,6372,0,32,6.11
285.31192,6371,6372,0,32,6.11
285.411921,6371,6372,0,32,6.11
285.511919,6371,6372,0,32,6.11
285.61192,6371,6372,0,32,6.11
285.71192,6371,6372,0,32,6.1
285.81192,6371,6372,0,32,6.1
285.911922,6371,6372,0,32,6.11
286.011919,6371,6372,0,32,6.11
286.11192,6371,6372,0,32,6.11
286.21192,6371,6372,0,32,6.11
286.311919,6371,6372,0,32,6.11
286.411924,6371,6372,0,32,6.1
286.511921,6371,6372,0,32,6.1
286.611918,6371,6372,0,32,6.1
286.711927,6371,6372,0,32,6.11
286.811919,6371,6372,0,32,6.11
286.911919,6371,6372,0,32,6.11
287.011921,6371,6372,0,32,6.11
287.11192,6371,6372,0,32,6.1
287.211919,6371,6372,0,32,6.1
287.311918,6371,6372,0,32,6.1
287.411918,6371,6372,0,32,6.11
287.51192,6371,6372,0,32,6.11
287.611919,6371,6372,0,32,6.11
287.711918,6371,6372,0,32,6.1
287.811927,6371,6372,0,32,6.1
287.911918,6371,6372,0,32,6.09
288.011918,6371,6372,0,32,6.09
288.111918,6371,6372,0,32,6.11
288.211919,6371,6372,0,32,6.11
288.311918,6371,6372,0,32,6.11
288.411924,6371,6372,0,32,6.05
288.511919,6371,6372,0,32,6.05
288.61196,6371,6372,0,32,6.05
288.711918,6371,6372,0,32,6.1
288.811937,6371,6372,0,32,6.1
288.911919,6371,6372,0,32,6.09
289.011919,6371,6372,0,32,6.09
289.111919,6371,6372,0,32,6.1
289.211919,6371,6372,0,32,6.1
289.31192,6371,6372,0,32,6.1
289.411918,6371,6372,0,32,6.09
289.511919,6371,6372,0,32,6.09
289.611928,6371,6372,0,32,6.09
289.711919,6371,6372,0,32,6.11
289.81192,6371,6372,0,32,6.11
289.91192,6371,6372,0,32,6.11
290.011921,6371,6372,0,32,6.11
290.111918,6371,6372,0,32,6.09
290.21192,6371,6372,0,32,6.09
290.311918,6371,6372,0,32,6.09
290.411941,6371,6372,0,32,6.1
290.511918,6371,6372,0,32,6.1
290.611956,6371,6372,0,32,6.1
290.711919,6371,6372,0,32,6.1
290.811936,6371,6372,0,32,6.1
290.91192,6371,6372,0,32,6.11
291.011919,6371,6372,0,32,6.11
291.11192,6371,6372,0,32,6.1
291.211918,6371,6372,0,32,6.1
291.311919,6371,6372,0,32,6.1
291.41192,6371,6372,0,32,6.11
291.511919,6371,6372,0,32,6.11
291.611919,6371,6372,0,32,6.11
291.711919,6371,6372,0,32,6.11
291.811921,6371,6372,0,32,6.11
291.911918,6371,6372,0,32,6.11
292.011925,6371,6372,0,32,6.11
292.111919,6371,6372,0,32,6.11
292.211919,6371,6372,0,32,6.11
292.311919,6371,6372,0,32,6.11
292.411954,6371,6372,0,32,6.11
292.511918,6371,6372,0,32,6.11
292.611948,6371,6372,0,32,6.11
292.711918,6371,6372,0,32,6.1
292.811919,6371,6372,0,32,6.1
292.911927,6371,6372,0,32,6.11
293.01192,6371,6372,0,32,6.11
293.111919,6371,6372,0,32,6.11
293.211918,6371,6372,0,32,6.11
293.311919,6371,6372,0,32,6.11
293.411919,6371,6372,0,32,6.11
293.511918,6371,6372,0,32,6.11
293.611919,6371,6372,0,32,6.11
293.711918,6371,6376,0,32,6.1
293.811919,6371,6372,0,32,6.1
293.91192,6371,6372,0,32,6.11
294.011919,6371,6372,0,32,6.11
294.11192,6371,6372,0,32,6.11
294.211919,6371,6372,0,32,6.11
294.31192,6371,6372,0,32,6.11
294.411919,6371,6372,0,32,6.12
294.51192,6371,6372,0,32,6.12
294.61192,6371,6372,0,32,6.12
294.71192,6371,6372,0,32,6.11
294.811935,6371,6372,0,32,6.11
294.911936,6371,6372,0,32,6.11
295.011937,6371,6372,0,32,6.11
295.111948,6371,6372,0,32,6.11
295.211935,6371,6372,0,32,6.11
295.311943,6371,6372,0,32,6.11
295.411935,6371,6372,0,32,6.1
295.511936,6371,6372,0,32,6.1
295.611918,6371,6372,0,32,6.1
295.711918,6371,6372,0,32,6.11
295.811926,6371,6372,0,32,6.11
295.911918,6371,6372,0,32,6.11
296.011919,6371,6372,0,32,6.11
296.111918,6743,6544,0,32,5.89
296.211919,6743,6720,221,32,5.89
296.31192,6743,6720,221,32,5.89
296.411918,6743,6720,221,32,6.07
296.51192,6743,6716,247,32,6.07
296.611919,6743,6724,247,32,6.07
296.711918,6743,6716,247,32,6.08
296.811919,6743,6724,221,32,6.08
296.911919,6743,6720,221,32,6.06
297.011919,6743,6728,221,32,6.06
297.111919,6743,6728,221,32,6.09
297.211919,6743,6724,17,32,6.09
297.311918,6743,6720,17,32,6.09
297.411919,6743,6720,17,32,6.1
297.51192,6743,6720,221,32,6.1
297.611919,6743,6724,221,32,6.1
297.711918,6743,6724,221,32,6.08
297.81192,6743,6724,17,32,6.08
297.911918,6743,6724,17,32,6.08
298.011919,6743,6724,17,32,6.08
298.111918,6743,6724,17,32,6.06
298.211919,6743,6716,221,32,6.06
298.311918,6743,6716,221,32,6.06
298.41192,6743,6716,221,32,6.07
298.511919,6743,6720,42,32,6.07
298.611919,6743,6724,42,32,6.07
298.711917,6743,6724,42,32,6.06
298.811922,6743,6720,221,32,6.06
298.911917,6743,6724,221,32,6.06
299.01192,6743,6720,221,32,6.06
299.111918,6743,6720,221,32,6.08
299.211919,6743,6716,426,32,6.08
299.311919,6743,6716,426,32,6.08
299.411919,6743,6716,426,32,6.08
299.511921,6743,6716,385,32,6.08
299.611919,6743,6716,385,32,6.08
299.711919,6743,6720,385,32,6.09
299.81192,6743,6716,247,32,6.09
299.911919,6743,6724,247,32,6.11
300.011921,6743,6720,247,32,6.11
300.11192,6743,6720,247,32,6.09
300.211921,6743,6720,58,32,6.09
300.31192,6743,6720,58,32,6.09
300.41192,6743,6720,58,32,6.08
300.511919,6743,6724,150,32,6.08
300.611919,6743,6720,150,32,6.08
300.71192,6743,6720,150,32,6.06
300.811923,6743,6720,42,32,6.06
300.911936,6743,6720,42,32,6.06
301.011919,6743,6716,42,32,6.06
301.111975,6743,6716,42,32,6.07
301.211919,6743,6716,385,32,6.07
301.311956,6743,6712,385,32,6.07
301.41192,6743,6716,385,32,6.09
301.511947,6743,6716,556,32,6.09
301.611918,6743,6716,556,32,6.09
301.711917,6743,6716,556,32,6.09
301.81192,6743,6716,247,32,6.09
301.911924,6743,6712,247,32,6.1
302.011918,6743,6716,247,32,6.1
302.111918,6743,6716,247,32,6.1
302.211919,6743,6716,247,32,6.1
302.311919,6743,6716,247,32,6.1
302.411919,6743,6716,247,32,6.09
302.511929,6743,6716,247,32,6.09
302.611939,6743,6720,247,32,6.09
302.71192,6743,6716,247,32,6.08
302.811923,6743,6720,385,32,6.08
302.911919,6743,6724,385,32,6.06
303.011919,6743,6728,385,32,6.06
303.111941,6743,6724,385,32,6.09
303.211919,6743,6724,221,32,6.09
303.311954,6743,6728,221,32,6.09
303.41192,6743,6724,221,32,6.08
303.511939,6743,6724,221,32,6.08
303.611921,6743,6724,221,32,6.08
303.711938,6743,6724,221,32,6.06
303.81192,6743,6724,259,32,6.06
303.91192,6743,6724,259,32,6.07
304.01192,6743,6724,259,32,6.07
304.111927,6743,6720,259,32,6.06
304.211921,6743,6720,42,32,6.06
304.311958,6743,6720,42,32,6.06
304.411919,6743,6716,42,32,6.09
304.511955,6743,6716,247,32,6.09
304.611921,6743,6720,247,32,6.09
304.711934,6743,6720,247,32,6.09
304.81192,6743,6720,221,32,6.09
304.911921,6743,6720,221,32,6.09
305.011922,6743,6720,221,32,6.09
305.111919,6743,6720,221,32,6.08
305.211918,6743,6712,411,32,6.08
305.311919,6743,6716,411,32,6.08
305.41192,6743,6716,411,32,6.08
305.51192,6743,6724,83,32,6.08
305.611918,6743,6716,83,32,6.08
305.711918,6743,6712,83,32,6.09
305.811919,6743,6720,221,32,6.09
305.911918,6743,6720,221,32,6.07
306.011921,6743,6724,221,32,6.07
306.111919,6743,6728,221,32,6.1
306.211919,6743,6724,221,32,6.1
306.311928,6743,6720,221,32,6.1
306.41192,6743,6724,221,32,6.09
306.511919,6743,6724,445,32,6.09
306.611918,6743,6728,445,32,6.09
306.711927,6743,6724,445,32,6.01
306.811918,6743,6716,221,32,6.01
306.91192,6743,6720,221,32,6.09
307.011918,6743,6716,221,32,6.09
307.111918,6743,6716,221,32,6.08
307.211919,6743,6716,221,32,6.08
307.311919,6743,6716,221,32,6.08
307.411921,6743,6716,221,32,6.05
307.511917,6371,6684,2395,32,6.05
307.611919,6371,6380,2395,32,6.05
307.711917,6371,6368,2395,32,6.09
307.811919,6371,6376,204,32,6.09
307.911919,6371,6368,204,32,6.09
308.011918,6371,6372,204,32,6.09
308.111919,6371,6372,204,32,6.1
308.211918,6371,6372,0,32,6.1
308.311918,6371,6372,0,32,6.1
308.411919,6371,6372,0,32,6.12
308.511919,6371,6376,308,32,6.12
308.611918,6371,6372,308,32,6.12
308.711919,6371,6372,308,32,6.08
308.811925,6371,6372,0,32,6.08
308.911917,6371,6372,0,32,6.11
309.011918,6371,6372,0,32,6.11
309.111917,6371,6372,0,32,6.09
309.211918,6371,6372,0,32,6.09
309.311919,6371,6372,0,32,6.09
309.411919,6371,6372,0,32,6.1
309.51192,6371,6372,0,32,6.1
309.611939,6371,6372,0,32,6.1
309.711918,6371,6372,0,32,6.11
309.811919,6371,6372,0,32,6.11
309.911926,6371,6372,0,32,6.1
310.011919,6371,6372,0,32,6.1
310.111918,6371,6372,0,32,6.1
310.21192,6371,6372,0,32,6.1
310.311927,6371,6372,0,32,6.1
310.411919,6371,6372,0,32,6.1
310.511919,6371,6372,0,32,6.1
310.61192,6371,6372,0,32,6.1
310.711919,6371,6372,0,32,6.11
310.811919,6371,6372,0,32,6.11
310.911917,6371,6372,0,32,6.11
311.011918,6371,6372,0,32,6.11
311.111929,6371,6372,0,32,6.1
311.21191,6371,6372,0,32,6.1
311.31191,6371,6372,0,32,6.1
311.411911,6371,6372,0,32,6.11
311.511911,6371,6372,0,32,6.11
311.611911,6371,6372,0,32,6.11
311.71191,6371,6372,0,32,6.11
311.811912,6371,6372,0,32,6.11
311.911911,6371,6372,0,32,6.1
312.011912,6371,6372,0,32,6.1
312.11191,6371,6372,0,32,6.11
312.211912,6371,6372,0,32,6.11
312.311927,6371,6372,0,32,6.11
312.411911,6371,6372,0,32,6.11
312.51191,6371,6372,0,32,6.11
312.611911,6371,6372,0,32,6.11
312.711911,6371,6372,0,32,6.1
312.811914,6371,6372,0,32,6.1
312.91191,6371,6372,0,32,6.1
313.011911,6371,6372,0,32,6.1
313.111915,6371,6372,0,32,6.11
313.211935,6371,6372,0,32,6.11
313.311912,6371,6372,0,32,6.11
313.411946,6371,6372,0,32,6.11
313.51191,6371,6372,0,32,6.11
313.611939,6371,6372,0,32,6.11
313.711911,6371,6372,0,32,6.1
313.811913,6371,6372,0,32,6.1
313.911909,6371,6372,0,32,6.1
314.011911,6371,6372,0,32,6.1
314.11192,6371,6372,0,32,6.1
314.211912,6371,6372,0,32,6.1
314.31191,6371,6372,0,32,6.1
314.411935,6371,6372,0,32,6.11
314.511911,6371,6372,0,32,6.11
314.611931,6371,6372,0,32,6.11
314.711911,6371,6372,0,32,6.1
314.811928,6371,6372,0,32,6.1
314.911911,6371,6372,0,32,6.1
315.01192,6371,6372,0,32,6.1
315.111909,6371,6372,0,32,6.11
315.211913,6371,6372,0,32,6.11
315.311911,6371,6372,0,32,6.11
315.41191,6371,6372,0,32,6.1
315.51191,6371,6372,0,32,6.1
315.611911,6371,6372,0,32,6.1
315.711911,6371,6372,0,32,6.1
315.811911,6371,6372,0,32,6.1
315.911911,6371,6372,0,32,6.11
316.011912,6371,6372,0,32,6.11
316.111923,6371,6372,0,32,6.11
316.211911,6371,6372,0,32,6.11
316.311912,6371,6372,0,32,6.11
316.411911,6371,6372,0,32,6.11
316.51191,6371,6372,0,32,6.11
316.611912,6371,6372,0,32,6.11
316.711911,6371,6372,0,32,6.11
316.811946,6371,6372,0,32,6.11
316.91192,6371,6372,0,32,6.1
317.011924,6371,6372,0,32,6.1
317.111922,6371,6372,0,32,6.1
317.211929,6371,6372,0,32,6.1
317.311912,6371,6372,0,32,6.1
317.411928,6371,6372,0,32,6.11
317.51191,6371,6372,0,32,6.11
317.611912,6371,6372,0,32,6.11
317.711911,6371,6372,0,32,6.1
317.811919,6371,6372,0,32,6.1
317.911911,6371,6372,0,32,6.1
318.011912,6371,6372,0,32,6.1
318.111911,6371,6372,0,32,6.1
318.211911,6371,6372,0,32,6.1
318.311911,6371,6372,0,32,6.1
318.411919,6371,6372,0,32,6.1
318.51191,6371,6372,0,32,6.1
318.611911,6371,6372,0,32,6.1
318.711911,6371,6372,0,32,6.1
318.811912,6371,6372,0,32,6.1
318.911911,6371,6372,0,32,6.11
319.011912,6371,6372,0,32,6.11
319.111913,6371,6372,0,32,6.1
319.211919,6371,6372,0,32,6.1
319.31191,6371,6372,0,32,6.1
319.41191,6371,6372,0,32,6.11
319.51191,6371,6372,0,32,6.11
319.61191,6371,6372,0,32,6.11
319.711911,6371,6372,0,32,6.11
319.81191,6371,6372,0,32,6.11
319.911911,6371,6372,0,32,6.1
320.011909,6371,6372,0,32,6.1
320.111911,6371,6372,0,32,6.1
320.211912,6371,6372,0,32,6.1
320.311911,6371,6372,0,32,6.1
320.411912,6371,6372,0,32,6.1
320.511912,6371,6372,0,32,6.1
320.611912,6371,6372,0,32,6.1
320.711911,6371,6372,0,32,6.1
320.811911,6371,6372,0,32,6.1
320.91191,6371,6372,0,32,6.1
321.011911,6371,6372,0,32,6.1
321.11191,6371,6372,0,32,6.11
321.211914,6371,6372,0,32,6.11
321.31191,6371,6372,0,32,6.11
321.411912,6371,6372,0,32,6.11
321.511912,6371,6372,0,32,6.11
321.611911,6371,6372,0,32,6.11
321.711911,6371,6372,0,32,6.11
321.811911,6371,6372,0,32,6.11
321.911912,6371,6372,0,32,6.1
322.011912,6371,6372,0,32,6.1
322.111911,6371,6372,0,32,6.11
322.211912,6371,6372,0,32,6.11
322.311911,6371,6372,0,32,6.11
322.411911,6371,6372,0,32,6.11
322.511912,6371,6372,0,32,6.11
322.611911,6371,6372,0,32,6.11
322.711911,6371,6372,0,32,6.1
322.811912,6371,6372,0,32,6.1
322.911912,6371,6372,0,32,6.11
323.011911,6371,6372,0,32,6.11
323.111911,6743,6548,0,32,5.9
323.211912,6743,6716,385,32,5.9
323.311912,6743,6716,385,32,5.9
323.411911,6743,6720,385,32,6.1
323.511912,6743,6716,452,32,6.1
323.61191,6743,6712,452,32,6.1
323.711913,6743,6716,452,32,6.06
323.811909,6743,6716,247,32,6.06
323.911943,6743,6720,247,32,6.06
324.011915,6743,6720,247,32,6.06
324.111946,6743,6716,247,32,6.06
324.211911,6743,6716,247,32,6.06
324.311928,6743,6716,247,32,6.06
324.411911,6743,6716,247,32,6.07
324.511933,6743,6720,221,32,6.07
324.611911,6743,6716,221,32,6.07
324.711958,6743,6712,221,32,6.06
324.811911,6743,6716,80,32,6.06
324.911929,6743,6716,80,32,6.1
325.011911,6743,6716,80,32,6.1
325.11191,6743,6720,80,32,6.07
325.211911,6743,6720,221,32,6.07
325.31191,6743,6720,221,32,6.07
325.411914,6743,6716,221,32,6.08
325.511911,6743,6716,426,32,6.08
325.611912,6743,6716,426,32,6.08
325.71191,6743,6720,426,32,6.09
325.811912,6743,6720,221,32,6.09
325.91192,6743,6716,221,32,6.09
326.01191,6743,6712,221,32,6.09
326.11191,6743,6716,221,32,6.06
326.211919,6743,6716,247,32,6.06
326.31191,6743,6716,247,32,6.06
326.41191,6743,6716,247,32,6.09
326.511912,6743,6720,221,32,6.09
326.611912,6743,6720,221,32,6.09
326.711911,6743,6720,221,32,6.09
326.811912,6743,6716,247,32,6.09
326.911911,6743,6716,247,32,6.08
327.011913,6743,6716,247,32,6.08
327.111911,6743,6716,247,32,6.06
327.211911,6743,6716,247,32,6.06
327.311912,6743,6720,247,32,6.06
327.411913,6743,6720,247,32,6.07
327.511919,6743,6716,247,32,6.07
327.611911,6743,6716,247,32,6.07
327.711911,6743,6720,247,32,6.08
327.811912,6743,6720,221,32,6.08
327.911918,6743,6712,221,32,6.08
328.011912,6743,6716,221,32,6.08
328.111923,6743,6720,221,32,6.1
328.211911,6743,6720,221,32,6.1
328.311919,6743,6720,221,32,6.1
328.411912,6743,6716,221,32,6.08
328.511934,6743,6720,221,32,6.08
328.611919,6743,6716,221,32,6.08
328.711946,6743,6716,221,32,6.07
328.811911,6743,6720,221,32,6.07
328.911949,6743,6720,221,32,6.08
329.011912,6743,6720,221,32,6.08
329.111929,6743,6716,221,32,6.09
329.211919,6743,6716,247,32,6.09
329.311911,6743,6716,247,32,6.09
329.411912,6743,6716,247,32,6.06
329.511911,6743,6720,247,32,6.06
329.611911,6743,6716,247,32,6.06
329.711913,6743,6720,247,32,6.08
329.811912,6743,6716,247,32,6.08
329.911912,6743,6716,247,32,6.07
330.011911,6743,6720,247,32,6.07
330.111914,6743,6716,247,32,6.07
330.211914,6743,6720,58,32,6.07
330.311911,6743,6716,58,32,6.07
330.411912,6743,6716,58,32,6.05
330.511912,6743,6720,426,32,6.05
330.611913,6743,6720,426,32,6.05
330.711912,6743,6716,426,32,6.08
330.811912,6743,6720,221,32,6.08
330.911912,6743,6716,221,32,6.07
331.011912,6743,6720,221,32,6.07
331.111911,6743,6720,221,32,6.08
331.211912,6743,6716,518,32,6.08
331.31191,6743,6720,518,32,6.08
331.411911,6743,6720,518,32,6.11
331.511911,6743,6716,221,32,6.11
331.61191,6743,6720,221,32,6.11
331.711911,6743,6716,221,32,6.09
331.811912,6743,6720,58,32,6.09
331.911911,6743,6720,58,32,6.09
332.011919,6743,6720,58,32,6.09
332.111911,6743,6716,58,32,6.08
332.211912,6743,6716,247,32,6.08
332.311911,6743,6716,247,32,6.08
332.411912,6743,6716,247,32,6.08
332.511916,6743,6720,221,32,6.08
332.611912,6743,6716,221,32,6.08
332.711911,6743,6716,221,32,6.07
332.811912,6743,6720,221,32,6.07
332.911912,6743,6720,221,32,6.06
333.011912,6743,6720,221,32,6.06
333.111912,6743,6720,221,32,6.11
333.211912,6743,6716,247,32,6.11
333.31191,6743,6720,247,32,6.11
333.411913,6743,6716,247,32,6.06
333.511911,6743,6720,221,32,6.06
333.611912,6743,6720,221,32,6.06
333.711911,6743,6720,221,32,6.07
333.811911,6743,6720,247,32,6.07
333.911909,6743,6720,247,32,6.11
334.011912,6743,6716,247,32,6.11
334.111911,6743,6716,247,32,6.07
334.211912,6743,6716,247,32,6.07
334.311912,6743,6720,247,32,6.07
334.411911,6743,6716,247,32,6.07
334.511919,6743,6720,221,32,6.07
334.611912,6743,6716,221,32,6.07
334.711911,6743,6716,221,32,6.07
334.811912,6743,6716,247,32,6.07
334.911913,6743,6716,247,32,6.08
335.011912,6743,6716,247,32,6.08
335.111912,6743,6720,247,32,6.08
335.211912,6743,6716,247,32,6.08
335.311912,6743,6720,247,32,6.08
335.411913,6743,6720,247,32,6.08
335.511912,6743,6712,247,32,6.08
335.611912,6743,6720,247,32,6.08
335.711912,6743,6716,247,32,6.09
335.811912,6743,6716,221,32,6.09
335.911912,6743,6724,221,32,6.08
336.011914,6743,6716,221,32,6.08
336.111912,6743,6720,221,32,6.08
336.211913,6743,6720,58,32,6.08
336.311921,6743,6716,58,32,6.08
336.411914,6743,6720,58,32,6.07
336.511911,6743,6720,221,32,6.07
336.61193,6743,6720,221,32,6.07
336.711911,6743,6716,221,32,6.07
336.811925,6743,6724,58,32,6.07
336.911911,6743,6724,58,32,6.08
337.011946,6743,6724,58,32,6.08
337.111911,6743,6724,58,32,6.07
337.211946,6743,6720,221,32,6.07
337.31191,6743,6724,221,32,6.07
337.411924,6743,6724,221,32,6.06
337.51191,6743,6732,58,32,6.06
337.611948,6743,6724,58,32,6.06
337.711912,6743,6720,58,32,6.08
337.811929,6743,6724,482,32,6.08
337.911912,6743,6724,482,32,6.07
338.011919,6743,6724,482,32,6.07
338.111911,6743,6724,482,32,6.09
338.211911,6743,6724,17,32,6.09
338.311913,6743,6724,17,32,6.09
338.411914,6743,6728,17,32,6.1
338.511912,6743,6724,17,32,6.1
338.61193,6743,6728,17,32,6.1
338.711912,6743,6724,17,32,6.09
338.811911,6743,6724,221,32,6.09
338.91191,6743,6720,221,32,6.07
339.011913,6743,6720,221,32,6.07
339.11191,6743,6724,221,32,6.1
339.211912,6743,6720,385,32,6.1
339.311919,6743,6716,385,32,6.1
339.41191,6743,6720,385,32,6.08
339.511912,6743,6724,221,32,6.08
339.611912,6743,6724,221,32,6.08
339.711919,6743,6716,221,32,6.07
339.811913,6743,6720,221,32,6.07
339.91192,6743,6720,221,32,6.07
340.011911,6743,6724,221,32,6.07
340.111911,6743,6724,221,32,6.08
340.211912,6743,6720,482,32,6.08
340.311918,6743,6712,482,32,6.08
340.411912,6743,6720,482,32,6.09
340.511912,6743,6724,17,32,6.09
340.611941,6743,6720,17,32,6.09
340.711911,6743,6716,17,32,6.06
340.811912,6743,6724,221,32,6.06
340.911912,6743,6728,221,32,6.08
341.011912,6743,6716,221,32,6.08
341.111911,6743,6716,221,32,6.06
341.211913,6743,6724,58,32,6.06
341.311913,6743,6720,58,32,6.06
341.411913,6743,6716,58,32,6.07
341.511912,6743,6716,247,32,6.07
341.611912,6743,6724,247,32,6.07
341.711918,6743,6724,247,32,6.07
341.811913,6743,6720,221,32,6.07
341.911912,6743,6728,221,32,6.09
342.011913,6743,6724,221,32,6.09
342.111912,6743,6724,221,32,6.08
342.211927,6743,6716,385,32,6.08
342.311932,6743,6724,385,32,6.08
342.411958,6743,6720,385,32,6.06
342.511911,6743,6720,221,32,6.06
342.611939,6743,6720,221,32,6.06
342.71191,6743,6720,221,32,6.09
342.811929,6743,6720,121,32,6.09
342.91191,6743,6716,121,32,6.07
343.011911,6743,6716,121,32,6.07
343.111911,6743,6716,121,32,6.06
343.211912,6743,6720,221,32,6.06
343.311912,6743,6720,221,32,6.06
343.411912,6743,6720,221,32,6.07
343.511911,6743,6720,221,32,6.07
343.611912,6743,6720,221,32,6.07
343.711911,6743,6716,221,32,6.11
343.811919,6743,6720,221,32,6.11
343.911912,6371,6532,221,32,5.94
344.011913,6371,6372,221,32,5.94
344.111912,6371,6368,221,32,6.09
344.211921,6371,6372,0,32,6.09
344.311911,6371,6364,0,32,6.09
344.411931,6371,6372,0,32,6.11
344.511913,6371,6372,0,32,6.11
344.611912,6371,6372,0,32,6.11
344.711912,6371,6372,0,32,6.11
344.811915,6371,6372,0,32,6.11
344.911919,6371,6372,0,32,6.12
345.01193,6371,6372,0,32,6.12
345.111911,6371,6372,0,32,6.11
345.211914,6371,6376,0,32,6.11
345.311912,6371,6372,0,32,6.11
345.411911,6371,6372,0,32,6.1
345.511912,6371,6372,0,32,6.1
345.611911,6371,6372,0,32,6.1
345.711911,6371,6372,0,32,6.09
345.811913,6371,6372,0,32,6.09
345.911912,6371,6372,0,32,6.11
346.011912,6371,6372,0,32,6.11
346.111911,6371,6372,0,32,6.1
346.211911,6371,6372,0,32,6.1
346.311911,6371,6372,0,32,6.1
346.411912,6371,6372,0,32,6.1
346.511912,6371,6372,0,32,6.1
346.611919,6371,6372,0,32,6.1
346.71191,6371,6372,0,32,6.1
346.811922,6371,6372,0,32,6.1
346.911911,6371,6372,0,32,6.11
347.011911,6371,6372,0,32,6.11
347.111919,6371,6372,0,32,6.11
347.211913,6371,6372,0,32,6.11
347.31191,6371,6372,0,32,6.11
347.411913,6371,6372,0,32,6.11
347.511912,6371,6372,0,32,6.11
347.611912,6371,6372,0,32,6.11
347.711911,6371,6372,0,32,6.11
347.811913,6371,6372,0,32,6.11
347.911918,6371,6372,0,32,6.1
348.011912,6371,6372,0,32,6.1
348.111911,6371,6372,0,32,6.11
348.211911,6371,6372,0,32,6.11
348.311914,6371,6372,0,32,6.11
348.411912,6371,6372,0,32,6.11
348.511934,6371,6372,0,32,6.11
348.611911,6371,6372,0,32,6.11
348.711941,6371,6372,0,32,6.11
348.811913,6371,6372,0,32,6.11
348.911941,6371,6372,0,32,6.11
349.011912,6371,6372,0,32,6.11
349.11192,6371,6372,0,32,6.1
349.211914,6371,6372,0,32,6.1
349.31193,6371,6372,0,32,6.1
349.411912,6371,6372,0,32,6.11
349.511928,6371,6372,0,32,6.11
349.611912,6371,6372,0,32,6.11
349.711914,6371,6372,0,32,6.1
349.811911,6371,6372,0,32,6.1
349.911912,6371,6372,0,32,6.01
350.01192,6371,6372,0,32,6.01
350.11191,6371,6372,0,32,6.11
350.211912,6371,6372,0,32,6.11
350.311911,6371,6372,0,32,6.11
350.411912,6371,6372,0,32,6.11
350.51191,6371,6372,0,32,6.11
350.611912,6371,6372,0,32,6.11
350.711917,6371,6372,0,32,6.11
350.81191,6371,6372,0,32,6.11
350.911911,6371,6372,0,32,6.11
351.011922,6371,6372,0,32,6.11
351.111912,6371,6372,0,32,6.1
351.211912,6371,6372,0,32,6.1
351.311924,6371,6372,0,32,6.1
351.411911,6371,6372,0,32,6.1
351.511911,6371,6372,0,32,6.1
351.611923,6371,6372,0,32,6.1
351.711911,6371,6372,0,32,6.11
351.811911,6371,6372,0,32,6.11
351.911912,6371,6372,0,32,6.11
352.01191,6371,6372,0,32,6.11
352.111918,6371,6372,0,32,6.1
352.211912,6371,6372,0,32,6.1
352.311911,6371,6372,0,32,6.1
352.411911,6371,6372,0,32,6.11
352.511911,6371,6372,0,32,6.11
352.611911,6371,6372,0,32,6.11
352.711911,6371,6372,0,32,6.11
352.811912,6371,6372,0,32,6.11
352.911921,6371,6372,0,32,6.1
353.011911,6371,6372,0,32,6.1
353.11191,6371,6372,0,32,6.1
353.211912,6371,6372,0,32,6.1
353.311912,6371,6372,0,32,6.1
353.411914,6371,6372,0,32,6.11
353.511911,6371,6372,0,32,6.11
353.611913,6371,6372,0,32,6.11
353.711912,6371,6372,0,32,6.1
353.811912,6371,6372,0,32,6.1
353.911912,6371,6372,0,32,6.11
354.011914,6371,6372,0,32,6.11
354.111915,6371,6372,0,32,6.11
354.211912,6371,6372,0,32,6.11
354.311912,6371,6372,0,32,6.11
354.411923,6371,6372,0,32,6.11
354.511912,6371,6372,0,32,6.11
354.611912,6371,6372,0,32,6.11
354.711913,6371,6372,0,32,6.1
354.811912,6371,6372,0,32,6.1
354.911912,6371,6372,0,32,6.1
355.011912,6371,6372,0,32,6.1
355.111912,6371,6372,0,32,6.11
355.21191,6371,6372,0,32,6.11
355.311911,6371,6372,0,32,6.11
355.411911,6371,6372,0,32,6.1
355.511912,6371,6372,0,32,6.1
355.611912,6371,6372,0,32,6.1
355.711914,6371,6372,0,32,6.1
355.811913,6371,6372,0,32,6.1
355.911947,6371,6372,0,32,6.1
356.011911,6371,6372,0,32,6.1
356.111925,6371,6372,0,32,6.1
356.211911,6371,6372,0,32,6.1
356.311948,6371,6372,0,32,6.1
356.411912,6371,6372,0,32,6.11
356.511912,6371,6372,0,32,6.11
356.611913,6371,6372,0,32,6.11
356.711911,6371,6372,0,32,6.1
356.811912,6371,6372,0,32,6.1
356.911911,6371,6372,0,32,6.12
357.011911,6371,6372,0,32,6.12
357.111911,6371,6372,0,32,6.1
357.211912,6371,6372,0,32,6.1
357.311911,6371,6372,0,32,6.1
357.411912,6371,6372,0,32,6.11
357.51191,6371,6372,0,32,6.11
357.611912,6371,6372,0,32,6.11
357.711911,6371,6372,0,32,6.11
357.811913,6371,6372,0,32,6.11
357.911932,6371,6372,0,32,6.11
358.011936,6371,6372,0,32,6.11
358.111911,6371,6372,0,32,6.11
358.211947,6371,6372,0,32,6.11
358.311911,6371,6372,0,32,6.11
358.411913,6371,6372,0,32,6.11
358.511913,6371,6372,0,32,6.11
358.611913,6371,6372,0,32,6.11
358.711911,6371,6372,0,32,6.1
358.811912,6371,6372,0,32,6.1
358.91191,6371,6372,0,32,6.09
359.011911,6371,6372,0,32,6.09
359.111911,6371,6372,0,32,6.11
359.211911,6371,6372,0,32,6.11
359.311911,6371,6372,0,32,6.11
359.411911,6371,6372,0,32,6.11
359.511918,6371,6372,0,32,6.11
359.61191,6371,6372,0,32,6.11
359.711911,6371,6372,0,32,6.11
359.811913,6371,6372,0,32,6.11
359.911912,6371,6372,0,32,6.1
360.011912,6371,6372,0,32,6.1
360.111911,6371,6372,0,32,6.11
360.211925,6371,6372,0,32,6.11
360.311911,6371,6372,0,32,6.11
360.411912,6371,6372,0,32,6.11
360.511911,6371,6372,0,32,6.11
360.611911,6371,6372,0,32,6.11
360.711911,6371,6372,0,32,6.12
360.811912,6371,6372,0,32,6.12
360.91191,6371,6372,0,32,6.11
361.011911,6371,6372,0,32,6.11
361.111911,6371,6372,0,32,6.1
361.211912,6371,6372,0,32,6.1
361.31191,6371,6372,0,32,6.1
361.411916,6371,6372,0,32,6.11
361.511912,6371,6372,0,32,6.11
361.611942,6371,6372,0,32,6.11
361.71192,6371,6372,0,32,6.1
361.81194,6371,6372,0,32,6.1
361.911911,6371,6372,0,32,6.1
362.011912,6371,6372,0,32,6.1
362.111912,6371,6372,0,32,6.11
362.211911,6371,6372,0,32,6.11
362.311912,6371,6372,0,32,6.11
362.411913,6371,6372,0,32,6.1
362.511912,6371,6372,0,32,6.1
362.611912,6371,6372,0,32,6.1
362.711911,6371,6372,0,32,6.1
362.811911,6371,6372,0,32,6.1
362.911911,6371,6372,0,32,6.11
363.011912,6371,6372,0,32,6.11
363.111911,6371,6372,0,32,6.11
363.211912,6371,6372,0,32,6.11
363.311911,6371,6372,0,32,6.11
363.411912,6371,6372,0,32,6.11
363.511911,6371,6372,0,32,6.11
363.611912,6371,6372,0,32,6.11
363.711911,6371,6372,0,32,6.1
363.811912,6371,6372,0,32,6.1
363.911917,6371,6372,0,32,6.1
364.011912,6371,6372,0,32,6.1
364.111912,6371,6372,0,32,6.11
364.211912,6371,6372,0,32,6.11
364.311911,6371,6372,0,32,6.11
364.411911,6371,6372,0,32,6.11
364.511912,6371,6372,0,32,6.11
364.611912,6371,6372,0,32,6.11
364.711911,6371,6372,0,32,6.1
364.811912,6371,6372,0,32,6.1
364.91191,6371,6372,0,32,6.11
365.011912,6371,6372,0,32,6.11
365.111911,6371,6372,0,32,6.11
365.211929,6371,6372,0,32,6.11
365.311912,6371,6372,0,32,6.11
365.411911,6371,6372,0,32,6.11
365.511919,6371,6372,0,32,6.11
365.611914,6371,6372,0,32,6.11
365.711911,6371,6372,0,32,6.1
365.811911,6371,6372,0,32,6.1
365.911917,6371,6372,0,32,6.1
366.011913,6371,6372,0,32,6.1
366.111912,6371,6372,0,32,6.11
366.211911,6371,6372,0,32,6.11
366.311912,6371,6372,0,32,6.11
366.411911,6371,6372,0,32,6.1
366.51191,6371,6372,0,32,6.1
366.611912,6371,6372,0,32,6.1
366.71191,6371,6372,0,32,6.11
366.811911,6371,6372,0,32,6.11
366.911919,6371,6372,0,32,6.1
367.011912,6371,6372,0,32,6.1
367.111911,6371,6372,0,32,6.1
367.211912,6371,6372,0,32,6.1
367.311919,6371,6372,0,32,6.1
367.411911,6371,6372,0,32,6.11
367.511911,6371,6372,0,32,6.11
367.611912,6371,6372,0,32,6.11
367.711957,6371,6372,0,32,6.11
367.81192,6371,6372,0,32,6.11
367.911929,6371,6372,0,32,6.11
368.011913,6371,6372,0,32,6.11
368.11191,6371,6372,0,32,6.11
368.211914,6371,6372,0,32,6.11
368.311911,6371,6372,0,32,6.11
368.411928,6371,6372,0,32,6.11
368.51191,6371,6372,0,32,6.11
368.611945,6371,6372,0,32,6.11
368.711919,6371,6372,0,32,6.1
368.811928,6371,6372,0,32,6.1
368.91191,6371,6372,0,32,6.1
369.011914,6371,6372,0,32,6.1
369.11192,6371,6372,0,32,6.1
369.211911,6371,6372,0,32,6.1
369.311911,6371,6372,0,32,6.1
369.411919,6371,6372,0,32,6.11
369.511913,6371,6372,0,32,6.11
369.611911,6371,6372,0,32,6.11
369.711919,6743,6404,0,32,5.4
369.811911,6743,6716,247,32,5.4
369.91191,6743,6716,247,32,6.06
370.011913,6743,6716,247,32,6.06
370.111911,6743,6716,247,32,6.06
370.211911,6743,6724,95,32,6.06
370.311911,6743,6712,95,32,6.06
370.411928,6743,6716,95,32,6.07
370.511912,6743,6720,247,32,6.07
370.611912,6743,6716,247,32,6.07
370.711911,6743,6716,247,32,6.06
370.811912,6743,6716,426,32,6.06
370.91191,6743,6720,426,32,6.08
371.011912,6743,6716,426,32,6.08
371.111911,6743,6716,426,32,6.06
371.211912,6743,6716,247,32,6.06
371.311912,6743,6712,247,32,6.06
371.411911,6743,6712,247,32,6.05
371.511909,6743,6716,284,32,6.05
371.611919,6743,6716,284,32,6.05
371.71191,6743,6716,284,32,6.06
371.811911,6743,6712,284,32,6.06
371.91192,6743,6712,284,32,6.08
372.011919,6743,6716,284,32,6.08
372.111912,6743,6716,284,32,6.06
372.211911,6743,6716,385,32,6.06
372.311911,6743,6716,385,32,6.06
372.411911,6743,6720,385,32,6.09
372.511913,6743,6720,221,32,6.09
372.611912,6743,6720,221,32,6.09
372.711918,6743,6720,221,32,6.07
372.811912,6743,6716,518,32,6.07
372.911917,6743,6716,518,32,6.07
373.011912,6743,6716,518,32,6.07
373.111919,6743,6720,518,32,6.1
373.211911,6743,6712,411,32,6.1
373.311911,6743,6720,411,32,6.1
373.411911,6743,6716,411,32,6.08
373.51191,6743,6716,247,32,6.08
373.611912,6743,6724,247,32,6.08
373.711913,6743,6716,247,32,6.11
373.811912,6743,6716,247,32,6.11
373.91191,6743,6720,247,32,6.08
374.011912,6743,6720,247,32,6.08
374.111911,6743,6720,247,32,6.07
374.211911,6743,6716,247,32,6.07
374.311932,6743,6720,247,32,6.07
374.411911,6743,6716,247,32,6.1
374.511947,6743,6712,247,32,6.1
374.611919,6743,6716,247,32,6.1
374.711929,6743,6716,247,32,6.07
374.811911,6743,6720,221,32,6.07
374.911918,6743,6716,221,32,6.08
375.011912,6743,6716,221,32,6.08
375.11191,6743,6716,221,32,6.07
375.21191,6743,6716,247,32,6.07
375.311918,6743,6716,247,32,6.07
375.411919,6743,6712,247,32,6.06
375.51191,6743,6716,80,32,6.06
375.611911,6743,6716,80,32,6.06
375.711911,6743,6716,80,32,6.08
375.811913,6743,6716,247,32,6.08
375.91191,6743,6720,247,32,6.06
376.011912,6743,6716,247,32,6.06
376.11192,6743,6720,247,32,6.06
376.21191,6743,6720,221,32,6.06
376.311911,6743,6716,221,32,6.06
376.411912,6743,6716,221,32,6.07
376.511911,6743,6716,221,32,6.07
376.611914,6743,6716,221,32,6.07
376.711911,6743,6720,221,32,6.08
376.811911,6743,6716,221,32,6.08
376.91191,6743,6716,221,32,6.07
377.011912,6743,6716,221,32,6.07
377.11191,6743,6716,221,32,6.07
377.21191,6743,6716,247,32,6.07
377.311919,6743,6712,247,32,6.07
377.41191,6743,6720,247,32,6.11
377.51191,6743,6720,221,32,6.11
377.61191,6743,6716,221,32,6.11
377.711911,6743,6720,221,32,6.07
377.811913,6743,6720,221,32,6.07
377.911929,6743,6720,221,32,6.06
378.011911,6743,6712,221,32,6.06
378.111911,6743,6720,221,32,6.07
378.211911,6743,6720,221,32,6.07
378.311911,6743,6720,221,32,6.07
378.411912,6743,6720,221,32,6.07
378.511911,6743,6720,221,32,6.07
378.611911,6743,6716,221,32,6.07
378.711929,6743,6716,221,32,6.05
378.811924,6743,6720,221,32,6.05
378.911911,6743,6716,221,32,6.08
379.011912,6743,6720,221,32,6.08
379.111911,6743,6716,221,32,6.07
379.211912,6743,6720,247,32,6.07
379.31191,6743,6720,247,32,6.07
379.411911,6743,6720,247,32,6.09
379.511912,6743,6720,221,32,6.09
379.611927,6743,6716,221,32,6.09
379.71193,6743,6716,221,32,6.07
379.811942,6743,6720,58,32,6.07
379.911911,6743,6720,58,32,6.08
380.011928,6743,6716,58,32,6.08
380.111919,6743,6724,58,32,6.1
380.211911,6743,6716,247,32,6.1
380.311909,6743,6720,247,32,6.1
380.411917,6743,6720,247,32,6.09
380.511919,6743,6716,385,32,6.09
380.611911,6743,6720,385,32,6.09
380.711915,6743,6716,385,32,6.09
380.811912,6743,6716,426,32,6.09
380.911912,6743,6716,426,32,6.06
381.011911,6743,6716,426,32,6.06
381.111912,6743,6712,426,32,6.08
381.211921,6743,6712,247,32,6.08
381.311912,6743,6720,247,32,6.08
381.411912,6743,6720,247,32,6.08
381.511912,6743,6712,556,32,6.08
381.611912,6743,6712,556,32,6.08
381.71192,6743,6720,556,32,6.07
381.811911,6743,6716,247,32,6.07
381.911912,6743,6712,247,32,6.06
382.011911,6743,6716,247,32,6.06
382.111912,6743,6716,247,32,6.06
382.211913,6743,6716,247,32,6.06
382.311911,6743,6716,247,32,6.06
382.411911,6743,6720,247,32,6.07
382.511913,6743,6716,121,32,6.07
382.611912,6743,6716,121,32,6.07
382.711927,6743,6716,121,32,6.09
382.811911,6743,6716,221,32,6.09
382.911953,6743,6720,221,32,6.06
383.011912,6743,6720,221,32,6.06
383.111948,6743,6716,221,32,6.06
383.211911,6743,6716,385,32,6.06
383.311945,6743,6716,385,32,6.06
383.411912,6743,6720,385,32,6.06
383.511939,6743,6716,411,32,6.06
383.61192,6743,6712,411,32,6.06
383.711928,6743,6716,411,32,6.07
383.811911,6743,6720,247,32,6.07
383.911912,6743,6716,247,32,6.08
384.011911,6743,6720,247,32,6.08
384.111911,6743,6720,247,32,6.09
384.211911,6743,6720,221,32,6.09
384.311911,6743,6724,221,32,6.09
384.411911,6371,6424,221,32,6.08
384.511912,6371,6372,0,32,6.08
384.611912,6371,6372,0,32,6.08
384.711929,6371,6372,0,32,6.11
384.811911,6371,6372,0,32,6.11
384.911911,6371,6372,0,32,6.11
385.011925,6371,6372,0,32,6.11
385.111911,6371,6372,0,32,6.11
385.211913,6371,6372,0,32,6.11
385.311911,6371,6372,0,32,6.11
385.411936,6371,6372,0,32,6.11
385.511913,6371,6372,0,32,6.11
385.611912,6371,6376,0,32,6.11
385.711912,6371,6372,0,32,6.1
385.811912,6371,6372,0,32,6.1
385.911912,6371,6372,0,32,6.11
386.011915,6371,6372,0,32,6.11
386.111911,6371,6372,0,32,6.11
386.211914,6371,6372,0,32,6.11
386.31191,6371,6372,0,32,6.11
386.411911,6371,6372,0,32,6.11
386.511911,6371,6372,0,32,6.11
386.61192,6371,6372,0,32,6.11
386.711912,6371,6372,0,32,6.11
386.811913,6371,6372,0,32,6.11
386.911919,6371,6372,0,32,6.11
387.011913,6371,6372,0,32,6.11
387.11191,6371,6372,0,32,6.11
387.211913,6371,6372,0,32,6.11
387.311912,6371,6372,0,32,6.11
387.411932,6371,6372,0,32,6.11
387.511911,6371,6372,0,32,6.11
387.611946,6371,6372,0,32,6.11
387.711913,6371,6372,0,32,6.1
387.811941,6371,6372,0,32,6.1
387.911927,6371,6372,0,32,6.11
388.011913,6371,6372,0,32,6.11
388.11191,6371,6372,0,32,6.09
388.211911,6371,6372,0,32,6.09
388.311911,6371,6372,0,32,6.09
388.411911,6371,6372,0,32,6.12
388.51191,6371,6372,0,32,6.12
388.611913,6371,6372,0,32,6.12
388.711911,6371,6372,0,32,6.11
388.811919,6371,6372,0,32,6.11
388.911912,6371,6372,0,32,6.11
389.011912,6371,6372,0,32,6.11
389.111911,6371,6372,0,32,6.12
389.21192,6371,6372,0,32,6.12
389.311912,6371,6372,0,32,6.12
389.41192,6371,6372,0,32,6.11
389.51191,6371,6372,0,32,6.11
389.61191,6371,6372,0,32,6.11
389.711912,6371,6372,0,32,6.11
389.811911,6371,6372,0,32,6.11
389.911912,6371,6372,0,32,6.11
390.011912,6371,6372,0,32,6.11
390.111912,6371,6372,0,32,6.1
390.211912,6371,6372,0,32,6.1
390.311939,6371,6372,0,32,6.1
390.41193,6371,6372,0,32,6.1
390.511926,6371,6372,0,32,6.1
390.611913,6371,6372,0,32,6.1
390.711911,6371,6372,0,32,6.11
390.811913,6371,6372,0,32,6.11
390.91191,6371,6372,0,32,6.11
391.011915,6371,6372,0,32,6.11
391.111911,6371,6372,0,32,6.11
391.211913,6371,6372,0,32,6.11
391.311912,6371,6372,0,32,6.11
391.411913,6371,6372,0,32,6.11
391.511917,6371,6372,0,32,6.11
391.611912,6371,6372,0,32,6.11
391.711912,6371,6372,0,32,6.11
391.811913,6371,6372,0,32,6.11
391.911939,6371,6372,0,32,6.1
392.011912,6371,6372,0,32,6.1
392.111909,6371,6372,0,32,6.11
392.211912,6371,6372,0,32,6.11
392.311912,6371,6372,0,32,6.11
392.411912,6371,6372,0,32,6.11
392.511921,6371,6372,0,32,6.11
392.611911,6371,6372,0,32,6.11
392.711911,6371,6372,0,32,6.11
392.811912,6371,6372,0,32,6.11
392.911937,6371,6372,0,32,6.11
393.011911,6371,6372,0,32,6.11
393.111912,6371,6372,0,32,6.1
393.211912,6371,6372,0,32,6.1
393.311911,6371,6372,0,32,6.1
393.411913,6371,6372,0,32,6.09
393.511912,6371,6372,0,32,6.09
393.611913,6371,6372,0,32,6.09
393.71191,6371,6372,0,32,6.11
393.811912,6371,6372,0,32,6.11
393.911912,6371,6372,0,32,6.09
394.011911,6371,6372,0,32,6.09
394.111912,6371,6372,0,32,6.1
394.211912,6371,6372,0,32,6.1
394.311919,6371,6372,0,32,6.1
394.411911,6371,6372,0,32,6.11
394.51191,6371,6372,0,32,6.11
394.611913,6371,6372,0,32,6.11
394.711912,6371,6372,0,32,6.1
394.811913,6371,6372,0,32,6.1
394.911911,6371,6372,0,32,6.11
395.011911,6371,6372,0,32,6.11
395.111912,6371,6372,0,32,6.1
395.211913,6371,6372,0,32,6.1
395.311911,6371,6372,0,32,6.1
395.411928,6371,6372,0,32,6.11
395.511912,6371,6372,0,32,6.11
395.611912,6371,6372,0,32,6.11
395.711912,6371,6372,0,32,6.1
395.811918,6371,6372,0,32,6.1
395.91191,6371,6372,0,32,6.11
396.011929,6371,6372,0,32,6.11
396.111913,6371,6372,0,32,6.1
396.21193,6371,6372,0,32,6.1
396.311912,6371,6372,0,32,6.1
396.411928,6371,6372,0,32,6.1
396.511912,6371,6372,0,32,6.1
396.611911,6371,6372,0,32,6.1
396.71191,6371,6372,0,32,6.11
396.811912,6371,6372,0,32,6.11
396.911911,6371,6372,0,32,6.1
397.011911,6371,6372,0,32,6.1
397.11191,6371,6372,0,32,6.1
397.211912,6371,6372,0,32,6.1
397.31192,6371,6372,0,32,6.1
397.411932,6371,6372,0,32,6.11
397.511911,6371,6372,0,32,6.11
397.611912,6371,6372,0,32,6.11
397.711912,6371,6372,0,32,6.1
397.811913,6371,6372,0,32,6.1
397.911928,6371,6372,0,32,6.11
398.011912,6371,6372,0,32,6.11
398.111912,6371,6372,0,32,6.11
398.211914,6371,6372,0,32,6.11
398.311911,6371,6372,0,32,6.11
398.411912,6371,6372,0,32,6.1
398.511911,6371,6372,0,32,6.1
398.611912,6371,6372,0,32,6.1
398.711912,6371,6372,0,32,6.11
398.81193,6371,6372,0,32,6.11
398.911911,6371,6372,0,32,6.11
399.011912,6371,6372,0,32,6.11
399.111912,6371,6372,0,32,6.1
399.211911,6371,6372,0,32,6.1
399.311911,6371,6372,0,32,6.1
399.411911,6371,6372,0,32,6.1
399.511911,6371,6372,0,32,6.1
399.611913,6371,6372,0,32,6.1
399.71191,6371,6372,0,32,6.1
399.811913,6371,6372,0,32,6.1
399.911912,6371,6372,0,32,6.1
400.011928,6371,6372,0,32,6.1
400.11191,6371,6372,0,32,6.11
400.21194,6371,6372,0,32,6.11
400.311912,6371,6372,0,32,6.11
400.411929,6371,6372,0,32,6.1
400.511912,6371,6372,0,32,6.1
400.611912,6371,6372,0,32,6.1
400.711938,6371,6372,0,32,6.09
400.811913,6371,6372,0,32,6.09
400.911941,6371,6372,0,32,6.11
401.011912,6371,6372,0,32,6.11
401.111927,6371,6372,0,32,6.11
401.211912,6371,6372,0,32,6.11
401.311912,6371,6372,0,32,6.11
401.411912,6371,6372,0,32,6.11
401.511914,6371,6372,0,32,6.11
401.611913,6371,6372,0,32,6.11
401.711918,6371,6372,0,32,6.1
401.811912,6371,6372,0,32,6.1
401.911912,6371,6372,0,32,6.11
402.011915,6371,6372,0,32,6.11
402.111912,6371,6372,0,32,6.11
402.211914,6371,6372,0,32,6.11
402.311911,6371,6372,0,32,6.11
402.411913,6371,6372,0,32,6.11
402.511912,6371,6372,0,32,6.11
402.611912,6371,6372,0,32,6.11
402.711912,6371,6372,0,32,6.11
402.811912,6371,6372,0,32,6.11
402.911928,6371,6372,0,32,6.11
403.01192,6371,6372,0,32,6.11
403.111911,6371,6372,0,32,6.11
403.211922,6371,6372,0,32,6.11
403.31191,6371,6372,0,32,6.11
403.411912,6371,6372,0,32,6.11
403.511911,6371,6372,0,32,6.11
403.611913,6371,6372,0,32,6.11
403.711911,6371,6372,0,32,6.11
403.811913,6371,6372,0,32,6.11
403.911911,6371,6372,0,32,6.1
404.011911,6371,6372,0,32,6.1
404.111911,6371,6372,0,32,6.1
404.21192,6371,6372,0,32,6.1
404.311911,6371,6372,0,32,6.1
404.411912,6371,6372,0,32,6.11
404.511912,6371,6372,0,32,6.11
404.611912,6371,6372,0,32,6.11
404.711912,6371,6372,0,32,6.11
404.811913,6371,6372,0,32,6.11
404.911912,6371,6372,0,32,6.11
405.011912,6371,6372,0,32,6.11
405.111921,6371,6372,0,32,6.1
405.211925,6371,6372,0,32,6.1
405.311913,6371,6372,0,32,6.1
405.411912,6371,6372,0,32,6.11
405.51191,6371,6372,0,32,6.11
405.611913,6371,6372,0,32,6.11
405.711912,6371,6372,0,32,6.11
405.811912,6371,6372,0,32,6.11
405.911911,6371,6372,0,32,6.11
406.011913,6371,6372,0,32,6.11
406.111912,6371,6372,0,32,6.1
406.21192,6371,6372,0,32,6.1
406.31191,6371,6372,0,32,6.1
406.411912,6371,6372,0,32,6.11
406.511911,6371,6372,0,32,6.11
406.611911,6371,6372,0,32,6.11
406.711918,6371,6372,0,32,6.11
406.811912,6371,6372,0,32,6.11
406.91191,6371,6372,0,32,6.11
407.011911,6371,6372,0,32,6.11
407.111912,6371,6372,0,32,6.11
407.211912,6371,6372,0,32,6.11
407.311911,6371,6372,0,32,6.11
407.411911,6371,6372,0,32,6.11
407.511911,6371,6372,0,32,6.11
407.611911,6371,6372,0,32,6.11
407.711911,6371,6372,0,32,6.11
407.811911,6371,6372,0,32,6.11
407.91191,6371,6372,0,32,6.11
408.011911,6371,6372,0,32,6.11
408.11191,6371,6372,0,32,6.11
408.211912,6371,6372,0,32,6.11
408.311912,6371,6372,0,32,6.11
408.411911,6371,6372,0,32,6.11
408.511919,6371,6372,0,32,6.11
408.611912,6371,6372,0,32,6.11
408.71191,6371,6372,0,32,6.11
408.811911,6371,6372,0,32,6.11
408.911911,6371,6372,0,32,6.11
409.011911,6371,6372,0,32,6.11
409.111912,6371,6372,0,32,6.1
409.211926,6371,6372,0,32,6.1
409.311911,6371,6372,0,32,6.1
409.411912,6371,6372,0,32,6.11
409.511918,6371,6372,0,32,6.11
409.611912,6371,6372,0,32,6.11
409.711925,6371,6372,0,32,6.1
409.811911,6371,6372,0,32,6.1
409.911951,6371,6372,0,32,6.1
410.011912,6371,6372,0,32,6.1
410.111929,6371,6372,0,32,6.11
410.211915,6371,6372,0,32,6.11
410.311912,6371,6372,0,32,6.11
410.411911,6371,6372,0,32,6.1
410.511927,6371,6372,0,32,6.1
410.611911,6371,6372,0,32,6.1
410.71195,6371,6372,0,32,6.11
410.81191,6371,6372,0,32,6.11
410.911926,6371,6372,0,32,6.11
411.011912,6371,6372,0,32,6.11
411.111912,6371,6372,0,32,6.1
411.211914,6371,6372,0,32,6.1
411.311911,6371,6372,0,32,6.1
411.411912,6371,6372,0,32,6.1
411.511924,6371,6372,0,32,6.1
411.61191,6371,6372,0,32,6.1
411.711911,6371,6372,0,32,6.11
411.811912,6371,6372,0,32,6.11
411.911922,6371,6372,0,32,6.11
412.011911,6371,6372,0,32,6.11
412.111912,6371,6372,0,32,6.11
412.211924,6371,6372,0,32,6.11
412.311911,6371,6372,0,32,6.11
412.411912,6371,6372,0,32,6.1
412.511925,6371,6372,0,32,6.1
412.611911,6371,6372,0,32,6.1
412.711911,6371,6372,0,32,6.1
412.811912,6371,6372,0,32,6.1
412.911923,6371,6372,0,32,6.1
413.011911,6371,6372,0,32,6.1
413.11191,6371,6372,0,32,6.11
413.211924,6371,6372,0,32,6.11
413.31191,6371,6372,0,32,6.11
413.411913,6371,6372,0,32,6.11
413.511912,6371,6372,0,32,6.11
413.611921,6371,6372,0,32,6.11
413.711912,6371,6372,0,32,6.1
413.811912,6371,6372,0,32,6.1
413.911918,6371,6372,0,32,6.12
414.011915,6371,6372,0,32,6.12
414.111921,6371,6372,0,32,6.11
414.211912,6371,6372,0,32,6.11
414.311913,6371,6372,0,32,6.11
414.411912,6371,6372,0,32,6.11
414.51191,6371,6372,0,32,6.11
414.61193,6371,6372,0,32,6.11
414.71191,6371,6372,0,32,6.1
414.811939,6371,6372,0,32,6.1
414.91191,6371,6372,0,32,6.11
415.011927,6371,6372,0,32,6.11
415.111911,6371,6372,0,32,6.11
415.21193,6371,6372,0,32,6.11
415.311913,6371,6372,0,32,6.11
415.411912,6371,6372,0,32,6.11
415.51191,6371,6372,0,32,6.11
415.611911,6371,6372,0,32,6.11
415.711912,6371,6372,0,32,6.11
415.811912,6371,6372,0,32,6.11
415.911912,6371,6372,0,32,6.11
416.011913,6371,6372,0,32,6.11
416.111911,6371,6372,0,32,6.11
416.211911,6371,6372,0,32,6.11
416.311912,6371,6372,0,32,6.11
416.411914,6371,6372,0,32,6.1
416.511911,6371,6372,0,32,6.1
416.611912,6371,6372,0,32,6.1
416.711912,6371,6372,0,32,6.1
416.811912,6371,6372,0,32,6.1
416.91191,6371,6372,0,32,6.11
417.011912,6371,6372,0,32,6.11
417.111919,6371,6372,0,32,6.11
417.211912,6371,6372,0,32,6.11
417.31191,6371,6372,0,32,6.11
417.411911,6371,6372,0,32,6.1
417.511912,6371,6372,0,32,6.1
417.611912,6371,6372,0,32,6.1
417.711913,6371,6372,0,32,6.11
417.811912,6371,6372,0,32,6.11
417.91191,6371,6372,0,32,6.11
418.011912,6371,6372,0,32,6.11
418.111912,6371,6372,0,32,6.1
418.21192,6371,6372,0,32,6.1
418.311912,6371,6372,0,32,6.1
418.411914,6371,6372,0,32,6.1
418.511919,6371,6372,0,32,6.1
418.611912,6371,6372,0,32,6.1
418.71191,6371,6372,0,32,6.11
418.811912,6371,6372,0,32,6.11
418.911912,6371,6372,0,32,6.11
419.011912,6371,6372,0,32,6.11
419.111911,6371,6372,0,32,6.11
419.211912,6371,6372,0,32,6.11
419.311912,6371,6372,0,32,6.11
419.411911,6371,6372,0,32,6.1
419.511911,6371,6372,0,32,6.1
419.611915,6371,6372,0,32,6.1
419.71191,6371,6372,0,32,6.1
419.811953,6371,6372,0,32,6.1
419.911919,6371,6372,0,32,6.11
420.011913,6371,6372,0,32,6.11
420.111911,6371,6372,0,32,6.11
420.21192,6371,6372,0,32,6.11
420.311911,6371,6372,0,32,6.11
420.411912,6371,6372,0,32,6.1
420.511915,6371,6372,0,32,6.1
420.611912,6371,6372,0,32,6.1
420.711912,6371,6372,0,32,6.1
420.81191,6371,6372,0,32,6.1
420.91191,6371,6372,0,32,6.11
421.011912,6371,6372,0,32,6.11
421.11191,6371,6372,0,32,6.11
421.21192,6371,6372,0,32,6.11
421.311912,6371,6372,0,32,6.11
421.411911,6371,6372,0,32,6.1
421.511911,6371,6372,0,32,6.1
421.611924,6371,6372,0,32,6.1
421.711913,6371,6372,0,32,6.11
421.811912,6371,6372,0,32,6.11
421.91191,6371,6372,0,32,6.11
422.011912,6371,6372,0,32,6.11
422.11191,6371,6372,0,32,6.1
422.211914,6371,6372,0,32,6.1
422.311912,6371,6372,0,32,6.1
422.411912,6371,6372,0,32,6.09
422.51191,6371,6372,0,32,6.09
422.611925,6371,6372,0,32,6.09
422.71191,6371,6372,0,32,6.11
422.811946,6371,6372,0,32,6.11
422.911912,6371,6372,0,32,6.1
423.011932,6371,6372,0,32,6.1
423.111912,6371,6372,0,32,6.11
423.21193,6371,6372,0,32,6.11
423.311911,6371,6372,0,32,6.11
423.411911,6371,6372,0,32,6.09
423.511911,6371,6372,0,32,6.09
423.61191,6371,6372,0,32,6.09
423.71191,6371,6372,0,32,6.1
423.81191,6371,6372,0,32,6.1
423.911911,6371,6372,0,32,6.1
424.011912,6371,6372,0,32,6.1
424.111912,6371,6372,0,32,6.1
424.211911,6371,6372,0,32,6.1
424.311921,6371,6372,0,32,6.1
424.411913,6371,6372,0,32,6.1
424.511911,6371,6372,0,32,6.1
424.61191,6371,6372,0,32,6.1
424.711912,6371,6372,0,32,6.11
424.811912,6371,6372,0,32,6.11
424.911911,6371,6372,0,32,6.09
425.011911,6371,6372,0,32,6.09
425.111911,6371,6372,0,32,6.1
425.211921,6371,6372,0,32,6.1
425.311911,6371,6372,0,32,6.1
425.411912,6371,6372,0,32,6.1
425.511911,6371,6372,0,32,6.1
425.611911,6371,6372,0,32,6.1
425.711912,6371,6372,0,32,6.1
425.811914,6371,6372,0,32,6.1
425.911912,6371,6372,0,32,6.11
426.011911,6371,6372,0,32,6.11
426.111911,6371,6372,0,32,6.09
426.211912,6371,6372,0,32,6.09
426.311913,6371,6372,0,32,6.09
426.411911,6371,6372,0,32,6.1
426.511927,6371,6372,0,32,6.1
426.611912,6371,6372,0,32,6.1
426.711939,6371,6372,0,32,6.1
426.811912,6371,6372,0,32,6.1
426.91194,6371,6372,0,32,6.11
427.011911,6371,6372,0,32,6.11
427.11191,6371,6372,0,32,6.1
427.211911,6371,6372,0,32,6.1
427.311913,6371,6372,0,32,6.1
427.411911,6371,6372,0,32,6.11
427.511919,6371,6372,0,32,6.11
427.611911,6371,6372,0,32,6.11
427.711911,6371,6372,0,32,6.1
427.811912,6371,6372,0,32,6.1
427.911913,6371,6372,0,32,6.1
428.011912,6371,6372,0,32,6.1
428.111912,6371,6372,0,32,6.1
428.211912,6371,6372,0,32,6.1
428.311912,6371,6372,0,32,6.1
428.411911,6371,6372,0,32,6.1
428.511911,6371,6372,0,32,6.1
428.61192,6371,6372,0,32,6.1
428.711926,6371,6372,0,32,6.1
428.811912,6371,6372,0,32,6.1
428.911938,6371,6372,0,32,6.11
429.011914,6371,6372,0,32,6.11
429.111911,6371,6372,0,32,6.1
429.211911,6371,6372,0,32,6.1
429.31191,6371,6372,0,32,6.1
429.411921,6371,6372,0,32,6.11
429.511911,6371,6372,0,32,6.11
429.611913,6371,6372,0,32,6.11
429.711911,6371,6372,0,32,6.1
429.811913,6371,6372,0,32,6.1
429.91191,6371,6372,0,32,6.11
430.011911,6371,6372,0,32,6.11
430.111912,6371,6372,0,32,6.1
430.211913,6371,6372,0,32,6.1
430.311912,6371,6372,0,32,6.1
430.411914,6371,6372,0,32,6.1
430.511919,6371,6372,0,32,6.1
430.611913,6371,6372,0,32,6.1
430.711912,6371,6372,0,32,6.11
430.811913,6371,6372,0,32,6.11
430.911912,6371,6372,0,32,6.11
431.011911,6371,6372,0,32,6.11
431.111911,6371,6372,0,32,6.11
431.211912,6371,6372,0,32,6.11
431.311912,6371,6372,0,32,6.11
431.411912,6371,6372,0,32,6.11
431.511919,6371,6372,0,32,6.11
431.61192,6371,6372,0,32,6.11
431.711911,6371,6372,0,32,6.11
431.811915,6371,6372,0,32,6.11
431.911912,6371,6372,0,32,6.11
432.011912,6371,6372,0,32,6.11
432.111911,6371,6372,0,32,6.11
432.21191,6371,6372,0,32,6.11
432.311911,6371,6372,0,32,6.11
432.411911,6371,6372,0,32,6.11
432.511919,6371,6372,0,32,6.11
432.611912,6371,6372,0,32,6.11
432.71191,6371,6372,0,32,6.11
432.811912,6371,6372,0,32,6.11
432.91192,6371,6372,0,32,6.11
433.011912,6371,6372,0,32,6.11
433.11191,6371,6372,0,32,6.1
433.211912,6371,6372,0,32,6.1
433.311912,6371,6372,0,32,6.1
433.411913,6371,6372,0,32,6.11
433.511911,6371,6372,0,32,6.11
433.61192,6371,6372,0,32,6.11
433.711912,6371,6372,0,32,6.11
433.811913,6371,6372,0,32,6.11
433.911911,6371,6372,0,32,6.11
434.01192,6371,6372,0,32,6.11
434.111912,6371,6372,0,32,6.11
434.211911,6371,6372,0,32,6.11
434.311911,6371,6372,0,32,6.11
434.411912,6371,6372,0,32,6.11
434.51191,6371,6372,0,32,6.11
434.611912,6371,6372,0,32,6.11
434.71192,6371,6372,0,32,6.11
434.811914,6371,6372,0,32,6.11
434.911911,6371,6372,0,32,6.11
435.011912,6371,6372,0,32,6.11
435.111913,6371,6372,0,32,6.11
435.211911,6371,6372,0,32,6.11
435.311928,6371,6372,0,32,6.11
435.411922,6371,6372,0,32,6.11
435.511932,6371,6372,0,32,6.11
435.611913,6371,6372,0,32,6.11
435.711911,6371,6372,0,32,6.11
435.811912,6371,6372,0,32,6.11
435.911912,6371,6372,0,32,6.1
436.011912,6371,6372,0,32,6.1
436.111917,6371,6372,0,32,6.1
436.211912,6371,6372,0,32,6.1
436.311911,6371,6372,0,32,6.1
436.411912,6371,6372,0,32,6.1
436.511912,6371,6372,0,32,6.1
436.611913,6371,6372,0,32,6.1
436.71191,6371,6372,0,32,6.11
436.811912,6371,6372,0,32,6.11
436.911912,6371,6372,0,32,6.11
437.011914,6371,6372,0,32,6.11
437.111912,6371,6372,0,32,6.1
437.211919,6371,6372,0,32,6.1
437.311922,6371,6372,0,32,6.1
437.411912,6371,6372,0,32,6.11
437.511911,6371,6372,0,32,6.11
437.61192,6371,6372,0,32,6.11
437.711912,6371,6372,0,32,6.11
437.811921,6371,6372,0,32,6.11
437.911913,6371,6372,0,32,6.11
438.011913,6371,6372,0,32,6.11
438.111911,6371,6372,0,32,6.1
438.21193,6371,6372,0,32,6.1
438.311922,6371,6372,0,32,6.1
438.411935,6371,6372,0,32,6.11
438.511912,6371,6372,0,32,6.11
438.611942,6371,6372,0,32,6.11
438.711912,6371,6372,0,32,6.11
438.811932,6371,6372,0,32,6.11
438.911912,6371,6372,0,32,6.11
439.011929,6371,6372,0,32,6.11
439.111912,6371,6372,0,32,6.1
439.211946,6371,6372,0,32,6.1
439.311911,6371,6372,0,32,6.1
439.411942,6371,6372,0,32,6.1
439.511911,6371,6372,0,32,6.1
439.611929,6371,6372,0,32,6.1
439.71192,6371,6372,0,32,6.1
439.811911,6371,6372,0,32,6.1
439.911911,6371,6372,0,32,6.11
440.011912,6371,6372,0,32,6.11
440.111911,6371,6372,0,32,6.11
440.211912,6371,6372,0,32,6.11
440.311911,6371,6372,0,32,6.11
440.411912,6371,6372,0,32,6.11
440.51191,6371,6372,0,32,6.11
440.611913,6371,6372,0,32,6.11
440.71191,6371,6372,0,32,6.11
440.811912,6371,6372,0,32,6.11
440.911911,6371,6372,0,32,6.11
441.011911,6371,6372,0,32,6.11
441.111912,6371,6372,0,32,6.1
441.211913,6371,6372,0,32,6.1
441.311911,6371,6372,0,32,6.1
441.411913,6371,6372,0,32,6.1
441.511912,6371,6372,0,32,6.1
441.611911,6371,6372,0,32,6.1
441.711912,6371,6372,0,32,6.1
441.811912,6371,6372,0,32,6.1
441.911912,6371,6372,0,32,6.1
442.011911,6371,6372,0,32,6.1
442.111911,6371,6372,0,32,6.11
442.211912,6371,6372,0,32,6.11
442.31192,6371,6372,0,32,6.11
442.411911,6371,6372,0,32,6.11
442.511912,6371,6372,0,32,6.11
442.611913,6371,6372,0,32,6.11
442.711918,6371,6372,0,32,6.11
442.811912,6371,6372,0,32,6.11
442.911912,6371,6372,0,32,6.1
443.011911,6371,6372,0,31,6.1
443.111912,6371,6372,0,31,6.11
443.211912,6371,6372,0,31,6.11
443.311911,6371,6372,0,31,6.11
443.411911,6371,6372,0,31,6.11
443.511911,6371,6372,0,31,6.11
443.611912,6371,6372,0,31,6.11
443.711911,6371,6372,0,31,6.11
443.811928,6371,6372,0,31,6.11
443.911909,6371,6372,0,31,6.11
444.011912,6371,6372,0,31,6.11
444.11191,6371,6372,0,31,6.11
444.211911,6371,6372,0,31,6.11
444.31191,6371,6372,0,31,6.11
444.411911,6371,6372,0,31,6.11
444.51191,6371,6372,0,31,6.11
444.611911,6371,6372,0,31,6.11
444.71191,6371,6372,0,31,6.11
444.811912,6371,6372,0,31,6.11
444.911911,6371,6372,0,31,6.09
445.01191,6371,6372,0,31,6.09
445.111911,6371,6372,0,31,6.11
445.21191,6371,6372,0,31,6.11
445.311911,6371,6372,0,31,6.11
445.411922,6371,6372,0,31,6.12
445.511911,6371,6372,0,31,6.12
445.61191,6371,6372,0,31,6.12
445.71191,6371,6372,0,31,6.11
445.811911,6371,6372,0,31,6.11
445.911919,6371,6372,0,31,6.11
446.011912,6371,6372,0,31,6.11
446.111912,6371,6372,0,31,6.08
446.211911,6371,6372,0,31,6.08
446.311911,6371,6372,0,31,6.08
446.411912,6371,6372,0,31,6.09
446.511911,6371,6372,0,31,6.09
446.611912,6371,6372,0,31,6.09
446.711911,6371,6372,0,31,6.08
446.811912,6371,6372,0,31,6.08
446.911911,6371,6372,0,31,6.08
447.011912,6371,6372,0,31,6.08
447.111911,6371,6372,0,31,6.08
447.211913,6371,6372,0,31,6.08
447.311911,6371,6372,0,31,6.08
447.411912,6371,6372,0,31,6.09
447.511912,6371,6372,0,31,6.09
447.611912,6371,6372,0,31,6.09
447.711921,6371,6372,0,31,6.08
447.811913,6371,6372,0,31,6.08
447.911909,6371,6372,0,31,6.08
448.01192,6371,6372,0,31,6.08
448.111911,6371,6372,0,31,6.09
448.211913,6371,6372,0,31,6.09
448.311911,6371,6372,0,31,6.09
448.41192,6371,6372,0,31,6.08
448.511912,6371,6372,0,31,6.08
448.611919,6371,6372,0,31,6.08
448.711928,6371,6372,0,31,6.08
448.811911,6371,6372,0,31,6.08
448.911924,6371,6372,0,31,6.08
449.011929,6371,6372,0,31,6.08
449.111928,6371,6372,0,31,6.09
449.211946,6371,6372,0,31,6.09
449.311911,6371,6372,0,31,6.09
449.411928,6371,6372,0,31,6.09
449.511914,6371,6372,0,31,6.09
449.611912,6371,6372,0,31,6.09
449.71191,6371,6372,0,31,6.09
449.811912,6371,6372,0,31,6.09
449.911911,6371,6372,0,31,6.09
450.011911,6371,6372,0,31,6.09
450.111911,6371,6372,0,31,6.09
450.211912,6371,6372,0,31,6.09
450.311911,6371,6372,0,31,6.09
450.411911,6371,6372,0,31,6.09
450.511911,6371,6372,0,31,6.09
450.611912,6371,6372,0,31,6.09
450.71191,6371,6372,0,31,6.08
450.811911,6371,6372,0,31,6.08
450.911911,6371,6372,0,31,6.08
451.01191,6371,6372,0,31,6.08
451.111911,6371,6372,0,31,6.09
451.211931,6371,6372,0,31,6.09
451.311913,6371,6372,0,31,6.09
451.411912,6371,6372,0,31,6.09
451.511912,6371,6372,0,31,6.09
451.611912,6371,6372,0,31,6.09
451.711912,6371,6372,0,31,6.08
451.811911,6371,6372,0,31,6.08
451.911912,6371,6372,0,31,6.08
452.011911,6371,6372,0,31,6.08
452.111911,6371,6372,0,31,6.09
452.211913,6371,6372,0,31,6.09
452.311911,6371,6372,0,31,6.09
452.411912,6371,6372,0,31,6.08
452.511912,6371,6372,0,31,6.08
452.611912,6371,6372,0,31,6.08
452.711933,6371,6372,0,31,6.09
452.811913,6371,6372,0,31,6.09
452.911938,6371,6372,0,31,6.08
453.011912,6371,6372,0,31,6.08
453.111932,6371,6372,0,31,6.08
453.211912,6371,6372,0,31,6.08
453.311911,6371,6372,0,31,6.08
453.411913,6371,6372,0,31,6.08
453.511912,6371,6372,0,31,6.08
453.611911,6371,6372,0,31,6.08
453.711912,6371,6372,0,31,6.08
453.811914,6371,6372,0,31,6.08
453.911912,6371,6372,0,31,6.08
454.011914,6371,6372,0,31,6.08
454.111919,6371,6372,0,31,6.09
454.211912,6371,6372,0,31,6.09
454.311911,6371,6372,0,31,6.09
454.411912,6371,6372,0,31,6.08
454.51191,6371,6372,0,31,6.08
454.611911,6371,6372,0,31,6.08
454.711921,6371,6372,0,31,6.08
454.811911,6371,6372,0,31,6.08
454.911911,6371,6372,0,31,6.09
455.011911,6371,6372,0,31,6.09
455.111919,6371,6372,0,31,6.08
455.211911,6371,6372,0,31,6.08
455.311909,6371,6372,0,31,6.08
455.411911,6371,6372,0,31,6.08
455.51192,6371,6372,0,31,6.08
455.611912,6371,6372,0,31,6.08
455.711911,6371,6372,0,31,6.09
455.811911,6371,6372,0,31,6.09
455.91191,6371,6372,0,31,6.08
456.011913,6371,6372,0,31,6.08
456.111911,6371,6372,0,31,6.08
456.211912,6371,6372,0,31,6.08
456.31191,6371,6372,0,31,6.08
456.411911,6371,6372,0,31,6.09
456.511911,6371,6372,0,31,6.09
456.611911,6371,6372,0,31,6.09
456.711911,6371,6372,0,31,6.08
456.811919,6371,6372,0,31,6.08
456.911911,6371,6372,0,31,6.09
457.011912,6371,6372,0,31,6.09
457.111911,6371,6372,0,31,6.09
457.211914,6371,6372,0,31,6.09
457.311912,6371,6372,0,31,6.09
457.411912,6371,6372,0,31,6.09
457.511909,6371,6372,0,31,6.09
457.611912,6371,6372,0,31,6.09
457.711911,6371,6372,0,31,6.09
457.811911,6371,6372,0,31,6.09
457.91191,6371,6372,0,31,6.08
458.011912,6371,6372,0,31,6.08
458.11191,6371,6372,0,31,6.09
458.211919,6371,6372,0,31,6.09
458.311911,6371,6372,0,31,6.09
458.411912,6371,6372,0,31,6.09
458.511912,6371,6372,0,31,6.09
458.611931,6371,6372,0,31,6.09
458.711911,6371,6372,0,31,6.09
458.811926,6371,6372,0,31,6.09
458.911911,6371,6372,0,31,6.08
459.01195,6371,6372,0,31,6.08
459.111918,6371,6372,0,31,6.09
459.211928,6371,6372,0,31,6.09
459.311915,6371,6372,0,31,6.09
459.411912,6371,6372,0,31,6.07
459.511919,6371,6372,0,31,6.07
459.611912,6371,6372,0,31,6.07
459.711911,6371,6372,0,31,6.09
459.811934,6371,6372,0,31,6.09
459.911911,6371,6372,0,31,6.09
460.011912,6371,6372,0,31,6.09
460.111919,6371,6372,0,31,6.09
460.211911,6371,6372,0,31,6.09
460.311912,6371,6372,0,31,6.09
460.411912,6371,6372,0,31,6.08
460.511921,6371,6372,0,31,6.08
460.611912,6371,6372,0,31,6.08
460.711911,6371,6372,0,31,6.09
460.811912,6371,6372,0,31,6.09
460.911911,6371,6372,0,31,6.09
461.011911,6371,6372,0,31,6.09
461.111911,6371,6372,0,31,6.1
461.211912,6371,6372,0,31,6.1
461.311913,6371,6372,0,31,6.1
461.411911,6371,6372,0,31,6.1
461.511923,6371,6372,0,31,6.1
461.61191,6371,6372,0,31,6.1
461.711922,6371,6372,0,31,6.09
461.811912,6371,6372,0,31,6.09
461.911945,6371,6372,0,31,6.1
462.011923,6371,6372,0,31,6.1
462.111948,6371,6372,0,31,6.09
462.211912,6371,6372,0,31,6.09
462.311928,6371,6372,0,31,6.09
462.411912,6371,6372,0,31,6.1
462.51191,6371,6372,0,31,6.1
462.611912,6371,6372,0,31,6.1
462.711911,6371,6372,0,31,6.1
462.81191,6371,6372,0,31,6.1
462.911911,6371,6372,0,31,6.09
463.011911,6371,6372,0,31,6.09
463.111911,6371,6372,0,31,6.08
463.211913,6371,6372,0,31,6.08
463.311911,6371,6372,0,31,6.08
463.411911,6371,6372,0,31,6.09
463.511911,6371,6372,0,31,6.09
463.611911,6371,6372,0,31,6.09
463.711911,6371,6372,0,31,6.1
463.811911,6371,6372,0,31,6.1
463.91191,6371,6372,0,31,6.1
464.011912,6371,6372,0,31,6.1
464.111912,6371,6372,0,31,6.1
464.211911,6371,6372,0,31,6.1
464.311911,6371,6372,0,31,6.1
464.411912,6371,6372,0,31,6.09
464.51191,6371,6372,0,31,6.09
464.611921,6371,6372,0,31,6.09
464.711912,6371,6372,0,31,6.1
464.811941,6371,6372,0,31,6.1
464.911909,6371,6372,0,31,6.1
465.011939,6371,6372,0,31,6.1
465.111911,6371,6372,0,31,6.1
465.21191,6371,6372,0,31,6.1
465.311911,6371,6372,0,31,6.1
465.411911,6371,6372,0,31,6.11
465.51191,6371,6372,0,31,6.11
465.61191,6371,6372,0,31,6.11
465.71191,6371,6372,0,31,6.09
465.811911,6371,6372,0,31,6.09
465.911912,6371,6372,0,31,6.1
466.011911,6371,6372,0,31,6.1
466.111927,6371,6372,0,31,6.1
466.211924,6371,6372,0,31,6.1
466.31192,6371,6372,0,31,6.1
466.411911,6371,6372,0,31,6.1
466.511909,6371,6372,0,31,6.1
466.61192,6371,6372,0,31,6.1
466.711912,6371,6372,0,31,6.11
466.811915,6371,6372,0,31,6.11
466.911911,6371,6372,0,31,6.1
467.011912,6371,6372,0,31,6.1
467.111911,6371,6372,0,31,6.11
467.211911,6371,6372,0,31,6.11
467.311911,6371,6372,0,31,6.11
467.411913,6371,6372,0,31,6.11
467.51191,6371,6372,0,31,6.11
467.611911,6371,6372,0,31,6.11
467.711912,6371,6372,0,31,6.09
467.811911,6371,6372,0,31,6.09
467.911911,6371,6372,0,31,6.1
468.011913,6371,6372,0,31,6.1
468.111919,6371,6372,0,31,6.1
468.211912,6371,6372,0,31,6.1
468.311912,6371,6372,0,31,6.1
468.411912,6371,6372,0,31,6.11
468.511912,6371,6372,0,31,6.11
468.611912,6371,6372,0,31,6.11
468.711912,6371,6372,0,31,6.1
468.811911,6371,6372,0,31,6.1
468.911926,6371,6372,0,31,6.11
469.011913,6371,6372,0,31,6.11
469.111944,6371,6372,0,31,6.1
469.211912,6371,6372,0,31,6.1
469.311929,6371,6372,0,31,6.1
469.411913,6371,6372,0,31,6.1
469.511918,6371,6372,0,31,6.1
469.611911,6371,6372,0,31,6.1
469.71191,6371,6372,0,31,6.11
469.811913,6371,6372,0,31,6.11
469.911912,6371,6372,0,31,6.11
470.011911,6371,6372,0,31,6.11
470.111919,6371,6372,0,31,6.1
470.211912,6371,6372,0,31,6.1
470.311911,6371,6372,0,31,6.1
470.411912,6371,6372,0,31,6.11
470.511911,6371,6372,0,31,6.11
470.611911,6371,6372,0,31,6.11
470.711912,6371,6372,0,31,6.1
470.811913,6371,6372,0,31,6.1
470.911911,6371,6372,0,31,6.1
471.011913,6371,6372,0,31,6.1
471.111912,6371,6372,0,31,6.1
471.211916,6371,6372,0,31,6.1
471.311911,6371,6372,0,31,6.1
471.411912,6371,6372,0,31,6.11
471.511911,6371,6372,0,31,6.11
471.611912,6371,6372,0,31,6.11
471.71191,6371,6372,0,31,6.1
471.811911,6371,6372,0,31,6.1
471.91191,6371,6372,0,31,6.1
472.011912,6371,6372,0,31,6.1
472.111911,6371,6372,0,31,6.09
472.211912,6371,6372,0,31,6.09
472.311911,6371,6372,0,31,6.09
472.411921,6371,6372,0,31,6.1
472.511911,6371,6372,0,31,6.1
472.611912,6371,6372,0,31,6.1
472.711911,6371,6372,0,31,6.1
472.811911,6371,6372,0,31,6.1
472.911915,6371,6372,0,31,6.1
473.011917,6371,6372,0,31,6.1
473.111918,6371,6372,0,31,6.11
473.211914,6371,6372,0,31,6.11
473.311912,6371,6372,0,31,6.11
473.411913,6371,6372,0,31,6.11
473.511912,6371,6372,0,31,6.11
473.611912,6371,6372,0,31,6.11
473.711912,6371,6372,0,31,6.1
473.811914,6371,6372,0,31,6.1
473.911911,6371,6372,0,31,6.1
474.011911,6371,6372,0,31,6.1
474.111911,6371,6372,0,31,6.1
474.211913,6371,6372,0,31,6.1
474.311911,6371,6372,0,31,6.1
474.411912,6371,6372,0,31,6.09
474.51191,6371,6372,0,31,6.09
474.611922,6371,6372,0,31,6.09
474.711911,6371,6372,0,31,6.11
474.81192,6371,6372,0,31,6.11
474.91191,6371,6372,0,31,6.1
475.011913,6371,6372,0,31,6.1
475.11191,6371,6372,0,31,6.1
475.211922,6371,6372,0,31,6.1
475.311912,6371,6372,0,31,6.1
475.411954,6371,6372,0,31,6.1
475.511911,6371,6372,0,31,6.1
475.611934,6371,6372,0,31,6.1
475.711912,6371,6372,0,31,6.1
475.811928,6371,6372,0,31,6.1
475.911911,6371,6372,0,31,6.1
476.011911,6371,6372,0,31,6.1
476.111911,6371,6372,0,31,6.1
476.211916,6371,6372,0,31,6.1
476.31191,6371,6372,0,31,6.1
476.411911,6371,6372,0,31,6.11
476.511919,6371,6372,0,31,6.11
476.611912,6371,6372,0,31,6.11
476.711912,6371,6372,0,31,6.1
476.811912,6371,6372,0,31,6.1
476.91192,6371,6372,0,31,6.11
477.011912,6371,6372,0,31,6.11
477.111916,6371,6372,0,31,6.1
477.211912,6371,6372,0,31,6.1
477.311933,6371,6372,0,31,6.1
477.411912,6371,6372,0,31,6.1
477.511944,6371,6372,0,31,6.1
477.611912,6371,6372,0,31,6.1
477.711929,6371,6372,0,31,6.09
477.811913,6371,6372,0,31,6.09
477.911919,6371,6372,0,31,6.08
478.011911,6371,6372,0,31,6.08
478.111911,6371,6372,0,31,6.08
478.211918,6371,6372,0,31,6.08
478.311913,6371,6372,0,31,6.08
478.411911,6371,6372,0,31,6.09
478.511912,6371,6372,0,31,6.09
478.611928,6371,6372,0,31,6.09
478.711912,6371,6372,0,31,6.08
478.811944,6371,6372,0,31,6.08
478.911912,6371,6372,0,31,6.09
479.011929,6371,6372,0,31,6.09
479.111911,6371,6372,0,31,6.08
479.211912,6371,6372,0,31,6.08
479.311912,6371,6372,0,31,6.08
479.411912,6371,6372,0,31,6.09
479.511912,6371,6372,0,31,6.09
479.611912,6371,6372,0,31,6.09
479.71191,6371,6372,0,31,6.09
479.811912,6371,6372,0,31,6.09
479.91191,6371,6372,0,31,6.09
480.011913,6371,6372,0,31,6.09
480.111913,6371,6372,0,31,6.09
480.211912,6371,6372,0,31,6.09
480.311911,6371,6372,0,31,6.09
480.411912,6371,6372,0,31,6.08
480.511912,6371,6372,0,31,6.08
480.611912,6371,6372,0,31,6.08
480.71191,6371,6372,0,31,6.08
480.811912,6371,6372,0,31,6.08
480.911912,6371,6372,0,31,6.08
481.011912,6371,6372,0,31,6.08
481.111912,6371,6372,0,31,6.09
481.211913,6371,6372,0,31,6.09
481.311912,6371,6372,0,31,6.09
481.411912,6371,6372,0,31,6.08
481.51192,6371,6372,0,31,6.08
481.611913,6371,6372,0,31,6.08
481.711911,6371,6372,0,31,6.09
481.811913,6371,6372,0,31,6.09
481.911921,6371,6372,0,31,6.08
482.011912,6371,6372,0,31,6.08
482.111912,6371,6372,0,31,6.08
482.211912,6371,6372,0,31,6.08
482.311912,6371,6372,0,31,6.08
482.411911,6371,6372,0,31,6.09
482.51191,6371,6372,0,31,6.09
482.611912,6371,6372,0,31,6.09
482.711919,6371,6372,0,31,6.08
482.811911,6371,6372,0,31,6.08
482.911912,6371,6372,0,31,6.08
483.011911,6371,6372,0,31,6.08
483.11191,6371,6372,0,31,6.08
483.211912,6371,6372,0,31,6.08
483.311911,6371,6372,0,31,6.08
483.411912,6371,6372,0,31,6.08
483.511913,6371,6372,0,31,6.08
483.61192,6371,6372,0,31,6.08
483.71192,6371,6372,0,31,6.08
483.811912,6371,6372,0,31,6.08
483.911912,6371,6372,0,31,6.08
484.011911,6371,6372,0,31,6.08
484.111913,6371,6372,0,31,6.09
484.211912,6371,6372,0,31,6.09
484.311911,6371,6372,0,31,6.09
484.411919,6371,6372,0,31,6.08
484.511912,6371,6372,0,31,6.08
484.611912,6371,6372,0,31,6.08
484.711911,6371,6372,0,31,6.08
484.811913,6371,6372,0,31,6.08
484.911911,6371,6372,0,31,6.08
485.011912,6371,6372,0,31,6.08
485.111911,6371,6372,0,31,6.08
485.211914,6371,6372,0,31,6.08
485.31191,6371,6372,0,31,6.08
485.411912,6371,6372,0,31,6.08
485.511912,6371,6372,0,31,6.08
485.611911,6371,6372,0,31,6.08
485.711912,6371,6372,0,31,6.09
485.811913,6371,6372,0,31,6.09
485.911912,6371,6372,0,31,6.08
486.011912,6371,6372,0,31,6.08
486.111912,6371,6372,0,31,6.08
486.211912,6371,6372,0,31,6.08
486.311913,6371,6372,0,31,6.08
486.411913,6371,6372,0,31,6.09
486.511913,6743,6404,2634,31,6.09
486.611913,6743,6720,2634,31,6.09
486.711913,6743,6716,2634,31,6.04
486.811913,6743,6716,247,31,6.04
486.911912,6743,6720,247,31,6.05
487.011912,6743,6724,247,31,6.05
487.111913,6743,6720,247,31,6.05
487.211912,6743,6720,83,31,6.05
487.311911,6743,6716,83,31,6.05
487.411912,6743,6716,83,31,6.05
487.511921,6743,6716,247,31,6.05
487.611912,6743,6720,247,31,6.05
487.711955,6743,6716,247,31,6.04
487.811913,6743,6720,221,31,6.04
487.911931,6743,6712,221,31,6.03
488.011914,6743,6716,221,31,6.03
488.111944,6743,6712,221,31,6.02
488.211912,6743,6716,80,31,6.02
488.311944,6743,6712,80,31,6.02
488.411912,6743,6712,80,31,6.03
488.511948,6743,6712,284,31,6.03
488.611912,6743,6712,284,31,6.03
488.711927,6743,6712,284,31,6.03
488.811913,6743,6708,322,31,6.03
488.911912,6743,6712,322,31,6.04
489.011913,6743,6712,322,31,6.04
489.11192,6743,6712,322,31,6.04
489.211913,6743,6720,150,31,6.04
489.311911,6743,6716,150,31,6.04
489.411912,6743,6720,150,31,6.06
489.51192,6743,6716,247,31,6.06
489.611914,6743,6716,247,31,6.06
489.711911,6743,6716,247,31,6.09
489.811912,6743,6716,247,31,6.09
489.911912,6743,6720,247,31,6.03
490.011927,6743,6716,247,31,6.03
490.111911,6743,6720,247,31,6.04
490.21194,6743,6720,221,31,6.04
490.311911,6743,6720,221,31,6.04
490.411935,6743,6720,221,31,6.04
490.511912,6743,6720,247,31,6.04
490.611912,6743,6716,247,31,6.04
490.711912,6743,6720,247,31,6.07
490.811912,6743,6716,518,31,6.07
490.911912,6743,6716,518,31,6.06
491.011912,6743,6720,518,31,6.06
491.111911,6743,6716,518,31,6.07
491.211911,6743,6720,58,31,6.07
491.311911,6743,6716,58,31,6.07
491.41191,6743,6716,58,31,6.05
491.511911,6743,6720,518,31,6.05
491.611911,6743,6716,518,31,6.05
491.71192,6743,6716,518,31,6.06
491.811921,6743,6720,221,31,6.06
491.911912,6743,6716,221,31,6.06
492.011911,6743,6716,221,31,6.06
492.111911,6743,6720,221,31,6.05
492.211912,6743,6720,221,31,6.05
492.311911,6743,6712,221,31,6.05
492.411912,6743,6720,221,31,6.07
492.511911,6743,6716,247,31,6.07
492.611912,6743,6716,247,31,6.07
492.711912,6743,6720,247,31,6.04
492.811912,6743,6716,385,31,6.04
492.911912,6743,6716,385,31,6.04
493.011922,6743,6716,385,31,6.04
493.111911,6743,6716,385,31,6.02
493.211913,6743,6716,385,31,6.02
493.311911,6743,6716,385,31,6.02
493.411911,6743,6716,385,31,6.07
493.511913,6743,6720,221,31,6.07
493.61191,6743,6716,221,31,6.07
493.711912,6743,6720,221,31,6.08
493.811912,6743,6716,247,31,6.08
493.911911,6743,6716,247,31,6.04
494.011911,6743,6716,247,31,6.04
494.11191,6743,6716,247,31,6.02
494.211912,6743,6716,247,31,6.02
494.31192,6743,6720,247,31,6.02
494.411911,6743,6716,247,31,6.08
494.511912,6743,6716,385,31,6.08
494.611913,6743,6720,385,31,6.08
494.711919,6743,6720,385,31,6.07
494.811911,6743,6720,221,31,6.07
494.911911,6743,6720,221,31,6.05
495.011912,6743,6720,221,31,6.05
495.111911,6743,6720,221,31,6.09
495.211911,6743,6716,247,31,6.09
495.311911,6743,6720,247,31,6.09
495.41192,6743,6716,247,31,6.09
495.51191,6743,6716,247,31,6.09
495.611912,6743,6720,247,31,6.09
495.711912,6743,6716,247,31,6.05
495.811912,6743,6716,247,31,6.05
495.911911,6743,6712,247,31,6.04
496.011912,6743,6712,247,31,6.04
496.111912,6743,6712,247,31,6.03
496.211911,6743,6716,247,31,6.03
496.311919,6743,6720,247,31,6.03
496.411913,6743,6720,247,31,6.06
496.511911,6743,6716,247,31,6.06
496.611911,6743,6716,247,31,6.06
496.711913,6743,6716,247,31,6.06
496.811926,6743,6716,247,31,6.06
496.911912,6743,6716,247,31,6.05
497.011912,6743,6716,247,31,6.05
497.111911,6743,6716,247,31,6.07
497.211913,6743,6712,284,31,6.07
497.311916,6743,6716,284,31,6.07
497.411912,6743,6716,284,31,6.05
497.511912,6743,6720,221,31,6.05
497.611913,6743,6720,221,31,6.05
497.711912,6743,6716,221,31,6.03
497.811912,6743,6716,247,31,6.03
497.911912,6743,6720,247,31,6.05
498.011912,6743,6720,247,31,6.05
498.111911,6743,6716,247,31,6.07
498.211911,6743,6716,247,31,6.07
498.311921,6743,6716,247,31,6.07
498.411932,6743,6716,247,31,6.05
498.511911,6743,6720,221,31,6.05
498.611912,6743,6716,221,31,6.05
498.711912,6743,6716,221,31,6.05
498.811911,6743,6720,221,31,6.05
498.911912,6743,6716,221,31,6.04
499.011913,6743,6716,221,31,6.04
499.11191,6743,6720,221,31,6.09
499.211911,6743,6720,221,31,6.09
499.311921,6743,6720,221,31,6.09
499.411912,6743,6716,221,31,6.05
499.511911,6743,6712,284,31,6.05
499.611919,6743,6716,284,31,6.05
499.711912,6743,6720,284,31,6.04
499.811914,6743,6716,247,31,6.04
499.911912,6743,6716,247,31,6.1
500.011912,6743,6716,247,31,6.1
500.11191,6743,6716,247,31,6.04
500.21192,6743,6716,518,31,6.04
500.311929,6743,6716,518,31,6.04
500.411953,6743,6720,518,31,6.05
500.51191,6743,6716,247,31,6.05
500.611929,6743,6716,247,31,6.05
500.71193,6743,6712,247,31,6.06
500.811935,6743,6712,284,31,6.06
500.91191,6743,6720,284,31,6.1
501.011948,6743,6712,284,31,6.1
501.111912,6743,6720,284,31,6.1
501.211928,6743,6716,247,31,6.1
501.311912,6743,6720,247,31,6.1
501.411912,6743,6716,247,31,6.07
501.511919,6743,6720,221,31,6.07
501.611911,6743,6720,221,31,6.07
501.711911,6743,6716,221,31,6.04
501.811912,6743,6712,556,31,6.04
501.91192,6743,6720,556,31,6.09
502.011911,6743,6724,556,31,6.09
502.111912,6743,6716,556,31,6.04
502.211912,6743,6716,247,31,6.04
502.311919,6743,6716,247,31,6.04
502.411912,6743,6716,247,31,6.07
502.511911,6743,6716,42,31,6.07
502.611912,6743,6716,42,31,6.07
502.71191,6743,6720,42,31,6.07
502.811911,6743,6720,221,31,6.07
502.91192,6743,6720,221,31,6.07
503.011911,6743,6720,221,31,6.07
503.111912,6743,6720,221,31,6.06
503.211912,6743,6716,247,31,6.06
503.311912,6743,6716,247,31,6.06
503.411913,6743,6716,247,31,6.04
503.511928,6743,6716,247,31,6.04
503.611912,6743,6716,247,31,6.04
503.71193,6743,6716,247,31,6.04
503.811912,6743,6716,247,31,6.04
503.911959,6743,6716,247,31,6.06
504.011913,6743,6716,247,31,6.06
504.111929,6743,6716,247,31,6.05
504.211912,6743,6724,221,31,6.05
504.31193,6743,6716,221,31,6.05
504.411911,6743,6720,221,31,6.08
504.511912,6743,6716,247,31,6.08
504.611921,6743,6720,247,31,6.08
504.711912,6743,6716,247,31,6.05
504.811915,6743,6716,385,31,6.05
504.911911,6743,6720,385,31,6.06
505.011912,6743,6716,385,31,6.06
505.111912,6743,6720,385,31,6.07
505.211912,6743,6720,221,31,6.07
505.311912,6743,6716,221,31,6.07
505.411913,6743,6720,221,31,6.06
505.511911,6743,6712,284,31,6.06
505.611913,6743,6712,284,31,6.06
505.711912,6743,6716,284,31,6.04
505.811912,6743,6712,284,31,6.04
505.911911,6743,6716,284,31,6.04
506.011913,6743,6716,284,31,6.04
506.111911,6743,6716,284,31,6.05
506.211913,6743,6716,247,31,6.05
506.311911,6743,6720,247,31,6.05
506.411911,6743,6720,247,31,6.06
506.51191,6743,6712,556,31,6.06
506.611911,6743,6716,556,31,6.06
506.711911,6743,6716,556,31,6.03
506.811912,6743,6716,385,31,6.03
506.911912,6743,6716,385,31,6.08
507.011911,6743,6720,385,31,6.08
507.11191,6743,6716,385,31,6.05
507.211911,6743,6716,247,31,6.05
507.311921,6743,6720,247,31,6.05
507.411912,6743,6716,247,31,6.04
507.511926,6743,6720,221,31,6.04
507.611913,6743,6716,221,31,6.04
507.711919,6743,6716,221,31,6.06
507.811924,6743,6712,452,31,6.06
507.911913,6743,6716,452,31,6.04
508.011912,6743,6716,452,31,6.04
508.111911,6743,6716,452,31,6.04
508.211912,6743,6716,385,31,6.04
508.311922,6743,6716,385,31,6.04
508.411911,6743,6716,385,31,6.06
508.511912,6743,6716,385,31,6.06
508.611912,6743,6712,385,31,6.06
508.711911,6743,6720,385,31,6.06
508.811912,6743,6720,221,31,6.06
508.911912,6743,6716,221,31,6.03
509.011912,6743,6716,221,31,6.03
509.111914,6743,6720,221,31,6.03
509.211913,6371,6680,2354,31,6.03
509.311932,6371,6372,2354,31,6.03
509.411913,6371,6368,2354,31,6.07
509.51191,6371,6368,0,31,6.07
509.611911,6371,6368,0,31,6.07
509.711912,6371,6372,0,31,6.08
509.811913,6371,6372,0,31,6.08
509.911913,6371,6372,0,31,6.09
510.011911,6371,6372,0,31,6.09
510.111912,6371,6372,0,31,6.09
510.211912,6371,6372,0,31,6.09
510.311928,6371,6372,0,31,6.09
510.41192,6371,6372,0,31,6.08
510.511912,6371,6372,0,31,6.08
510.611913,6371,6372,0,31,6.08
510.711912,6371,6372,0,31,6.08
510.811913,6371,6372,0,31,6.08
510.911911,6371,6372,0,31,6.08
511.011912,6371,6372,0,31,6.08
511.111921,6371,6372,0,31,6.09
511.211912,6371,6372,0,31,6.09
511.311924,6371,6372,0,31,6.09
511.411911,6371,6372,0,31,6.08
511.51192,6371,6372,0,31,6.08
511.611911,6371,6372,0,31,6.08
511.711912,6371,6372,0,31,6.08
511.811923,6371,6372,0,31,6.08
511.911911,6371,6372,0,31,6.07
512.011911,6371,6372,0,31,6.07
512.11192,6371,6372,0,31,6.09
512.211912,6371,6372,0,31,6.09
512.311926,6371,6372,0,31,6.09
512.411911,6371,6372,0,31,6.08
512.511928,6371,6372,0,31,6.08
512.611911,6371,6372,0,31,6.08
512.711917,6371,6372,0,31,6.09
512.811921,6371,6372,0,31,6.09
512.911933,6371,6372,0,31,6.08
513.011922,6371,6372,0,31,6.08
513.111917,6371,6372,0,31,6.08
513.211913,6371,6372,0,31,6.08
513.311926,6371,6372,0,31,6.08
513.411921,6371,6372,0,31,6.08
513.511947,6371,6372,0,31,6.08
513.611912,6371,6372,0,31,6.08
513.711927,6371,6372,0,31,6.08
513.811914,6371,6372,0,31,6.08
513.911911,6371,6372,0,31,6.08
514.011912,6371,6372,0,31,6.08
514.111913,6371,6372,0,31,6.08
514.211912,6371,6372,0,31,6.08
514.311912,6371,6372,0,31,6.08
514.411911,6371,6372,0,31,6.09
514.511911,6371,6372,0,31,6.09
514.611912,6371,6372,0,31,6.09
514.711911,6371,6372,0,31,6.08
514.811912,6371,6372,0,31,6.08
514.91191,6371,6372,0,31,6.07
515.01191,6371,6372,0,31,6.07
515.111912,6371,6372,0,31,6.08
515.211912,6371,6372,0,31,6.08
515.311911,6371,6372,0,31,6.08
515.411921,6371,6372,0,31,6.08
515.51191,6371,6372,0,31,6.08
515.611912,6371,6372,0,31,6.08
515.711911,6371,6372,0,31,6.09
515.811914,6371,6372,0,31,6.09
515.911911,6371,6372,0,31,6.09
516.011918,6371,6372,0,31,6.09
516.11191,6371,6372,0,31,6.08
516.211923,6371,6372,0,31,6.08
516.311912,6371,6372,0,31,6.08
516.411978,6371,6372,0,31,6.09
516.511912,6371,6372,0,31,6.09
516.61194,6371,6372,0,31,6.09
516.711911,6371,6372,0,31,6.08
516.811913,6371,6372,0,31,6.08
516.91192,6371,6372,0,31,6.09
517.011911,6371,6372,0,31,6.09
517.111912,6371,6372,0,31,6.08
517.211912,6371,6372,0,31,6.08
517.311912,6371,6372,0,31,6.08
517.411912,6371,6372,0,31,6.09
517.511912,6371,6372,0,31,6.09
517.611912,6371,6372,0,31,6.09
517.71191,6371,6372,0,31,6.09
517.81191,6371,6372,0,31,6.09
517.911917,6371,6372,0,31,6.07
518.011911,6371,6372,0,31,6.07
518.111913,6371,6372,0,31,6.08
518.211911,6371,6372,0,31,6.08
518.311922,6371,6372,0,31,6.08
518.41191,6371,6372,0,31,6.08
518.51192,6371,6372,0,31,6.08
518.611912,6371,6372,0,31,6.08
518.711912,6371,6372,0,31,6.09
518.811912,6371,6372,0,31,6.09
518.91194,6371,6372,0,31,6.09
519.011912,6371,6372,0,31,6.09
519.111912,6371,6372,0,31,6.09
519.21192,6371,6372,0,31,6.09
519.311913,6371,6372,0,31,6.09
519.411911,6371,6372,0,31,6.08
519.51191,6371,6372,0,31,6.08
519.611911,6371,6372,0,31,6.08
519.71191,6371,6372,0,31,6.09
519.811912,6371,6372,0,31,6.09
519.911918,6371,6372,0,31,6.09
520.011913,6371,6372,0,31,6.09
520.111911,6371,6372,0,31,6.08
520.211913,6371,6372,0,31,6.08
520.311912,6371,6372,0,31,6.08
520.41193,6371,6372,0,31,6.08
520.511912,6371,6372,0,31,6.08
520.611911,6371,6372,0,31,6.08
520.711911,6371,6372,0,31,6.08
520.811914,6371,6372,0,31,6.08
520.911911,6371,6372,0,31,6.09
521.011912,6371,6372,0,31,6.09
521.111911,6371,6372,0,31,6.08
521.211912,6371,6372,0,31,6.08
521.311912,6371,6372,0,31,6.08
521.411912,6371,6372,0,31,6.08
521.511918,6371,6372,0,31,6.08
521.611911,6371,6372,0,31,6.08
521.711912,6371,6372,0,31,6.09
521.811912,6371,6372,0,31,6.09
521.91192,6371,6372,0,31,6.08
522.011913,6371,6372,0,31,6.08
522.111911,6371,6372,0,31,6.08
522.211913,6371,6372,0,31,6.08
522.31192,6371,6372,0,31,6.08
522.411925,6371,6372,0,31,6.09
522.511912,6371,6372,0,31,6.09
522.611912,6371,6372,0,31,6.09
522.711912,6371,6372,0,31,6.08
522.811912,6371,6372,0,31,6.08
522.911929,6371,6372,0,31,6.09
523.011912,6371,6372,0,31,6.09
523.111912,6371,6372,0,31,6.09
523.211911,6371,6372,0,31,6.09
523.311911,6371,6372,0,31,6.09
523.411912,6371,6372,0,31,6.08
523.511911,6371,6372,0,31,6.08
523.611913,6371,6372,0,31,6.08
523.711912,6371,6372,0,31,6.09
523.811912,6371,6372,0,31,6.09
523.911913,6371,6372,0,31,6.09
524.011912,6371,6372,0,31,6.09
524.111911,6371,6372,0,31,6.09
524.211913,6371,6372,0,31,6.09
524.31191,6371,6372,0,31,6.09
524.411913,6371,6372,0,31,6.08
524.511911,6371,6372,0,31,6.08
524.611912,6371,6372,0,31,6.08
524.711912,6371,6372,0,31,6.09
524.811912,6371,6372,0,31,6.09
524.911911,6371,6372,0,31,6.08
525.011913,6371,6372,0,31,6.08
525.11191,6371,6372,0,31,6.09
525.211913,6371,6372,0,31,6.09
525.31191,6371,6372,0,31,6.09
525.41193,6371,6372,0,31,6.08
525.511911,6371,6372,0,31,6.08
525.611913,6371,6372,0,31,6.08
525.711911,6371,6372,0,31,6.09
525.811929,6371,6372,0,31,6.09
525.911912,6371,6372,0,31,6.09
526.011954,6371,6372,0,30,6.09
526.111912,6371,6372,0,30,6.08
526.21194,6371,6372,0,30,6.08
526.311918,6371,6372,0,30,6.08
526.411928,6371,6372,0,30,6.08
526.511909,6371,6372,0,30,6.08
526.61192,6371,6372,0,30,6.08
526.711911,6371,6372,0,30,6.08
526.811912,6371,6372,0,30,6.08
526.911911,6371,6372,0,30,6.09
527.011912,6371,6372,0,30,6.09
527.11191,6371,6372,0,30,6.09
527.211913,6371,6372,0,30,6.09
527.311911,6371,6372,0,30,6.09
527.411912,6371,6372,0,30,6.09
527.511922,6371,6372,0,30,6.09
527.611911,6371,6372,0,30,6.09
527.711911,6371,6372,0,30,6.08
527.811912,6371,6372,0,30,6.08
527.911929,6371,6372,0,30,6.09
528.011912,6371,6372,0,30,6.09
528.111911,6371,6372,0,30,6.09
528.211912,6371,6372,0,30,6.09
528.311919,6371,6372,0,30,6.09
528.411913,6371,6372,0,30,6.08
528.51191,6371,6372,0,30,6.08
528.611913,6371,6372,0,30,6.08
528.711912,6371,6372,0,30,6.08
528.811912,6371,6372,0,30,6.08
528.911911,6371,6372,0,30,6.09
529.011913,6371,6372,0,30,6.09
529.11192,6371,6372,0,30,6.08
529.211912,6371,6372,0,30,6.08
529.311911,6371,6372,0,30,6.08
529.41192,6371,6372,0,30,6.09
529.511912,6371,6372,0,30,6.09
529.611912,6371,6372,0,30,6.09
529.71191,6371,6372,0,30,6.06
529.811911,6371,6372,0,30,6.06
529.911911,6371,6372,0,30,6.08
530.011911,6371,6372,0,31,6.08
530.111927,6371,6372,0,31,6.08
530.211912,6371,6372,0,31,6.08
530.311924,6371,6372,0,31,6.08
530.411929,6371,6372,0,31,6.08
530.511928,6371,6372,0,31,6.08
530.61191,6371,6372,0,31,6.08
530.711911,6371,6372,0,31,6.08
530.811912,6371,6372,0,31,6.08
530.911919,6371,6372,0,31,6.09
531.011912,6371,6372,0,30,6.09
531.111911,6371,6372,0,30,6.08
531.211912,6371,6372,0,30,6.08
531.311912,6371,6372,0,30,6.08
531.411912,6371,6372,0,30,6.08
531.511931,6371,6372,0,30,6.08
531.611912,6371,6372,0,30,6.08
531.71194,6371,6372,0,30,6.09
531.811914,6371,6372,0,30,6.09
531.911912,6371,6372,0,30,6.08
532.011913,6371,6372,0,30,6.08
532.111919,6371,6372,0,30,6.08
532.211912,6371,6372,0,30,6.08
532.31191,6371,6372,0,30,6.08
532.411911,6371,6372,0,30,6.08
532.511911,6371,6372,0,30,6.08
532.611911,6371,6372,0,30,6.08
532.711918,6371,6372,0,30,6.08
532.811913,6371,6372,0,30,6.08
532.911937,6371,6372,0,30,6.08
533.011913,6371,6372,0,30,6.08
533.111919,6371,6372,0,30,6.08
533.211912,6371,6372,0,30,6.08
533.31191,6371,6372,0,30,6.08
533.411912,6371,6372,0,30,6.08
533.511911,6371,6372,0,30,6.08
533.611911,6371,6372,0,30,6.08
533.711911,6371,6372,0,30,6.08
533.811913,6371,6372,0,30,6.08
533.911912,6371,6372,0,30,6.08
534.011913,6371,6372,0,30,6.08
534.11191,6371,6372,0,30,6.08
534.211912,6371,6372,0,30,6.08
534.31191,6371,6372,0,30,6.08
534.411911,6371,6372,0,30,6.08
534.51192,6371,6372,0,30,6.08
534.611911,6371,6372,0,30,6.08
534.711911,6371,6372,0,30,6.09
534.81191,6371,6372,0,30,6.09
534.911911,6371,6372,0,30,6.08
535.011913,6371,6372,0,30,6.08
535.111911,6371,6372,0,30,6.08
535.211912,6371,6372,0,30,6.08
535.311911,6371,6372,0,30,6.08
535.41193,6371,6372,0,30,6.08
535.511914,6371,6372,0,30,6.08
535.611912,6371,6372,0,30,6.08
535.711912,6371,6372,0,30,6.09
535.811912,6371,6372,0,30,6.09
535.911919,6371,6372,0,30,6.08
536.011912,6371,6372,0,30,6.08
536.111911,6371,6372,0,30,6.08
536.211919,6371,6372,0,30,6.08
536.311913,6371,6372,0,30,6.08
536.411912,6371,6372,0,30,6.08
536.511911,6371,6372,0,30,6.08
536.611914,6371,6372,0,30,6.08
536.711912,6371,6372,0,30,6.08
536.811912,6371,6372,0,30,6.08
536.911911,6371,6372,0,30,6.09
537.011912,6371,6372,0,30,6.09
537.11191,6371,6372,0,30,6.08
537.211913,6371,6372,0,30,6.08
537.311912,6371,6372,0,30,6.08
537.411912,6371,6372,0,30,6.08
537.511912,6371,6372,0,30,6.08
537.611912,6371,6372,0,30,6.08
537.711919,6371,6372,0,30,6.09
537.811913,6371,6372,0,30,6.09
537.911929,6371,6372,0,30,6.08
538.011913,6371,6372,0,30,6.08
538.111912,6371,6372,0,30,6.08
538.211912,6371,6372,0,30,6.08
538.311932,6371,6372,0,30,6.08
538.411912,6371,6372,0,30,6.08
538.511942,6371,6372,0,30,6.08
538.611912,6371,6372,0,30,6.08
538.711949,6371,6372,0,30,6.08
538.811915,6371,6372,0,30,6.08
538.911939,6371,6372,0,30,6.08
539.011912,6371,6372,0,30,6.08
539.111911,6371,6372,0,30,6.09
539.211912,6371,6372,0,30,6.09
539.31191,6371,6372,0,30,6.09
539.41191,6371,6372,0,30,6.08
539.511912,6371,6372,0,30,6.08
539.611912,6371,6372,0,30,6.08
539.711912,6371,6372,0,30,6.08
539.81191,6371,6372,0,30,6.08
539.911912,6371,6372,0,30,6.08
540.011911,6371,6372,0,30,6.08
540.111911,6371,6372,0,30,6.09
540.211912,6371,6372,0,30,6.09
540.311912,6371,6372,0,30,6.09
540.411936,6371,6372,0,30,6.08
540.511919,6371,6372,0,30,6.08
540.611911,6371,6372,0,30,6.08
540.711912,6371,6372,0,30,6.08
540.811912,6371,6372,0,30,6.08
540.911921,6371,6372,0,30,6.08
541.01192,6371,6372,0,30,6.08
541.111912,6371,6372,0,30,6.08
541.211913,6371,6372,0,30,6.08
541.311911,6371,6372,0,30,6.08
541.411929,6371,6372,0,30,6.08
541.511911,6371,6372,0,30,6.08
541.611941,6371,6372,0,30,6.08
541.711911,6371,6372,0,30,6.06
541.811915,6371,6372,0,30,6.06
541.911911,6371,6372,0,30,6.08
542.011912,6371,6372,0,30,6.08
542.111912,6371,6372,0,30,6.09
542.211914,6371,6372,0,30,6.09
542.31191,6371,6372,0,30,6.09
542.411912,6371,6372,0,30,6.06
542.511911,6371,6372,0,30,6.06
542.611912,6371,6372,0,30,6.06
542.711913,6371,6372,0,30,6.08
542.811916,6371,6372,0,30,6.08
542.911927,6371,6372,0,30,6.08
543.011913,6371,6372,0,30,6.08
543.111912,6371,6372,0,30,6.08
543.211915,6371,6372,0,30,6.08
543.311919,6371,6372,0,30,6.08
543.411911,6371,6372,0,30,6.08
543.511912,6371,6372,0,30,6.08
543.611913,6371,6372,0,30,6.08
543.711911,6371,6372,0,30,6.08
543.811914,6371,6372,0,30,6.08
543.911911,6371,6372,0,30,6.06
544.011912,6371,6372,0,30,6.06
544.111914,6371,6372,0,30,6.08
544.211912,6371,6372,0,30,6.08
544.311914,6371,6372,0,30,6.08
544.411928,6371,6372,0,30,6.08
544.511911,6371,6372,0,30,6.08
544.611943,6371,6372,0,30,6.08
544.711919,6371,6372,0,30,6.09
544.811929,6371,6372,0,30,6.09
544.91192,6371,6372,0,30,6.08
545.011911,6371,6372,0,30,6.08
545.111911,6371,6372,0,30,6.08
545.211912,6371,6372,0,30,6.08
545.311911,6371,6372,0,30,6.08
545.411928,6371,6372,0,30,6.09
545.511912,6371,6372,0,30,6.09
545.611913,6371,6372,0,30,6.09
545.711912,6371,6372,0,30,6.08
545.811914,6371,6372,0,30,6.08
545.911912,6371,6372,0,30,6.09
546.011912,6371,6372,0,30,6.09
546.111928,6371,6372,0,30,6.08
546.211911,6371,6372,0,30,6.08
546.311911,6371,6372,0,30,6.08
546.411913,6371,6372,0,30,6.08
546.511912,6371,6372,0,30,6.08
546.611921,6371,6372,0,30,6.08
546.71191,6371,6372,0,30,6.08
546.811911,6371,6372,0,30,6.08
546.911911,6371,6372,0,30,6.08
547.01192,6371,6372,0,30,6.08
547.111911,6371,6372,0,30,6.09
547.211913,6371,6372,0,30,6.09
547.311921,6371,6372,0,30,6.09
547.411911,6371,6372,0,30,6.09
547.511911,6371,6372,0,30,6.09
547.61191,6371,6372,0,30,6.09
547.711925,6371,6372,0,30,6.08
547.811912,6371,6372,0,30,6.08
547.911929,6371,6372,0,30,6.09
548.011912,6371,6372,0,30,6.09
548.111911,6371,6372,0,30,6.08
548.211911,6371,6372,0,30,6.08
548.311911,6371,6372,0,30,6.08
548.41192,6371,6372,0,30,6.09
548.511911,6371,6372,0,30,6.09
548.611912,6371,6372,0,30,6.09
548.711913,6371,6372,0,30,6.08
548.811913,6371,6372,0,30,6.08
548.911911,6371,6372,0,30,6.08
549.01191,6371,6372,0,30,6.08
549.111912,6371,6372,0,30,6.08
549.211911,6371,6372,0,30,6.08
549.311911,6371,6372,0,30,6.08
549.411911,6371,6372,0,30,6.08
549.511912,6371,6372,0,30,6.08
549.611912,6371,6372,0,30,6.08
549.71191,6371,6372,0,30,6.09
549.811911,6371,6372,0,30,6.09
549.911912,6371,6372,0,30,6.08
550.01191,6371,6372,0,30,6.08
550.11191,6371,6372,0,30,6.08
550.211912,6371,6372,0,30,6.08
550.311911,6371,6372,0,30,6.08
550.411929,6371,6372,0,30,6.08
550.511912,6371,6372,0,30,6.08
550.611912,6371,6372,0,30,6.08
550.711912,6371,6372,0,30,6.09
550.811911,6371,6372,0,30,6.09
550.911912,6371,6372,0,30,6.08
551.011912,6371,6372,0,30,6.08
551.111912,6371,6372,0,30,6.09
551.211913,6371,6372,0,30,6.09
551.311912,6371,6372,0,30,6.09
551.411912,6371,6372,0,30,6.08
551.51191,6371,6372,0,30,6.08
551.611912,6371,6372,0,30,6.08
551.71193,6371,6372,0,30,6.08
551.81193,6371,6372,0,30,6.08
551.911929,6371,6372,0,30,6.08
552.011955,6371,6372,0,30,6.08
552.111928,6371,6372,0,30,6.09
552.211922,6371,6372,0,30,6.09
552.311909,6371,6372,0,30,6.09
552.411911,6371,6372,0,30,6.08
552.511909,6371,6372,0,30,6.08
552.611911,6371,6372,0,30,6.08
552.71191,6371,6372,0,30,6.08
552.811911,6371,6372,0,30,6.08
552.911931,6371,6372,0,30,6.08
553.011918,6371,6372,0,30,6.08
553.11191,6371,6372,0,30,6.08
553.211911,6371,6372,0,30,6.08
553.31191,6371,6372,0,30,6.08
553.41191,6371,6372,0,30,6.08
553.51191,6371,6372,0,30,6.08
553.611911,6371,6372,0,30,6.08
553.711918,6371,6372,0,30,6.08
553.81191,6371,6372,0,30,6.08
553.91191,6371,6372,0,30,6.08
554.011911,6371,6372,0,30,6.08
554.111911,6371,6372,0,30,6.08
554.211912,6371,6372,0,30,6.08
554.31191,6371,6372,0,30,6.08
554.411911,6371,6372,0,30,6.07
554.511912,6371,6372,0,30,6.07
554.611911,6371,6372,0,30,6.07
554.711913,6371,6372,0,30,6.08
554.811886,6371,6372,0,30,6.08
554.91191,6371,6372,0,30,6.08
555.01191,6371,6372,0,30,6.08
555.111911,6371,6372,0,30,6.08
555.211912,6371,6372,0,30,6.08
555.311918,6371,6372,0,30,6.08
555.41193,6371,6372,0,30,6.08
555.511918,6371,6372,0,30,6.08
555.61191,6371,6372,0,30,6.08
555.71191,6371,6372,0,30,6.08
555.811911,6371,6372,0,30,6.08
555.911911,6371,6372,0,30,6.07
556.01191,6371,6372,0,30,6.07
556.111912,6371,6372,0,30,6.09
556.21191,6371,6372,0,30,6.09
556.311918,6371,6372,0,30,6.09
556.411911,6371,6372,0,30,6.08
556.51191,6371,6372,0,30,6.08
556.611911,6371,6372,0,30,6.08
556.711912,6371,6372,0,30,6.09
556.811912,6371,6372,0,30,6.09
556.911913,6371,6372,0,30,6.08
557.011909,6371,6372,0,30,6.08
557.111912,6371,6372,0,30,6.09
557.211912,6371,6372,0,30,6.09
557.311912,6371,6372,0,30,6.09
557.411912,6371,6372,0,30,6.09
557.511928,6371,6372,0,30,6.09
557.611911,6371,6372,0,30,6.09
557.71193,6371,6372,0,30,6.08
557.811911,6371,6372,0,30,6.08
557.911927,6371,6372,0,30,6.09
558.01191,6371,6372,0,30,6.09
558.111911,6371,6372,0,30,6.08
558.211911,6371,6372,0,30,6.08
558.311911,6371,6372,0,30,6.08
558.41192,6371,6372,0,30,6.08
558.51191,6371,6372,0,30,6.08
558.611911,6371,6372,0,30,6.08
558.71191,6371,6372,0,30,6.08
558.811911,6371,6372,0,30,6.08
558.91191,6371,6372,0,30,6.08
559.011912,6371,6372,0,30,6.08
559.111911,6371,6372,0,30,6.08
559.211912,6371,6372,0,30,6.08
559.311911,6371,6372,0,30,6.08
559.411919,6371,6372,0,30,6.08
559.511914,6371,6372,0,30,6.08
559.611911,6371,6372,0,30,6.08
559.71191,6371,6372,0,30,6.08
559.811919,6371,6372,0,30,6.08
559.911912,6371,6372,0,30,6.07
560.011911,6371,6372,0,30,6.07
560.111919,6371,6372,0,30,6.08
560.211912,6371,6372,0,30,6.08
560.31191,6371,6372,0,30,6.08
560.411912,6371,6372,0,30,6.07
560.511912,6371,6372,0,30,6.07
560.611912,6371,6372,0,30,6.07
560.71191,6371,6372,0,30,6.08
560.811911,6371,6372,0,30,6.08
560.911918,6371,6372,0,30,6.09
561.011911,6371,6372,0,30,6.09
561.111911,6371,6372,0,30,6.09
561.211912,6371,6372,0,30,6.09
561.311919,6371,6372,0,30,6.09
561.411929,6371,6372,0,30,6.08
561.511909,6371,6372,0,30,6.08
561.611941,6371,6372,0,30,6.08
561.711911,6371,6372,0,30,6.08
561.811918,6371,6372,0,30,6.08
561.911911,6371,6372,0,30,6.08
562.01191,6371,6372,0,30,6.08
562.111919,6371,6372,0,30,6.08
562.21191,6371,6372,0,30,6.08
562.31191,6371,6372,0,30,6.08
562.411911,6371,6372,0,30,6.08
562.511913,6371,6372,0,30,6.08
562.611911,6371,6372,0,30,6.08
562.71191,6371,6372,0,30,6.08
562.81191,6371,6372,0,30,6.08
562.911911,6371,6372,0,30,6.08
563.011912,6371,6372,0,30,6.08
563.111909,6371,6372,0,30,6.08
563.211911,6371,6372,0,30,6.08
563.311911,6371,6372,0,30,6.08
563.411913,6371,6372,0,30,6.08
563.511911,6371,6372,0,30,6.08
563.611911,6371,6372,0,30,6.08
563.71191,6371,6372,0,30,6.08
563.81191,6371,6372,0,30,6.08
563.911912,6371,6372,0,30,6.08
564.011912,6371,6372,0,30,6.08
564.111919,6371,6372,0,30,6.08
564.211912,6371,6372,0,30,6.08
564.31191,6371,6372,0,30,6.08
564.41191,6371,6372,0,30,6.09
564.511911,6371,6372,0,30,6.09
564.61192,6371,6372,0,30,6.09
564.711927,6371,6372,0,30,6.07
564.811911,6371,6372,0,30,6.07
564.911941,6371,6372,0,30,6.08
565.011912,6371,6372,0,30,6.08
565.111937,6371,6372,0,30,6.07
565.211912,6371,6372,0,30,6.07
565.311911,6371,6372,0,30,6.07
565.41192,6371,6372,0,30,6.08
565.511911,6371,6372,0,30,6.08
565.611912,6371,6372,0,30,6.08
565.711911,6371,6372,0,30,6.08
565.811911,6371,6372,0,30,6.08
565.91191,6371,6372,0,30,6.08
566.011911,6371,6372,0,30,6.08
566.111931,6371,6372,0,30,6.08
566.211911,6371,6372,0,30,6.08
566.31191,6371,6372,0,30,6.08
566.411909,6371,6372,0,30,6.08
566.51191,6371,6372,0,30,6.08
566.61191,6371,6372,0,30,6.08
566.71191,6371,6372,0,30,6.08
566.811912,6371,6372,0,30,6.08
566.911911,6371,6372,0,30,6.08
567.011925,6371,6372,0,30,6.08
567.111917,6371,6372,0,30,6.08
567.211912,6371,6372,0,30,6.08
567.311912,6371,6372,0,30,6.08
567.411912,6371,6372,0,30,6.09
567.511911,6371,6372,0,30,6.09
567.611913,6371,6372,0,30,6.09
567.711912,6371,6372,0,30,6.08
567.811912,6371,6372,0,30,6.08
567.91191,6371,6372,0,30,6.08
568.011912,6371,6372,0,30,6.08
568.111911,6371,6372,0,30,6.09
568.211912,6371,6372,0,30,6.09
568.311912,6371,6372,0,30,6.09
568.411935,6371,6372,0,30,6.08
568.511912,6371,6372,0,30,6.08
568.611951,6371,6372,0,30,6.08
568.71191,6371,6372,0,30,6.08
568.81194,6371,6372,0,30,6.08
568.911911,6371,6372,0,30,6.08
569.011913,6371,6372,0,30,6.08
569.111911,6371,6372,0,30,6.08
569.21192,6371,6372,0,30,6.08
569.31191,6371,6372,0,30,6.08
569.411913,6371,6372,0,30,6.08
569.511911,6371,6372,0,30,6.08
569.611912,6371,6372,0,30,6.08
569.711911,6371,6372,0,30,6.09
569.811911,6371,6372,0,30,6.09
569.911921,6371,6372,0,30,6.08
570.011911,6371,6372,0,30,6.08
570.11191,6371,6372,0,30,6.08
570.211912,6371,6372,0,30,6.08
570.311913,6371,6372,0,30,6.08
570.411912,6371,6372,0,30,6.08
570.511911,6371,6372,0,30,6.08
570.611911,6371,6372,0,30,6.08
570.711919,6371,6372,0,30,6.08
570.811912,6371,6372,0,30,6.08
570.911911,6371,6372,0,30,6.08
571.011912,6371,6372,0,30,6.08
571.111927,6371,6372,0,30,6.08
571.211911,6371,6372,0,30,6.08
571.311946,6371,6372,0,30,6.08
571.411911,6371,6372,0,30,6.08
571.511928,6371,6372,0,30,6.08
571.61191,6371,6372,0,30,6.08
571.711912,6371,6372,0,30,6.08
571.811919,6371,6372,0,30,6.08
571.91191,6371,6372,0,30,6.09
572.011911,6371,6372,0,30,6.09
572.111913,6371,6372,0,30,6.08
572.211912,6371,6372,0,30,6.08
572.311913,6371,6372,0,30,6.08
572.411912,6371,6372,0,30,6.07
572.51191,6371,6372,0,30,6.07
572.611911,6371,6372,0,30,6.07
572.71191,6371,6372,0,30,6.08
572.81191,6371,6372,0,30,6.08
572.91191,6371,6372,0,30,6.09
573.011911,6371,6372,0,30,6.09
573.111911,6371,6372,0,30,6.08
573.211912,6371,6372,0,30,6.08
573.311913,6371,6372,0,30,6.08
573.411914,6371,6372,0,30,6.08
573.511912,6371,6372,0,30,6.08
573.611913,6371,6372,0,30,6.08
573.711914,6371,6372,0,30,6.09
573.811915,6371,6372,0,30,6.09
573.911914,6371,6372,0,30,6.08
574.011914,6371,6372,0,30,6.08
574.111912,6371,6372,0,30,6.09
574.211913,6371,6372,0,30,6.09
574.311914,6371,6372,0,30,6.09
574.411914,6371,6372,0,30,6.08
574.511913,6371,6372,0,30,6.08
574.611915,6371,6372,0,30,6.08
574.711913,6371,6372,0,30,6.09
574.811914,6371,6372,0,30,6.09
574.911913,6371,6372,0,30,6.07
575.011913,6371,6372,0,30,6.07
575.111914,6371,6372,0,30,6.08
575.211913,6371,6372,0,30,6.08
575.311913,6371,6372,0,30,6.08
575.411913,6371,6372,0,30,6.08
575.511913,6371,6372,0,30,6.08
575.611914,6371,6372,0,30,6.08
575.711915,6371,6372,0,30,6.09
575.811915,6371,6372,0,30,6.09
575.911914,6371,6372,0,30,6.08
576.011916,6371,6372,0,30,6.08
576.111914,6371,6372,0,30,6.08
576.211914,6371,6372,0,30,6.08
576.311913,6371,6372,0,30,6.08
576.411915,6371,6372,0,30,6.09
576.511913,6371,6372,0,30,6.09
576.611915,6371,6372,0,30,6.09
576.711914,6371,6372,0,30,6.09
576.811914,6371,6372,0,30,6.09
576.911913,6371,6372,0,30,6.07
577.011913,6371,6372,0,30,6.07
577.111914,6371,6372,0,30,6.08
577.211914,6371,6372,0,30,6.08
577.311913,6371,6372,0,30,6.08
577.411932,6371,6372,0,30,6.09
577.511915,6371,6372,0,30,6.09
577.611941,6371,6372,0,30,6.09
577.711922,6371,6372,0,30,6.08
577.81195,6371,6372,0,30,6.08
577.911913,6371,6372,0,30,6.09
578.011914,6371,6372,0,30,6.09
578.111913,6371,6372,0,30,6.08
578.211913,6371,6372,0,30,6.08
578.311913,6371,6372,0,30,6.08
578.411914,6371,6372,0,30,6.08
578.511914,6371,6372,0,30,6.08
578.611914,6371,6372,0,30,6.08
578.711913,6371,6372,0,30,6.08
578.811914,6371,6372,0,30,6.08
578.911913,6371,6372,0,30,6.08
579.011937,6371,6372,0,30,6.08
579.111914,6371,6372,0,30,6.07
579.211914,6371,6372,0,30,6.07
579.311913,6371,6372,0,30,6.07
579.411922,6371,6372,0,30,6.08
579.511923,6371,6372,0,30,6.08
579.611914,6371,6372,0,30,6.08
579.711912,6371,6372,0,30,6.09
579.811913,6371,6372,0,30,6.09
579.911914,6371,6372,0,30,6.08
580.011923,6371,6372,0,30,6.08
580.111915,6371,6372,0,30,6.08
580.211919,6371,6372,0,30,6.08
580.311919,6371,6372,0,30,6.08
580.41192,6371,6372,0,30,6.08
580.511941,6371,6372,0,30,6.08
580.61192,6371,6372,0,30,6.08
580.711955,6371,6372,0,30,6.08
580.811945,6371,6372,0,30,6.08
580.911981,6371,6372,0,30,6.08
581.011958,6371,6372,0,30,6.08
581.111944,6371,6372,0,30,6.08
581.21192,6371,6372,0,30,6.08
581.31192,6371,6372,0,30,6.08
581.41192,6371,6372,0,30,6.08
581.511919,6371,6372,0,30,6.08
581.611932,6371,6372,0,30,6.08
581.71192,6371,6372,0,30,6.08
581.811919,6371,6372,0,30,6.08
581.911919,6371,6372,0,30,6.08
582.011919,6371,6372,0,30,6.08
582.111919,6371,6372,0,30,6.08
582.21192,6371,6372,0,30,6.08
582.311918,6371,6372,0,30,6.08
582.411921,6371,6372,0,30,6.09
582.511919,6371,6372,0,30,6.09
582.61192,6371,6372,0,30,6.09
582.711931,6371,6372,0,30,6.08
582.81192,6371,6372,0,30,6.08
582.91192,6371,6372,0,30,6.08
583.01192,6371,6372,0,30,6.08
583.111919,6371,6372,0,30,6.08
583.211919,6371,6372,0,30,6.08
583.311918,6371,6372,0,30,6.08
583.41193,6371,6372,0,30,6.09
583.511919,6371,6372,0,30,6.09
583.611919,6371,6372,0,30,6.09
583.71192,6371,6372,0,30,6.08
583.811919,6371,6372,0,30,6.08
583.911919,6371,6372,0,30,6.09
584.011919,6371,6372,0,30,6.09
584.111919,6371,6372,0,30,6.09
584.21192,6371,6372,0,30,6.09
584.311919,6371,6372,0,30,6.09
584.411927,6371,6372,0,30,6.08
584.511919,6371,6372,0,30,6.08
584.61192,6371,6372,0,30,6.08
584.71192,6371,6372,0,30,6.08
584.811919,6371,6372,0,30,6.08
584.911918,6371,6372,0,30,6.09
585.011923,6371,6372,0,30,6.09
585.111918,6371,6372,0,30,6.08
585.211919,6371,6372,0,30,6.08
585.311917,6371,6372,0,30,6.08
585.411919,6371,6372,0,30,6.09
585.511919,6371,6372,0,30,6.09
585.611919,6371,6372,0,30,6.09
585.711917,6371,6372,0,30,6.08
585.811919,6371,6372,0,30,6.08
585.911917,6371,6372,0,30,6.08
586.011919,6371,6372,0,30,6.08
586.111917,6371,6372,0,30,6.08
586.21192,6371,6372,0,30,6.08
586.311918,6371,6372,0,30,6.08
586.411919,6371,6372,0,30,6.08
586.511919,6371,6372,0,30,6.08
586.611919,6371,6372,0,30,6.08
586.711917,6371,6372,0,30,6.08
586.81192,6371,6372,0,30,6.08
586.911918,6371,6372,0,30,6.08
587.011916,6371,6372,0,30,6.08
587.111918,6371,6372,0,30,6.08
587.211918,6371,6372,0,30,6.08
587.311918,6371,6372,0,30,6.08
587.411918,6371,6372,0,30,6.07
587.511918,6371,6372,0,30,6.07
587.611918,6371,6372,0,30,6.07
587.711916,6371,6372,0,30,6.08
587.811919,6371,6372,0,30,6.08
587.911919,6371,6372,0,30,6.08
588.011918,6371,6372,0,30,6.08
588.111917,6371,6372,0,30,6.08
588.211917,6371,6372,0,30,6.08
588.311917,6371,6372,0,30,6.08
588.411926,6371,6372,0,30,6.08
588.511917,6371,6372,0,30,6.08
588.611919,6371,6372,0,30,6.08
588.711918,6371,6372,0,30,6.08
588.811917,6371,6372,0,30,6.08
588.911918,6371,6372,0,30,6.08
589.011916,6371,6372,0,30,6.08
589.111919,6371,6372,0,30,6.07
589.211919,6371,6372,0,30,6.07
589.311919,6371,6372,0,30,6.07
589.411919,6371,6372,0,30,6.08
589.511918,6371,6372,0,30,6.08
589.611917,6371,6372,0,30,6.08
589.711919,6371,6372,0,30,6.08
589.811918,6371,6372,0,30,6.08
589.911935,6371,6372,0,30,6.08
590.011917,6371,6372,0,30,6.08
590.111976,6371,6372,0,30,6.08
590.211919,6371,6372,0,30,6.08
590.311934,6371,6372,0,30,6.08
590.411919,6371,6372,0,30,6.08
590.511948,6371,6372,0,30,6.08
590.611919,6371,6372,0,30,6.08
590.711943,6371,6372,0,30,6.07
590.811925,6371,6372,0,30,6.07
590.911917,6371,6372,0,30,6.08
591.011917,6371,6372,0,30,6.08
591.111921,6371,6372,0,30,6.08
591.211919,6371,6372,0,30,6.08
591.311924,6371,6372,0,30,6.08
591.411919,6371,6372,0,30,6.08
591.511916,6371,6372,0,30,6.08
591.611917,6371,6372,0,30,6.08
591.711924,6371,6372,0,30,6.08
591.811919,6371,6372,0,30,6.08
591.911917,6371,6372,0,30,6.08
592.011918,6371,6372,0,30,6.08
592.111917,6371,6372,0,30,6.08
592.211922,6371,6372,0,30,6.08
592.311918,6371,6372,0,30,6.08
592.411932,6371,6372,0,30,6.08
592.511927,6371,6372,0,30,6.08
592.611946,6371,6372,0,30,6.08
592.711919,6371,6372,0,30,6.09
592.811917,6371,6372,0,30,6.09
592.911924,6371,6372,0,30,6.08
593.011918,6371,6372,0,30,6.08
593.111917,6371,6372,0,30,6.07
593.211917,6371,6372,0,30,6.07
593.311919,6371,6372,0,30,6.07
593.411922,6371,6372,0,30,6.08
593.511917,6371,6372,0,30,6.08
593.611919,6371,6372,0,30,6.08
593.711918,6371,6372,0,30,6.08
593.811919,6371,6372,0,30,6.08
593.911918,6371,6372,0,30,6.08
594.011918,6371,6372,0,30,6.08
594.111927,6371,6372,0,30,6.07
594.211919,6371,6372,0,30,6.07
594.311918,6371,6372,0,30,6.07
594.411919,6371,6372,0,30,6.08
594.511919,6371,6372,0,30,6.08
594.611919,6371,6372,0,30,6.08
594.711918,6371,6372,0,30,6.08
594.811917,6371,6372,0,30,6.08
594.911919,6371,6372,0,30,6.09
595.011917,6371,6372,0,30,6.09
595.111918,6371,6372,0,30,6.08
595.211926,6371,6372,0,30,6.08
595.311921,6371,6372,0,30,6.08
595.411918,6371,6372,0,30,6.09
595.511918,6371,6372,0,30,6.09
595.611919,6371,6372,0,30,6.09
595.71192,6371,6372,0,30,6.08
595.811919,6371,6372,0,30,6.08
595.911926,6371,6372,0,30,6.08
596.011918,6371,6372,0,30,6.08
596.111919,6371,6372,0,30,6.07
596.211918,6371,6372,0,30,6.07
596.311918,6371,6372,0,30,6.07
596.41192,6371,6372,0,30,6.08
596.511916,6371,6372,0,30,6.08
596.611919,6371,6372,0,30,6.08
596.711916,6371,6372,0,30,6.09
596.811918,6371,6372,0,30,6.09
596.911926,6371,6372,0,30,6.09
597.011918,6371,6372,0,29,6.09
597.111918,6371,6372,0,29,6.08
597.211918,6371,6372,0,29,6.08
597.311928,6371,6372,0,29,6.08
597.411919,6371,6372,0,29,6.08
597.511937,6371,6372,0,29,6.08
597.611919,6371,6372,0,29,6.08
597.711919,6371,6372,0,29,6.08
597.811918,6371,6372,0,29,6.08
597.911918,6371,6372,0,29,6.08
598.011918,6371,6372,0,29,6.08
598.111918,6371,6372,0,29,6.08
598.211919,6371,6372,0,29,6.08
598.311917,6371,6372,0,29,6.08
598.41192,6371,6372,0,29,6.08
598.511918,6371,6372,0,29,6.08
598.611919,6371,6372,0,29,6.08
598.711918,6371,6372,0,29,6.09
598.811919,6371,6372,0,29,6.09
598.911919,6371,6372,0,29,6.08
599.011918,6371,6372,0,29,6.08
599.111925,6371,6372,0,29,6.08
599.211919,6371,6372,0,29,6.08
599.311918,6371,6372,0,29,6.08
599.41192,6371,6372,0,29,6.08
599.511917,6371,6372,0,29,6.08
599.611952,6371,6372,0,29,6.08
599.711919,6371,6372,0,29,6.08
599.811949,6371,6372,0,29,6.08
599.911926,6371,6372,0,29,6.09
600.011935,6371,6372,0,29,6.09
600.111918,6371,6372,0,29,6.08
600.211918,6371,6372,0,29,6.08
600.311918,6371,6372,0,29,6.08
600.41192,6371,6372,0,29,6.08
600.511919,6371,6372,0,29,6.08
600.611919,6371,6372,0,29,6.08
600.711919,6371,6372,0,29,6.08
600.811919,6371,6372,0,29,6.08
600.911917,6371,6372,0,29,6.08
601.011919,6371,6372,0,29,6.08
601.111927,6371,6372,0,29,6.08
601.21192,6371,6372,0,29,6.08
601.311918,6371,6372,0,29,6.08
601.411919,6371,6372,0,29,6.08
601.511918,6371,6372,0,29,6.08
601.61192,6371,6372,0,29,6.08
601.711926,6371,6372,0,29,6.08
601.811918,6371,6372,0,29,6.08
601.911918,6371,6372,0,29,6.08
602.011919,6371,6372,0,29,6.08
602.111921,6371,6372,0,29,6.08
602.211925,6371,6372,0,29,6.08
602.311918,6371,6372,0,29,6.08
602.411946,6371,6372,0,29,6.08
602.511918,6371,6372,0,29,6.08
602.611918,6371,6372,0,29,6.08
602.711919,6371,6372,0,29,6.08
602.811922,6371,6372,0,29,6.08
602.911919,6371,6372,0,29,6.08
603.011918,6371,6372,0,29,6.08
603.111917,6371,6372,0,29,6.09
603.211919,6371,6372,0,29,6.09
603.311918,6371,6372,0,29,6.09
603.411918,6371,6372,0,29,6.08
603.511918,6371,6372,0,29,6.08
603.611919,6371,6372,0,29,6.08
603.711919,6371,6372,0,29,6.08
603.811919,6371,6372,0,29,6.08
603.911935,6371,6372,0,29,6.09
604.011918,6371,6372,0,29,6.09
604.111926,6371,6372,0,29,6.09
604.211919,6371,6372,0,29,6.09
604.311918,6371,6372,0,29,6.09
604.411917,6371,6372,0,29,6.08
604.51192,6371,6372,0,29,6.08
604.611918,6371,6372,0,29,6.08
604.71192,6371,6372,0,29,6.08
604.811918,6371,6372,0,29,6.08
604.911918,6371,6372,0,29,6.08
605.011918,6371,6372,0,29,6.08
605.111928,6371,6372,0,29,6.08
605.211919,6371,6372,0,29,6.08
605.311937,6371,6372,0,29,6.08
605.411919,6371,6372,0,29,6.08
605.511956,6371,6372,0,29,6.08
605.611918,6371,6372,0,29,6.08
605.711932,6371,6372,0,29,6.08
605.811921,6371,6372,0,29,6.08
605.911919,6371,6372,0,29,6.08
606.011918,6371,6372,0,29,6.08
606.111919,6371,6372,0,29,6.08
606.211919,6371,6372,0,29,6.08
606.31193,6371,6372,0,29,6.08
606.41192,6371,6372,0,29,6.08
606.511918,6371,6372,0,29,6.08
606.611919,6371,6372,0,29,6.08
606.711919,6371,6372,0,29,6.08
606.811919,6371,6372,0,29,6.08
606.911918,6371,6372,0,29,6.08
607.01192,6371,6372,0,29,6.08
607.111927,6371,6372,0,29,6.08
607.211919,6371,6372,0,29,6.08
607.311917,6371,6372,0,29,6.08
607.411929,6371,6372,0,29,6.08
607.511919,6371,6372,0,29,6.08
607.611918,6371,6372,0,29,6.08
607.711918,6371,6372,0,29,6.09
607.811919,6371,6372,0,29,6.09
607.911917,6371,6372,0,29,6.08
608.011919,6371,6372,0,29,6.08
608.111929,6371,6372,0,29,6.09
608.21192,6371,6372,0,29,6.09
608.311919,6371,6372,0,29,6.09
608.411924,6371,6372,0,29,6.08
608.511918,6371,6372,0,29,6.08
608.611919,6371,6372,0,29,6.08
608.711917,6371,6372,0,29,6.08
608.811922,6371,6372,0,29,6.08
608.911918,6371,6372,0,29,6.08
609.01192,6371,6372,0,29,6.08
609.111918,6371,6372,0,29,6.08
609.211919,6371,6372,0,29,6.08
609.311918,6371,6372,0,29,6.08
609.411923,6371,6372,0,29,6.08
609.511918,6371,6372,0,29,6.08
609.611918,6371,6372,0,29,6.08
609.711953,6371,6372,0,29,6.08
609.811925,6371,6372,0,29,6.08
609.911935,6371,6372,0,29,6.08
610.011918,6371,6372,0,29,6.08
610.111918,6371,6372,0,29,6.08
610.211918,6371,6372,0,29,6.08
610.311917,6371,6372,0,29,6.08
610.411931,6371,6372,0,29,6.08
610.511918,6371,6372,0,29,6.08
610.611918,6371,6372,0,29,6.08
610.711917,6371,6372,0,29,6.08
610.811926,6371,6372,0,29,6.08
610.911916,6371,6372,0,29,6.08
611.011918,6371,6372,0,29,6.08
611.111927,6371,6372,0,29,6.08
611.211918,6371,6372,0,29,6.08
611.311918,6371,6372,0,29,6.08
611.411917,6371,6372,0,29,6.08
611.511918,6371,6372,0,29,6.08
611.611918,6371,6372,0,29,6.08
611.711917,6371,6372,0,29,6.08
611.81192,6371,6372,0,29,6.08
611.911917,6371,6372,0,29,6.08
612.011918,6371,6372,0,29,6.08
612.111918,6371,6372,0,29,6.09
612.211919,6371,6372,0,29,6.09
612.311919,6371,6372,0,29,6.09
612.411919,6371,6372,0,29,6.08
612.511918,6371,6372,0,29,6.08
612.611919,6371,6372,0,29,6.08
612.711918,6371,6372,0,29,6.08
612.811919,6371,6372,0,29,6.08
612.911919,6371,6372,0,29,6.08
613.011918,6371,6372,0,29,6.08
613.111925,6371,6372,0,29,6.06
613.211916,6371,6372,0,29,6.06
613.311917,6371,6372,0,29,6.06
613.411918,6371,6372,0,29,6.08
613.511918,6371,6372,0,29,6.08
613.61192,6371,6372,0,29,6.08
613.711922,6371,6372,0,29,6.09
613.811926,6371,6372,0,29,6.09
613.911959,6371,6372,0,29,6.08
614.011918,6371,6372,0,29,6.08
614.111933,6371,6372,0,29,6.09
614.211918,6371,6372,0,29,6.09
614.311918,6371,6372,0,29,6.09
614.41192,6371,6372,0,29,6.09
614.511926,6371,6372,0,29,6.09
614.611929,6371,6372,0,29,6.09
614.711918,6371,6372,0,29,6.07
614.81192,6371,6372,0,29,6.07
614.911917,6371,6372,0,29,6.08
615.011918,6371,6372,0,29,6.08
615.111918,6371,6372,0,29,6.08
615.211919,6371,6372,0,29,6.08
615.311918,6371,6372,0,29,6.08
615.411919,6371,6372,0,29,6.08
615.511918,6371,6372,0,29,6.08
615.611918,6371,6372,0,29,6.08
615.711918,6371,6372,0,29,6.08
615.811919,6371,6372,0,29,6.08
615.911917,6371,6372,0,29,6.08
616.011918,6371,6372,0,29,6.08
616.111919,6371,6372,0,29,6.09
616.211918,6371,6372,0,29,6.09
616.311919,6371,6372,0,29,6.09
616.411919,6371,6372,0,29,6.09
616.511919,6371,6372,0,29,6.09
616.61192,6371,6372,0,29,6.09
616.71192,6371,6372,0,29,6.08
616.81192,6371,6372,0,29,6.08
616.911918,6371,6372,0,29,6.08
617.011918,6371,6372,0,29,6.08
617.111919,6371,6372,0,29,6.08
617.211938,6371,6372,0,29,6.08
617.311919,6371,6372,0,29,6.08
617.411948,6371,6372,0,29,6.08
617.51192,6371,6372,0,29,6.08
617.611947,6371,6372,0,29,6.08
617.711929,6371,6372,0,29,6.09
617.811918,6371,6372,0,29,6.09
617.911918,6371,6372,0,29,6.08
618.011919,6371,6372,0,29,6.08
618.111918,6371,6372,0,29,6.08
618.211921,6371,6372,0,29,6.08
618.311919,6371,6372,0,29,6.08
618.411919,6371,6372,0,29,6.08
618.511918,6371,6372,0,29,6.08
618.61192,6371,6372,0,29,6.08
618.711919,6371,6372,0,29,6.07
618.81192,6371,6372,0,29,6.07
618.911921,6371,6372,0,29,6.08
619.011918,6371,6372,0,29,6.08
619.111918,6371,6372,0,29,6.07
619.211922,6371,6372,0,29,6.07
619.311919,6371,6372,0,29,6.07
619.411919,6371,6372,0,29,6.08
619.511919,6371,6372,0,29,6.08
619.611953,6371,6372,0,29,6.08
619.711919,6371,6372,0,29,6.09
619.81194,6371,6372,0,29,6.09
619.911918,6371,6372,0,29,6.08
620.01192,6371,6372,0,29,6.08
620.111917,6371,6372,0,29,6.09
620.211918,6371,6372,0,29,6.09
620.311918,6371,6372,0,29,6.09
620.411934,6371,6372,0,29,6.08
620.511919,6371,6372,0,29,6.08
620.611919,6371,6372,0,29,6.08
620.711918,6371,6372,0,29,6.08
620.81192,6371,6372,0,29,6.08
620.911919,6371,6372,0,29,6.08
621.011918,6371,6372,0,29,6.08
621.11193,6371,6372,0,29,6.08
621.211918,6371,6372,0,29,6.08
621.311918,6371,6372,0,29,6.08
621.41192,6371,6372,0,29,6.09
621.511927,6371,6372,0,29,6.09
621.611919,6371,6372,0,29,6.09
621.711918,6371,6372,0,29,6.08
621.811919,6371,6372,0,29,6.08
621.911918,6371,6372,0,29,6.09
622.011918,6371,6372,0,29,6.09
622.111917,6371,6372,0,29,6.08
622.211919,6371,6372,0,29,6.08
622.311919,6371,6372,0,29,6.08
622.41192,6371,6372,0,29,6.08
622.511919,6371,6372,0,29,6.08
622.611919,6371,6372,0,29,6.08
622.711919,6371,6372,0,29,6.08
622.811922,6371,6372,0,29,6.08
622.911919,6371,6372,0,29,6.08
623.011919,6371,6372,0,29,6.08
623.111917,6371,6372,0,29,6.08
623.211919,6371,6372,0,29,6.08
623.311918,6371,6372,0,29,6.08
623.411919,6371,6372,0,29,6.08
623.511919,6371,6372,0,29,6.08
623.611919,6371,6372,0,29,6.08
623.711918,6371,6372,0,29,6.08
623.811918,6371,6372,0,29,6.08
623.911917,6371,6372,0,29,6.08
624.01192,6371,6372,0,29,6.08
624.111918,6371,6372,0,29,6.08
624.211917,6371,6372,0,29,6.08
624.311924,6371,6372,0,29,6.08
624.411918,6371,6372,0,29,6.09
624.511917,6371,6372,0,29,6.09
624.611927,6371,6372,0,29,6.09
624.711918,6371,6372,0,29,6.08
624.811926,6371,6372,0,29,6.08
624.911919,6371,6372,0,29,6.08
625.01192,6371,6372,0,29,6.08
625.111919,6371,6372,0,29,6.08
625.21192,6371,6372,0,29,6.08
625.31192,6371,6372,0,29,6.08
625.411919,6371,6372,0,29,6.09
625.511919,6371,6372,0,29,6.09
625.611941,6371,6372,0,29,6.09
625.711919,6371,6372,0,29,6.08
625.81196,6371,6372,0,29,6.08
625.911919,6371,6372,0,29,6.08
626.011946,6371,6372,0,29,6.08
626.111918,6371,6372,0,29,6.08
626.211937,6371,6372,0,29,6.08
626.311918,6371,6372,0,29,6.08
626.411918,6371,6372,0,29,6.08
626.511917,6371,6372,0,29,6.08
626.611919,6371,6372,0,29,6.08
626.711917,6371,6372,0,29,6.07
626.811918,6371,6372,0,29,6.07
626.911917,6371,6372,0,29,6.08
627.011919,6371,6372,0,29,6.08
627.111919,6371,6372,0,29,6.08
627.211919,6371,6372,0,29,6.08
627.311919,6371,6372,0,29,6.08
627.411921,6371,6372,0,29,6.08
627.51192,6371,6372,0,29,6.08
627.611919,6371,6372,0,29,6.08
627.711919,6371,6372,0,29,6.08
627.811918,6371,6372,0,29,6.08
627.911918,6371,6372,0,29,6.08
628.011918,6371,6372,0,29,6.08
628.111918,6371,6372,0,29,6.08
628.211919,6371,6372,0,29,6.08
628.311921,6371,6372,0,29,6.08
628.411917,6371,6372,0,29,6.07
628.511938,6371,6372,0,29,6.07
628.611918,6371,6372,0,29,6.07
628.711952,6371,6372,0,29,6.08
628.81192,6371,6372,0,29,6.08
628.911935,6371,6372,0,29,6.08
629.011918,6371,6372,0,29,6.08
629.11195,6371,6372,0,29,6.08
629.211919,6371,6372,0,29,6.08
629.311933,6371,6372,0,29,6.08
629.411919,6371,6372,0,29,6.07
629.511935,6371,6372,0,29,6.07
629.611919,6371,6372,0,29,6.07
629.711918,6371,6372,0,29,6.08
629.811923,6371,6372,0,29,6.08
629.911919,6371,6372,0,29,6.08
630.011918,6371,6372,0,29,6.08
630.111941,6371,6372,0,29,6.09
630.211921,6371,6372,0,29,6.09
630.311917,6371,6372,0,29,6.09
630.411918,6371,6372,0,29,6.08
630.511927,6371,6372,0,29,6.08
630.611919,6371,6372,0,29,6.08
630.711918,6371,6372,0,29,6.08
630.811919,6371,6372,0,29,6.08
630.911928,6371,6372,0,29,6.08
631.011919,6371,6372,0,29,6.08
631.111941,6371,6372,0,29,6.08
631.21192,6371,6372,0,29,6.08
631.311918,6371,6372,0,29,6.08
631.41192,6371,6372,0,29,6.07
631.511919,6371,6372,0,29,6.07
631.611917,6371,6372,0,29,6.07
631.711918,6371,6372,0,29,6.07
631.811919,6371,6372,0,29,6.07
631.911917,6371,6372,0,29,6.08
632.011919,6371,6372,0,29,6.08
632.11193,6371,6372,0,29,6.07
632.211919,6371,6372,0,29,6.07
632.311919,6371,6372,0,29,6.07
632.41192,6371,6372,0,29,6.08
632.511918,6371,6372,0,29,6.08
632.61192,6371,6372,0,29,6.08
632.711917,6371,6372,0,29,6.09
632.811918,6371,6372,0,29,6.09
632.911919,6371,6372,0,29,6.08
633.011926,6371,6372,0,29,6.08
633.111931,6371,6372,0,29,6.08
633.211919,6371,6372,0,29,6.08
633.311919,6371,6372,0,29,6.08
633.41192,6371,6372,0,29,6.08
633.511918,6371,6372,0,29,6.08
633.611919,6371,6372,0,29,6.08
633.711927,6371,6372,0,29,6.08
633.811919,6371,6372,0,29,6.08
633.911918,6371,6372,0,29,6.08
634.011919,6371,6372,0,29,6.08
634.111918,6371,6372,0,29,6.08
634.21192,6371,6372,0,29,6.08
634.311919,6371,6372,0,29,6.08
634.411919,6371,6372,0,29,6.09
634.511919,6371,6372,0,29,6.09
634.611919,6371,6372,0,29,6.09
634.711919,6371,6372,0,29,6.09
634.811918,6371,6372,0,29,6.09
634.911919,6371,6372,0,29,6.08
635.011919,6371,6372,0,29,6.08
635.111917,6371,6372,0,29,6.08
635.211919,6371,6372,0,29,6.08
635.311917,6371,6372,0,29,6.08
635.411918,6371,6372,0,29,6.07
635.511918,6371,6372,0,29,6.07
635.611918,6371,6372,0,29,6.07
635.71192,6371,6372,0,29,6.08
635.811917,6371,6372,0,29,6.08
635.911919,6371,6372,0,29,6.09
636.011931,6371,6372,0,29,6.09
636.111956,6371,6372,0,29,6.08
636.211919,6371,6372,0,29,6.08
636.311918,6371,6372,0,29,6.08
636.411919,6371,6372,0,29,6.08
636.511918,6371,6372,0,29,6.08
636.611926,6371,6372,0,29,6.08
636.711919,6371,6372,0,29,6.07
636.811928,6371,6372,0,29,6.07
636.911919,6371,6372,0,29,6.08
637.011919,6371,6372,0,29,6.08
637.11194,6371,6372,0,29,6.08
637.211918,6371,6372,0,29,6.08
637.311953,6371,6372,0,29,6.08
637.41192,6371,6372,0,29,6.08
637.511955,6371,6372,0,29,6.08
637.611955,6371,6372,0,29,6.08
637.71192,6371,6372,0,29,6.08
637.811945,6371,6372,0,29,6.08
637.911919,6371,6372,0,29,6.08
638.011918,6371,6372,0,29,6.08
638.111918,6371,6372,0,29,6.08
638.211918,6371,6372,0,29,6.08
638.311919,6371,6372,0,29,6.08
638.41193,6371,6372,0,29,6.08
638.511918,6371,6372,0,29,6.08
638.61193,6371,6372,0,29,6.08
638.711918,6371,6372,0,29,6.08
638.811917,6371,6372,0,29,6.08
638.911919,6371,6372,0,29,6.09
639.011919,6371,6372,0,29,6.09
639.111917,6371,6372,0,29,6.08
639.211919,6371,6372,0,29,6.08
639.311919,6371,6372,0,29,6.08
639.41192,6371,6372,0,29,6.08
639.511918,6371,6372,0,29,6.08
639.611919,6371,6372,0,29,6.08
639.711919,6371,6372,0,29,6.08
639.811919,6371,6372,0,29,6.08
639.911919,6371,6372,0,29,6.08
640.011918,6371,6372,0,29,6.08
640.111919,6371,6372,0,29,6.08
640.21192,6371,6372,0,29,6.08
640.311919,6371,6372,0,29,6.08
640.41192,6371,6372,0,29,6.08
640.511919,6371,6372,0,29,6.08
640.611919,6371,6372,0,29,6.08
640.711918,6371,6372,0,29,6.08
640.811921,6371,6372,0,29,6.08
640.911918,6371,6372,0,29,6.08
641.011919,6371,6372,0,29,6.08
641.111919,6371,6372,0,29,6.08
641.211947,6371,6372,0,29,6.08
641.311937,6371,6372,0,29,6.08
641.411937,6371,6372,0,29,6.09
641.511931,6371,6372,0,29,6.09
641.611918,6371,6372,0,29,6.09
641.711919,6371,6376,0,29,6.08
641.81192,6371,6372,0,29,6.08
641.911918,6371,6372,0,29,6.08
642.011922,6371,6372,0,29,6.08
642.111919,6371,6372,0,29,6.08
642.211928,6371,6372,0,29,6.08
642.311917,6371,6372,0,29,6.08
642.411919,6371,6372,0,29,6.08
642.511918,6371,6372,0,29,6.08
642.611918,6371,6372,0,29,6.08
642.711919,6371,6372,0,29,6.09
642.811926,6371,6372,0,29,6.09
642.911919,6371,6372,0,29,6.08
643.011919,6371,6372,0,29,6.08
643.111936,6371,6372,0,29,6.08
643.211919,6371,6372,0,29,6.08
643.311918,6371,6372,0,29,6.08
643.411919,6371,6372,0,29,6.08
643.511919,6371,6372,0,29,6.08
643.61192,6371,6372,0,29,6.08
643.711918,6371,6372,0,29,6.08
643.81192,6371,6372,0,29,6.08
643.911919,6371,6372,0,29,6.07
644.011918,6371,6372,0,29,6.07
644.111926,6371,6372,0,29,6.05
644.211919,6371,6372,0,29,6.05
644.311919,6371,6372,0,29,6.05
644.411919,6371,6372,0,29,6.07
644.511918,6371,6372,0,29,6.07
644.611919,6371,6372,0,29,6.07
644.711919,6371,6372,0,29,6.08
644.811927,6371,6372,0,29,6.08
644.911919,6371,6372,0,29,6.07
645.011918,6371,6372,0,29,6.07
645.111919,6371,6372,0,29,6.08
645.211918,6371,6372,0,29,6.08
645.311919,6371,6372,0,29,6.08
645.411918,6371,6372,0,29,6.09
645.511919,6371,6372,0,29,6.09
645.61192,6371,6372,0,29,6.09
645.711919,6371,6372,0,29,6.08
645.81192,6371,6372,0,29,6.08
645.911919,6371,6372,0,29,6.08
646.01192,6371,6372,0,29,6.08
646.11192,6371,6372,0,29,6.08
646.21192,6371,6372,0,29,6.08
646.311919,6371,6372,0,29,6.08
646.411918,6371,6372,0,29,6.08
646.511919,6371,6372,0,29,6.08
646.611919,6371,6372,0,29,6.08
646.711927,6371,6372,0,29,6.07
646.811919,6371,6372,0,29,6.07
646.911921,6371,6372,0,29,6.08
647.011919,6371,6372,0,29,6.08
647.111953,6371,6372,0,29,6.08
647.211918,6371,6372,0,29,6.08
647.311949,6371,6372,0,29,6.08
647.411919,6371,6372,0,29,6.07
647.511918,6371,6372,0,29,6.07
647.611931,6371,6372,0,29,6.07
647.711919,6371,6372,0,29,6.08
647.811919,6371,6372,0,29,6.08
647.911918,6371,6372,0,29,6.08
648.011918,6371,6372,0,29,6.08
648.11192,6371,6372,0,29,6.08
648.211919,6371,6372,0,29,6.08
648.311919,6371,6372,0,29,6.08
648.411919,6371,6372,0,29,6.08
648.511917,6371,6372,0,29,6.08
648.61192,6371,6372,0,29,6.08
648.711918,6371,6372,0,29,6.08
648.811926,6371,6372,0,29,6.08
648.911919,6371,6372,0,29,6.07
649.011919,6371,6372,0,29,6.07
649.111919,6371,6372,0,29,6.09
649.211921,6371,6372,0,29,6.09
649.311927,6371,6372,0,29,6.09
649.41192,6371,6372,0,29,6.08
649.511919,6371,6372,0,29,6.08
649.61192,6371,6372,0,29,6.08
649.71192,6371,6372,0,29,6.08
649.811921,6371,6372,0,29,6.08
649.91192,6371,6372,0,29,6.09
650.01192,6371,6372,0,29,6.09
650.11192,6371,6372,0,29,6.09
650.211921,6371,6372,0,29,6.09
650.311927,6371,6372,0,29,6.09
650.411977,6371,6372,0,29,6.08
650.511931,6371,6372,0,29,6.08
650.611975,6371,6372,0,29,6.08
650.711933,6371,6372,0,29,6.08
650.811952,6371,6372,0,29,6.08
650.911932,6371,6372,0,29,6.08
651.011933,6371,6372,0,29,6.08
651.111931,6371,6372,0,29,6.08
651.211934,6371,6372,0,29,6.08
651.311933,6371,6372,0,29,6.08
651.411931,6371,6372,0,29,6.08
651.511932,6371,6372,0,29,6.08
651.611932,6371,6372,0,29,6.08
651.711932,6371,6372,0,29,6.07
651.811932,6371,6372,0,29,6.07
651.911931,6371,6372,0,29,6.08
652.011933,6371,6372,0,29,6.08
652.111941,6371,6372,0,29,6.08
652.211934,6371,6372,0,29,6.08
652.311932,6371,6372,0,29,6.08
652.411933,6371,6372,0,29,6.09
652.511933,6371,6372,0,29,6.09
652.611932,6371,6372,0,29,6.09
652.711932,6371,6372,0,29,6.08
652.811933,6371,6372,0,29,6.08
652.911931,6371,6372,0,29,6.08
653.011933,6371,6372,0,29,6.08
653.11194,6371,6372,0,29,6.08
653.211933,6371,6372,0,29,6.08
653.311931,6371,6372,0,29,6.08
653.411931,6371,6372,0,29,6.07
653.511931,6371,6372,0,29,6.07
653.611931,6371,6372,0,29,6.07
653.711941,6371,6372,0,29,6.09
653.811934,6371,6372,0,29,6.09
653.911933,6371,6372,0,29,6.08
654.011932,6371,6372,0,28,6.08
654.111932,6371,6372,0,28,6.08
654.211932,6371,6372,0,28,6.08
654.311931,6371,6372,0,28,6.08
654.411932,6371,6372,0,28,6.09
654.511931,6371,6372,0,28,6.09
654.611933,6371,6372,0,28,6.09
654.711933,6371,6372,0,28,6.09
654.811932,6371,6372,0,28,6.09
654.911931,6371,6372,0,28,6.08
655.011933,6371,6372,0,28,6.08
655.111933,6371,6372,0,28,6.08
655.211932,6371,6372,0,28,6.08
655.311933,6371,6372,0,28,6.08
655.411931,6371,6372,0,28,6.08
655.51195,6371,6372,0,28,6.08
655.611942,6371,6372,0,28,6.08
655.711982,6371,6372,0,28,6.08
655.81194,6371,6372,0,28,6.08
655.911949,6371,6372,0,28,6.08
656.011933,6371,6372,0,28,6.08
656.111931,6371,6372,0,28,6.08
656.211933,6371,6372,0,28,6.08
656.311931,6371,6372,0,28,6.08
656.411933,6371,6372,0,28,6.08
656.511933,6371,6372,0,28,6.08
656.611978,6371,6372,0,28,6.08
656.71194,6371,6372,0,28,6.08
656.811981,6371,6372,0,28,6.08
656.911932,6371,6372,0,28,6.09
657.011949,6371,6372,0,28,6.09
657.111932,6371,6372,0,28,6.08
657.211933,6371,6372,0,28,6.08
657.311932,6371,6372,0,28,6.08
657.411933,6371,6372,0,28,6.08
657.511933,6371,6372,0,28,6.08
657.611933,6371,6372,0,28,6.08
657.71193,6371,6372,0,28,6.08
657.811931,6371,6372,0,28,6.08
657.911932,6371,6372,0,28,6.08
658.011933,6371,6372,0,28,6.08
658.111933,6371,6372,0,28,6.08
658.211932,6371,6372,0,28,6.08
658.311933,6371,6372,0,28,6.08
658.411934,6371,6372,0,28,6.08
658.511932,6371,6372,0,28,6.08
658.611932,6371,6372,0,28,6.08
658.711932,6371,6372,0,28,6.07
658.811933,6371,6372,0,28,6.07
658.911932,6371,6372,0,28,6.09
659.011932,6371,6372,0,28,6.09
659.111932,6371,6372,0,28,6.09
659.211933,6371,6372,0,28,6.09
659.311932,6371,6372,0,28,6.09
659.411934,6371,6372,0,28,6.08
659.511933,6371,6372,0,28,6.08
659.611933,6371,6372,0,28,6.08
659.711933,6371,6372,0,28,6.09
659.811932,6371,6372,0,28,6.09
659.911933,6371,6372,0,28,6.08
660.011932,6371,6372,0,28,6.08
660.111933,6371,6372,0,28,6.08
660.211932,6371,6372,0,28,6.08
660.311941,6371,6372,0,28,6.08
660.411933,6371,6372,0,28,6.08
660.511933,6371,6372,0,28,6.08
660.611931,6371,6372,0,28,6.08
660.711934,6371,6372,0,28,6.08
660.811934,6371,6372,0,28,6.08
660.911943,6371,6372,0,28,6.08
661.011931,6371,6372,0,28,6.08
661.111932,6371,6372,0,28,6.08
661.211932,6371,6372,0,28,6.08
661.311934,6371,6372,0,28,6.08
661.411933,6371,6372,0,28,6.08
661.511939,6371,6372,0,28,6.08
661.611933,6371,6372,0,28,6.08
661.711934,6371,6372,0,28,6.08
661.811933,6371,6372,221,28,6.08
661.911933,6371,6372,221,28,6.08
662.011934,6371,6372,221,28,6.08
662.111933,6371,6372,221,28,6.06
662.211932,6371,6372,0,28,6.06
662.311948,6371,6372,0,28,6.06
662.411933,6371,6372,0,28,6.08
662.511944,6371,6372,0,28,6.08
662.611932,6371,6372,0,28,6.08
662.711987,6371,6372,0,28,6.08
662.811932,6371,6372,0,28,6.08
662.911947,6371,6372,0,28,6.08
663.011932,6371,6372,0,28,6.08
663.11193,6371,6372,0,28,6.09
663.211933,6371,6372,0,28,6.09
663.311933,6371,6372,0,28,6.09
663.411933,6371,6372,0,28,6.08
663.511931,6371,6372,0,28,6.08
663.611932,6371,6372,0,28,6.08
663.71193,6371,6372,0,28,6.08
663.811934,6371,6372,0,28,6.08
663.911931,6371,6372,0,28,6.09
664.011931,6371,6372,0,28,6.09
664.111932,6371,6372,0,28,6.07
664.211932,6371,6372,0,28,6.07
664.311932,6371,6372,0,28,6.07
664.411931,6371,6372,0,28,6.08
664.511932,6371,6372,0,28,6.08
664.611932,6371,6372,0,28,6.08
664.711931,6371,6372,0,28,6.08
664.811933,6371,6372,0,28,6.08
664.911932,6371,6372,0,28,6.09
665.011932,6371,6372,0,28,6.09
665.111932,6371,6372,0,28,6.08
665.211933,6371,6372,0,28,6.08
665.311932,6371,6372,0,28,6.08
665.411932,6371,6372,0,28,6.09
665.511939,6371,6372,0,28,6.09
665.611932,6371,6372,0,28,6.09
665.711931,6371,6372,0,28,6.08
665.811934,6371,6372,0,28,6.08
665.911935,6371,6372,0,28,6.08
666.011932,6371,6372,0,28,6.08
666.11198,6371,6372,0,28,6.08
666.211939,6371,6372,0,28,6.08
666.31196,6371,6372,0,28,6.08
666.411931,6371,6372,0,28,6.08
666.511949,6371,6372,0,28,6.08
666.611948,6371,6372,0,28,6.08
666.711932,6371,6372,0,28,6.08
666.811941,6371,6372,0,28,6.08
666.911932,6371,6372,0,28,6.09
667.011932,6371,6372,0,28,6.09
667.111932,6371,6372,0,28,6.09
667.211934,6371,6372,0,28,6.09
667.311932,6371,6372,0,28,6.09
667.411933,6371,6372,0,28,6.08
667.511931,6371,6372,0,28,6.08
667.611933,6371,6372,0,28,6.08
667.711932,6371,6372,0,28,6.07
667.811933,6371,6372,0,28,6.07
667.911933,6371,6372,0,28,6.08
668.011933,6371,6372,0,28,6.08
668.111932,6371,6372,0,28,6.08
668.211932,6371,6372,0,28,6.08
668.311932,6371,6372,0,28,6.08
668.411932,6371,6372,0,28,6.08
668.511933,6371,6372,0,28,6.08
668.611933,6371,6372,0,28,6.08
668.711941,6371,6372,0,28,6.08
668.811932,6371,6372,0,28,6.08
668.911932,6371,6372,0,28,6.09
669.011933,6371,6372,0,28,6.09
669.111932,6371,6372,0,28,6.08
669.211933,6371,6372,0,28,6.08
669.311938,6371,6372,0,28,6.08
669.411933,6371,6372,0,28,6.07
669.511933,6371,6372,0,28,6.07
669.611935,6371,6372,0,28,6.07
669.711932,6371,6372,0,28,6.08
669.811983,6371,6372,0,28,6.08
669.911933,6371,6372,0,28,6.08
670.011951,6371,6372,0,28,6.08
670.111933,6371,6372,0,28,6.07
670.211934,6371,6372,0,28,6.07
670.311932,6371,6372,0,28,6.07
670.411932,6371,6372,0,28,6.08
670.511932,6371,6372,0,28,6.08
670.611933,6371,6372,0,28,6.08
670.711932,6371,6372,0,28,6.08
670.811941,6371,6372,0,28,6.08
670.911932,6371,6372,0,28,6.08
671.011933,6371,6372,0,28,6.08
671.111931,6371,6372,0,28,6.08
671.211932,6371,6372,0,28,6.08
671.311932,6371,6372,0,28,6.08
671.411933,6371,6372,0,28,6.08
671.511939,6371,6372,0,28,6.08
671.611933,6371,6372,0,28,6.08
671.711932,6371,6372,0,28,6.08
671.811935,6371,6372,0,28,6.08
671.911932,6371,6372,0,28,6.07
672.011932,6371,6372,0,28,6.07
672.111934,6371,6372,0,28,6.08
672.211934,6371,6372,0,28,6.08
672.311933,6371,6372,0,28,6.08
672.411933,6371,6372,0,28,6.08
672.511932,6371,6372,0,28,6.08
672.611934,6371,6372,0,28,6.08
672.711935,6371,6372,0,28,6.08
672.811935,6371,6372,0,28,6.08
672.911934,6371,6372,0,28,6.08
673.011933,6371,6372,0,28,6.08
673.111933,6371,6372,0,28,6.08
673.211933,6371,6372,0,28,6.08
673.311933,6371,6372,0,28,6.08
673.411931,6371,6372,0,28,6.08
673.511932,6371,6372,0,28,6.08
673.611934,6371,6372,0,28,6.08
673.711931,6371,6372,0,28,6.08
673.811933,6371,6372,0,28,6.08
673.911931,6371,6372,0,28,6.08
674.011934,6371,6372,0,28,6.08
674.111934,6371,6372,0,28,6.08
674.211933,6371,6372,0,28,6.08
674.311933,6371,6372,0,28,6.08
674.411941,6371,6372,0,28,6.08
674.511933,6371,6372,0,28,6.08
674.611934,6371,6372,0,28,6.08
674.711931,6371,6372,0,28,6.08
674.811933,6371,6372,0,28,6.08
674.911934,6371,6372,0,28,6.08
675.011987,6371,6372,0,28,6.08
675.111932,6371,6372,0,28,6.08
675.211976,6371,6372,0,28,6.08
675.311933,6371,6372,0,28,6.08
675.411944,6371,6372,0,28,6.08
675.511931,6371,6372,0,28,6.08
675.611981,6371,6372,0,28,6.08
675.711933,6371,6372,0,28,6.08
675.811961,6371,6372,0,28,6.08
675.911932,6371,6372,0,28,6.07
676.01195,6371,6372,0,28,6.07
676.111933,6371,6372,0,28,6.08
676.211933,6371,6372,0,28,6.08
676.311933,6371,6372,0,28,6.08
676.411933,6371,6372,0,28,6.08
676.511935,6371,6372,0,28,6.08
676.611932,6371,6372,0,28,6.08
676.711941,6371,6372,0,28,6.08
676.811932,6371,6372,0,28,6.08
676.911933,6371,6372,0,28,6.08
677.011933,6371,6372,0,28,6.08
677.111933,6371,6372,0,28,6.08
677.211944,6371,6372,0,28,6.08
677.311931,6371,6372,0,28,6.08
677.411932,6371,6372,0,28,6.08
677.511939,6371,6372,0,28,6.08
677.611933,6371,6372,0,28,6.08
677.711933,6371,6372,0,28,6.09
677.811934,6371,6372,0,28,6.09
677.911933,6371,6372,0,28,6.08
678.011933,6371,6372,0,28,6.08
678.11194,6371,6372,0,28,6.08
678.211933,6371,6372,0,28,6.08
678.311933,6371,6372,0,28,6.08
678.411932,6371,6372,0,28,6.08
678.511932,6371,6372,0,28,6.08
678.611933,6371,6372,0,28,6.08
678.711933,6371,6372,0,28,6.09
678.811933,6371,6372,0,28,6.09
678.911941,6371,6372,0,28,6.08
679.011933,6371,6372,0,28,6.08
679.111934,6371,6372,0,28,6.09
679.211932,6371,6372,0,28,6.09
679.311941,6371,6372,0,28,6.09
679.411934,6371,6372,0,28,6.08
679.511935,6371,6372,0,28,6.08
679.611932,6371,6372,0,28,6.08
679.711933,6371,6372,0,28,6.07
679.811933,6371,6372,0,28,6.07
679.911932,6371,6372,0,28,6.08
680.011933,6371,6372,0,28,6.08
680.111932,6371,6372,0,28,6.09
680.211931,6371,6372,0,28,6.09
680.311933,6371,6372,0,28,6.09
680.411934,6371,6372,0,28,6.08
680.511933,6371,6372,0,28,6.08
680.611933,6371,6372,0,28,6.08
680.711932,6371,6372,0,28,6.08
680.811934,6371,6372,0,28,6.08
680.911932,6371,6372,0,28,6.08
681.011933,6371,6372,0,28,6.08
681.111932,6371,6372,0,28,6.08
681.211932,6371,6372,0,28,6.08
681.311932,6371,6372,0,28,6.08
681.411933,6371,6372,0,28,6.08
681.511935,6371,6372,0,28,6.08
681.611932,6371,6372,0,28,6.08
681.711933,6371,6372,0,28,6.08
681.811933,6371,6372,0,28,6.08
681.911934,6371,6372,0,28,6.08
682.011932,6371,6372,0,28,6.08
682.111989,6371,6372,0,28,6.08
682.211942,6371,6372,0,28,6.08
682.31195,6371,6372,0,28,6.08
682.411932,6371,6372,0,28,6.08
682.511932,6371,6372,0,28,6.08
682.611932,6371,6372,0,28,6.08
682.711932,6371,6372,0,28,6.08
682.811941,6371,6372,0,28,6.08
682.911932,6371,6372,0,28,6.08
683.011932,6371,6372,0,28,6.08
683.111934,6371,6372,0,28,6.08
683.211934,6371,6372,0,28,6.08
683.311951,6371,6372,0,28,6.08
683.411933,6371,6372,0,28,6.08
683.511933,6371,6372,0,28,6.08
683.611933,6371,6372,0,28,6.08
683.711932,6371,6372,0,28,6.08
683.811935,6371,6372,0,28,6.08
683.911934,6371,6372,0,28,6.07
684.011941,6371,6372,0,28,6.07
684.111939,6371,6372,0,28,6.08
684.211933,6371,6372,0,28,6.08
684.311932,6371,6372,0,28,6.08
684.411933,6371,6372,0,28,6.07
684.511941,6371,6372,0,28,6.07
684.611933,6371,6372,0,28,6.07
684.71199,6371,6372,0,28,6.08
684.811933,6371,6372,0,28,6.08
684.91195,6371,6372,0,28,6.08
685.011934,6371,6372,0,28,6.08
685.111932,6371,6372,0,28,6.09
685.211933,6371,6372,0,28,6.09
685.311932,6371,6372,0,28,6.09
685.411934,6371,6372,0,28,6.08
685.511936,6371,6372,0,28,6.08
685.611944,6371,6372,0,28,6.08
685.711932,6371,6372,0,28,6.09
685.811932,6371,6372,0,28,6.09
685.911932,6371,6372,0,28,6.08
686.011931,6371,6372,0,28,6.08
686.111933,6371,6372,0,28,6.07
686.211933,6371,6372,0,28,6.07
686.311932,6371,6372,0,28,6.07
686.411933,6371,6372,0,28,6.09
686.511934,6371,6372,0,28,6.09
686.611932,6371,6372,0,28,6.09
686.711932,6371,6372,0,28,6.08
686.811932,6371,6372,0,28,6.08
686.911932,6371,6372,0,28,6.08
687.011933,6371,6372,0,28,6.08
687.111933,6371,6372,0,28,6.07
687.211933,6371,6372,0,28,6.07
687.311932,6371,6372,0,28,6.07
687.411931,6371,6372,0,28,6.08
687.511932,6371,6372,0,28,6.08
687.611931,6371,6372,0,28,6.08
687.711979,6371,6372,0,28,6.08
687.811933,6371,6372,0,28,6.08
687.911991,6371,6372,0,28,6.08
688.011932,6371,6372,0,28,6.08
688.111983,6371,6372,0,28,6.08
688.211931,6371,6372,0,28,6.08
688.311951,6371,6372,0,28,6.08
688.411933,6371,6372,0,28,6.08
688.511949,6371,6372,0,28,6.08
688.611934,6371,6372,0,28,6.08
688.711933,6371,6372,0,28,6.08
688.81193,6371,6372,0,28,6.08
688.911933,6371,6372,0,28,6.08
689.011934,6371,6372,0,28,6.08
689.111932,6371,6372,0,28,6.08
689.211933,6371,6372,0,28,6.08
689.311933,6371,6372,0,28,6.08
689.41193,6371,6372,0,28,6.08
689.511931,6371,6372,0,28,6.08
689.611932,6371,6372,0,28,6.08
689.711934,6371,6372,0,28,6.08
689.811933,6371,6372,0,28,6.08
689.911933,6371,6372,0,28,6.09
690.011933,6371,6372,0,28,6.09
690.111931,6371,6372,0,28,6.08
690.211932,6371,6372,0,28,6.08
690.311942,6371,6372,0,28,6.08
690.411933,6371,6372,0,28,6.07
690.511931,6371,6372,0,28,6.07
690.611932,6371,6372,0,28,6.07
690.711932,6371,6372,0,28,6.07
690.811932,6371,6372,0,28,6.07
690.911931,6371,6372,0,28,6.08
691.011932,6371,6372,0,28,6.08
691.111939,6371,6372,0,28,6.09
691.211933,6371,6372,0,28,6.09
691.311931,6371,6372,0,28,6.09
691.411933,6371,6372,0,28,6.08
691.511933,6371,6372,0,28,6.08
691.611931,6371,6372,0,28,6.08
691.711932,6371,6372,0,28,6.08
691.811933,6371,6372,0,28,6.08
691.911931,6371,6372,0,28,6.09
692.011933,6371,6372,0,28,6.09
692.111938,6371,6372,0,28,6.08
692.211932,6371,6372,0,28,6.08
692.311935,6371,6372,0,28,6.08
692.411933,6371,6372,0,28,6.08
692.511933,6371,6372,0,28,6.08
692.611933,6371,6372,0,28,6.08
692.711933,6371,6372,0,28,6.08
692.811932,6371,6372,0,28,6.08
692.911933,6371,6372,0,28,6.08
693.011933,6371,6372,0,28,6.08
693.111932,6371,6372,0,28,6.08
693.211934,6371,6372,0,28,6.08
693.311932,6371,6372,0,28,6.08
693.411934,6371,6372,0,28,6.08
693.511931,6371,6372,0,28,6.08
693.611933,6371,6372,0,28,6.08
693.711933,6371,6372,0,28,6.08
693.811956,6371,6372,0,28,6.08
693.911933,6371,6372,0,28,6.08
694.011955,6371,6372,0,28,6.08
694.111933,6371,6372,0,28,6.07
694.21201,6371,6372,0,28,6.07
694.311932,6371,6372,0,28,6.07
694.411976,6371,6372,0,28,6.07
694.511933,6371,6372,0,28,6.07
694.611993,6371,6372,0,28,6.07
694.711932,6371,6372,0,28,6.07
694.811946,6371,6372,0,28,6.07
694.911932,6371,6372,0,28,6.07
695.011952,6371,6372,0,28,6.07
695.111933,6371,6372,0,28,6.08
695.211937,6371,6372,0,28,6.08
695.311932,6371,6372,0,28,6.08
695.411934,6371,6372,0,28,6.08
695.511939,6371,6372,0,28,6.08
695.611934,6371,6372,0,28,6.08
695.711933,6371,6372,0,28,6.06
695.811935,6371,6372,0,28,6.06
695.911935,6371,6372,0,28,6.08
696.011933,6371,6372,0,28,6.08
696.111934,6371,6372,0,28,6.08
696.211932,6371,6372,0,28,6.08
696.311933,6371,6372,0,28,6.08
696.411932,6371,6372,0,28,6.08
696.511933,6371,6372,0,28,6.08
696.611934,6371,6372,0,28,6.08
696.711933,6371,6372,0,28,6.08
696.811933,6371,6372,0,28,6.08
696.911932,6371,6372,0,28,6.08
697.011933,6371,6372,0,28,6.08
697.111932,6371,6372,0,28,6.08
697.211933,6371,6372,0,28,6.08
697.311933,6371,6372,0,28,6.08
697.411932,6371,6372,0,28,6.08
697.511932,6371,6372,0,28,6.08
697.611933,6371,6372,0,28,6.08
697.711931,6371,6372,0,28,6.08
697.811933,6371,6372,0,28,6.08
697.911932,6371,6372,0,28,6.07
698.011934,6371,6372,0,28,6.07
698.111931,6371,6372,0,28,6.07
698.211934,6371,6372,0,28,6.07
698.311931,6371,6372,0,28,6.07
698.411933,6371,6372,0,28,6.08
698.511932,6371,6372,0,28,6.08
698.611933,6371,6372,0,28,6.08
698.711932,6371,6372,0,28,6.08
698.811933,6371,6372,0,28,6.08
698.911933,6371,6372,0,28,6.08
699.011933,6371,6372,0,28,6.08
699.111933,6371,6372,0,28,6.08
699.211933,6371,6372,0,28,6.08
699.311932,6371,6372,0,28,6.08
699.411932,6371,6372,0,28,6.07
699.511942,6371,6372,0,28,6.07
699.611949,6371,6372,0,28,6.07
699.711932,6371,6372,0,28,6.08
699.811945,6371,6372,0,28,6.08
699.911932,6371,6372,0,28,6.07
700.011955,6371,6372,0,28,6.07
700.11194,6371,6372,0,28,6.08
700.211959,6371,6372,0,28,6.08
700.311932,6371,6372,0,28,6.08
700.411933,6371,6372,0,28,6.08
700.511933,6371,6372,0,28,6.08
700.611932,6371,6372,0,28,6.08
700.711932,6371,6372,0,28,6.06
700.811935,6371,6372,0,28,6.06
700.911934,6371,6372,0,28,6.08
701.011932,6371,6372,0,28,6.08
701.111933,6371,6372,0,28,6.08
701.211932,6371,6372,0,28,6.08
701.311931,6371,6372,0,28,6.08
701.411933,6371,6372,0,28,6.08
701.511931,6371,6372,0,28,6.08
701.611933,6371,6372,0,28,6.08
701.711933,6371,6372,0,28,6.08
701.811933,6371,6372,0,28,6.08
701.911933,6371,6372,0,28,6.08
702.011932,6371,6372,0,28,6.08
702.111933,6371,6372,0,28,6.08
702.211934,6371,6372,0,28,6.08
702.311932,6371,6372,0,28,6.08
702.411933,6371,6372,0,28,6.08
702.511933,6371,6372,0,28,6.08
702.611933,6371,6372,0,28,6.08
702.711933,6371,6372,0,28,6.08
702.811944,6371,6372,0,28,6.08
702.911933,6371,6372,0,28,6.08
703.011934,6371,6372,0,28,6.08
703.111932,6371,6372,0,28,6.08
703.211933,6371,6372,0,28,6.08
703.311931,6371,6372,0,28,6.08
703.411932,6371,6372,0,28,6.08
703.511933,6371,6372,0,28,6.08
703.611933,6371,6372,0,28,6.08
703.71194,6371,6372,0,28,6.08
703.811932,6371,6372,0,28,6.08
703.911932,6371,6372,0,28,6.08
704.011932,6371,6372,0,28,6.08
704.111948,6371,6372,0,28,6.08
704.211933,6371,6372,0,28,6.08
704.311983,6371,6372,0,28,6.08
704.411932,6371,6372,0,28,6.08
704.511951,6371,6372,0,28,6.08
704.611942,6371,6372,0,28,6.08
704.711932,6371,6372,0,28,6.08
704.811932,6371,6372,0,28,6.08
704.911933,6371,6372,0,28,6.07
705.011933,6371,6372,0,28,6.07
705.111932,6371,6372,0,28,6.08
705.211932,6371,6372,0,28,6.08
705.311932,6371,6372,0,28,6.08
705.411932,6371,6372,0,28,6.07
705.511954,6371,6372,0,28,6.07
705.611933,6371,6372,0,28,6.07
705.711932,6371,6372,0,28,6.08
705.811932,6371,6372,0,28,6.08
705.911935,6371,6372,0,28,6.07
706.011934,6371,6372,0,28,6.07
706.111933,6371,6372,0,28,6.08
706.211932,6371,6372,0,28,6.08
706.311935,6371,6372,0,28,6.08
706.411933,6371,6372,0,28,6.08
706.512001,6371,6372,0,28,6.08
706.611934,6371,6372,0,28,6.08
706.711949,6371,6372,0,28,6.08
706.811934,6371,6372,0,28,6.08
706.911931,6371,6372,0,28,6.08
707.011932,6371,6372,0,28,6.08
707.111932,6371,6372,0,28,6.08
707.211931,6371,6372,0,28,6.08
707.311932,6371,6372,0,28,6.08
707.411931,6371,6372,0,28,6.08
707.511936,6371,6372,0,28,6.08
707.611931,6371,6372,0,28,6.08
707.711931,6371,6372,0,28,6.08
707.811932,6371,6372,0,28,6.08
707.911931,6371,6372,0,28,6.08
708.011932,6371,6372,0,28,6.08
708.111931,6371,6372,0,28,6.08
708.211932,6371,6372,0,28,6.08
708.311933,6371,6372,0,28,6.08
708.411933,6371,6372,0,28,6.08
708.511947,6371,6372,0,28,6.08
708.611941,6371,6372,0,28,6.08
708.711933,6371,6372,0,28,6.07
708.811941,6371,6372,0,28,6.07
708.911933,6371,6372,0,28,6.07
709.011934,6371,6372,0,28,6.07
709.111932,6371,6372,0,28,6.06
709.211933,6371,6372,0,28,6.06
709.311932,6371,6372,0,28,6.06
709.411933,6371,6376,0,28,6.06
709.511944,6371,6372,0,28,6.06
709.611932,6371,6372,0,28,6.06
709.711932,6371,6372,0,28,6.08
709.81195,6371,6372,0,28,6.08
709.911931,6371,6372,0,28,6.08
710.011931,6371,6372,0,28,6.08
710.111932,6371,6372,0,28,6.06
710.211933,6371,6372,0,28,6.06
710.311938,6371,6372,0,28,6.06
710.411931,6371,6372,0,28,6.07
710.511942,6371,6372,0,28,6.07
710.611932,6371,6372,0,28,6.07
710.711933,6371,6372,0,28,6.08
710.811932,6371,6372,0,28,6.08
710.911931,6371,6372,0,28,6.08
711.011932,6371,6372,0,28,6.08
711.111931,6371,6372,0,28,6.08
711.211933,6371,6372,0,28,6.08
711.311939,6371,6372,0,28,6.08
711.411932,6371,6372,0,28,6.07
711.511948,6371,6372,0,28,6.07
711.611932,6371,6372,0,28,6.07
711.711996,6371,6372,0,28,6.08
711.811932,6371,6372,0,28,6.08
711.911933,6371,6372,0,28,6.06
712.01194,6371,6372,0,28,6.06
712.111932,6371,6372,0,28,6.08
712.211931,6371,6372,0,28,6.08
712.311932,6371,6372,0,28,6.08
712.411933,6371,6372,0,28,6.07
712.511933,6371,6372,0,28,6.07
712.611931,6371,6372,0,28,6.07
712.711932,6371,6372,0,28,6.08
712.811933,6371,6372,0,28,6.08
712.911931,6371,6372,0,28,6.08
713.011933,6371,6372,0,28,6.08
713.111931,6371,6372,0,28,6.08
713.211933,6371,6372,0,28,6.08
713.311932,6371,6372,0,28,6.08
713.411949,6371,6372,0,28,6.08
713.511932,6371,6372,0,28,6.08
713.611989,6371,6372,0,28,6.08
713.711931,6371,6372,0,28,6.08
713.811932,6371,6372,0,28,6.08
713.911932,6371,6372,0,28,6.07
714.01194,6371,6372,0,28,6.07
714.111931,6371,6372,0,28,6.07
714.211932,6371,6372,0,28,6.07
714.311932,6371,6372,0,28,6.07
714.411932,6371,6372,0,28,6.08
714.511934,6371,6372,0,28,6.08
714.611934,6371,6372,0,28,6.08
714.711932,6371,6372,0,28,6.06
714.811933,6371,6372,0,28,6.06
714.911932,6371,6372,0,28,6.08
715.011933,6371,6372,0,28,6.08
715.111931,6371,6372,0,28,6.08
715.211932,6371,6372,0,28,6.08
715.311933,6371,6372,0,28,6.08
715.411933,6371,6372,0,28,6.07
715.511931,6371,6372,0,28,6.07
715.611933,6371,6372,0,28,6.07
715.711939,6371,6372,0,28,6.07
715.811933,6371,6372,0,28,6.07
715.911931,6371,6372,0,28,6.05
716.011933,6371,6372,0,28,6.05
716.111932,6371,6372,0,28,6.08
716.211933,6371,6372,0,28,6.08
716.311931,6371,6372,0,28,6.08
716.411932,6371,6372,0,28,6.08
716.511933,6371,6372,0,28,6.08
716.611933,6371,6372,0,28,6.08
716.711931,6371,6372,0,28,6.08
716.811933,6371,6372,0,28,6.08
716.911932,6371,6372,0,28,6.08
717.011932,6371,6372,0,28,6.08
717.111932,6371,6372,0,28,6.08
717.211943,6371,6372,0,28,6.08
717.311932,6371,6372,0,28,6.08
717.411933,6371,6372,0,28,6.08
717.51194,6371,6372,0,28,6.08
717.611933,6371,6372,0,28,6.08
717.711945,6371,6372,0,28,6.08
717.811932,6371,6372,0,28,6.08
717.911932,6371,6372,0,28,6.08
718.011934,6371,6372,0,28,6.08
718.111931,6371,6372,0,28,6.07
718.211933,6371,6372,0,28,6.07
718.31193,6371,6372,0,28,6.07
718.411949,6371,6372,0,28,6.06
718.511932,6371,6372,0,28,6.06
718.61198,6371,6372,0,28,6.06
718.711932,6371,6372,0,28,6.08
718.811983,6371,6372,0,28,6.08
718.911933,6371,6372,0,28,6.08
719.01195,6371,6372,0,28,6.08
719.111931,6371,6372,0,28,6.08
719.211932,6371,6372,0,28,6.08
719.311931,6371,6372,0,28,6.08
719.411932,6371,6372,0,28,6.08
719.511932,6371,6372,0,28,6.08
719.611931,6371,6372,0,28,6.08
719.711931,6371,6372,0,28,6.08
719.811934,6371,6372,0,28,6.08
719.911938,6371,6372,0,28,6.08
720.011933,6371,6372,0,28,6.08
720.111931,6371,6372,0,28,6.09
720.211932,6371,6372,0,28,6.09
720.311931,6371,6372,0,28,6.09
720.411932,6371,6372,0,28,6.08
720.51193,6371,6372,0,28,6.08
720.611931,6371,6372,0,28,6.08
720.711932,6371,6372,0,28,6.09
720.811933,6371,6372,0,28,6.09
720.911932,6371,6372,0,28,6.08
721.011932,6371,6372,0,28,6.08
721.111932,6371,6372,0,28,6.08
721.211934,6371,6372,0,28,6.08
721.31193,6371,6372,0,28,6.08
721.411932,6371,6372,0,28,6.07
721.511931,6371,6372,0,28,6.07
721.611932,6371,6372,0,28,6.07
721.711938,6371,6372,0,28,6.09
721.811933,6371,6372,0,28,6.09
721.911931,6371,6372,0,28,6.08
722.011932,6371,6372,0,28,6.08
722.111934,6371,6372,0,28,6.07
722.211932,6371,6372,0,28,6.07
722.311955,6371,6372,0,28,6.07
722.411931,6371,6372,0,28,6.08
722.511976,6371,6372,0,28,6.08
722.61193,6371,6372,0,28,6.08
722.711932,6371,6372,0,28,6.08
722.811932,6371,6372,0,28,6.08
722.911939,6371,6372,0,28,6.08
723.011935,6371,6372,0,28,6.08
723.111931,6371,6372,0,28,6.08
723.211932,6371,6372,0,28,6.08
723.311933,6371,6372,0,28,6.08
723.411932,6371,6372,0,28,6.08
723.511932,6371,6372,0,28,6.08
723.611943,6371,6372,0,28,6.08
723.711932,6371,6372,0,28,6.07
723.811948,6371,6372,0,28,6.07
723.91193,6371,6372,0,28,6.08
724.011961,6371,6372,0,27,6.08
724.111931,6371,6372,0,27,6.07
724.21196,6371,6372,0,27,6.07
724.311931,6371,6372,0,27,6.07
724.411948,6371,6372,0,27,6.08
724.511932,6371,6372,0,27,6.08
724.611932,6371,6372,0,27,6.08
724.711932,6371,6372,0,27,6.08
724.811932,6371,6372,0,27,6.08
724.911933,6371,6372,0,27,6.07
725.011932,6371,6372,0,27,6.07
725.111933,6371,6372,0,27,6.09
725.211932,6371,6372,0,27,6.09
725.311931,6371,6372,0,27,6.09
725.411941,6371,6372,0,27,6.08
725.511932,6371,6372,0,27,6.08
725.611932,6371,6372,0,27,6.08
725.711932,6371,6372,0,27,6.08
725.811932,6371,6372,0,27,6.08
725.911932,6371,6372,0,27,6.08
726.011933,6371,6372,0,27,6.08
726.111931,6371,6372,0,27,6.08
726.211933,6371,6372,0,27,6.08
726.311932,6371,6372,0,27,6.08
726.411933,6371,6372,0,27,6.07
726.511932,6371,6372,0,27,6.07
726.611932,6371,6372,0,27,6.07
726.711932,6371,6372,0,27,6.08
726.811934,6371,6372,0,27,6.08
726.911931,6371,6372,0,27,6.08
727.011932,6371,6372,0,27,6.08
727.111932,6371,6372,0,27,6.09
727.211932,6371,6372,0,27,6.09
727.311931,6371,6372,0,27,6.09
727.411933,6371,6372,0,27,6.08
727.511932,6371,6372,0,27,6.08
727.611934,6371,6372,0,27,6.08
727.711932,6371,6372,0,27,6.08
727.811933,6371,6372,0,27,6.08
727.911932,6371,6372,0,27,6.08
728.011933,6371,6372,0,27,6.08
728.111932,6371,6372,0,27,6.08
728.211932,6371,6372,0,27,6.08
728.311933,6371,6372,0,27,6.08
728.411933,6371,6372,0,27,6.07
728.511932,6371,6372,0,27,6.07
728.611933,6371,6372,0,27,6.07
728.711931,6371,6372,0,27,6.08
728.811932,6371,6372,0,27,6.08
728.911931,6371,6372,0,27,6.09
729.011932,6371,6372,0,27,6.09
729.111932,6371,6372,0,27,6.08
729.211932,6371,6372,0,27,6.08
729.311932,6371,6372,0,27,6.08
729.411932,6371,6372,0,27,6.09
729.511932,6371,6372,0,27,6.09
729.611933,6371,6372,0,27,6.09
729.711932,6371,6372,0,27,6.08
729.811931,6371,6372,0,27,6.08
729.911931,6371,6372,0,27,6.07
730.011934,6371,6372,0,27,6.07
730.111932,6371,6372,0,27,6.08
730.211935,6371,6372,0,27,6.08
730.311932,6371,6372,0,27,6.08
730.411932,6371,6372,0,27,6.09
730.511932,6371,6372,0,27,6.09
730.611933,6371,6372,0,27,6.09
730.711936,6371,6372,0,27,6.08
730.811934,6371,6372,0,27,6.08
730.911932,6371,6372,0,27,6.07
731.011933,6371,6372,0,27,6.07
731.111932,6371,6372,0,27,6.07
731.211934,6371,6372,0,27,6.07
731.311941,6371,6372,0,27,6.07
731.411932,6371,6372,0,27,6.08
731.511932,6371,6372,0,27,6.08
731.611958,6371,6372,0,27,6.08
731.71194,6371,6372,0,27,6.08
731.811975,6371,6372,0,27,6.08
731.91194,6371,6372,0,27,6.09
732.01199,6371,6372,0,27,6.09
732.111932,6371,6372,0,27,6.08
732.211949,6371,6372,0,27,6.08
732.311934,6371,6372,0,27,6.08
732.411933,6371,6372,0,27,6.09
732.511943,6371,6372,0,27,6.09
732.611932,6371,6372,0,27,6.09
732.711933,6371,6372,0,27,6.07
732.811932,6371,6372,0,27,6.07
732.911933,6371,6372,0,27,6.09
733.011932,6371,6372,0,27,6.09
733.111934,6371,6372,0,27,6.08
733.211931,6371,6372,0,27,6.08
733.31195,6371,6372,0,27,6.08
733.411933,6371,6372,0,27,6.03
733.51196,6371,6372,0,27,6.03
733.611933,6371,6372,0,27,6.03
733.711944,6371,6372,0,27,6.09
733.811936,6371,6372,0,27,6.09
733.911949,6371,6372,0,27,6.07
734.011932,6371,6372,0,27,6.07
734.111931,6371,6372,0,27,6.07
734.211941,6371,6372,0,27,6.07
734.31193,6371,6372,0,27,6.07
734.411934,6371,6372,0,27,6.08
734.511931,6371,6372,0,27,6.08
734.611933,6371,6372,0,27,6.08
734.711931,6371,6372,0,27,6.07
734.811933,6371,6372,0,27,6.07
734.911931,6371,6372,0,27,6.09
735.011933,6371,6372,0,27,6.09
735.111931,6371,6372,0,27,6.08
735.211932,6371,6372,0,27,6.08
735.311932,6371,6372,0,27,6.08
735.411934,6371,6372,0,27,6.08
735.511933,6371,6372,0,27,6.08
735.611932,6371,6372,0,27,6.08
735.711932,6371,6372,0,27,6.08
735.811933,6371,6372,0,27,6.08
735.911932,6371,6372,0,27,6.08
736.011932,6371,6372,0,27,6.08
736.111932,6371,6372,0,27,6.08
736.211932,6371,6372,0,27,6.08
736.311934,6371,6372,0,27,6.08
736.411933,6371,6372,0,27,6.07
736.511932,6371,6372,0,27,6.07
736.611933,6371,6372,0,27,6.07
736.711934,6371,6372,0,27,6.07
736.811933,6371,6372,0,27,6.07
736.911949,6371,6372,0,27,6.08
737.011932,6371,6372,0,27,6.08
737.111984,6371,6372,0,27,6.08
737.211933,6371,6372,0,27,6.08
737.311945,6371,6372,0,27,6.08
737.411933,6371,6372,0,27,6.08
737.511932,6371,6372,0,27,6.08
737.611933,6371,6372,0,27,6.08
737.711933,6371,6372,0,27,6.08
737.811934,6371,6372,0,27,6.08
737.911933,6371,6372,0,27,6.08
738.011932,6371,6372,0,27,6.08
738.111932,6371,6372,0,27,6.08
738.211932,6371,6372,0,27,6.08
738.311933,6371,6372,0,27,6.08
738.411933,6371,6372,0,27,6.08
738.511933,6371,6372,0,27,6.08
738.611941,6371,6372,0,27,6.08
738.711932,6371,6372,0,27,6.07
738.811931,6371,6372,0,27,6.07
738.911932,6371,6372,0,27,6.08
739.011932,6371,6372,0,27,6.08
739.111932,6371,6372,0,27,6.08
739.211932,6371,6372,0,27,6.08
739.311933,6371,6372,0,27,6.08
739.411933,6371,6372,0,27,6.08
739.511932,6371,6372,0,27,6.08
739.611933,6371,6372,0,27,6.08
739.71194,6371,6372,0,27,6.08
739.811934,6371,6372,0,27,6.08
739.911932,6371,6372,0,27,6.08
740.011932,6371,6372,0,27,6.08
740.111932,6371,6372,0,27,6.08
740.211931,6371,6372,0,27,6.08
740.311934,6371,6372,0,27,6.08
740.411932,6371,6372,0,27,6.08
740.511934,6371,6372,0,27,6.08
740.611933,6371,6372,0,27,6.08
740.711932,6371,6372,0,27,6.08
740.811942,6371,6372,0,27,6.08
740.911933,6371,6372,0,27,6.08
741.011933,6371,6372,0,27,6.08
741.111934,6371,6372,0,27,6.08
741.211933,6371,6372,0,27,6.08
741.311933,6371,6372,0,27,6.08
741.411932,6371,6372,0,27,6.09
741.511933,6371,6372,0,27,6.09
741.611933,6371,6372,0,27,6.09
741.711955,6371,6372,0,27,6.08
741.811933,6371,6372,0,27,6.08
741.911974,6371,6372,0,27,6.08
742.011932,6371,6372,0,27,6.08
742.111949,6371,6372,0,27,6.08
742.211932,6371,6372,0,27,6.08
742.311933,6371,6372,0,27,6.08
742.411934,6371,6372,0,27,6.08
742.511934,6371,6372,0,27,6.08
742.611933,6371,6372,0,27,6.08
742.711933,6371,6372,0,27,6.08
742.811933,6371,6372,0,27,6.08
742.911932,6371,6372,0,27,6.07
743.011933,6371,6372,0,27,6.07
743.111932,6371,6372,0,27,6.08
743.211932,6371,6372,0,27,6.08
743.311932,6371,6372,0,27,6.08
743.411934,6371,6372,0,27,6.07
743.511932,6371,6372,0,27,6.07
743.611933,6371,6372,0,27,6.07
743.71194,6371,6372,0,27,6.08
743.811932,6371,6372,0,27,6.08
743.911931,6371,6372,0,27,6.08
744.011932,6371,6372,0,27,6.08
744.111933,6371,6372,0,27,6.08
744.211934,6371,6372,0,27,6.08
744.311932,6371,6372,0,27,6.08
744.411933,6371,6372,0,27,6.08
744.511931,6371,6372,0,27,6.08
744.611933,6371,6372,0,27,6.08
744.711932,6371,6372,0,27,6.08
744.811933,6371,6372,0,27,6.08
744.91193,6371,6372,0,27,6.07
745.011933,6371,6372,0,27,6.07
745.111939,6371,6372,0,27,6.06
745.211936,6371,6372,0,27,6.06
745.311932,6371,6372,0,27,6.06
745.411956,6371,6372,0,27,6.09
745.511932,6371,6372,0,27,6.09
745.611979,6371,6372,0,27,6.09
745.711932,6371,6372,0,27,6.07
745.811984,6371,6372,0,27,6.07
745.911932,6371,6372,0,27,6.08
746.01196,6371,6372,0,27,6.08
746.111933,6371,6372,0,27,6.08
746.21195,6371,6372,0,27,6.08
746.311943,6371,6372,0,27,6.08
746.411932,6371,6372,0,27,6.09
746.511933,6371,6372,0,27,6.09
746.611933,6371,6372,0,27,6.09
746.711934,6371,6372,0,27,6.08
746.811934,6371,6372,0,27,6.08
746.911932,6371,6372,0,27,6.08
747.011931,6371,6372,0,27,6.08
747.111932,6371,6372,0,27,6.08
747.211933,6371,6372,0,27,6.08
747.311932,6371,6372,0,27,6.08
747.411933,6371,6372,0,27,6.07
747.511934,6371,6372,0,27,6.07
747.611934,6371,6372,0,27,6.07
747.711933,6371,6372,0,27,6.08
747.811933,6371,6372,0,27,6.08
747.911934,6371,6372,0,27,6.06
748.011933,6371,6372,0,27,6.06
748.111932,6371,6372,0,27,6.08
748.211932,6371,6372,0,27,6.08
748.311933,6371,6372,0,27,6.08
748.411933,6371,6372,0,27,6.08
748.511932,6371,6372,0,27,6.08
748.611932,6371,6372,0,27,6.08
748.711932,6371,6372,0,27,6.08
748.811933,6371,6372,0,27,6.08
748.911932,6371,6372,0,27,6.08
749.01195,6371,6372,0,27,6.08
749.111933,6371,6372,0,27,6.08
749.211984,6371,6372,0,27,6.08
749.311932,6371,6372,0,27,6.08
749.411949,6371,6372,0,27,6.08
749.511932,6371,6372,0,27,6.08
749.611932,6371,6372,0,27,6.08
749.711931,6371,6372,0,27,6.08
749.811932,6371,6372,0,27,6.08
749.91194,6371,6372,0,27,6.08
750.011932,6371,6372,0,27,6.08
750.111932,6371,6372,0,27,6.08
750.211932,6371,6372,0,27,6.08
750.311939,6371,6372,0,27,6.08
750.411933,6371,6372,0,27,6.08
750.511932,6371,6372,0,27,6.08
750.611932,6371,6372,0,27,6.08
750.711932,6371,6372,0,27,6.08
750.811932,6371,6372,0,27,6.08
750.911933,6371,6372,0,27,6.08
751.011933,6371,6372,0,27,6.08
751.111932,6371,6372,0,27,6.09
751.211933,6371,6372,0,27,6.09
751.311933,6371,6372,0,27,6.09
751.411932,6371,6372,0,27,6.07
751.511932,6371,6372,0,27,6.07
751.611944,6371,6372,0,27,6.07
751.711932,6371,6372,0,27,6.08
751.811982,6371,6372,0,27,6.08
751.911933,6371,6372,0,27,6.08
752.011951,6371,6372,0,27,6.08
752.111933,6371,6372,0,27,6.08
752.211933,6371,6372,0,27,6.08
752.311932,6371,6372,0,27,6.08
752.411933,6371,6372,0,27,6.07
752.511931,6371,6372,0,27,6.07
752.611932,6371,6372,0,27,6.07
752.711932,6371,6372,0,27,6.08
752.811951,6371,6372,0,27,6.08
752.911933,6371,6372,0,27,6.07
753.011932,6371,6372,0,27,6.07
753.111931,6371,6372,0,27,6.07
753.211933,6371,6372,0,27,6.07
753.311932,6371,6372,0,27,6.07
753.411934,6371,6372,0,27,6.08
753.511932,6371,6372,0,27,6.08
753.611933,6371,6372,0,27,6.08
753.711934,6371,6372,0,27,6.08
753.811934,6371,6372,0,27,6.08
753.911942,6371,6372,0,27,6.08
754.011931,6371,6372,0,27,6.08
754.111932,6371,6372,0,27,6.08
754.211932,6371,6372,0,27,6.08
754.311932,6371,6372,0,27,6.08
754.411933,6371,6372,0,27,6.08
754.511932,6371,6372,0,27,6.08
754.611932,6371,6372,0,27,6.08
754.711933,6371,6372,0,27,6.07
754.811933,6371,6372,0,27,6.07
754.911932,6371,6372,0,27,6.07
755.011934,6371,6372,0,27,6.07
755.111932,6371,6372,0,27,6.08
755.211933,6371,6372,0,27,6.08
755.311931,6371,6372,0,27,6.08
755.411932,6371,6372,0,27,6.08
755.511933,6371,6372,0,27,6.08
755.611932,6371,6372,0,27,6.08
755.711952,6371,6372,0,27,6.07
755.811933,6371,6372,0,27,6.07
755.911932,6371,6372,0,27,6.08
756.011933,6371,6372,0,27,6.08
756.111932,6371,6372,0,27,6.08
756.211933,6371,6372,0,27,6.08
756.311957,6371,6372,0,27,6.08
756.411932,6371,6372,0,27,6.08
756.511931,6371,6372,0,27,6.08
756.611932,6371,6372,0,27,6.08
756.711932,6371,6372,0,27,6.08
756.811932,6371,6372,0,27,6.08
756.911933,6371,6372,0,27,6.08
757.011932,6371,6372,0,27,6.08
757.111931,6371,6372,0,27,6.08
757.211933,6371,6372,0,27,6.08
757.311936,6371,6372,0,27,6.08
757.411934,6371,6372,0,27,6.08
757.511933,6371,6372,0,27,6.08
757.61194,6371,6372,0,27,6.08
757.711932,6371,6372,0,27,6.08
757.811933,6371,6372,0,27,6.08
757.911934,6371,6372,0,27,6.08
758.011933,6371,6372,0,27,6.08
758.11195,6371,6372,0,27,6.08
758.211932,6371,6372,0,27,6.08
758.311952,6371,6372,0,27,6.08
758.411933,6371,6372,0,27,6.08
758.511959,6371,6372,0,27,6.08
758.611934,6371,6372,0,27,6.08
758.711949,6371,6372,0,27,6.08
758.811932,6371,6372,0,27,6.08
758.911933,6371,6372,0,27,6.08
759.011934,6371,6372,0,27,6.08
759.111931,6371,6372,0,27,6.08
759.211932,6371,6372,0,27,6.08
759.311932,6371,6372,0,27,6.08
759.411934,6371,6372,0,27,6.08
759.511935,6371,6372,0,27,6.08
759.611932,6371,6372,0,27,6.08
759.711933,6371,6372,0,27,6.08
759.811932,6371,6372,0,27,6.08
759.911933,6371,6372,0,27,6.08
760.011933,6371,6372,0,27,6.08
760.111933,6371,6372,0,27,6.08
760.211934,6371,6372,0,27,6.08
760.311932,6371,6372,0,27,6.08
760.411933,6371,6372,0,27,6.08
760.511932,6371,6372,0,27,6.08
760.611933,6371,6372,0,27,6.08
760.711944,6371,6372,0,27,6.08
760.811932,6371,6372,0,27,6.08
760.91196,6371,6372,0,27,6.08
761.011932,6371,6372,0,27,6.08
761.111932,6371,6372,0,27,6.08
761.211932,6371,6372,0,27,6.08
761.311932,6371,6372,0,27,6.08
761.411932,6371,6372,0,27,6.06
761.511932,6371,6372,0,27,6.06
761.611931,6371,6372,0,27,6.06
761.711932,6371,6372,0,27,6.08
761.81194,6371,6372,0,27,6.08
761.911933,6371,6372,0,27,6.07
762.011933,6371,6372,0,27,6.07
762.111931,6371,6372,0,27,6.08
762.211941,6371,6372,0,27,6.08
762.311931,6371,6372,0,27,6.08
762.411933,6371,6372,0,27,6.07
762.511932,6371,6372,0,27,6.07
762.611932,6371,6372,0,27,6.07
762.711935,6371,6372,0,27,6.08
762.811932,6371,6372,0,27,6.08
762.911932,6371,6372,0,27,6.08
763.011933,6371,6372,0,27,6.08
763.111947,6371,6372,0,27,6.08
763.211941,6371,6372,0,27,6.08
763.311978,6371,6372,0,27,6.08
763.411932,6371,6372,0,27,6.08
763.51198,6371,6372,0,27,6.08
763.611942,6371,6372,0,27,6.08
763.71196,6371,6372,0,27,6.07
763.811933,6371,6372,0,27,6.07
763.911949,6371,6372,0,27,6.08
764.011932,6371,6372,0,27,6.08
764.111933,6371,6372,0,27,6.08
764.211932,6371,6372,0,27,6.08
764.311933,6371,6372,0,27,6.08
764.41194,6371,6372,0,27,6.08
764.511932,6371,6372,0,27,6.08
764.611932,6371,6372,0,27,6.08
764.711931,6371,6372,0,27,6.08
764.811933,6371,6372,0,27,6.08
764.911931,6371,6372,0,27,6.08
765.011932,6371,6372,0,27,6.08
765.11193,6371,6372,0,27,6.08
765.211933,6371,6372,0,27,6.08
765.311931,6371,6372,0,27,6.08
765.411932,6371,6372,0,27,6.08
765.511932,6371,6372,0,27,6.08
765.611933,6371,6372,0,27,6.08
765.711932,6371,6372,0,27,6.08
765.811931,6371,6372,0,27,6.08
765.911932,6371,6372,0,27,6.08
766.011932,6371,6372,0,27,6.08
766.111931,6371,6372,0,27,6.07
766.211931,6371,6372,0,27,6.07
766.311932,6371,6372,0,27,6.07
766.411932,6371,6372,0,27,6.08
766.511932,6371,6372,0,27,6.08
766.611932,6371,6372,0,27,6.08
766.711933,6371,6372,0,27,6.07
766.811933,6371,6372,0,27,6.07
766.911931,6371,6372,0,27,6.08
767.011941,6371,6372,0,27,6.08
767.111931,6371,6372,0,27,6.08
767.211933,6371,6372,0,27,6.08
767.311931,6371,6372,0,27,6.08
767.411933,6371,6372,0,27,6.08
767.511933,6371,6372,0,27,6.08
767.611933,6371,6372,0,27,6.08
767.711932,6371,6372,0,27,6.09
767.811936,6371,6372,0,27,6.09
767.911932,6371,6372,0,27,6.08
768.011932,6371,6372,0,27,6.08
768.111933,6371,6372,0,27,6.08
768.211933,6371,6372,0,27,6.08
768.311932,6371,6372,0,27,6.08
768.411932,6371,6372,0,27,6.08
768.511933,6371,6372,0,27,6.08
768.611933,6371,6372,0,27,6.08
768.711932,6371,6372,0,27,6.08
768.811933,6371,6372,0,27,6.08
768.911931,6371,6372,0,27,6.08
769.011933,6371,6372,0,27,6.08
769.111931,6371,6372,0,27,6.07
769.211932,6371,6372,0,27,6.07
769.311932,6371,6372,0,27,6.07
769.411953,6371,6372,0,27,6.07
769.511931,6371,6372,0,27,6.07
769.61198,6371,6372,0,27,6.07
769.711932,6371,6372,0,27,6.08
769.811953,6371,6372,0,27,6.08
769.911931,6371,6372,0,27,6.08
770.011951,6371,6372,0,27,6.08
770.111931,6371,6372,0,27,6.08
770.211933,6371,6372,0,27,6.08
770.311931,6371,6372,0,27,6.08
770.411932,6371,6372,0,27,6.06
770.511932,6371,6372,0,27,6.06
770.61195,6371,6372,0,27,6.06
770.711931,6371,6372,0,27,6.07
770.811985,6371,6372,0,27,6.07
770.911931,6371,6372,0,27,6.07
771.011948,6371,6372,0,27,6.07
771.111933,6371,6372,0,27,6.08
771.211931,6371,6372,0,27,6.08
771.311931,6371,6372,0,27,6.08
771.411933,6371,6372,0,27,6.07
771.511933,6371,6372,0,27,6.07
771.611932,6371,6372,0,27,6.07
771.711931,6371,6372,0,27,6.08
771.811934,6371,6372,0,27,6.08
771.911932,6371,6372,0,27,6.08
772.011933,6371,6372,0,27,6.08
772.111932,6371,6372,0,27,6.08
772.211932,6371,6372,0,27,6.08
772.311933,6371,6372,0,27,6.08
772.411932,6371,6372,0,27,6.08
772.511933,6371,6372,0,27,6.08
772.611932,6371,6372,0,27,6.08
772.711932,6371,6372,0,27,6.08
772.811932,6371,6372,0,27,6.08
772.911931,6371,6372,0,27,6.08
773.011932,6371,6372,0,27,6.08
773.111931,6371,6372,0,27,6.08
773.211933,6371,6372,0,27,6.08
773.311933,6371,6372,0,27,6.08
773.411933,6371,6372,0,27,6.07
773.511932,6371,6372,0,27,6.07
773.611932,6371,6372,0,27,6.07
773.711933,6371,6372,0,27,6.08
773.811932,6371,6372,0,27,6.08
773.911932,6371,6372,0,27,6.07
774.011932,6371,6372,0,27,6.07
774.111933,6371,6372,0,27,6.08
774.211935,6371,6372,0,27,6.08
774.311932,6371,6372,0,27,6.08
774.411933,6371,6372,0,27,6.07
774.511932,6371,6372,0,27,6.07
774.61194,6371,6372,0,27,6.07
774.711933,6371,6372,0,27,6.08
774.811933,6371,6372,0,27,6.08
774.911938,6371,6372,0,27,6.07
775.011932,6371,6372,0,27,6.07
775.111939,6371,6372,0,27,6.08
775.211933,6371,6372,0,27,6.08
775.311933,6371,6372,0,27,6.08
775.411936,6371,6372,0,27,6.07
775.51195,6371,6372,0,27,6.07
775.61195,6371,6372,0,27,6.07
775.711932,6371,6372,0,27,6.08
775.81195,6371,6372,0,27,6.08
775.911935,6371,6372,0,27,6.08
776.011985,6371,6372,0,27,6.08
776.111932,6371,6372,0,27,6.08
776.211976,6371,6372,0,27,6.08
776.31194,6371,6372,0,27,6.08
776.411952,6371,6372,0,27,6.08
776.511933,6371,6372,0,27,6.08
776.611933,6371,6372,0,27,6.08
776.711938,6371,6372,0,27,6.08
776.811935,6371,6372,0,27,6.08
776.911935,6371,6372,0,27,6.08
777.011958,6371,6372,0,27,6.08
777.111949,6371,6372,0,27,6.08
777.211949,6371,6372,0,27,6.08
777.311948,6371,6372,0,27,6.08
777.411975,6371,6372,0,27,6.08
777.51196,6371,6372,0,27,6.08
777.611949,6371,6372,0,27,6.08
777.711957,6371,6372,0,27,6.08
777.811952,6371,6372,0,27,6.08
777.911948,6371,6372,0,27,6.08
778.011933,6371,6372,0,27,6.08
778.111932,6371,6372,0,27,6.08
778.211933,6371,6372,0,27,6.08
778.311932,6371,6372,0,27,6.08
778.411932,6371,6372,0,27,6.08
778.511933,6371,6372,0,27,6.08
778.611933,6371,6372,0,27,6.08
778.711939,6371,6372,0,27,6.08
778.811932,6371,6372,0,27,6.08
778.911932,6371,6372,0,27,6.08
779.011941,6371,6372,0,26,6.08
779.111978,6371,6372,0,26,6.07
779.211933,6371,6372,0,26,6.07
779.311961,6371,6372,0,26,6.07
779.411941,6371,6372,0,26,6.08
779.511949,6371,6372,0,26,6.08
779.611933,6371,6372,0,26,6.08
779.711934,6371,6372,0,26,6.08
779.811941,6371,6372,0,26,6.08
779.91193,6371,6372,0,26,5.99
780.011933,6371,6372,0,26,5.99
780.111931,6371,6372,0,26,6.08
780.211934,6371,6372,0,26,6.08
780.311935,6371,6372,0,26,6.08
780.411935,6371,6372,0,26,6.08
780.511937,6371,6372,0,26,6.08
780.611934,6371,6372,0,26,6.08
780.711936,6371,6372,0,26,6.07
780.811936,6371,6372,0,26,6.07
780.911937,6371,6372,0,26,6.08
781.011936,6371,6372,0,26,6.08
781.111935,6371,6372,0,26,6.08
781.211937,6371,6372,0,26,6.08
781.311933,6371,6372,0,26,6.08
781.411934,6371,6372,0,26,6.07
781.511935,6371,6372,0,26,6.07
781.611934,6371,6372,0,26,6.07
781.711935,6371,6372,0,26,6.07
781.811935,6371,6372,0,26,6.07
781.911933,6371,6372,0,26,6.07
782.011935,6371,6372,0,26,6.07
782.111934,6371,6372,0,26,6.08
782.211942,6371,6372,0,26,6.08
782.311934,6371,6372,0,26,6.08
782.411935,6371,6372,0,26,6.07
782.511941,6371,6372,0,26,6.07
782.611943,6371,6372,0,26,6.07
782.711934,6371,6372,0,26,6.08
782.811935,6371,6372,0,26,6.08
782.911944,6371,6372,0,26,6.08
783.011934,6371,6372,0,26,6.08
783.111983,6371,6372,0,26,6.07
783.211935,6371,6372,0,26,6.07
783.311976,6371,6372,0,26,6.07
783.411934,6371,6372,0,26,6.07
783.511933,6371,6372,0,26,6.07
783.611936,6371,6372,0,26,6.07
783.711934,6371,6372,0,26,6.08
783.811934,6371,6372,0,26,6.08
783.911935,6371,6372,0,26,6.08
784.011934,6371,6372,0,26,6.08
784.111953,6371,6372,0,26,6.08
784.211942,6371,6372,0,26,6.08
784.311939,6371,6372,0,26,6.08
784.411935,6371,6372,0,26,6.08
784.511935,6371,6372,0,26,6.08
784.611934,6371,6372,0,26,6.08
784.711934,6371,6372,0,26,6.06
784.811936,6371,6372,0,26,6.06
784.911935,6371,6372,0,26,6.07
785.011943,6371,6372,0,26,6.07
785.111934,6371,6372,0,26,6.08
785.211935,6371,6372,0,26,6.08
785.311934,6371,6372,0,26,6.08
785.411935,6371,6372,0,26,6.07
785.511934,6371,6372,0,26,6.07
785.611934,6371,6372,0,26,6.07
785.711933,6371,6372,0,26,6.08
785.811934,6371,6372,0,26,6.08
785.911935,6371,6372,0,26,6.08
786.011936,6371,6372,0,26,6.08
786.111934,6371,6372,0,26,6.08
786.211933,6371,6372,0,26,6.08
786.311933,6371,6372,0,26,6.08
786.411935,6371,6372,0,26,6.08
786.511933,6371,6372,0,26,6.08
786.611933,6371,6372,0,26,6.08
786.711934,6371,6372,0,26,6.08
786.811934,6371,6372,0,26,6.08
786.91194,6371,6372,0,26,6.08
787.011934,6371,6372,0,26,6.08
787.111934,6371,6372,0,26,6.08
787.211933,6371,6372,0,26,6.08
787.311935,6371,6372,0,26,6.08
787.411919,6371,6372,0,26,6.08
787.511956,6371,6372,0,26,6.08
787.611919,6371,6372,0,26,6.08
787.711936,6371,6372,0,26,6.08
787.811926,6371,6372,0,26,6.08
787.911918,6371,6372,0,26,6.07
788.01192,6371,6372,0,26,6.07
788.111918,6371,6372,0,26,6.08
788.211919,6371,6372,0,26,6.08
788.311918,6371,6372,0,26,6.08
788.41192,6371,6372,0,26,6.06
788.511926,6371,6372,0,26,6.06
788.611922,6371,6372,0,26,6.06
788.711919,6371,6372,0,26,6.08
788.811948,6371,6372,0,26,6.08
788.911919,6371,6372,0,26,6.08
789.011935,6371,6372,0,26,6.08
789.111919,6371,6372,0,26,6.08
789.211919,6371,6372,0,26,6.08
789.311919,6371,6372,0,26,6.08
789.41192,6371,6372,0,26,6.08
789.511918,6371,6372,0,26,6.08
789.61192,6371,6372,0,26,6.08
789.711927,6371,6372,0,26,6.08
789.81192,6371,6372,0,26,6.08
789.911919,6371,6372,0,26,6.08
790.01192,6371,6372,0,26,6.08
790.111919,6371,6372,0,26,6.07
790.211919,6371,6372,0,26,6.07
790.311918,6371,6372,0,26,6.07
790.411919,6371,6372,0,26,6.07
790.51192,6371,6372,0,26,6.07
790.611918,6371,6372,0,26,6.07
790.711918,6371,6372,0,26,6.08
790.81192,6371,6372,0,26,6.08
790.911919,6371,6372,0,26,6.08
791.01192,6371,6372,0,26,6.08
791.111919,6371,6372,0,26,6.08
791.21192,6371,6372,0,26,6.08
791.311919,6371,6372,0,26,6.08
791.411919,6371,6372,0,26,6.08
791.511918,6371,6372,0,26,6.08
791.61192,6371,6372,0,26,6.08
791.711919,6371,6372,0,26,6.07
791.811921,6371,6372,0,26,6.07
791.911918,6371,6372,0,26,6.07
792.01192,6371,6372,0,26,6.07
792.111919,6371,6372,0,26,6.07
792.211919,6371,6372,0,26,6.07
792.311919,6371,6372,0,26,6.07
792.41192,6371,6372,0,26,6.08
792.51192,6371,6372,0,26,6.08
792.61192,6371,6372,0,26,6.08
792.711926,6371,6372,0,26,6.08
792.81192,6371,6372,0,26,6.08
792.911919,6371,6372,0,26,6.07
793.011921,6371,6372,0,26,6.07
793.111918,6371,6372,0,26,6.08
793.211919,6371,6372,0,26,6.08
793.311921,6371,6372,0,26,6.08
793.411919,6371,6372,0,26,6.08
793.51192,6371,6372,0,26,6.08
793.611919,6371,6372,0,26,6.08
793.711919,6371,6372,0,26,6.08
793.811918,6371,6372,0,26,6.08
793.911919,6371,6372,0,26,6.06
794.011919,6371,6372,0,26,6.06
794.111917,6371,6372,0,26,6.07
794.211919,6371,6372,0,26,6.07
794.311917,6371,6372,0,26,6.07
794.411919,6371,6372,0,26,6.07
794.511918,6371,6372,0,26,6.07
794.611919,6371,6372,0,26,6.07
794.711918,6371,6372,0,26,6.08
794.811935,6371,6372,0,26,6.08
794.911918,6371,6372,0,26,6.08
795.011951,6371,6372,0,26,6.08
795.111917,6371,6372,0,26,6.08
795.211936,6371,6372,0,26,6.08
795.311917,6371,6372,0,26,6.08
795.411936,6371,6372,0,26,6.07
795.511918,6371,6372,0,26,6.07
795.611926,6371,6372,0,26,6.07
795.711919,6371,6372,0,26,6.07
795.81192,6371,6372,0,26,6.07
795.911918,6371,6372,0,26,6.08
796.011917,6371,6372,0,26,6.08
796.111917,6371,6372,0,26,6.08
796.211919,6371,6372,0,26,6.08
796.311918,6371,6372,0,26,6.08
796.411919,6371,6372,0,26,6.08
796.511917,6371,6372,0,26,6.08
796.61192,6371,6372,0,26,6.08
796.711917,6371,6372,0,26,6.08
796.811919,6371,6372,0,26,6.08
796.911921,6371,6372,0,26,6.08
797.01192,6371,6372,0,26,6.08
797.111919,6371,6372,0,26,6.08
797.211919,6371,6372,0,26,6.08
797.31192,6371,6372,0,26,6.08
797.411918,6371,6372,0,26,6.08
797.511936,6371,6372,0,26,6.08
797.611919,6371,6372,0,26,6.08
797.711955,6371,6372,0,26,6.08
797.811918,6371,6372,0,26,6.08
797.911945,6371,6372,0,26,6.08
798.011919,6371,6372,0,26,6.08
798.111919,6371,6372,0,26,6.08
798.211919,6371,6372,0,26,6.08
798.31193,6371,6372,0,26,6.08
798.41192,6371,6372,0,26,6.08
798.511919,6371,6372,0,26,6.08
798.61192,6371,6372,0,26,6.08
798.711918,6371,6372,0,26,6.08
798.811919,6371,6372,0,26,6.08
798.911919,6371,6372,0,26,6.08
799.011919,6371,6372,0,26,6.08
799.111919,6371,6372,0,26,6.08
799.21192,6371,6372,0,26,6.08
799.311918,6371,6372,0,26,6.08
799.411918,6371,6372,0,26,6.08
799.511919,6371,6372,0,26,6.08
799.611921,6371,6372,0,26,6.08
799.711919,6371,6372,0,26,6.08
799.811953,6371,6372,0,26,6.08
799.911918,6371,6372,0,26,6.08
800.011951,6371,6372,0,26,6.08
800.111918,6371,6372,0,26,6.08
800.211937,6371,6372,0,26,6.08
800.311917,6371,6372,0,26,6.08
800.411918,6371,6372,0,26,6.08
800.511917,6371,6372,0,26,6.08
800.611927,6371,6372,0,26,6.08
800.711919,6371,6372,0,26,6.08
800.811917,6371,6372,0,26,6.08
800.911918,6371,6372,0,26,6.07
801.011919,6371,6372,0,26,6.07
801.111918,6371,6372,0,26,6.08
801.21192,6371,6372,0,26,6.08
801.311937,6371,6372,0,26,6.08
801.411919,6371,6372,0,26,6.08
801.511918,6371,6372,0,26,6.08
801.611919,6371,6372,0,26,6.08
801.711918,6371,6372,0,26,6.08
801.811928,6371,6372,0,26,6.08
801.911916,6371,6372,0,26,6.07
802.01192,6371,6372,0,26,6.07
802.11192,6371,6372,0,26,6.08
802.211919,6371,6372,0,26,6.08
802.311926,6371,6372,0,26,6.08
802.411921,6371,6372,0,26,6.08
802.511924,6371,6372,0,26,6.08
802.611919,6371,6372,0,26,6.08
802.711918,6371,6372,0,26,6.08
802.811923,6371,6372,0,26,6.08
802.911918,6371,6372,0,26,6.07
803.011922,6371,6372,0,26,6.07
803.111918,6371,6372,0,26,6.07
803.211919,6371,6372,0,26,6.07
803.311919,6371,6372,0,26,6.07
803.411917,6371,6372,0,26,6.08
803.511918,6371,6372,0,26,6.08
803.611923,6371,6372,0,26,6.08
803.711919,6371,6372,0,26,6.08
803.811927,6371,6372,0,26,6.08
803.911919,6371,6372,0,26,6.08
804.011918,6371,6372,0,26,6.08
804.111917,6371,6372,0,26,6.08
804.211919,6371,6372,0,26,6.08
804.311918,6371,6372,0,26,6.08
804.411918,6371,6372,0,26,6.08
804.511918,6371,6372,0,26,6.08
804.611931,6371,6372,0,26,6.08
804.711918,6371,6372,0,26,6.07
804.811926,6371,6372,0,26,6.07
804.911919,6371,6372,0,26,6.08
805.011919,6371,6372,0,26,6.08
805.111918,6371,6372,0,26,6.08
805.21192,6371,6372,0,26,6.08
805.311921,6371,6372,0,26,6.08
805.41192,6371,6372,0,26,6.08
805.511918,6371,6372,0,26,6.08
805.611939,6371,6372,0,26,6.08
805.711918,6371,6372,0,26,6.07
805.811926,6371,6372,0,26,6.07
805.91192,6371,6372,0,26,6.08
806.011919,6371,6372,0,26,6.08
806.111918,6371,6372,0,26,6.08
806.211921,6371,6372,0,26,6.08
806.311918,6371,6372,0,26,6.08
806.411921,6371,6372,0,26,6.08
806.511927,6371,6372,0,26,6.08
806.61193,6371,6372,0,26,6.08
806.711921,6371,6372,0,26,6.08
806.811927,6371,6372,0,26,6.08
806.911919,6371,6372,0,26,6.08
807.011919,6371,6372,0,26,6.08
807.11192,6371,6372,0,26,6.07
807.211936,6371,6372,0,26,6.07
807.311941,6371,6372,0,26,6.07
807.411948,6371,6372,0,26,6.08
807.511948,6371,6372,0,26,6.08
807.611935,6371,6372,0,26,6.08
807.711937,6371,6372,0,26,6.08
807.811919,6371,6372,0,26,6.08
807.911917,6371,6372,0,26,6.07
808.011918,6371,6372,0,26,6.07
808.111917,6371,6372,0,26,6.08
808.211919,6371,6372,0,26,6.08
808.311919,6371,6372,0,26,6.08
808.41192,6371,6372,0,26,6.08
808.511919,6371,6372,0,26,6.08
808.611919,6371,6372,0,26,6.08
808.711919,6371,6372,0,26,6.08
808.811919,6371,6372,0,26,6.08
808.911918,6371,6372,0,26,6.07
809.011918,6371,6372,0,26,6.07
809.111916,6371,6372,0,26,6.08
809.211918,6371,6372,0,26,6.08
809.311919,6371,6372,0,26,6.08
809.411929,6371,6372,0,26,6.08
809.511918,6371,6372,0,26,6.08
809.611919,6371,6372,0,26,6.08
809.711918,6371,6372,0,26,6.08
809.811926,6371,6372,0,26,6.08
809.911918,6371,6372,0,26,6.07
810.011918,6371,6372,0,26,6.07
810.111927,6371,6372,0,26,6.08
810.211919,6371,6372,0,26,6.08
810.311919,6371,6372,0,26,6.08
810.411918,6371,6372,0,26,6.08
810.51192,6371,6372,0,26,6.08
810.611919,6371,6372,0,26,6.08
810.711919,6371,6372,0,26,6.08
810.811918,6371,6372,0,26,6.08
810.911918,6371,6372,0,26,6.08
811.011918,6371,6372,0,26,6.08
811.11192,6371,6372,0,26,6.08
811.211918,6371,6372,0,26,6.08
811.311933,6371,6372,0,26,6.08
811.411918,6371,6372,0,26,6.07
811.511936,6371,6372,0,26,6.07
811.61192,6371,6372,0,26,6.07
811.711958,6371,6372,0,26,6.08
811.811919,6371,6372,0,26,6.08
811.911954,6371,6372,0,26,6.08
812.01192,6371,6372,0,26,6.08
812.111919,6371,6372,0,26,6.08
812.211919,6371,6372,0,26,6.08
812.311925,6371,6372,0,26,6.08
812.411919,6371,6372,0,26,6.07
812.511925,6371,6372,0,26,6.07
812.611919,6371,6372,0,26,6.07
812.711925,6371,6372,0,26,6.08
812.811919,6371,6372,0,26,6.08
812.911918,6371,6372,0,26,6.08
813.011918,6371,6372,0,26,6.08
813.111918,6371,6372,0,26,6.08
813.211917,6371,6372,0,26,6.08
813.311927,6371,6372,0,26,6.08
813.411944,6371,6372,0,26,6.07
813.511918,6371,6372,0,26,6.07
813.611918,6371,6372,0,26,6.07
813.711918,6371,6372,0,26,6.07
813.811919,6371,6372,0,26,6.07
813.911918,6371,6372,0,26,6.08
814.011918,6371,6372,0,26,6.08
814.111918,6371,6372,0,26,6.08
814.211919,6371,6372,0,26,6.08
814.311926,6371,6372,0,26,6.08
814.411918,6371,6372,0,26,6.08
814.511918,6371,6372,0,26,6.08
814.611938,6371,6372,0,26,6.08
814.711918,6371,6372,0,26,6.08
814.811927,6371,6372,0,26,6.08
814.911918,6371,6372,0,26,6.08
815.01192,6371,6372,0,26,6.08
815.111919,6371,6372,0,26,6.07
815.21192,6371,6372,0,26,6.07
815.311919,6371,6372,0,26,6.07
815.411918,6371,6372,0,26,6.08
815.511926,6371,6372,0,26,6.08
815.611919,6371,6372,0,26,6.08
815.71192,6371,6372,0,26,6.07
815.811919,6371,6372,0,26,6.07
815.911919,6371,6372,0,26,6.08
816.01192,6371,6372,0,26,6.08
816.11192,6371,6372,0,26,6.08
816.211919,6371,6372,0,26,6.08
816.311918,6371,6372,0,26,6.08
816.41193,6371,6372,0,26,6.08
816.511935,6371,6372,0,26,6.08
816.61192,6371,6372,0,26,6.08
816.711974,6371,6372,0,26,6.08
816.811921,6371,6372,0,26,6.08
816.911947,6371,6372,0,26,6.07
817.011919,6371,6372,0,26,6.07
817.111919,6371,6372,0,26,6.08
817.211918,6371,6372,0,26,6.08
817.311916,6371,6372,0,26,6.08
817.411919,6371,6372,0,26,6.08
817.511918,6371,6372,0,26,6.08
817.611918,6371,6372,0,26,6.08
817.711918,6371,6372,0,26,6.07
817.811918,6371,6372,0,26,6.07
817.911918,6371,6372,0,26,6.08
818.011926,6371,6372,0,26,6.08
818.111918,6371,6372,0,26,6.08
818.211928,6371,6372,0,26,6.08
818.311919,6371,6372,0,26,6.08
818.411928,6371,6372,0,26,6.08
818.511918,6371,6372,0,26,6.08
818.61192,6371,6372,0,26,6.08
818.711919,6371,6372,0,26,6.07
818.811919,6371,6372,0,26,6.07
818.911918,6371,6372,0,26,6.08
819.011923,6371,6372,0,26,6.08
819.111926,6371,6372,0,26,6.08
819.211937,6371,6372,0,26,6.08
819.311919,6371,6372,0,26,6.08
819.411952,6371,6372,0,26,6.08
819.511918,6371,6372,0,26,6.08
819.611958,6371,6372,0,26,6.08
819.711918,6371,6372,0,26,6.08
819.811937,6371,6372,0,26,6.08
819.911918,6371,6372,0,26,6.08
820.011925,6371,6372,0,26,6.08
820.111928,6371,6372,0,26,6.07
820.211926,6371,6372,0,26,6.07
820.311936,6371,6372,0,26,6.07
820.411937,6371,6372,0,26,6.08
820.511935,6371,6372,0,26,6.08
820.611935,6371,6372,0,26,6.08
820.711934,6371,6372,0,26,6.07
820.811936,6371,6372,0,26,6.07
820.911934,6371,6372,0,26,6.08
821.011927,6371,6372,0,26,6.08
821.111918,6371,6372,0,26,6.08
821.211919,6371,6372,0,26,6.08
821.311919,6371,6372,0,26,6.08
821.411919,6371,6372,0,26,6.08
821.511927,6371,6372,0,26,6.08
821.61192,6371,6372,0,26,6.08
821.711918,6371,6372,0,26,6.08
821.811919,6371,6372,0,26,6.08
821.911917,6371,6372,0,26,6.08
822.01192,6371,6372,0,26,6.08
822.111918,6371,6372,0,26,6.08
822.21192,6371,6372,0,26,6.08
822.311919,6371,6372,0,26,6.08
822.411919,6371,6372,0,26,6.07
822.511918,6371,6372,0,26,6.07
822.61192,6371,6372,0,26,6.07
822.711917,6371,6372,0,26,6.08
822.811928,6371,6372,0,26,6.08
822.911919,6371,6372,0,26,6.08
823.011921,6371,6372,0,26,6.08
823.111926,6371,6372,0,26,6.08
823.21192,6371,6372,0,26,6.08
823.311919,6371,6372,0,26,6.08
823.411941,6371,6372,0,26,6.07
823.511918,6371,6372,0,26,6.07
823.611955,6371,6372,0,26,6.07
823.711918,6371,6372,0,26,6.07
823.811943,6371,6372,0,26,6.07
823.911918,6371,6372,0,26,6.08
824.011917,6371,6372,0,26,6.08
824.111918,6371,6372,0,26,6.08
824.211918,6371,6372,0,26,6.08
824.311919,6371,6372,0,26,6.08
824.41192,6371,6372,0,26,6.07
824.511917,6371,6372,0,26,6.07
824.611917,6371,6372,0,26,6.07
824.711918,6371,6372,0,26,6.08
824.811919,6371,6372,0,26,6.08
824.911918,6371,6372,0,26,6.08
825.011918,6371,6372,0,26,6.08
825.111917,6371,6372,0,26,6.07
825.211919,6371,6372,0,26,6.07
825.311918,6371,6372,0,26,6.07
825.411918,6371,6372,0,26,6.07
825.511919,6371,6372,0,26,6.07
825.611918,6371,6372,0,26,6.07
825.711926,6371,6372,0,26,6.08
825.81192,6371,6372,0,26,6.08
825.911917,6371,6372,0,26,6.08
826.011935,6371,6372,0,26,6.08
826.111918,6371,6372,0,26,6.08
826.211939,6371,6372,0,26,6.08
826.311917,6371,6372,0,26,6.08
826.411936,6371,6372,0,26,6.08
826.51192,6371,6372,0,26,6.08
826.611918,6371,6372,0,26,6.08
826.711918,6371,6372,0,26,6.08
826.811918,6371,6372,0,26,6.08
826.911919,6371,6372,0,26,6.08
827.01192,6371,6372,0,26,6.08
827.111919,6371,6372,0,26,6.08
827.211919,6371,6372,0,26,6.08
827.311919,6371,6372,0,26,6.08
827.41192,6371,6372,0,26,6.07
827.51192,6371,6372,0,26,6.07
827.611919,6371,6372,0,26,6.07
827.711917,6371,6372,0,26,6.08
827.81192,6371,6372,0,26,6.08
827.911926,6371,6372,0,26,6.07
828.011917,6371,6372,0,26,6.07
828.111918,6371,6372,0,26,6.08
828.211918,6371,6372,0,26,6.08
828.311918,6371,6372,0,26,6.08
828.411919,6371,6372,0,26,6.08
828.511925,6371,6372,0,26,6.08
828.611918,6371,6372,0,26,6.08
828.711918,6371,6372,0,26,6.08
828.811918,6371,6372,0,26,6.08
828.911918,6371,6372,0,26,6.07
829.011917,6371,6372,0,26,6.07
829.111918,6371,6372,0,26,6.07
829.211919,6371,6372,0,26,6.07
829.311917,6371,6372,0,26,6.07
829.411917,6371,6372,0,26,6.08
829.511919,6371,6372,0,26,6.08
829.611918,6371,6372,0,26,6.08
829.711919,6371,6372,0,26,6.07
829.811918,6371,6372,0,26,6.07
829.911926,6371,6372,0,26,6.08
830.011919,6371,6372,0,26,6.08
830.111918,6371,6372,0,26,6.08
830.211918,6371,6372,0,26,6.08
830.311918,6371,6372,0,26,6.08
830.411918,6371,6372,0,26,6.07
830.511927,6371,6372,0,26,6.07
830.611918,6371,6372,0,26,6.07
830.711959,6371,6372,0,26,6.07
830.81192,6371,6372,0,26,6.07
830.911943,6371,6372,0,26,6.07
831.01192,6371,6372,0,26,6.07
831.111918,6371,6372,0,26,6.08
831.211919,6371,6372,0,26,6.08
831.311918,6371,6372,0,26,6.08
831.411919,6371,6372,0,26,6.07
831.511917,6371,6372,0,26,6.07
831.61192,6371,6372,0,26,6.07
831.711919,6371,6372,0,26,6.07
831.811917,6371,6372,0,26,6.07
831.911917,6371,6372,0,26,6.08
832.01192,6371,6372,0,26,6.08
832.111919,6371,6372,0,26,6.08
832.211926,6371,6372,0,26,6.08
832.311931,6371,6372,0,26,6.08
832.411919,6371,6372,0,26,6.08
832.511918,6371,6372,0,26,6.08
832.611918,6371,6372,0,26,6.08
832.711918,6371,6372,0,26,6.08
832.81192,6371,6372,0,26,6.08
832.911926,6371,6372,0,26,6.08
833.011918,6371,6372,0,26,6.08
833.111917,6371,6372,0,26,6.08
833.211919,6371,6372,0,26,6.08
833.311918,6371,6372,0,26,6.08
833.411917,6371,6372,0,26,6.08
833.511918,6371,6372,0,26,6.08
833.611918,6371,6372,0,26,6.08
833.711918,6371,6372,0,26,6.07
833.811919,6371,6372,0,26,6.07
833.911926,6371,6372,0,26,6.08
834.011928,6371,6372,0,26,6.08
834.111916,6371,6372,0,26,6.07
834.211924,6371,6372,0,26,6.07
834.311917,6371,6372,0,26,6.07
834.411919,6371,6372,0,26,6.08
834.511919,6371,6372,0,26,6.08
834.611918,6371,6372,0,26,6.08
834.711918,6371,6372,0,26,6.08
834.811918,6371,6372,0,26,6.08
834.911925,6371,6372,0,26,6.08
835.011924,6371,6372,0,26,6.08
835.111917,6371,6372,0,26,6.09
835.211919,6371,6372,0,26,6.09
835.311918,6371,6372,0,26,6.09
835.411917,6371,6372,0,26,6.07
835.511918,6371,6372,0,26,6.07
835.611918,6371,6372,0,26,6.07
835.71192,6371,6372,0,26,6.08
835.811917,6371,6372,0,26,6.08
835.911952,6371,6372,0,26,6.08
836.011918,6371,6372,0,26,6.08
836.111946,6371,6372,0,26,6.08
836.211918,6371,6372,0,26,6.08
836.311949,6371,6372,0,26,6.08
836.411919,6371,6372,0,26,6.08
836.511947,6371,6372,0,26,6.08
836.611917,6371,6372,0,26,6.08
836.71194,6371,6372,0,26,6.08
836.811917,6371,6372,0,26,6.08
836.911916,6371,6372,0,26,6.08
837.011918,6371,6372,0,26,6.08
837.111916,6371,6372,0,26,6.08
837.211918,6371,6372,0,26,6.08
837.311919,6371,6372,0,26,6.08
837.411918,6371,6372,0,26,6.08
837.511936,6371,6372,0,26,6.08
837.611918,6371,6372,0,26,6.08
837.711916,6371,6372,0,26,6.08
837.811919,6371,6372,0,26,6.08
837.911917,6371,6372,0,26,6.05
838.011927,6371,6372,0,26,6.05
838.111918,6371,6372,0,26,6.08
838.211918,6371,6372,0,26,6.08
838.311918,6371,6372,0,26,6.08
838.411916,6371,6372,0,26,6.08
838.51192,6371,6372,0,26,6.08
838.611919,6371,6372,0,26,6.08
838.71192,6371,6372,0,26,6.08
838.81192,6371,6372,0,26,6.08
838.91192,6371,6372,0,26,6.08
839.01192,6371,6372,0,26,6.08
839.111921,6371,6372,0,26,6.08
839.21192,6371,6372,0,26,6.08
839.311918,6371,6372,0,26,6.08
839.411919,6371,6372,0,26,6.07
839.511917,6371,6372,0,26,6.07
839.61192,6371,6372,0,26,6.07
839.711918,6371,6372,0,26,6.08
839.811918,6371,6372,0,26,6.08
839.911918,6371,6372,0,26,6.07
840.011926,6371,6372,0,26,6.07
840.111919,6371,6372,0,26,6.08
840.211926,6371,6372,0,26,6.08
840.311918,6371,6372,0,26,6.08
840.411918,6371,6372,0,26,6.08
840.511919,6371,6372,0,26,6.08
840.611919,6371,6372,0,26,6.08
840.711926,6371,6372,0,26,6.07
840.811917,6371,6372,0,26,6.07
840.911918,6371,6372,0,26,6.07
841.011917,6371,6372,0,26,6.07
841.111926,6371,6372,0,26,6.07
841.211917,6371,6372,0,26,6.07
841.311925,6371,6372,0,26,6.07
841.41192,6371,6372,0,26,6.07
841.511917,6371,6372,0,26,6.07
841.611918,6371,6372,0,26,6.07
841.711917,6371,6372,0,26,6.08
841.811927,6371,6372,0,26,6.08
841.911918,6371,6372,0,26,6.08
842.011919,6371,6372,0,26,6.08
842.11192,6371,6372,0,26,6.07
842.211919,6371,6372,0,26,6.07
842.311917,6371,6372,0,26,6.07
842.411919,6371,6372,0,26,6.08
842.511926,6371,6372,0,26,6.08
842.611926,6371,6372,0,26,6.08
842.711919,6371,6372,0,26,6.08
842.811952,6371,6372,0,26,6.08
842.911919,6371,6372,0,26,6.08
843.011936,6371,6372,0,26,6.08
843.111918,6371,6372,0,26,6.08
843.211918,6371,6372,0,26,6.08
843.311918,6371,6372,0,26,6.08
843.411918,6371,6372,0,26,6.07
843.511916,6371,6372,0,26,6.07
843.611918,6371,6372,0,26,6.07
843.711917,6371,6372,0,26,6.08
843.811917,6371,6372,0,26,6.08
843.911919,6371,6372,0,26,6.07
844.011919,6371,6372,0,26,6.07
844.111919,6371,6372,0,26,6.08
844.211922,6371,6372,0,26,6.08
844.311917,6371,6372,0,26,6.08
844.411918,6371,6372,0,26,6.08
844.511917,6371,6372,0,26,6.08
844.611916,6371,6372,0,26,6.08
844.711918,6371,6372,0,26,6.08
844.81192,6371,6372,0,26,6.08
844.911918,6371,6372,0,26,6.08
845.01192,6371,6372,0,26,6.08
845.111918,6371,6372,0,26,6.08
845.211919,6371,6372,0,26,6.08
845.311917,6371,6372,0,26,6.08
845.411921,6371,6372,0,26,6.08
845.511917,6371,6372,0,26,6.08
845.611919,6371,6372,0,26,6.08
845.711919,6371,6372,0,26,6.08
845.811927,6371,6372,0,26,6.08
845.911918,6371,6372,0,26,6.07
846.011952,6371,6372,0,26,6.07
846.111918,6371,6372,0,26,6.07
846.211947,6371,6372,0,26,6.07
846.311917,6371,6372,0,26,6.07
846.411921,6371,6372,0,26,6.08
846.511917,6371,6372,0,26,6.08
846.611938,6371,6372,0,26,6.08
846.711918,6371,6372,0,26,6.08
846.811918,6371,6372,0,26,6.08
846.911918,6371,6372,0,26,6.07
847.011919,6371,6372,0,26,6.07
847.111918,6371,6372,0,26,6.08
847.211921,6371,6372,0,26,6.08
847.311918,6371,6372,0,26,6.08
847.411919,6371,6372,0,26,6.08
847.511918,6371,6372,0,26,6.08
847.611918,6371,6372,0,26,6.08
847.711917,6371,6372,0,26,6.08
847.811919,6371,6372,0,26,6.08
847.911918,6371,6372,0,26,6.07
848.01192,6371,6372,0,26,6.07
848.111918,6371,6372,0,26,6.08
848.211926,6371,6372,0,26,6.08
848.311918,6371,6372,0,26,6.08
848.411918,6371,6372,0,26,6.07
848.511919,6371,6372,0,26,6.07
848.611917,6371,6372,0,26,6.07
848.711916,6371,6372,0,26,6.08
848.811936,6371,6372,0,26,6.08
848.911926,6371,6372,0,26,6.08
849.011949,6371,6372,0,26,6.08
849.111918,6371,6372,0,26,6.07
849.211937,6371,6372,0,26,6.07
849.311919,6371,6372,0,26,6.07
849.411918,6371,6372,0,26,6.08
849.511918,6371,6372,0,26,6.08
849.611919,6371,6372,0,26,6.08
849.711917,6371,6372,0,26,6.08
849.81192,6371,6372,0,26,6.08
849.911917,6371,6372,0,26,6.08
850.011917,6371,6372,0,26,6.08
850.111919,6371,6372,0,26,6.08
850.21192,6371,6372,0,26,6.08
850.311918,6371,6372,0,26,6.08
850.411919,6371,6372,0,26,6.08
850.511918,6371,6372,0,26,6.08
850.611919,6371,6372,0,26,6.08
850.711919,6371,6372,0,26,6.08
850.811926,6371,6372,0,26,6.08
850.911919,6371,6372,0,26,6.08
851.011918,6371,6372,0,26,6.08
851.111919,6371,6372,0,26,6.08
851.211918,6371,6372,0,26,6.08
851.311924,6371,6372,0,26,6.08
851.411919,6371,6372,0,26,6.08
851.511917,6371,6372,0,26,6.08
851.611919,6371,6372,0,26,6.08
851.711917,6371,6372,0,26,6.07
851.811918,6371,6372,0,26,6.07
851.911919,6371,6372,0,26,6.08
852.011918,6371,6372,0,26,6.08
852.111919,6371,6372,0,26,6.08
852.21192,6371,6372,0,26,6.08
852.31192,6371,6372,0,26,6.08
852.411918,6371,6372,0,26,6.08
852.511921,6371,6372,0,26,6.08
852.611918,6371,6372,0,26,6.08
852.711919,6371,6372,0,26,6.08
852.811919,6371,6372,0,26,6.08
852.911989,6371,6372,0,26,6.08
853.011925,6371,6372,0,26,6.08
853.111936,6371,6372,0,26,6.07
853.211928,6371,6372,0,26,6.07
853.311917,6371,6372,0,26,6.07
853.41192,6371,6372,0,26,6.08
853.511918,6371,6372,0,26,6.08
853.611918,6371,6372,0,26,6.08
853.711921,6371,6372,0,26,6.08
853.811921,6371,6372,0,26,6.08
853.911917,6371,6372,0,26,6.08
854.01192,6371,6372,0,26,6.08
854.111919,6371,6372,0,26,6.08
854.211919,6371,6372,0,26,6.08
854.311917,6371,6372,0,26,6.08
854.411919,6371,6372,0,26,6.08
854.511917,6371,6372,0,26,6.08
854.61192,6371,6372,0,26,6.08
854.711918,6371,6372,0,26,6.08
854.811918,6371,6372,0,26,6.08
854.911918,6371,6372,0,26,6.08
855.011918,6371,6372,0,26,6.08
855.111917,6371,6372,0,26,6.08
855.211919,6371,6372,0,26,6.08
855.311925,6371,6372,0,26,6.08
855.411918,6371,6372,0,26,6.07
855.511945,6371,6372,0,26,6.07
855.611918,6371,6372,0,26,6.07
855.711925,6371,6372,0,26,6.07
855.811921,6371,6372,0,26,6.07
855.911918,6371,6372,0,26,6.08
856.011919,6371,6372,0,26,6.08
856.111917,6371,6372,0,26,6.07
856.211918,6371,6372,0,26,6.07
856.311917,6371,6372,0,26,6.07
856.411918,6371,6372,0,26,6.07
856.511917,6371,6372,0,26,6.07
856.611917,6371,6372,0,26,6.07
856.711916,6371,6372,0,26,6.08
856.811918,6371,6372,0,26,6.08
856.911917,6371,6372,0,26,6.08
857.011918,6371,6372,0,25,6.08
857.111917,6371,6372,0,25,6.08
857.211918,6371,6372,0,25,6.08
857.311917,6371,6372,0,25,6.08
857.411918,6371,6372,0,25,6.07
857.511917,6371,6372,0,25,6.07
857.611918,6371,6372,0,25,6.07
857.711918,6371,6372,0,25,6.07
857.81192,6371,6372,0,25,6.07
857.911919,6371,6372,0,25,6.08
858.011919,6371,6372,0,25,6.08
858.111917,6371,6372,0,25,6.08
858.211926,6371,6372,0,25,6.08
858.311917,6371,6372,0,25,6.08
858.411918,6371,6372,0,25,6.08
858.511918,6371,6372,0,25,6.08
858.611917,6371,6372,0,25,6.08
858.711918,6371,6372,0,25,6.07
858.811926,6371,6372,0,25,6.07
858.911919,6371,6372,0,25,6.08
859.011918,6371,6372,0,25,6.08
859.111926,6371,6372,0,25,6.08
859.211919,6371,6372,0,25,6.08
859.311917,6371,6372,0,25,6.08
859.411918,6371,6372,0,25,6.08
859.511916,6371,6372,0,25,6.08
859.611919,6371,6372,0,25,6.08
859.711918,6371,6372,0,25,6.08
859.811918,6371,6372,0,25,6.08
859.911918,6371,6372,0,25,6.07
860.011919,6371,6372,0,25,6.07
860.111919,6371,6372,0,25,6.07
860.211919,6371,6372,0,25,6.07
860.311919,6371,6372,0,25,6.07
860.411918,6371,6372,0,25,6.08
860.51194,6371,6372,0,25,6.08
860.611918,6371,6372,0,25,6.08
860.711947,6371,6372,0,25,6.08
860.811918,6371,6372,0,25,6.08
860.911918,6371,6372,0,25,6.07
861.01192,6371,6372,0,26,6.07
861.111918,6371,6372,0,26,6.08
861.21192,6371,6372,0,26,6.08
861.311918,6371,6372,0,26,6.08
861.411919,6371,6372,0,26,6.08
861.511918,6371,6372,0,26,6.08
861.611918,6371,6372,0,26,6.08
861.711926,6371,6372,0,26,6.08
861.811919,6371,6372,0,26,6.08
861.911925,6371,6372,0,26,6.07
862.011918,6371,6372,0,26,6.07
862.111919,6371,6372,0,26,6.07
862.211918,6371,6372,0,26,6.07
862.311925,6371,6372,0,26,6.07
862.411918,6371,6372,0,26,6.08
862.511919,6371,6372,0,26,6.08
862.611917,6371,6372,0,26,6.08
862.711917,6371,6372,0,26,6.08
862.81192,6371,6372,0,26,6.08
862.911918,6371,6372,0,26,6.08
863.011928,6371,6372,0,25,6.08
863.111918,6371,6372,0,25,6.08
863.211919,6371,6372,0,25,6.08
863.311919,6371,6372,0,25,6.08
863.411919,6371,6372,0,25,6.08
863.511919,6371,6372,0,25,6.08
863.611919,6371,6372,0,25,6.08
863.711918,6371,6372,0,25,6.08
863.811919,6371,6372,0,25,6.08
863.911928,6371,6372,0,25,6.08
864.011918,6371,6372,0,25,6.08
864.111918,6371,6372,0,25,6.08
864.21192,6371,6372,0,25,6.08
864.311919,6371,6372,0,25,6.08
864.411919,6371,6372,0,25,6.08
864.511918,6371,6372,0,25,6.08
864.611918,6371,6372,0,25,6.08
864.711917,6371,6372,0,25,6.08
864.81192,6371,6372,0,25,6.08
864.911917,6371,6372,0,25,6.08
865.011934,6371,6372,0,25,6.08
865.111916,6371,6372,0,25,6.08
865.211985,6371,6372,0,25,6.08
865.311918,6371,6372,0,25,6.08
865.411945,6371,6372,0,25,6.08
865.511918,6371,6372,0,25,6.08
865.611918,6371,6372,0,25,6.08
865.711926,6371,6372,0,25,6.08
865.811937,6371,6372,0,25,6.08
865.911919,6371,6372,0,25,6.08
866.011941,6371,6372,0,25,6.08
866.111918,6371,6372,0,25,6.08
866.211936,6371,6372,0,25,6.08
866.311918,6371,6372,0,25,6.08
866.411919,6371,6372,0,25,6.07
866.511917,6371,6372,0,25,6.07
866.611919,6371,6372,0,25,6.07
866.711917,6371,6372,0,25,6.07
866.81192,6371,6372,0,25,6.07
866.911929,6371,6372,0,25,6.07
867.011919,6371,6372,0,25,6.07
867.111918,6371,6372,0,25,6.08
867.211919,6371,6372,0,25,6.08
867.311917,6371,6372,0,25,6.08
867.411918,6371,6372,0,25,6.08
867.511947,6371,6372,0,25,6.08
867.611919,6371,6372,0,25,6.08
867.711925,6371,6372,0,25,6.08
867.811919,6371,6372,0,25,6.08
867.911918,6371,6372,0,25,6.08
868.011917,6371,6372,0,25,6.08
868.111918,6371,6372,0,25,6.08
868.21192,6371,6372,0,25,6.08
868.311919,6371,6372,0,25,6.08
868.411918,6371,6372,0,25,6.07
868.511929,6371,6372,0,25,6.07
868.611919,6371,6372,0,25,6.07
868.711924,6371,6372,0,25,6.08
868.811919,6371,6372,0,25,6.08
868.911917,6371,6372,0,25,6.08
869.011918,6371,6372,0,25,6.08
869.111918,6371,6372,0,25,6.07
869.211918,6371,6372,0,25,6.07
869.311919,6371,6372,0,25,6.07
869.411919,6371,6372,0,25,6.08
869.511929,6371,6372,0,25,6.08
869.611918,6371,6372,0,25,6.08
869.711918,6371,6372,0,25,6.08
869.811918,6371,6372,0,25,6.08
869.911918,6371,6372,0,25,6.08
870.011918,6371,6372,0,25,6.08
870.111919,6371,6372,0,25,6.08
870.211919,6371,6372,0,25,6.08
870.311918,6371,6372,0,25,6.08
870.41192,6371,6372,0,25,6.08
870.51195,6371,6372,0,25,6.08
870.611917,6371,6372,0,25,6.08
870.711919,6371,6372,0,25,6.07
870.811921,6371,6372,0,25,6.07
870.911926,6371,6372,0,25,6.08
871.01192,6371,6372,0,25,6.08
871.111918,6371,6372,0,25,6.07
871.211918,6371,6372,0,25,6.07
871.311918,6371,6372,0,25,6.07
871.411918,6371,6372,0,25,6.07
871.511925,6371,6372,0,25,6.07
871.611919,6371,6372,0,25,6.07
871.711918,6371,6372,0,25,6.08
871.811919,6371,6372,0,25,6.08
871.911919,6371,6372,0,25,6.07
872.011919,6371,6372,0,25,6.07
872.111919,6371,6372,0,25,6.07
872.21192,6371,6372,0,25,6.07
872.311917,6371,6372,0,25,6.07
872.411927,6371,6372,0,25,6.08
872.511918,6371,6372,0,25,6.08
872.611919,6371,6372,0,25,6.08
872.711918,6371,6372,0,25,6.08
872.811918,6371,6372,0,25,6.08
872.911918,6371,6372,0,25,6.07
873.011921,6371,6372,0,25,6.07
873.111926,6371,6372,0,25,6.07
873.211951,6371,6372,0,25,6.07
873.311918,6371,6372,0,25,6.07
873.411956,6371,6372,0,25,6.07
873.511948,6371,6372,0,25,6.07
873.611934,6371,6372,0,25,6.07
873.711925,6371,6372,0,25,6.08
873.811919,6371,6372,0,25,6.08
873.911925,6371,6372,0,25,6.08
874.011927,6371,6372,0,25,6.08
874.111918,6371,6372,0,25,6.07
874.21192,6371,6372,0,25,6.07
874.311941,6371,6372,0,25,6.07
874.411919,6371,6372,0,25,6.08
874.511943,6371,6372,0,25,6.08
874.611918,6371,6372,0,25,6.08
874.711933,6371,6372,0,25,6.08
874.811922,6371,6372,0,25,6.08
874.911919,6371,6372,0,25,6.08
875.011918,6371,6372,0,25,6.08
875.111922,6371,6372,0,25,6.08
875.211918,6371,6372,0,25,6.08
875.311918,6371,6372,0,25,6.08
875.411919,6371,6372,0,25,6.08
875.511918,6371,6372,0,25,6.08
875.611926,6371,6372,0,25,6.08
875.71192,6371,6372,0,25,6.07
875.811919,6371,6372,0,25,6.07
875.911918,6371,6372,0,25,6.07
876.011918,6371,6372,0,25,6.07
876.111917,6371,6372,0,25,6.08
876.211936,6371,6372,0,25,6.08
876.311919,6371,6372,0,25,6.08
876.411918,6371,6372,0,25,6.08
876.511918,6371,6372,0,25,6.08
876.61192,6371,6372,0,25,6.08
876.711918,6371,6372,0,25,6.08
876.811918,6371,6372,0,25,6.08
876.911918,6371,6372,0,25,6.08
877.011919,6371,6372,0,25,6.08
877.111919,6371,6372,0,25,6.08
877.211919,6371,6372,0,25,6.08
877.311919,6371,6372,0,25,6.08
877.41192,6371,6372,0,25,6.08
877.511919,6371,6372,0,25,6.08
877.611918,6371,6372,0,25,6.08
877.71192,6371,6372,0,25,6.08
877.811918,6371,6372,0,25,6.08
877.911918,6371,6372,0,25,6.07
878.011918,6371,6372,0,25,6.07
878.11192,6371,6372,0,25,6.07
878.211919,6371,6372,0,25,6.07
878.311919,6371,6372,0,25,6.07
878.411919,6371,6372,0,25,6.08
878.51195,6371,6372,0,25,6.08
878.61193,6371,6372,0,25,6.08
878.711941,6371,6372,0,25,6.07
878.811919,6371,6372,0,25,6.07
878.911941,6371,6372,0,25,6.08
879.01192,6371,6372,0,25,6.08
879.111919,6371,6372,0,25,6.08
879.21192,6371,6372,0,25,6.08
879.311918,6371,6372,0,25,6.08
879.411919,6371,6372,0,25,6.08
879.511918,6371,6372,0,25,6.08
879.611919,6371,6372,0,25,6.08
879.711919,6371,6372,0,25,6.08
879.811919,6371,6372,0,25,6.08
879.91192,6371,6372,0,25,6.07
880.011918,6371,6372,0,25,6.07
880.111918,6371,6372,0,25,6.08
880.211921,6371,6372,0,25,6.08
880.311917,6371,6372,0,25,6.08
880.411918,6371,6372,0,25,6.08
880.511918,6371,6372,0,25,6.08
880.611919,6371,6372,0,25,6.08
880.711919,6371,6372,0,25,6.08
880.811919,6371,6372,0,25,6.08
880.911926,6371,6372,0,25,6.08
881.011918,6371,6372,0,25,6.08
881.111921,6371,6372,0,25,6.08
881.211918,6371,6372,0,25,6.08
881.311918,6371,6372,0,25,6.08
881.41192,6371,6372,0,25,6.08
881.511919,6371,6372,0,25,6.08
881.611927,6371,6372,0,25,6.08
881.711918,6371,6372,0,25,6.08
881.811918,6371,6372,0,25,6.08
881.911918,6371,6372,0,25,6.07
882.011919,6371,6372,0,25,6.07
882.111917,6371,6372,0,25,6.08
882.21192,6371,6372,0,25,6.08
882.311918,6371,6372,0,25,6.08
882.411919,6371,6372,0,25,6.08
882.511918,6371,6372,0,25,6.08
882.611918,6371,6372,0,25,6.08
882.711918,6371,6372,0,25,6.08
882.811919,6371,6372,0,25,6.08
882.911917,6371,6372,0,25,6.07
883.011917,6371,6372,0,25,6.07
883.111917,6371,6372,0,25,6.08
883.211919,6371,6372,0,25,6.08
883.31192,6371,6372,0,25,6.08
883.411918,6371,6372,0,25,6.07
883.511918,6371,6372,0,25,6.07
883.611918,6371,6372,0,25,6.07
883.711919,6371,6372,0,25,6.08
883.811922,6371,6372,0,25,6.08
883.911927,6371,6372,0,25,6.08
884.01192,6371,6372,0,25,6.08
884.111919,6371,6372,0,25,6.07
884.211919,6371,6372,0,25,6.07
884.311918,6371,6372,0,25,6.07
884.411934,6371,6372,0,25,6.08
884.511918,6371,6372,0,25,6.08
884.611948,6371,6372,0,25,6.08
884.711934,6371,6372,0,25,6.08
884.811919,6371,6372,0,25,6.08
884.911977,6371,6372,0,25,6.08
885.011919,6371,6372,0,25,6.08
885.11195,6371,6372,0,25,6.07
885.211918,6371,6372,0,25,6.07
885.311941,6371,6372,0,25,6.07
885.411919,6371,6372,0,25,6.08
885.511918,6371,6372,0,25,6.08
885.61192,6371,6372,0,25,6.08
885.711919,6371,6372,0,25,6.08
885.811918,6371,6372,0,25,6.08
885.911925,6371,6372,0,25,6.08
886.011917,6371,6372,0,25,6.08
886.111917,6371,6372,0,25,6.08
886.211918,6371,6372,0,25,6.08
886.311919,6371,6372,0,25,6.08
886.411919,6371,6372,0,25,6.07
886.51192,6371,6372,0,25,6.07
886.611919,6371,6372,0,25,6.07
886.711918,6371,6372,0,25,6.07
886.81192,6371,6372,0,25,6.07
886.911918,6371,6372,0,25,6.08
887.011919,6371,6372,0,25,6.08
887.111919,6371,6372,0,25,6.08
887.211919,6371,6372,0,25,6.08
887.311918,6371,6372,0,25,6.08
887.411919,6371,6372,0,25,6.08
887.511925,6371,6372,0,25,6.08
887.611919,6371,6372,0,25,6.08
887.711918,6371,6372,0,25,6.08
887.811919,6371,6372,0,25,6.08
887.911918,6371,6372,0,25,6.08
888.011919,6371,6372,0,25,6.08
888.111917,6371,6372,0,25,6.08
888.211918,6371,6372,0,25,6.08
888.311918,6371,6372,0,25,6.08
888.41192,6371,6372,0,25,6.08
888.511918,6371,6372,0,25,6.08
888.611919,6371,6372,0,25,6.08
888.711919,6371,6372,0,25,6.08
888.811918,6371,6372,0,25,6.08
888.911918,6371,6372,0,25,6.08
889.011919,6371,6372,0,25,6.08
889.111917,6371,6372,0,25,6.08
889.211918,6371,6372,0,25,6.08
889.311919,6371,6372,0,25,6.08
889.411919,6371,6372,0,25,6.08
889.511918,6371,6372,0,25,6.08
889.611917,6371,6372,0,25,6.08
889.711918,6371,6372,0,25,6.07
889.811918,6371,6372,0,25,6.07
889.911917,6371,6372,0,25,6.06
890.011919,6371,6372,0,25,6.06
890.111918,6371,6372,0,25,6.07
890.211918,6371,6372,0,25,6.07
890.311916,6371,6372,0,25,6.07
890.411921,6371,6372,0,25,6.08
890.511919,6371,6372,0,25,6.08
890.611919,6371,6372,0,25,6.08
890.711917,6371,6372,0,25,6.08
890.811927,6371,6372,0,25,6.08
890.911918,6371,6372,0,25,6.08
891.011919,6371,6372,0,25,6.08
891.111917,6371,6372,0,25,6.08
891.211921,6371,6372,0,25,6.08
891.311916,6371,6372,0,25,6.08
891.411934,6371,6372,0,25,6.08
891.511919,6371,6372,0,25,6.08
891.611939,6371,6372,0,25,6.08
891.711917,6371,6372,0,25,6.08
891.811945,6371,6372,0,25,6.08
891.911918,6371,6372,0,25,6.08
892.011919,6371,6372,0,25,6.08
892.111918,6371,6372,0,25,6.07
892.211917,6371,6372,0,25,6.07
892.311919,6371,6372,0,25,6.07
892.411919,6371,6372,0,25,6.07
892.511918,6371,6372,0,25,6.07
892.611919,6371,6372,0,25,6.07
892.711917,6371,6372,0,25,6.08
892.811919,6371,6372,0,25,6.08
892.911918,6371,6372,0,25,6.08
893.011922,6371,6372,0,25,6.08
893.11192,6371,6372,0,25,6.07
893.211921,6371,6372,0,25,6.07
893.311936,6371,6372,0,25,6.07
893.411918,6371,6372,0,25,6.06
893.511947,6371,6372,0,25,6.06
893.611919,6371,6372,0,25,6.06
893.711937,6371,6372,0,25,6.07
893.811919,6371,6372,0,25,6.07
893.911919,6371,6372,0,25,6.08
894.011918,6371,6372,0,25,6.08
894.111917,6371,6372,0,25,6.08
894.211919,6371,6372,0,25,6.08
894.311926,6371,6372,0,25,6.08
894.411919,6371,6372,0,25,6.08
894.511918,6371,6372,0,25,6.08
894.61192,6371,6372,0,25,6.08
894.711917,6371,6372,0,25,6.08
894.811924,6371,6372,0,25,6.08
894.911919,6371,6372,0,25,6.08
895.011919,6371,6372,0,25,6.08
895.111918,6371,6372,0,25,6.08
895.211918,6371,6372,0,25,6.08
895.311916,6371,6372,0,25,6.08
895.411918,6371,6372,0,25,6.07
895.511918,6371,6372,0,25,6.07
895.61192,6371,6372,0,25,6.07
895.711917,6371,6372,0,25,6.08
895.811919,6371,6372,0,25,6.08
895.911918,6371,6372,0,25,6.08
896.011919,6371,6372,0,25,6.08
896.111918,6371,6372,0,25,6.07
896.211919,6371,6372,0,25,6.07
896.311918,6371,6372,0,25,6.07
896.411918,6371,6372,0,25,6.08
896.511919,6371,6372,0,25,6.08
896.611938,6371,6372,0,25,6.08
896.711918,6371,6372,0,25,6.08
896.811918,6371,6372,0,25,6.08
896.911926,6371,6372,0,25,6.08
897.011919,6371,6372,0,25,6.08
897.111918,6371,6372,0,25,6.08
897.211932,6371,6372,0,25,6.08
897.311927,6371,6372,0,25,6.08
897.411931,6371,6372,0,25,6.08
897.511919,6371,6372,0,25,6.08
897.61195,6371,6372,0,25,6.08
897.711918,6371,6372,0,25,6.07
897.811926,6371,6372,0,25,6.07
897.911918,6371,6372,0,25,6.07
898.011917,6371,6372,0,25,6.07
898.111917,6371,6372,0,25,6.07
898.211919,6371,6372,0,25,6.07
898.311917,6371,6372,0,25,6.07
898.411918,6371,6372,0,25,6.07
898.511924,6371,6372,0,25,6.07
898.611922,6371,6372,0,25,6.07
898.711918,6371,6372,0,25,6.07
898.81192,6371,6372,0,25,6.07
898.91192,6371,6372,0,25,6.08
899.011918,6371,6372,0,25,6.08
899.111917,6371,6372,0,25,6.06
899.211919,6371,6372,0,25,6.06
899.311917,6371,6372,0,25,6.06
899.411918,6371,6372,0,25,6.08
899.511921,6371,6372,0,25,6.08
899.611918,6371,6372,0,25,6.08
899.711917,6371,6372,0,25,6.08
899.811918,6371,6372,0,25,6.08
899.911918,6371,6372,0,25,6.07
900.011918,6371,6372,0,25,6.07
900.111917,6371,6372,0,25,6.07
900.211917,6371,6372,0,25,6.07
900.311917,6371,6372,0,25,6.07
900.411917,6371,6372,0,25,6.08
900.511927,6371,6372,0,25,6.08
900.611918,6371,6372,0,25,6.08
900.711916,6371,6372,0,25,6.08
900.811925,6371,6372,0,25,6.08
900.911917,6371,6372,0,25,6.06
901.011918,6371,6372,0,25,6.06
901.111917,6371,6372,0,25,6.08
901.211922,6371,6372,0,25,6.08
901.311916,6371,6372,0,25,6.08
901.411918,6371,6372,0,25,6.08
901.511925,6371,6372,0,25,6.08
901.611917,6371,6372,0,25,6.08
901.711926,6371,6372,0,25,6.07
901.811917,6371,6372,0,25,6.07
901.911917,6371,6372,0,25,6.08
902.011926,6371,6372,0,25,6.08
902.111917,6371,6372,0,25,6.08
902.211918,6371,6372,0,25,6.08
902.311918,6371,6372,0,25,6.08
902.411918,6371,6372,0,25,6.08
902.511917,6371,6372,0,25,6.08
902.611919,6371,6372,0,25,6.08
902.711932,6371,6372,0,25,6.08
902.811921,6371,6372,0,25,6.08
902.911918,6371,6372,0,25,6.08
903.011934,6371,6372,0,25,6.08
903.111917,6371,6372,0,25,6.08
903.211951,6371,6372,0,25,6.08
903.311917,6371,6372,0,25,6.08
903.411932,6371,6372,0,25,6.07
903.511918,6371,6372,0,25,6.07
903.611934,6371,6372,0,25,6.07
903.711938,6371,6372,0,25,6.08
903.81192,6371,6372,0,25,6.08
903.911917,6371,6372,0,25,6.08
904.011918,6371,6372,0,25,6.08
904.111917,6371,6372,0,25,6.08
904.211917,6371,6372,0,25,6.08
904.311918,6371,6372,0,25,6.08
904.411917,6371,6372,0,25,6.08
904.511916,6371,6372,0,25,6.08
904.611918,6371,6372,0,25,6.08
904.711922,6371,6372,0,25,6.08
904.811918,6371,6372,0,25,6.08
904.911933,6371,6372,0,25,6.07
905.011917,6371,6372,0,25,6.07
905.111931,6371,6372,0,25,6.07
905.211918,6371,6372,0,25,6.07
905.311946,6371,6372,0,25,6.07
905.411918,6371,6372,0,25,6.08
905.511934,6371,6372,0,25,6.08
905.611928,6371,6372,0,25,6.08
905.711928,6371,6372,0,25,6.07
905.811917,6371,6372,0,25,6.07
905.911917,6371,6372,0,25,6.08
906.011919,6371,6372,0,25,6.08
906.111919,6371,6372,0,25,6.08
906.211919,6371,6372,0,25,6.08
906.311918,6371,6372,0,25,6.08
906.411919,6371,6372,0,25,6.08
906.511919,6371,6372,0,25,6.08
906.61192,6371,6372,0,25,6.08
906.71193,6371,6372,0,25,6.08
906.81192,6371,6372,0,25,6.08
906.911917,6371,6372,0,25,6.08
907.011919,6371,6372,0,25,6.08
907.111918,6371,6372,0,25,6.08
907.211918,6371,6372,0,25,6.08
907.311918,6371,6372,0,25,6.08
907.411918,6371,6372,0,25,6.07
907.511919,6371,6372,0,25,6.07
907.611919,6371,6372,0,25,6.07
907.711919,6371,6372,0,25,6.08
907.811919,6371,6372,0,25,6.08
907.911918,6371,6372,0,25,6.07
908.011919,6371,6372,0,25,6.07
908.111918,6371,6372,0,25,6.07
908.211918,6371,6372,0,25,6.07
908.311919,6371,6372,0,25,6.07
908.411918,6371,6372,0,25,6.08
908.511918,6371,6372,0,25,6.08
908.611918,6371,6372,0,25,6.08
908.711918,6371,6372,0,25,6.08
908.811919,6371,6372,0,25,6.08
908.911918,6371,6372,0,25,6.07
909.011926,6371,6372,0,25,6.07
909.111919,6371,6372,0,25,6.08
909.211918,6371,6372,0,25,6.08
909.311928,6371,6372,0,25,6.08
909.41192,6371,6372,0,25,6.06
909.511919,6371,6372,0,25,6.06
909.61192,6371,6372,0,25,6.06
909.711921,6371,6372,0,25,6.08
909.811918,6371,6372,0,25,6.08
909.911918,6371,6372,0,25,6.08
910.011918,6371,6372,0,25,6.08
910.111935,6371,6372,0,25,6.07
910.21192,6371,6372,0,25,6.07
910.31195,6371,6372,0,25,6.07
910.411917,6371,6372,0,25,6.07
910.511936,6371,6372,0,25,6.07
910.61192,6371,6372,0,25,6.07
910.711919,6371,6372,0,25,6.08
910.811921,6371,6372,0,25,6.08
910.911944,6371,6372,0,25,6.08
911.011925,6371,6372,0,25,6.08
911.11192,6371,6372,0,25,6.07
911.211927,6371,6372,0,25,6.07
911.31192,6371,6372,0,25,6.07
911.411922,6371,6372,0,25,6.08
911.511925,6371,6372,0,25,6.08
911.61192,6371,6372,0,25,6.08
911.711918,6371,6372,0,25,6.08
911.811919,6371,6372,0,25,6.08
911.911919,6371,6372,0,25,6.08
912.011922,6371,6372,0,25,6.08
912.111918,6371,6372,0,25,6.07
912.211922,6371,6372,0,25,6.07
912.311919,6371,6372,0,25,6.07
912.411919,6371,6372,0,25,6.08
912.511919,6371,6372,0,25,6.08
912.611919,6371,6372,0,25,6.08
912.711919,6371,6372,0,25,6.07
912.811919,6371,6372,0,25,6.07
912.911919,6371,6372,0,25,6.08
913.011918,6371,6372,0,25,6.08
913.111921,6371,6372,0,25,6.07
913.211918,6371,6372,0,25,6.07
913.311939,6371,6372,0,25,6.07
913.411919,6371,6372,0,25,6.07
913.511947,6371,6372,0,25,6.07
913.611918,6371,6372,0,25,6.07
913.711918,6371,6372,0,25,6.07
913.811918,6371,6372,0,25,6.07
913.911919,6371,6372,0,25,6.08
914.011919,6371,6372,0,25,6.08
914.11192,6371,6372,0,25,6.07
914.211921,6371,6372,0,25,6.07
914.311917,6371,6372,0,25,6.07
914.411918,6371,6372,0,25,6.08
914.511917,6371,6372,0,25,6.08
914.611918,6371,6372,0,25,6.08
914.711928,6371,6372,0,25,6.07
914.811919,6371,6372,0,25,6.07
914.911919,6371,6372,0,25,6.08
915.011919,6371,6372,0,25,6.08
915.111918,6371,6372,0,25,6.08
915.211918,6371,6372,0,25,6.08
915.311919,6371,6372,0,25,6.08
915.411918,6371,6372,0,25,6.07
915.511926,6371,6372,0,25,6.07
915.611917,6371,6372,0,25,6.07
915.711923,6371,6372,0,25,6.07
915.811918,6371,6372,0,25,6.07
915.911918,6371,6372,0,25,6.07
916.011919,6371,6372,0,25,6.07
916.111918,6371,6372,0,25,6.07
916.211918,6371,6372,0,25,6.07
916.311917,6371,6372,0,25,6.07
916.411919,6371,6372,0,25,6.08
916.511918,6371,6372,0,25,6.08
916.611921,6371,6372,0,25,6.08
916.711917,6371,6372,0,25,6.07
916.811919,6371,6372,0,25,6.07
916.911918,6371,6372,0,25,6.08
917.011918,6371,6372,0,25,6.08
917.111917,6371,6372,0,25,6.07
917.211919,6371,6372,0,25,6.07
917.311926,6371,6372,0,25,6.07
917.41192,6371,6372,0,25,6.08
917.511918,6371,6372,0,25,6.08
917.611926,6371,6372,0,25,6.08
917.711917,6371,6372,0,25,6.07
917.811919,6371,6372,0,25,6.07
917.911917,6371,6372,0,25,6.08
918.011919,6371,6372,0,25,6.08
918.111917,6371,6372,0,25,6.08
918.211918,6371,6372,0,25,6.08
918.311918,6371,6372,0,25,6.08
918.41193,6371,6372,0,25,6.06
918.511918,6371,6372,0,25,6.06
918.611936,6371,6372,0,25,6.06
918.711919,6371,6372,0,25,6.08
918.811943,6371,6372,0,25,6.08
918.911919,6371,6372,0,25,6.08
919.011975,6371,6372,0,25,6.08
919.111918,6371,6372,0,25,6.07
919.211934,6371,6372,0,25,6.07
919.311918,6371,6372,0,25,6.07
919.411927,6371,6372,0,25,6.08
919.511919,6371,6372,0,25,6.08
919.611919,6371,6372,0,25,6.08
919.711918,6371,6372,0,25,6.08
919.811918,6371,6372,0,25,6.08
919.911917,6371,6372,0,25,6.08
920.011919,6371,6372,0,25,6.08
920.111917,6371,6372,0,25,6.07
920.211919,6371,6372,0,25,6.07
920.311919,6371,6372,0,25,6.07
920.411929,6371,6372,0,25,6.08
920.511928,6371,6372,0,25,6.08
920.611919,6371,6372,0,25,6.08
920.711917,6371,6372,0,25,6.07
920.811927,6371,6372,0,25,6.07
920.911919,6371,6372,0,25,6.07
921.011919,6371,6372,0,25,6.07
921.111918,6371,6372,0,25,6.07
921.211918,6371,6372,0,25,6.07
921.311917,6371,6372,0,25,6.07
921.411918,6371,6372,0,25,6.08
921.511917,6371,6372,0,25,6.08
921.611921,6371,6372,0,25,6.08
921.711919,6371,6372,0,25,6.07
921.811919,6371,6372,0,25,6.07
921.911918,6371,6372,0,25,6.08
922.01192,6371,6372,0,25,6.08
922.111917,6371,6372,0,25,6.07
922.211918,6371,6372,0,25,6.07
922.31192,6371,6372,0,25,6.07
922.411919,6371,6372,0,25,6.07
922.511917,6371,6372,0,25,6.07
922.611927,6371,6372,0,25,6.07
922.711918,6371,6372,0,25,6.07
922.811919,6371,6372,0,25,6.07
922.911918,6371,6372,0,25,6.08
923.01192,6371,6372,0,25,6.08
923.111917,6371,6372,0,25,6.06
923.211937,6371,6372,0,25,6.06
923.31192,6371,6372,0,25,6.06
923.411938,6371,6372,0,25,6.08
923.511917,6371,6372,0,25,6.08
923.611952,6371,6372,0,25,6.08
923.711918,6371,6372,0,25,6.08
923.811946,6371,6372,0,25,6.08
923.911926,6371,6372,0,25,6.08
924.01192,6371,6372,0,25,6.08
924.111919,6371,6372,0,25,6.08
924.211919,6371,6372,0,25,6.08
924.311917,6371,6372,0,25,6.08
924.411919,6371,6372,0,25,6.07
924.511924,6371,6372,0,25,6.07
924.611919,6371,6372,0,25,6.07
924.711918,6371,6372,0,25,6.07
924.81192,6371,6372,0,25,6.07
924.911926,6371,6372,0,25,6.08
925.011918,6371,6372,0,25,6.08
925.111918,6371,6372,0,25,6.08
925.211919,6371,6372,0,25,6.08
925.311926,6371,6372,0,25,6.08
925.411919,6371,6372,0,25,6.08
925.511918,6371,6372,0,25,6.08
925.61192,6371,6372,0,25,6.08
925.711918,6371,6372,0,25,6.08
925.81192,6371,6372,0,25,6.08
925.911918,6371,6372,0,25,6.08
926.01192,6371,6372,0,25,6.08
926.111918,6371,6372,0,25,6.08
926.211929,6371,6372,0,25,6.08
926.311918,6371,6372,0,25,6.08
926.411931,6371,6372,0,25,6.08
926.511918,6371,6372,0,25,6.08
926.611919,6371,6372,0,25,6.08
926.711919,6371,6372,0,25,6.08
926.811918,6371,6372,0,25,6.08
926.911918,6371,6372,0,25,6.07
927.011921,6371,6372,0,25,6.07
927.111919,6371,6372,0,25,6.08
927.211919,6371,6372,0,25,6.08
927.311918,6371,6372,0,25,6.08
927.411919,6371,6372,0,25,6.07
927.511917,6371,6372,0,25,6.07
927.611919,6371,6372,0,25,6.07
927.711926,6371,6372,0,25,6.08
927.811919,6371,6372,0,25,6.08
927.911918,6371,6372,0,25,6.07
928.011939,6371,6372,0,25,6.07
928.111917,6371,6372,0,25,6.08
928.211919,6371,6372,0,25,6.08
928.311918,6371,6372,0,25,6.08
928.411926,6371,6372,0,25,6.08
928.511917,6371,6372,0,25,6.08
928.611917,6371,6372,0,25,6.08
928.711918,6371,6372,0,25,6.07
928.811918,6371,6372,0,25,6.07
928.911918,6371,6372,0,25,6.07
929.011918,6371,6372,0,25,6.07
929.111917,6371,6372,0,25,6.08
929.211919,6371,6372,0,25,6.08
929.311918,6371,6372,0,25,6.08
929.411918,6371,6372,0,25,6.08
929.511917,6371,6372,0,25,6.08
929.611917,6371,6372,0,25,6.08
929.711937,6371,6372,0,25,6.08
929.811921,6371,6372,0,25,6.08
929.911918,6371,6372,0,25,6.08
930.011919,6371,6372,0,25,6.08
930.111918,6371,6372,0,25,6.07
930.211918,6371,6372,0,25,6.07
930.311918,6371,6372,0,25,6.07
930.411919,6371,6372,0,25,6.08
930.511919,6371,6372,0,25,6.08
930.611919,6371,6372,0,25,6.08
930.711926,6371,6372,0,25,6.08
930.811925,6371,6372,0,25,6.08
930.911917,6371,6372,0,25,6.08
931.011919,6371,6372,0,25,6.08
931.111918,6371,6372,0,25,6.08
931.21192,6371,6372,0,25,6.08
931.311919,6371,6372,0,25,6.08
931.411918,6371,6372,0,25,6.08
931.511918,6371,6372,0,25,6.08
931.611918,6371,6372,0,25,6.08
931.711917,6371,6372,0,25,6.07
931.811918,6371,6372,0,25,6.07
931.911927,6371,6372,0,25,6.08
932.011917,6371,6372,0,25,6.08
932.111918,6371,6372,0,25,6.08
932.21192,6371,6372,0,25,6.08
932.311919,6371,6372,0,25,6.08
932.411918,6371,6372,0,25,6.08
932.511918,6371,6372,0,25,6.08
932.61196,6371,6372,0,25,6.08
932.711956,6371,6372,0,25,6.08
932.811919,6371,6372,0,25,6.08
932.91193,6371,6372,0,25,6.08
933.011919,6371,6372,0,25,6.08
933.111932,6371,6372,0,25,6.07
933.211919,6371,6372,0,25,6.07
933.311952,6371,6372,0,25,6.07
933.411919,6371,6372,0,25,6.08
933.511927,6371,6372,0,25,6.08
933.611922,6371,6372,0,25,6.08
933.711923,6371,6372,0,25,6.08
933.811919,6371,6372,0,25,6.08
933.911919,6371,6372,0,25,6.08
934.011919,6371,6372,0,24,6.08
934.111925,6371,6372,0,24,6.08
934.211919,6371,6372,0,24,6.08
934.311918,6371,6372,0,24,6.08
934.411918,6371,6372,0,24,6.08
934.51192,6371,6372,0,24,6.08
934.611919,6371,6372,0,24,6.08
934.71192,6371,6372,0,24,6.07
934.811919,6371,6372,0,24,6.07
934.91192,6371,6372,0,24,6.08
935.011918,6371,6372,0,24,6.08
935.111925,6371,6372,0,24,6.08
935.21192,6371,6372,0,24,6.08
935.311919,6371,6372,0,24,6.08
935.411918,6371,6372,0,24,6.08
935.511918,6371,6372,0,24,6.08
935.611918,6371,6372,0,24,6.08
935.711918,6371,6372,0,24,6.08
935.811919,6371,6372,0,24,6.08
935.911919,6371,6372,0,24,6.08
936.01192,6371,6372,0,24,6.08
936.11193,6371,6372,0,24,6.08
936.211919,6371,6372,0,24,6.08
936.311953,6371,6372,0,24,6.08
936.411918,6371,6372,0,24,6.08
936.511939,6371,6372,0,24,6.08
936.61192,6371,6372,0,24,6.08
936.711934,6371,6372,0,24,6.08
936.811921,6371,6372,0,24,6.08
936.911916,6371,6372,0,24,6.07
937.011917,6371,6372,0,24,6.07
937.111926,6371,6372,0,24,6.08
937.211918,6371,6372,0,24,6.08
937.311918,6371,6372,0,24,6.08
937.411928,6371,6372,0,24,6.08
937.511918,6371,6372,0,24,6.08
937.611919,6371,6372,0,24,6.08
937.711927,6371,6372,0,24,6.08
937.811919,6371,6372,0,24,6.08
937.911919,6371,6372,0,24,6.07
938.011918,6371,6372,0,24,6.07
938.111926,6371,6372,0,24,6.08
938.211917,6371,6372,0,24,6.08
938.311918,6371,6372,0,24,6.08
938.411918,6371,6372,0,24,6.08
938.511917,6371,6372,0,24,6.08
938.611918,6371,6372,0,24,6.08
938.711919,6371,6372,0,24,6.08
938.811919,6371,6372,0,24,6.08
938.911918,6371,6372,0,24,6.08
939.011918,6371,6372,0,24,6.08
939.111919,6371,6372,0,24,6.08
939.211919,6371,6372,0,24,6.08
939.311918,6371,6372,0,24,6.08
939.41192,6371,6372,0,24,6.08
939.511918,6371,6372,0,24,6.08
939.611918,6371,6372,0,24,6.08
939.711918,6371,6372,0,24,6.08
939.811919,6371,6372,0,24,6.08
939.911926,6371,6372,0,24,6.07
940.011919,6371,6372,0,24,6.07
940.111917,6371,6372,0,24,6.08
940.211919,6371,6372,0,24,6.08
940.311918,6371,6372,0,24,6.08
940.41192,6371,6372,0,24,6.08
940.511917,6371,6372,0,24,6.08
940.61192,6371,6372,0,24,6.08
940.711918,6371,6372,0,24,6.07
940.81192,6371,6372,0,24,6.07
940.911919,6371,6372,0,24,6.08
941.011919,6371,6372,0,24,6.08
941.111918,6371,6372,0,24,6.07
941.211918,6371,6372,0,24,6.07
941.311918,6371,6372,0,24,6.07
941.41192,6371,6372,0,24,6.08
941.511918,6371,6372,0,24,6.08
941.611918,6371,6372,0,24,6.08
941.711924,6371,6372,0,24,6.08
941.811923,6371,6372,0,24,6.08
941.911918,6371,6372,0,24,6.08
942.011922,6371,6372,0,24,6.08
942.111917,6371,6372,0,24,6.08
942.211919,6371,6372,0,24,6.08
942.311919,6371,6372,0,24,6.08
942.411947,6371,6372,0,24,6.08
942.511919,6371,6372,0,24,6.08
942.611947,6371,6372,0,24,6.08
942.711918,6371,6372,0,24,6.07
942.811919,6371,6372,0,24,6.07
942.911918,6371,6372,0,24,6.08
943.01192,6371,6372,0,24,6.08
943.111919,6371,6372,0,24,6.08
943.211919,6371,6372,0,24,6.08
943.311918,6371,6372,0,24,6.08
943.41192,6371,6372,0,24,6.07
943.511917,6371,6372,0,24,6.07
943.61192,6371,6372,0,24,6.07
943.711925,6371,6372,0,24,6.07
943.811919,6371,6372,0,24,6.07
943.91192,6371,6372,0,24,6.08
944.011919,6371,6372,0,24,6.08
944.111918,6371,6372,0,24,6.08
944.211919,6371,6372,0,24,6.08
944.311918,6371,6372,0,24,6.08
944.411919,6371,6372,0,24,6.08
944.511918,6371,6372,0,24,6.08
944.611918,6371,6372,0,24,6.08
944.711919,6371,6372,0,24,6.08
944.81192,6371,6372,0,24,6.08
944.911918,6371,6372,0,24,6.07
945.01192,6371,6372,0,24,6.07
945.111919,6371,6372,0,24,6.06
945.211919,6371,6372,0,24,6.06
945.311918,6371,6372,0,24,6.06
945.411919,6371,6372,0,24,6.08
945.511917,6371,6372,0,24,6.08
945.61193,6371,6372,0,24,6.08
945.711917,6371,6372,0,24,6.07
945.811919,6371,6372,0,24,6.07
945.911936,6371,6372,0,24,6.08
946.011918,6371,6372,0,24,6.08
946.111917,6371,6372,0,24,6.08
946.211918,6371,6372,0,24,6.08
946.311918,6371,6372,0,24,6.08
946.411918,6371,6372,0,24,6.08
946.511917,6371,6372,0,24,6.08
946.611924,6371,6372,0,24,6.08
946.711917,6371,6372,0,24,6.04
946.811921,6371,6372,0,24,6.04
946.911918,6371,6372,0,24,6.08
947.011946,6371,6372,0,24,6.08
947.111917,6371,6372,0,24,6.08
947.211945,6371,6372,0,24,6.08
947.311918,6371,6372,0,24,6.08
947.411935,6371,6372,0,24,6.07
947.511918,6371,6372,0,24,6.07
947.611918,6371,6372,0,24,6.07
947.711919,6371,6372,0,24,6.07
947.811918,6371,6372,0,24,6.07
947.911917,6371,6372,0,24,6.08
948.011917,6371,6372,0,24,6.08
948.111938,6371,6372,0,24,6.08
948.211918,6371,6372,0,24,6.08
948.311917,6371,6372,0,24,6.08
948.411919,6371,6372,0,24,6.07
948.511918,6371,6372,0,24,6.07
948.611919,6371,6372,0,24,6.07
948.711918,6371,6372,0,24,6.07
948.811919,6371,6372,0,24,6.07
948.911918,6371,6372,0,24,6.08
949.011919,6371,6372,0,24,6.08
949.111916,6371,6372,0,24,6.08
949.211947,6371,6372,0,24,6.08
949.311918,6371,6372,0,24,6.08
949.411959,6371,6372,0,24,6.08
949.511918,6371,6372,0,24,6.08
949.611947,6371,6372,0,24,6.08
949.711918,6371,6372,0,24,6.07
949.811934,6371,6372,0,24,6.07
949.911919,6371,6372,0,24,6.08
950.011919,6371,6372,0,24,6.08
950.111917,6371,6372,0,24,6.07
950.211921,6371,6372,0,24,6.07
950.311917,6371,6372,0,24,6.07
950.411918,6371,6372,0,24,6.07
950.511918,6371,6372,0,24,6.07
950.611918,6371,6372,0,24,6.07
950.711918,6371,6372,0,24,6.07
950.811918,6371,6372,0,24,6.07
950.911919,6371,6372,0,24,6.08
951.011919,6371,6372,0,24,6.08
951.111917,6371,6372,0,24,6.07
951.211917,6371,6372,0,24,6.07
951.311918,6371,6372,0,24,6.07
951.411919,6371,6372,0,24,6.08
951.511919,6371,6372,0,24,6.08
951.611919,6371,6372,0,24,6.08
951.711922,6371,6372,0,24,6.07
951.811918,6371,6372,0,24,6.07
951.911919,6371,6372,0,24,6.08
952.011918,6371,6372,0,24,6.08
952.111933,6371,6372,0,24,6.08
952.211918,6371,6372,0,24,6.08
952.311946,6371,6372,0,24,6.08
952.411919,6371,6372,0,24,6.05
952.511919,6371,6372,0,24,6.05
952.611918,6371,6372,0,24,6.05
952.711917,6371,6372,0,24,6.08
952.811919,6371,6372,0,24,6.08
952.911918,6371,6372,0,24,6.08
953.011919,6371,6372,0,24,6.08
953.111919,6371,6372,0,24,6.08
953.211919,6371,6372,0,24,6.08
953.311918,6371,6372,0,24,6.08
953.41192,6371,6372,0,24,6.08
953.511919,6371,6372,0,24,6.08
953.611918,6371,6372,0,24,6.08
953.711918,6371,6372,0,24,6.07
953.811918,6371,6372,0,24,6.07
953.911918,6371,6372,0,24,6.07
954.011921,6371,6372,0,24,6.07
954.111918,6371,6372,0,24,6.08
954.211918,6371,6372,0,24,6.08
954.311919,6371,6372,0,24,6.08
954.411919,6371,6372,0,24,6.08
954.511919,6371,6372,0,24,6.08
954.611919,6371,6372,0,24,6.08
954.711925,6371,6372,0,24,6.08
954.811919,6371,6372,0,24,6.08
954.911916,6371,6372,0,24,6.07
955.011918,6371,6372,0,24,6.07
955.111916,6371,6372,0,24,6.08
955.211917,6371,6372,0,24,6.08
955.311918,6371,6372,0,24,6.08
955.411928,6371,6372,0,24,6.08
955.511918,6371,6372,0,24,6.08
955.61192,6371,6372,0,24,6.08
955.711927,6371,6372,0,24,6.08
955.811919,6371,6372,0,24,6.08
955.911919,6371,6372,0,24,6.08
956.011919,6371,6372,0,24,6.08
956.111919,6371,6372,0,24,6.08
956.211919,6371,6372,0,24,6.08
956.311917,6371,6372,0,24,6.08
956.411919,6371,6372,0,24,6.08
956.511917,6371,6372,0,24,6.08
956.611919,6371,6372,0,24,6.08
956.711923,6371,6372,0,24,6.08
956.811927,6371,6372,0,24,6.08
956.91192,6371,6372,0,24,6.08
957.011918,6371,6372,0,24,6.08
957.111918,6371,6372,0,24,6.07
957.211917,6371,6372,0,24,6.07
957.311918,6371,6372,0,24,6.07
957.411918,6371,6372,0,24,6.08
957.51192,6371,6372,0,24,6.08
957.611921,6371,6372,0,24,6.08
957.711917,6371,6372,0,24,6.08
957.811919,6371,6372,0,24,6.08
957.911917,6371,6372,0,24,6.08
958.011917,6371,6372,0,24,6.08
958.111918,6371,6372,0,24,6.07
958.211917,6371,6372,0,24,6.07
958.311919,6371,6372,0,24,6.07
958.411919,6371,6372,0,24,6.07
958.511917,6371,6372,0,24,6.07
958.611919,6371,6372,0,24,6.07
958.711918,6371,6372,0,24,6.08
958.811917,6371,6372,0,24,6.08
958.911918,6371,6372,0,24,6.07
959.011921,6371,6372,0,24,6.07
959.111917,6371,6372,0,24,6.08
959.211918,6371,6372,0,24,6.08
959.311918,6371,6372,0,24,6.08
959.411919,6371,6372,0,24,6.08
959.511918,6371,6372,0,24,6.08
959.611918,6371,6372,0,24,6.08
959.711919,6371,6372,0,24,6.07
959.811917,6371,6372,0,24,6.07
959.911918,6371,6372,0,24,6.08
960.011919,6371,6372,0,24,6.08
960.111918,6371,6372,0,24,6.08
960.211918,6371,6372,0,24,6.08
960.311918,6371,6372,0,24,6.08
960.411918,6371,6372,0,24,6.07
960.511919,6371,6372,0,24,6.07
960.611919,6371,6372,0,24,6.07
960.711919,6371,6372,0,24,6.07
960.811918,6371,6372,0,24,6.07
960.911921,6371,6372,0,24,6.07
961.011919,6371,6372,0,24,6.07
961.11193,6371,6372,0,24,6.08
961.211919,6371,6372,0,24,6.08
961.311952,6371,6372,0,24,6.08
961.411918,6371,6372,0,24,6.07
961.511934,6371,6372,0,24,6.07
961.611939,6371,6372,0,24,6.07
961.711918,6371,6372,0,24,6.07
961.811955,6371,6372,0,24,6.07
961.911919,6371,6372,0,24,6.08
962.011934,6371,6372,0,24,6.08
962.111918,6371,6372,0,24,6.08
962.211919,6371,6372,0,24,6.08
962.311934,6371,6372,0,24,6.08
962.411919,6371,6372,0,24,6.07
962.511948,6371,6372,0,24,6.07
962.611919,6371,6372,0,24,6.07
962.711918,6371,6372,0,24,6.08
962.811918,6371,6372,0,24,6.08
962.911919,6371,6372,0,24,6.08
963.011918,6371,6372,0,24,6.08
963.111917,6371,6372,0,24,6.07
963.211917,6371,6372,0,24,6.07
963.311918,6371,6372,0,24,6.07
963.411919,6371,6372,0,24,6.07
963.511917,6371,6372,0,24,6.07
963.611918,6371,6372,0,24,6.07
963.711926,6371,6372,0,24,6.08
963.811917,6371,6372,0,24,6.08
963.911918,6371,6372,0,24,6.08
964.011935,6371,6372,0,24,6.08
964.111918,6371,6372,0,24,6.08
964.211918,6371,6372,0,24,6.08
964.311917,6371,6372,0,24,6.08
964.411935,6371,6372,0,24,6.08
964.511916,6371,6372,0,24,6.08
964.611919,6371,6372,0,24,6.08
964.711917,6371,6372,0,24,6.08
964.811935,6371,6372,0,24,6.08
964.911917,6371,6372,0,24,6.07
965.011918,6371,6372,0,24,6.07
965.111918,6371,6372,0,24,6.07
965.211918,6371,6372,0,24,6.07
965.311918,6371,6372,0,24,6.07
965.411919,6371,6372,0,24,6.08
965.511917,6371,6372,0,24,6.08
965.611919,6371,6372,0,24,6.08
965.711918,6371,6372,0,24,6.08
965.811918,6371,6372,0,24,6.08
965.911917,6371,6372,0,24,6.08
966.011918,6371,6372,0,24,6.08
966.111917,6371,6372,0,24,6.08
966.21192,6371,6372,0,24,6.08
966.311918,6371,6372,0,24,6.08
966.411935,6371,6372,0,24,6.08
966.511918,6371,6372,0,24,6.08
966.611918,6371,6372,0,24,6.08
966.711918,6371,6372,0,24,6.08
966.811919,6371,6372,0,24,6.08
966.911927,6371,6372,0,24,6.08
967.01192,6371,6372,0,24,6.08
967.111917,6371,6372,0,24,6.08
967.211933,6371,6372,0,24,6.08
967.311917,6371,6372,0,24,6.08
967.411918,6371,6372,0,24,6.08
967.511919,6371,6372,0,24,6.08
967.611935,6371,6372,0,24,6.08
967.711918,6371,6372,0,24,6.07
967.811922,6371,6372,0,24,6.07
967.911918,6371,6372,0,24,6.08
968.011948,6371,6372,0,24,6.08
968.111918,6371,6372,0,24,6.08
968.211921,6371,6372,0,24,6.08
968.311917,6371,6372,0,24,6.08
968.411936,6371,6372,0,24,6.08
968.511918,6371,6372,0,24,6.08
968.611921,6371,6372,0,24,6.08
968.711926,6371,6372,0,24,6.08
968.811935,6371,6372,0,24,6.08
968.911919,6371,6372,0,24,6.07
969.011918,6371,6372,0,24,6.07
969.111926,6371,6372,0,24,6.08
969.211935,6371,6372,0,24,6.08
969.311918,6371,6372,0,24,6.08
969.411918,6371,6372,0,24,6.08
969.511918,6371,6372,0,24,6.08
969.611937,6371,6372,0,24,6.08
969.71192,6371,6372,0,24,6.08
969.811918,6371,6372,0,24,6.08
969.911925,6371,6372,0,24,6.07
970.011934,6371,6372,0,24,6.07
970.111918,6371,6372,0,24,6.08
970.211919,6371,6372,0,24,6.08
970.311918,6371,6372,0,24,6.08
970.411935,6371,6372,0,24,6.07
970.511918,6371,6372,0,24,6.07
970.611918,6371,6372,0,24,6.07
970.711918,6371,6372,0,24,6.07
970.811935,6371,6372,0,24,6.07
970.911917,6371,6372,0,24,6.08
971.011918,6371,6372,0,24,6.08
971.111925,6371,6372,0,24,6.08
971.211935,6371,6372,0,24,6.08
971.311917,6371,6372,0,24,6.08
971.411918,6371,6372,0,24,6.08
971.511919,6371,6372,0,24,6.08
971.611936,6371,6372,0,24,6.08
971.711918,6371,6372,0,24,6.07
971.811919,6371,6372,0,24,6.07
971.911921,6371,6372,0,24,6.08
972.011934,6371,6372,0,24,6.08
972.11194,6371,6372,0,24,6.08
972.211918,6371,6372,0,24,6.08
972.311935,6371,6372,0,24,6.08
972.411936,6371,6372,0,24,6.08
972.511917,6371,6372,0,24,6.08
972.61192,6371,6372,0,24,6.08
972.711919,6371,6372,0,24,6.07
972.811935,6371,6372,0,24,6.07
972.911925,6371,6372,0,24,6.08
973.011919,6371,6372,0,24,6.08
973.111919,6371,6372,0,24,6.08
973.211935,6371,6372,0,24,6.08
973.311919,6371,6372,0,24,6.08
973.41192,6371,6372,0,24,6.08
973.511919,6371,6372,0,24,6.08
973.611937,6371,6372,0,24,6.08
973.711919,6371,6372,0,24,6.08
973.811919,6371,6372,0,24,6.08
973.911926,6371,6372,0,24,6.08
974.011935,6371,6372,0,24,6.08
974.111918,6371,6372,0,24,6.06
974.21192,6371,6372,0,24,6.06
974.311925,6371,6372,0,24,6.06
974.411937,6371,6372,0,24,6.08
974.511917,6371,6372,0,24,6.08
974.611919,6371,6372,0,24,6.08
974.711928,6371,6372,0,24,6.07
974.811937,6371,6372,0,24,6.07
974.911918,6371,6372,0,24,6.08
975.011952,6371,6372,0,24,6.08
975.111918,6371,6372,0,24,6.08
975.211953,6371,6372,0,24,6.08
975.311918,6371,6372,0,24,6.08
975.41192,6371,6372,0,24,6.08
975.511918,6371,6372,0,24,6.08
975.611954,6371,6372,0,24,6.08
975.711929,6371,6372,0,24,6.08
975.811959,6371,6372,0,24,6.08
975.911919,6371,6372,0,24,6.08
976.011936,6371,6372,0,24,6.08
976.111919,6371,6372,0,24,6.07
976.211918,6371,6372,0,24,6.07
976.311927,6371,6372,0,24,6.07
976.411937,6371,6372,0,24,6.08
976.511918,6371,6372,0,24,6.08
976.611918,6371,6372,0,24,6.08
976.711919,6371,6372,0,24,6.07
976.811937,6371,6372,0,24,6.07
976.91193,6371,6372,0,24,6.08
977.011919,6371,6372,0,24,6.08
977.111918,6371,6372,0,24,6.07
977.211935,6371,6372,0,24,6.07
977.31192,6371,6372,0,24,6.07
977.411928,6371,6372,0,24,6.08
977.511918,6371,6372,0,24,6.08
977.611937,6371,6372,0,24,6.08
977.711918,6371,6372,0,24,6.08
977.811918,6743,6540,1455,24,6.08
977.911917,6743,6716,1455,24,6.04
978.011936,6743,6720,1455,24,6.04
978.111927,6743,6720,1455,24,6.04
978.211918,6743,6716,247,24,6.04
978.311926,6743,6720,247,24,6.04
978.411937,6743,6720,247,24,6.05
978.511917,6743,6720,221,24,6.05
978.611919,6743,6724,221,24,6.05
978.711919,6743,6724,221,24,6.05
978.811937,6743,6720,221,24,6.05
978.911919,6743,6720,221,24,6.06
979.011919,6743,6720,221,24,6.06
979.111919,6743,6720,221,24,6.04
979.211942,6743,6720,221,24,6.04
979.311917,6743,6716,221,24,6.04
979.411918,6743,6716,221,24,6.05
979.511918,6743,6716,247,24,6.05
979.611935,6743,6716,247,24,6.05
979.71192,6743,6716,247,24,6.03
979.81192,6743,6720,221,24,6.03
979.911931,6743,6716,221,24,6.02
980.011937,6743,6712,221,24,6.02
980.111917,6743,6712,221,24,6.06
980.211919,6743,6720,221,24,6.06
980.31192,6743,6720,221,24,6.06
980.411936,6743,6712,221,24,6.04
980.511919,6743,6712,284,24,6.04
980.611921,6743,6720,284,24,6.04
980.711918,6743,6716,284,24,6.06
980.811937,6743,6716,411,24,6.06
980.911919,6743,6720,411,24,6.05
981.011918,6743,6716,411,24,6.05
981.111918,6743,6716,411,24,6.05
981.211936,6743,6716,247,24,6.05
981.311917,6743,6720,247,24,6.05
981.411919,6743,6716,247,24,6.04
981.511926,6743,6716,247,24,6.04
981.611935,6743,6716,247,24,6.04
981.711919,6743,6720,247,24,6.05
981.811917,6743,6716,247,24,6.05
981.911919,6743,6720,247,24,6.05
982.011936,6743,6720,247,24,6.05
982.111919,6743,6724,247,24,6.02
982.211919,6743,6716,247,24,6.02
982.311919,6743,6724,247,24,6.02
982.411937,6743,6724,247,24,6.04
982.511919,6743,6720,221,24,6.04
982.611918,6743,6724,221,24,6.04
982.711917,6743,6720,221,24,6.06
982.811938,6743,6720,221,24,6.06
982.911917,6743,6720,221,24,6.05
983.01192,6743,6724,221,24,6.05
983.111917,6743,6720,221,24,6.06
983.211977,6743,6716,247,24,6.06
983.311917,6743,6720,247,24,6.06
983.411974,6743,6720,247,24,6.03
983.511918,6743,6724,58,24,6.03
983.611946,6743,6724,58,24,6.03
983.711916,6743,6724,58,24,6.04
983.811935,6743,6724,221,24,6.04
983.911917,6743,6720,221,24,6.05
984.011936,6743,6720,221,24,6.05
984.111917,6743,6720,221,24,6.06
984.211918,6743,6716,441,24,6.06
984.311918,6743,6712,441,24,6.06
984.411936,6743,6720,441,24,6.03
984.511927,6743,6724,83,24,6.03
984.611919,6743,6720,83,24,6.03
984.711918,6743,6724,83,24,6.04
984.811936,6743,6720,221,24,6.04
984.911917,6743,6724,221,24,6.04
985.011919,6743,6720,221,24,6.04
985.111918,6743,6712,221,24,6.05
985.211935,6743,6716,247,24,6.05
985.311918,6743,6716,247,24,6.05
985.411927,6743,6720,247,24,6.06
985.511918,6743,6724,58,24,6.06
985.611935,6743,6724,58,24,6.06
985.711916,6743,6720,58,24,6.05
985.811918,6743,6716,385,24,6.05
985.911917,6743,6716,385,24,6.07
986.011936,6743,6716,385,24,6.07
986.111926,6743,6712,385,24,6.06
986.211919,6743,6712,556,24,6.06
986.311918,6743,6712,556,24,6.06
986.411944,6743,6716,556,24,6.05
986.511919,6743,6716,247,24,6.05
986.61192,6743,6712,247,24,6.05
986.711919,6743,6716,247,24,6.07
986.811935,6743,6720,482,24,6.07
986.911919,6743,6720,482,24,6.06
987.011918,6743,6720,482,24,6.06
987.111918,6743,6716,482,24,6.07
987.211944,6743,6720,445,24,6.07
987.311917,6743,6716,445,24,6.07
987.411916,6743,6716,445,24,6.07
987.511919,6743,6716,247,24,6.07
987.611943,6743,6720,247,24,6.07
987.711932,6743,6716,247,24,6.04
987.811918,6743,6712,411,24,6.04
987.911935,6743,6720,411,24,6.06
988.011936,6743,6720,411,24,6.06
988.111974,6743,6716,411,24,6.06
988.211918,6743,6712,284,24,6.06
988.311935,6743,6716,284,24,6.06
988.411936,6743,6716,284,24,6.05
988.51195,6743,6716,247,24,6.05
988.611918,6743,6720,247,24,6.05
988.711955,6743,6720,247,24,6.05
988.811938,6743,6724,17,24,6.05
988.911936,6743,6724,17,24,6.04
989.011919,6743,6724,17,24,6.04
989.111918,6743,6724,17,24,6.04
989.211937,6743,6724,221,24,6.04
989.311919,6743,6720,221,24,6.04
989.41192,6743,6720,221,24,6.05
989.51192,6743,6716,385,24,6.05
989.611936,6743,6716,385,24,6.05
989.711936,6743,6720,385,24,6.04
989.811919,6743,6720,42,24,6.04
989.911918,6743,6716,42,24,6.03
990.011936,6743,6720,42,24,6.03
990.111919,6743,6724,42,24,6.05
990.211927,6743,6720,221,24,6.05
990.311918,6743,6720,221,24,6.05
990.411937,6743,6720,221,24,6.06
990.511928,6743,6716,682,24,6.06
990.611921,6743,6716,682,24,6.06
990.711936,6743,6716,682,24,6.04
990.811938,6743,6720,221,24,6.04
990.91192,6743,6720,221,24,6.05
991.011919,6743,6720,221,24,6.05
991.11192,6743,6724,221,24,6.06
991.211939,6743,6720,58,24,6.06
991.311919,6743,6724,58,24,6.06
991.411919,6743,6724,58,24,6.05
991.511921,6743,6724,221,24,6.05
991.611938,6743,6724,221,24,6.05
991.71192,6743,6720,221,24,6.04
991.811919,6743,6720,221,24,6.04
991.911919,6743,6720,221,24,6.05
992.011935,6743,6724,221,24,6.05
992.111917,6743,6724,221,24,6.04
992.21192,6743,6720,385,24,6.04
992.311918,6743,6716,385,24,6.04
992.411938,6743,6716,385,24,6.03
992.51192,6743,6716,482,24,6.03
992.611919,6743,6712,482,24,6.03
992.711927,6743,6716,482,24,6.04
992.811937,6743,6716,247,24,6.04
992.911918,6743,6712,247,24,6.03
993.011918,6743,6720,247,24,6.03
993.111921,6743,6720,247,24,6.05
993.211936,6743,6720,247,24,6.05
993.311918,6743,6720,247,24,6.05
993.411917,6743,6724,247,24,6.06
993.511918,6743,6724,95,24,6.06
993.611935,6743,6720,95,24,6.06
993.711919,6743,6720,95,24,6.06
993.811928,6743,6720,247,24,6.06
993.911926,6743,6720,247,24,6.06
994.011937,6743,6720,247,24,6.06
994.111919,6743,6716,247,24,6.05
994.211918,6743,6716,426,24,6.05
994.311916,6743,6712,426,24,6.05
994.411937,6743,6716,426,24,6.02
994.511919,6743,6716,441,24,6.02
994.611918,6743,6716,441,24,6.02
994.711923,6743,6716,441,24,6.04
994.811944,6743,6720,221,24,6.04
994.911921,6743,6716,221,24,6.05
995.011919,6743,6716,221,24,6.05
995.111919,6743,6720,221,24,6.02
995.211937,6743,6716,385,24,6.02
995.311918,6743,6720,385,24,6.02
995.411917,6743,6716,385,24,6.04
995.511936,6743,6716,426,24,6.04
995.611935,6743,6716,426,24,6.04
995.711947,6743,6716,426,24,6.02
995.811918,6743,6716,441,24,6.02
995.911934,6743,6716,441,24,6.05
996.011937,6743,6716,441,24,6.05
996.111918,6743,6716,441,24,6.05
996.211918,6743,6716,518,24,6.05
996.311938,6743,6716,518,24,6.05
996.411934,6743,6716,518,24,6.05
996.511917,6743,6716,247,24,6.05
996.611918,6743,6716,247,24,6.05
996.711918,6743,6716,247,24,6.04
996.811945,6743,6716,518,24,6.04
996.911918,6743,6716,518,24,6.04
997.011919,6743,6716,518,24,6.04
997.111917,6743,6716,518,24,6.04
997.211935,6743,6716,426,24,6.04
997.311918,6743,6716,426,24,6.04
997.411919,6743,6716,426,24,6.03
997.511919,6743,6716,247,24,6.03
997.611935,6743,6716,247,24,6.03
997.711918,6743,6716,247,24,6.05
997.811929,6743,6716,385,24,6.05
997.911917,6743,6716,385,24,6.04
998.011935,6743,6716,385,24,6.04
998.111919,6743,6716,385,24,6.06
998.211919,6743,6716,247,24,6.06
998.311935,6743,6716,247,24,6.06
998.411936,6743,6716,247,24,6.06
998.511918,6743,6716,247,24,6.06
998.611919,6743,6716,247,24,6.06
998.711918,6743,6716,247,24,6.06
998.811953,6743,6716,247,24,6.06
998.911918,6743,6716,247,24,6.06
999.011919,6743,6716,247,24,6.06
999.111916,6743,6716,247,24,6.06
999.211935,6743,6716,247,24,6.06
999.311918,6743,6720,247,24,6.06
999.41192,6743,6720,247,24,6.06
999.511919,6743,6720,42,24,6.06
999.611936,6743,6720,42,24,6.06
999.711918,6743,6724,42,24,6.06
999.81193,6743,6724,58,24,6.06
999.911918,6743,6724,58,24,6.05
1000.011944,6743,6724,58,24,6.05
1000.111917,6743,6716,58,24,6.04
1000.211919,6743,6724,221,24,6.04
1000.311918,6743,6724,221,24,6.04
1000.411936,6743,6716,221,24,6.03
1000.511918,6743,6720,83,24,6.03
1000.611921,6743,6724,83,24,6.03
1000.711918,6743,6724,83,24,6.05
1000.811958,6743,6724,17,24,6.05
1000.911918,6743,6720,17,24,6.05
1001.011935,6743,6716,17,24,6.05
1001.111926,6743,6716,17,24,6.05
1001.211935,6743,6716,284,24,6.05
1001.311918,6743,6720,284,24,6.05
1001.411947,6743,6716,284,24,6.05
1001.511927,6743,6716,247,24,6.05
1001.611936,6743,6720,247,24,6.05
1001.711918,6743,6720,247,24,6.05
1001.81193,6743,6716,518,24,6.05
1001.911917,6743,6720,518,24,6.05
1002.011936,6743,6724,518,24,6.05
1002.111918,6743,6716,518,24,6.06
1002.21192,6743,6724,58,24,6.06
1002.311918,6743,6724,58,24,6.06
1002.411943,6743,6720,58,24,6.04
1002.511919,6743,6716,247,24,6.04
1002.611918,6743,6724,247,24,6.04
1002.711918,6743,6724,247,24,6.03
1002.81194,6743,6720,221,24,6.03
1002.911923,6743,6716,221,24,6.05
1003.011921,6743,6716,221,24,6.05
1003.111926,6743,6720,221,24,6.07
1003.211937,6743,6720,83,24,6.07
1003.311918,6743,6724,83,24,6.07
1003.41192,6743,6724,83,24,6.04
1003.51192,6743,6724,221,24,6.04
1003.611938,6743,6720,221,24,6.04
1003.71192,6743,6720,221,24,6.05
1003.811953,6743,6716,482,24,6.05
1003.911919,6743,6716,482,24,6.06
1004.011938,6743,6716,482,24,6.06
1004.111917,6743,6720,482,24,6.06
1004.211945,6743,6720,221,24,6.06
1004.311918,6743,6720,221,24,6.06
1004.411935,6743,6724,221,24,6.05
1004.511919,6743,6720,42,24,6.05
1004.611919,6743,6720,42,24,6.05
1004.711918,6743,6724,42,24,6.06
1004.811948,6743,6720,247,24,6.06
1004.911919,6743,6720,247,24,6.04
1005.01192,6743,6720,247,24,6.04
1005.111921,6743,6720,247,24,6.05
1005.211938,6743,6720,42,24,6.05
1005.31193,6743,6720,42,24,6.05
1005.411938,6743,6720,42,24,6.05
1005.511919,6743,6716,247,24,6.05
1005.611937,6743,6716,247,24,6.05
1005.711918,6743,6716,247,24,6.06
1005.81192,6743,6716,247,24,6.06
1005.911918,6743,6716,247,24,6.07
1006.011936,6743,6720,247,24,6.07
1006.111918,6743,6720,247,24,6.07
1006.211918,6743,6724,385,24,6.07
1006.311918,6743,6724,385,24,6.07
1006.411935,6743,6720,385,24,6.03
1006.511917,6743,6720,247,24,6.03
1006.611918,6743,6712,247,24,6.03
1006.711925,6743,6712,247,24,6.06
1006.811935,6743,6716,385,24,6.06
1006.911917,6743,6720,385,24,6.03
1007.011919,6743,6724,385,24,6.03
1007.111926,6743,6724,385,24,6.03
1007.211938,6743,6724,58,24,6.03
1007.311917,6743,6724,58,24,6.03
1007.411918,6743,6724,58,24,6.03
1007.511916,6743,6720,83,24,6.03
1007.611936,6743,6720,83,24,6.03
1007.711918,6743,6716,83,24,6.07
1007.811929,6743,6716,247,24,6.07
1007.911919,6743,6716,247,24,6.07
1008.011952,6743,6716,247,24,6.07
1008.111918,6743,6720,247,24,6.07
1008.211946,6743,6716,385,24,6.07
1008.311919,6743,6716,385,24,6.07
1008.411948,6743,6712,385,24,6.05
1008.511918,6743,6720,83,24,6.05
1008.611936,6743,6720,83,24,6.05
1008.711918,6743,6720,83,24,6.05
1008.811936,6743,6716,247,24,6.05
1008.911918,6743,6720,247,24,6.05
1009.011918,6743,6720,247,24,6.05
1009.111919,6743,6716,247,24,6.06
1009.211935,6743,6720,404,24,6.06
1009.311917,6743,6720,404,24,6.06
1009.411919,6743,6728,404,24,6.05
1009.511917,6743,6724,221,24,6.05
1009.611936,6743,6724,221,24,6.05
1009.711918,6743,6724,221,24,6.05
1009.811919,6743,6720,385,24,6.05
1009.911918,6743,6712,385,24,6.05
1010.011935,6743,6716,385,24,6.05
1010.111919,6743,6724,385,24,6.07
1010.211917,6743,6720,221,24,6.07
1010.311917,6743,6720,221,24,6.07
1010.411938,6743,6720,221,24,6.05
1010.511917,6743,6720,385,24,6.05
1010.61192,6743,6716,385,24,6.05
1010.711919,6743,6716,385,24,6.06
1010.811935,6743,6716,426,24,6.06
1010.911919,6743,6724,426,24,6.07
1011.011918,6743,6712,426,24,6.07
1011.111926,6743,6716,426,24,6.06
1011.211935,6743,6720,426,24,6.06
1011.311919,6743,6712,426,24,6.06
1011.41192,6743,6716,426,24,6.06
1011.511919,6743,6716,385,24,6.06
1011.611942,6743,6720,385,24,6.06
1011.711919,6743,6720,385,24,6.06
1011.81192,6743,6724,221,24,6.06
1011.911918,6743,6724,221,24,6.06
1012.011937,6743,6728,221,24,6.06
1012.111918,6743,6724,221,24,6.02
1012.211919,6743,6720,247,24,6.02
1012.311918,6743,6720,247,24,6.02
1012.411936,6743,6720,247,24,6.03
1012.511918,6743,6724,95,24,6.03
1012.611919,6743,6716,95,24,6.03
1012.711921,6743,6724,95,24,6.05
1012.811935,6743,6728,58,24,6.05
1012.911918,6743,6716,58,24,6.03
1013.011919,6743,6720,58,24,6.03
1013.111918,6743,6716,58,24,6.03
1013.211936,6743,6716,284,24,6.03
1013.311919,6743,6720,284,24,6.03
1013.411918,6743,6720,284,24,6.03
1013.511917,6743,6724,83,24,6.03
1013.611936,6743,6724,83,24,6.03
1013.711918,6743,6728,83,24,6.03
1013.811926,6743,6720,426,24,6.03
1013.911919,6743,6720,426,24,6.07
1014.011936,6743,6724,426,24,6.07
1014.111919,6743,6724,426,24,6.03
1014.211927,6743,6716,284,24,6.03
1014.311918,6743,6720,284,24,6.03
1014.411934,6743,6720,284,24,6.03
1014.511919,6743,6716,426,24,6.03
1014.61192,6743,6712,426,24,6.03
1014.711919,6743,6716,426,24,6.04
1014.811935,6743,6716,247,24,6.04
1014.911918,6743,6716,247,24,6.06
1015.01192,6743,6720,247,24,6.06
1015.111922,6743,6720,247,24,6.05
1015.211935,6743,6716,121,24,6.05
1015.311952,6743,6724,121,24,6.05
1015.41192,6743,6716,121,24,6.07
1015.511976,6743,6712,225,24,6.07
1015.611935,6743,6716,225,24,6.07
1015.711936,6743,6716,225,24,6.05
1015.811919,6743,6720,221,24,6.05
1015.911918,6743,6724,221,24,6.05
1016.011934,6743,6712,221,24,6.05
1016.111919,6743,6712,221,24,6.02
1016.211918,6743,6712,284,24,6.02
1016.311925,6743,6716,284,24,6.02
1016.411936,6743,6724,284,24,6.07
1016.511918,6743,6720,42,24,6.07
1016.611917,6743,6716,42,24,6.07
1016.71192,6743,6732,42,24,6.03
1016.811947,6743,6732,17,24,6.03
1016.911919,6743,6720,17,24,6.03
1017.011919,6743,6716,17,24,6.03
1017.111918,6743,6712,17,24,6.04
1017.211934,6743,6716,247,24,6.04
1017.311918,6743,6716,247,24,6.04
1017.41192,6743,6716,247,24,6.04
1017.511918,6743,6716,247,24,6.04
1017.611935,6743,6716,247,24,6.04
1017.711918,6743,6716,247,24,6.05
1017.811922,6743,6720,385,24,6.05
1017.911926,6743,6720,385,24,6.05
1018.011935,6743,6716,385,24,6.05
1018.111949,6743,6720,385,24,6.03
1018.21193,6743,6728,221,24,6.03
1018.311953,6743,6724,221,24,6.03
1018.411936,6743,6720,221,24,6.03
1018.511935,6743,6724,221,24,6.03
1018.611919,6743,6724,221,24,6.03
1018.711935,6743,6724,221,24,6.04
1018.811935,6743,6724,221,24,6.04
1018.911919,6743,6724,221,24,6.03
1019.011919,6743,6720,221,24,6.03
1019.111918,6743,6724,221,24,6.04
1019.211934,6743,6720,426,24,6.04
1019.311919,6743,6716,426,24,6.04
1019.411917,6743,6716,426,24,6.04
1019.511919,6743,6720,385,24,6.04
1019.611957,6743,6716,385,24,6.04
1019.711918,6743,6716,385,24,6.04
1019.811923,6743,6716,247,24,6.04
1019.911918,6743,6716,247,24,6.04
1020.011936,6743,6716,247,24,6.04
1020.111919,6743,6716,247,24,6.07
1020.211936,6743,6724,17,24,6.07
1020.311919,6743,6724,17,24,6.07
1020.411935,6743,6720,17,24,6.03
1020.511919,6743,6720,221,24,6.03
1020.61192,6743,6716,221,24,6.03
1020.711929,6743,6724,221,24,6.03
1020.811934,6743,6724,221,24,6.03
1020.911917,6743,6728,221,24,6.05
1021.011919,6743,6724,221,24,6.05
1021.111919,6743,6724,221,24,6.06
1021.211978,6743,6728,296,24,6.06
1021.311943,6743,6724,296,24,6.06
1021.411919,6743,6724,296,24,6.05
1021.511979,6743,6728,54,24,6.05
1021.611934,6743,6724,54,24,6.05
1021.711945,6743,6728,54,24,6.04
1021.811918,6743,6720,221,24,6.04
1021.911917,6743,6716,221,24,6.03
1022.011934,6743,6716,221,24,6.03
1022.111918,6743,6716,221,24,6.06
1022.21192,6743,6724,95,24,6.06
1022.311917,6743,6724,95,24,6.06
1022.411946,6743,6720,95,24,6.03
1022.511926,6743,6716,221,24,6.03
1022.611918,6743,6716,221,24,6.03
1022.711918,6743,6716,221,24,6.06
1022.811946,6743,6716,247,24,6.06
1022.911926,6743,6716,247,24,6.06
1023.011917,6743,6720,247,24,6.06
1023.111916,6743,6724,247,24,6.03
1023.211947,6743,6724,95,24,6.03
1023.311917,6743,6724,95,24,6.03
1023.411918,6743,6720,95,24,6.03
1023.511917,6743,6720,221,24,6.03
1023.611935,6743,6724,221,24,6.03
1023.711918,6743,6724,221,24,6.04
1023.811919,6743,6724,95,24,6.04
1023.911917,6743,6724,95,24,6.04
1024.011934,6743,6724,95,24,6.04
1024.111918,6743,6724,95,24,6.05
1024.211919,6743,6724,17,24,6.05
1024.311926,6743,6728,17,24,6.05
1024.411946,6743,6724,17,24,6.06
1024.511918,6743,6720,221,24,6.06
1024.611918,6743,6720,221,24,6.06
1024.711918,6743,6716,221,24,6.07
1024.811948,6743,6720,221,24,6.07
1024.911919,6743,6720,221,24,6.06
1025.011918,6743,6720,221,24,6.06
1025.111917,6743,6720,221,24,6.05
1025.211947,6743,6716,426,24,6.05
1025.311919,6743,6720,426,24,6.05
1025.411921,6743,6728,426,24,6.05
1025.511918,6743,6720,385,24,6.05
1025.611948,6743,6720,385,24,6.05
1025.711918,6743,6716,385,24,6.03
1025.81192,6743,6720,221,24,6.03
1025.911917,6743,6720,221,24,6.02
1026.011954,6743,6724,221,24,6.02
1026.111918,6743,6728,221,24,6.04
1026.211917,6743,6724,58,24,6.04
1026.311919,6743,6728,58,24,6.04
1026.411947,6743,6728,58,24,6.05
1026.511929,6743,6724,58,24,6.05
1026.61192,6743,6724,58,24,6.05
1026.711918,6743,6724,58,24,6.02
1026.811947,6743,6728,221,24,6.02
1026.911917,6743,6724,221,24,6.03
1027.011917,6743,6724,221,24,6.03
1027.111918,6743,6724,221,24,6.03
1027.211947,6743,6724,17,24,6.03
1027.311938,6743,6724,17,24,6.03
1027.41192,6743,6724,17,24,6.05
1027.511918,6743,6716,385,24,6.05
1027.611946,6743,6712,385,24,6.05
1027.711918,6743,6712,385,24,6.05
1027.811919,6743,6720,150,24,6.05
1027.911919,6743,6724,150,24,6.06
1028.011935,6743,6724,150,24,6.06
1028.111919,6743,6724,150,24,6.05
1028.211937,6743,6724,58,24,6.05
1028.311917,6743,6724,58,24,6.05
1028.411959,6743,6724,58,24,6.03
1028.511919,6743,6728,221,24,6.03
1028.61194,6743,6724,221,24,6.03
1028.711917,6743,6724,221,24,6.03
1028.811957,6743,6720,385,24,6.03
1028.911919,6743,6720,385,24,6.04
1029.011947,6743,6716,385,24,6.04
1029.111926,6743,6716,385,24,6.06
1029.211945,6743,6720,482,24,6.06
1029.311916,6743,6716,482,24,6.06
1029.411935,6743,6720,482,24,6.07
1029.511917,6743,6720,221,24,6.07
1029.611947,6743,6724,221,24,6.07
1029.711916,6743,6724,221,24,6.03
1029.81192,6743,6720,221,24,6.03
1029.911917,6743,6728,221,24,6.06
1030.011946,6743,6724,221,24,6.06
1030.111918,6743,6716,221,24,6.03
1030.211919,6743,6724,221,24,6.03
1030.311918,6743,6716,221,24,6.03
1030.411934,6743,6720,221,24,6.05
1030.511926,6743,6716,411,24,6.05
1030.611918,6743,6716,411,24,6.05
1030.711916,6743,6720,411,24,6.06
1030.811932,6743,6716,247,24,6.06
1030.911917,6743,6716,247,24,6.06
1031.011918,6743,6720,247,24,6.06
1031.111926,6743,6720,247,24,6.05
1031.211941,6743,6716,247,24,6.05
1031.311918,6743,6716,247,24,6.05
1031.41192,6743,6720,247,24,6.05
1031.511918,6743,6716,482,24,6.05
1031.611938,6743,6720,482,24,6.05
1031.711919,6743,6716,482,24,6.06
1031.811927,6743,6716,482,24,6.06
1031.911918,6743,6716,482,24,6.06
1032.011945,6743,6716,482,24,6.06
1032.111918,6743,6716,482,24,6.07
1032.21194,6743,6716,385,24,6.07
1032.311918,6743,6716,385,24,6.07
1032.411976,6743,6724,385,24,6.05
1032.511917,6743,6724,221,24,6.05
1032.611948,6743,6724,221,24,6.05
1032.711918,6743,6724,221,24,6.04
1032.81193,6743,6724,83,24,6.04
1032.911918,6743,6720,83,24,6.04
1033.011919,6743,6716,83,24,6.04
1033.111918,6743,6720,83,24,6.07
1033.211942,6743,6724,445,24,6.07
1033.311918,6743,6716,445,24,6.07
1033.411917,6743,6724,445,24,6.05
1033.511925,6743,6720,482,24,6.05
1033.61195,6743,6716,482,24,6.05
1033.711918,6743,6720,482,24,6.07
1033.811951,6743,6716,682,24,6.07
1033.911918,6743,6724,682,24,6.07
1034.011931,6743,6720,682,24,6.07
1034.111917,6743,6716,682,24,6.07
1034.211918,6743,6720,221,24,6.07
1034.311918,6743,6716,221,24,6.07
1034.411929,6743,6720,221,24,6.06
1034.511918,6743,6720,247,24,6.06
1034.611919,6743,6716,247,24,6.06
1034.711918,6743,6720,247,24,6.04
1034.811932,6743,6720,83,24,6.04
1034.911917,6743,6724,83,24,6.05
1035.011918,6743,6724,83,24,6.05
1035.111925,6743,6720,83,24,6.07
1035.21193,6743,6716,426,24,6.07
1035.311918,6743,6716,426,24,6.07
1035.411919,6743,6716,426,24,6.05
1035.511918,6743,6720,221,24,6.05
1035.61193,6743,6716,221,24,6.05
1035.711917,6743,6720,221,24,6.03
1035.811919,6743,6720,83,24,6.03
1035.911926,6743,6724,83,24,6.04
1036.011929,6743,6724,83,24,6.04
1036.111921,6743,6724,83,24,6.07
1036.211926,6743,6724,221,24,6.07
1036.311918,6743,6720,221,24,6.07
1036.411949,6743,6720,221,24,6.04
1036.511919,6743,6720,426,24,6.04
1036.611917,6743,6720,426,24,6.04
1036.711921,6743,6720,426,24,6.05
1036.811931,6743,6720,426,24,6.05
1036.911917,6743,6720,426,24,6.04
1037.011919,6743,6720,426,24,6.04
1037.111917,6743,6720,426,24,6.04
1037.21193,6743,6724,221,24,6.04
1037.311918,6743,6720,221,24,6.04
1037.411918,6743,6720,221,24,6.04
1037.511917,6743,6720,426,24,6.04
1037.611949,6743,6716,426,24,6.04
1037.711917,6743,6720,426,24,6.03
1037.811918,6743,6720,221,24,6.03
1037.911918,6743,6720,221,24,6.03
1038.011947,6743,6724,221,24,6.03
1038.111917,6743,6724,221,24,6.05
1038.211919,6743,6724,221,24,6.05
1038.311926,6743,6724,221,24,6.05
1038.41193,6743,6724,221,24,6.07
1038.511917,6743,6720,83,24,6.07
1038.611918,6743,6720,83,24,6.07
1038.711919,6743,6720,83,24,6.05
1038.811948,6743,6716,247,24,6.05
1038.911917,6743,6720,247,24,6.05
1039.011918,6743,6720,247,24,6.05
1039.111918,6743,6716,247,24,6.05
1039.21193,6743,6724,221,24,6.05
1039.311918,6743,6724,221,24,6.05
1039.41192,6743,6728,221,24,6.07
1039.511918,6743,6724,221,24,6.07
1039.611947,6743,6720,221,24,6.07
1039.711918,6743,6716,221,24,6.04
1039.811922,6743,6720,445,24,6.04
1039.911918,6743,6716,445,24,6.04
1040.011947,6743,6720,445,24,6.04
1040.111918,6743,6720,445,24,6.04
1040.211918,6743,6724,221,24,6.04
1040.311926,6743,6724,221,24,6.04
1040.411948,6743,6724,221,24,6.04
1040.511935,6743,6720,426,24,6.04
1040.611917,6743,6720,426,24,6.04
1040.711917,6743,6716,426,24,6.02
1040.811947,6743,6720,385,24,6.02
1040.911916,6743,6720,385,24,6.03
1041.01192,6743,6716,385,24,6.03
1041.111917,6743,6716,385,24,6.03
1041.211946,6743,6716,477,24,6.03
1041.311919,6743,6716,477,24,6.03
1041.411917,6743,6716,477,24,6.05
1041.511918,6743,6716,247,24,6.05
1041.611948,6743,6720,247,24,6.05
1041.711919,6743,6716,247,24,6.07
1041.811919,6743,6720,221,24,6.07
1041.911919,6743,6716,221,24,6.06
1042.011949,6743,6716,221,24,6.06
1042.111917,6743,6716,221,24,6.03
1042.211918,6743,6716,385,24,6.03
1042.311918,6743,6728,385,24,6.03
1042.411947,6743,6724,385,24,6.03
1042.511917,6743,6728,221,24,6.03
1042.611916,6743,6724,221,24,6.03
1042.711936,6743,6724,221,24,6.05
1042.811947,6743,6724,17,24,6.05
1042.911935,6743,6724,17,24,6.06
1043.011918,6743,6724,17,24,6.06
1043.111942,6743,6720,17,24,6.06
1043.211948,6743,6724,17,24,6.06
1043.311946,6743,6724,17,24,6.06
1043.411917,6743,6724,17,24,6.04
1043.511936,6743,6720,221,24,6.04
1043.611946,6743,6720,221,24,6.04
1043.711919,6743,6728,221,24,6.07
1043.811917,6743,6728,17,24,6.07
1043.911917,6743,6728,17,24,6.06
1044.011948,6743,6728,17,24,6.06
1044.111919,6743,6720,17,24,6.04
1044.21192,6743,6720,385,24,6.04
1044.311918,6743,6716,385,24,6.04
1044.411946,6743,6712,385,24,6.05
1044.511919,6743,6716,395,24,6.05
1044.611917,6743,6712,395,24,6.05
1044.711919,6743,6720,395,24,6.02
1044.811948,6743,6716,518,24,6.02
1044.911919,6743,6724,518,24,6.06
1045.011918,6743,6720,518,24,6.06
1045.111919,6743,6712,518,24,6.04
1045.211948,6743,6716,385,24,6.04
1045.311941,6743,6720,385,24,6.04
1045.411917,6743,6720,385,24,6.03
1045.511935,6743,6716,247,24,6.03
1045.611947,6743,6724,247,24,6.03
1045.711975,6743,6716,247,24,6.02
1045.811924,6743,6716,247,24,6.02
1045.911935,6743,6720,247,24,6.06
1046.011946,6743,6724,247,24,6.06
1046.111934,6743,6720,247,24,6.04
1046.211918,6743,6716,247,24,6.04
1046.311918,6743,6724,247,24,6.04
1046.411948,6743,6724,247,24,6.04
1046.511918,6743,6716,426,24,6.04
1046.61192,6743,6716,426,24,6.04
1046.711926,6743,6720,426,24,6.04
1046.811989,6743,6716,221,24,6.04
1046.911919,6743,6716,221,24,6.06
1047.011919,6743,6720,221,24,6.06
1047.111926,6743,6724,221,24,6.04
1047.211948,6743,6724,17,24,6.04
1047.311919,6743,6720,17,24,6.04
1047.411918,6743,6724,17,24,6.04
1047.51195,6743,6728,58,24,6.04
1047.611947,6743,6728,58,24,6.04
1047.711953,6743,6728,58,24,6.05
1047.811917,6743,6724,221,24,6.05
1047.911935,6743,6720,221,24,6.05
1048.011948,6743,6720,221,24,6.05
1048.111918,6743,6716,221,24,6.05
1048.211919,6743,6720,221,24,6.05
1048.311919,6743,6716,221,24,6.05
1048.411955,6743,6716,221,24,6.06
1048.511918,6743,6720,221,24,6.06
1048.611917,6743,6716,221,24,6.06
1048.711919,6743,6720,221,24,6.07
1048.811945,6743,6720,42,24,6.07
1048.911918,6743,6724,42,24,6.06
1049.011918,6743,6724,42,24,6.06
1049.111916,6743,6724,42,24,6.04
1049.211944,6743,6724,95,24,6.04
1049.311917,6743,6724,95,24,6.04
1049.411918,6743,6720,95,24,6.06
1049.511918,6743,6720,83,24,6.06
1049.611933,6743,6720,83,24,6.06
1049.711918,6743,6712,83,24,6.05
1049.811918,6743,6720,385,24,6.05
1049.911917,6743,6720,385,24,6.04
1050.011938,6743,6716,385,24,6.04
1050.111918,6743,6720,385,24,6.05
1050.211918,6743,6724,221,24,6.05
1050.311917,6743,6724,221,24,6.05
1050.411938,6743,6724,221,24,6.03
1050.511917,6743,6724,221,24,6.03
1050.611918,6743,6724,221,24,6.03
1050.711917,6743,6724,221,24,6.05
1050.811935,6743,6720,221,24,6.05
1050.911937,6743,6720,221,24,6.04
1051.011919,6743,6720,221,24,6.04
1051.111918,6743,6716,221,24,6.06
1051.211934,6743,6716,411,24,6.06
1051.311918,6743,6724,411,24,6.06
1051.411917,6743,6720,411,24,6.04
1051.511918,6743,6724,221,24,6.04
1051.611946,6743,6724,221,24,6.04
1051.711916,6743,6716,221,24,6.04
1051.811918,6743,6716,385,24,6.04
1051.911919,6743,6716,385,24,6.06
1052.011948,6743,6716,385,24,6.06
1052.111917,6743,6716,385,24,6.04
1052.211918,6743,6720,42,24,6.04
1052.311917,6743,6720,42,24,6.04
1052.411947,6743,6724,42,24,6.03
1052.511919,6743,6720,42,24,6.03
1052.611918,6743,6724,42,24,6.03
1052.711917,6743,6724,42,24,6.04
1052.811947,6743,6724,83,24,6.04
1052.911917,6743,6724,83,24,6.04
1053.011919,6743,6724,83,24,6.04
1053.111917,6743,6724,83,24,6.03
1053.211948,6743,6724,426,24,6.03
1053.311928,6743,6716,426,24,6.03
1053.411919,6743,6716,426,24,6.06
1053.511918,6743,6720,247,24,6.06
1053.611947,6743,6720,247,24,6.06
1053.711925,6743,6720,247,24,6.04
1053.811918,6743,6724,58,24,6.04
1053.911917,6743,6724,58,24,6.06
1054.011954,6743,6724,58,24,6.06
1054.111918,6743,6716,58,24,6.05
1054.211918,6743,6716,518,24,6.05
1054.311919,6743,6716,518,24,6.05
1054.411948,6743,6716,518,24,6.05
1054.511918,6743,6720,221,24,6.05
1054.611919,6743,6720,221,24,6.05
1054.711916,6743,6724,221,24,6.03
1054.811935,6743,6724,58,24,6.03
1054.911917,6743,6724,58,24,6.02
1055.011919,6743,6724,58,24,6.02
1055.111917,6743,6724,58,24,6.03
1055.211948,6743,6720,83,24,6.03
1055.311918,6743,6724,83,24,6.03
1055.411926,6743,6724,83,24,6.05
1055.511919,6743,6720,247,24,6.05
1055.611946,6743,6724,247,24,6.05
1055.711917,6743,6724,247,24,6.05
1055.811921,6743,6724,95,24,6.05
1055.911924,6743,6724,95,24,6.03
1056.011951,6743,6724,95,24,6.03
1056.111917,6743,6724,95,24,6.05
1056.211945,6743,6720,385,24,6.05
1056.311918,6743,6724,385,24,6.05
1056.411947,6743,6716,385,24,6.06
1056.511918,6743,6712,411,24,6.06
1056.611926,6743,6720,411,24,6.06
1056.711916,6743,6716,411,24,6.06
1056.811947,6743,6716,247,24,6.06
1056.911918,6743,6716,247,24,6.05
1057.011918,6743,6720,247,24,6.05
1057.111918,6743,6720,247,24,6.04
1057.211947,6743,6724,17,24,6.04
1057.311917,6743,6724,17,24,6.04
1057.411918,6743,6728,17,24,6.05
1057.511924,6743,6724,221,24,6.05
1057.611947,6743,6724,221,24,6.05
1057.711918,6743,6724,221,24,6.07
1057.81192,6743,6724,221,24,6.07
1057.911917,6743,6724,221,24,6.08
1058.011949,6743,6724,221,24,6.08
1058.111919,6743,6720,221,24,6.05
1058.21192,6743,6720,426,24,6.05
1058.311918,6743,6720,426,24,6.05
1058.411947,6743,6724,426,24,6.06
1058.511917,6743,6720,385,24,6.06
1058.611919,6743,6720,385,24,6.06
1058.711937,6743,6716,385,24,6.05
1058.81195,6743,6716,385,24,6.05
1058.911917,6743,6720,385,24,6.05
1059.011937,6743,6720,385,24,6.05
1059.111918,6743,6720,385,24,6.05
1059.211951,6743,6716,426,24,6.05
1059.311917,6743,6720,426,24,6.05
1059.411938,6743,6720,426,24,6.04
1059.511917,6743,6720,221,24,6.04
1059.611947,6743,6720,221,24,6.04
1059.711918,6743,6720,221,24,6.04
1059.811937,6743,6720,221,24,6.04
1059.911917,6743,6724,221,24,6.04
1060.011947,6743,6724,221,24,6.04
1060.111918,6743,6724,221,24,6.05
1060.211926,6743,6724,221,24,6.05
1060.311918,6743,6724,221,24,6.05
1060.411947,6743,6724,221,24,6.03
1060.511918,6743,6724,221,24,6.03
1060.611918,6743,6724,221,24,6.03
1060.711918,6743,6724,221,24,6.06
1060.811942,6743,6720,221,24,6.06
1060.911917,6743,6724,221,24,6.05
1061.011954,6743,6724,221,24,6.05
1061.111918,6743,6724,221,24,6.06
1061.211946,6743,6724,221,24,6.06
1061.311919,6743,6724,221,24,6.06
1061.411917,6743,6724,221,24,6.06
1061.511925,6743,6724,95,24,6.06
1061.611947,6743,6724,95,24,6.06
1061.711917,6743,6724,95,24,6.04
1061.81192,6743,6720,221,24,6.04
1061.911918,6743,6720,221,24,6.05
1062.011943,6743,6720,221,24,6.05
1062.111917,6743,6720,221,24,6.05
1062.211919,6743,6720,426,24,6.05
1062.311917,6743,6720,426,24,6.05
1062.411946,6743,6720,426,24,6.04
1062.511918,6743,6720,221,24,6.04
1062.611917,6743,6724,221,24,6.04
1062.711919,6743,6724,221,24,6.04
1062.811947,6743,6736,221,24,6.04
1062.911918,6743,6724,221,24,6.04
1063.011919,6743,6724,221,24,6.04
1063.111924,6743,6724,221,24,6.04
1063.211945,6743,6724,221,24,6.04
1063.311918,6743,6724,221,24,6.04
1063.411917,6743,6728,221,24,6.04
1063.511918,6743,6724,58,24,6.04
1063.611948,6743,6724,58,24,6.04
1063.711917,6743,6720,58,24,6.05
1063.811926,6743,6720,385,24,6.05
1063.911917,6743,6716,385,24,6.04
1064.011946,6743,6720,385,24,6.04
1064.111918,6743,6724,385,24,6.06
1064.211918,6743,6724,221,24,6.06
1064.311918,6743,6724,221,24,6.06
1064.411945,6743,6724,221,24,6.07
1064.511918,6743,6716,426,24,6.07
1064.611918,6743,6720,426,24,6.07
1064.711918,6743,6720,426,24,6.07
1064.811942,6743,6724,221,24,6.07
1064.911919,6743,6724,221,24,6.07
1065.011919,6743,6728,221,24,6.07
1065.111919,6743,6720,221,24,6.06
1065.211941,6743,6728,17,24,6.06
1065.311918,6743,6724,17,24,6.06
1065.411919,6743,6724,17,24,6.07
1065.511918,6743,6720,385,24,6.07
1065.611948,6743,6720,385,24,6.07
1065.711917,6743,6724,385,24,6.05
1065.811918,6743,6716,426,24,6.05
1065.911918,6743,6720,426,24,6.06
1066.011945,6743,6720,426,24,6.06
1066.111918,6743,6720,426,24,6.05
1066.211919,6743,6716,247,24,6.05
1066.311918,6743,6716,247,24,6.05
1066.411945,6743,6716,247,24,6.04
1066.511917,6743,6720,83,24,6.04
1066.611918,6743,6716,83,24,6.04
1066.711918,6743,6716,83,24,6.04
1066.811935,6743,6712,556,24,6.04
1066.911918,6743,6712,556,24,6.04
1067.01192,6743,6716,556,24,6.04
1067.111918,6371,6716,556,24,6.04
1067.211933,6371,6384,221,24,6.04
1067.311917,6371,6376,221,24,6.04
1067.41192,6371,6372,221,24,6.05
1067.511918,6371,6372,0,24,6.05
1067.611932,6371,6368,0,24,6.05
1067.711918,6371,6372,0,24,6.07
1067.811926,6371,6372,0,24,6.07
1067.911919,6371,6372,0,24,6.08
1068.011946,6371,6372,0,24,6.08
1068.11192,6371,6372,0,24,6.07
1068.211918,6371,6372,0,24,6.07
1068.31192,6371,6372,0,24,6.07
1068.411945,6371,6372,0,24,6.08
1068.511919,6371,6372,0,24,6.08
1068.611917,6371,6372,0,24,6.08
1068.711918,6371,6372,0,24,6.07
1068.811947,6371,6372,0,24,6.07
1068.911951,6371,6372,0,24,6.08
1069.011918,6371,6372,0,24,6.08
1069.111946,6371,6372,0,24,6.08
1069.211948,6371,6372,0,24,6.08
1069.311934,6371,6372,0,24,6.08
1069.41192,6371,6372,0,24,6.08
1069.511916,6371,6372,0,24,6.08
1069.611949,6371,6372,0,24,6.08
1069.711918,6371,6372,0,24,6.07
1069.811918,6371,6372,0,24,6.07
1069.91192,6371,6372,0,24,6.07
1070.011949,6371,6372,0,24,6.07
1070.111918,6371,6372,0,24,6.07
1070.211927,6371,6372,0,24,6.07
1070.311916,6371,6372,0,24,6.07
1070.411948,6371,6372,0,24,6.08
1070.511918,6371,6372,0,24,6.08
1070.61192,6371,6372,0,24,6.08
1070.711917,6371,6372,0,24,6.08
1070.811949,6371,6372,0,24,6.08
1070.911918,6371,6372,0,24,6.08
1071.011918,6371,6372,0,24,6.08
1071.11192,6371,6372,0,24,6.08
1071.211946,6371,6372,0,24,6.08
1071.311918,6371,6372,0,24,6.08
1071.411918,6371,6372,0,24,6.08
1071.511936,6371,6372,0,24,6.08
1071.611948,6371,6372,0,24,6.08
1071.711934,6371,6372,0,24,6.07
1071.811918,6371,6372,0,24,6.07
1071.911918,6371,6372,0,24,6.07
1072.011945,6371,6372,0,24,6.07
1072.111919,6371,6372,0,24,6.07
1072.211918,6371,6372,0,24,6.07
1072.311919,6371,6372,0,24,6.07
1072.411946,6371,6372,0,24,6.08
1072.511919,6371,6372,0,24,6.08
1072.611918,6371,6372,0,24,6.08
1072.711918,6371,6372,0,24,6.07
1072.811945,6371,6372,0,24,6.07
1072.911918,6371,6372,0,24,6.08
1073.011918,6371,6372,0,24,6.08
1073.111919,6371,6372,0,24,6.08
1073.211947,6371,6372,0,24,6.08
1073.311927,6371,6372,0,24,6.08
1073.411919,6371,6372,0,24,6.08
1073.511919,6371,6372,0,24,6.08
1073.611948,6371,6372,0,24,6.08
1073.711924,6371,6372,0,24,6.07
1073.811919,6371,6372,0,24,6.07
1073.91192,6371,6372,0,24,6.08
1074.011946,6371,6372,0,24,6.08
1074.111927,6371,6372,0,24,6.08
1074.211919,6371,6372,0,24,6.08
1074.311942,6371,6372,0,24,6.08
1074.411947,6371,6372,0,24,6.08
1074.51195,6371,6372,0,24,6.08
1074.61192,6371,6372,0,24,6.08
1074.711945,6371,6372,0,24,6.08
1074.811946,6371,6372,0,24,6.08
1074.911917,6371,6372,0,24,6.07
1075.011918,6371,6372,0,24,6.07
1075.111918,6371,6372,0,24,6.08
1075.211946,6371,6372,0,24,6.08
1075.311919,6371,6372,0,24,6.08
1075.411919,6371,6372,0,24,6.07
1075.511917,6371,6372,0,24,6.07
1075.611944,6371,6372,0,24,6.07
1075.711925,6371,6372,0,24,6.08
1075.811918,6371,6372,0,24,6.08
1075.911918,6371,6372,0,24,6.08
1076.011947,6371,6372,0,24,6.08
1076.111918,6371,6372,0,24,6.08
1076.211918,6371,6372,0,24,6.08
1076.311925,6371,6372,0,24,6.08
1076.411946,6371,6372,0,24,6.08
1076.511917,6371,6372,0,24,6.08
1076.611917,6371,6372,0,24,6.08
1076.711918,6371,6372,0,24,6.07
1076.811948,6371,6372,0,24,6.07
1076.911918,6371,6372,0,24,6.07
1077.01192,6371,6372,0,24,6.07
1077.111916,6371,6372,0,24,6.07
1077.211943,6371,6372,0,24,6.07
1077.311917,6371,6372,0,24,6.07
1077.411919,6371,6372,0,24,6.07
1077.511917,6371,6372,0,24,6.07
1077.611951,6371,6372,0,24,6.07
1077.711917,6371,6372,0,24,6.07
1077.811919,6371,6372,0,24,6.07
1077.911916,6371,6372,0,24,6.08
1078.011945,6371,6372,0,24,6.08
1078.111918,6371,6372,0,24,6.08
1078.211921,6371,6372,0,24,6.08
1078.311919,6371,6372,0,24,6.08
1078.41194,6371,6372,0,24,6.07
1078.511919,6371,6372,0,24,6.07
1078.611919,6371,6372,0,24,6.07
1078.711919,6371,6372,0,24,6.07
1078.811939,6371,6372,0,24,6.07
1078.911918,6371,6372,0,24,6.08
1079.011918,6371,6372,0,24,6.08
1079.111917,6371,6372,0,24,6.08
1079.211944,6371,6372,0,24,6.08
1079.311918,6371,6372,0,24,6.08
1079.411918,6371,6372,0,24,6.07
1079.511918,6371,6372,0,24,6.07
1079.611945,6371,6372,0,24,6.07
1079.711919,6371,6372,0,24,6.07
1079.811919,6371,6372,0,24,6.07
1079.911918,6371,6372,0,24,6.07
1080.011946,6371,6372,0,24,6.07
1080.111917,6371,6372,0,24,6.08
1080.211919,6371,6372,0,24,6.08
1080.311919,6371,6372,0,24,6.08
1080.411936,6371,6372,0,24,6.08
1080.511927,6371,6372,0,24,6.08
1080.611919,6371,6372,0,24,6.08
1080.711916,6743,6372,0,24,6.07
1080.811939,6743,6700,395,24,6.07
1080.911917,6743,6720,395,24,6.04
1081.011929,6743,6720,395,24,6.04
1081.111918,6743,6720,395,24,6.06
1081.211945,6743,6720,221,24,6.06
1081.311918,6743,6720,221,24,6.06
1081.411951,6743,6716,221,24,6.06
1081.511917,6743,6724,95,24,6.06
1081.611947,6743,6716,95,24,6.06
1081.711917,6743,6724,95,24,6.06
1081.811919,6743,6716,247,24,6.06
1081.911917,6743,6716,247,24,6.04
1082.011929,6743,6716,247,24,6.04
1082.111918,6743,6720,247,24,6.04
1082.21192,6743,6720,221,24,6.04
1082.311917,6743,6724,221,24,6.04
1082.411934,6743,6720,221,24,6.03
1082.511919,6743,6720,221,24,6.03
1082.611919,6743,6716,221,24,6.03
1082.71192,6743,6720,221,24,6.04
1082.811929,6743,6716,247,24,6.04
1082.911918,6743,6716,247,24,6.05
1083.011918,6743,6720,247,24,6.05
1083.111918,6743,6716,247,24,6.03
1083.211931,6743,6716,247,24,6.03
1083.311918,6743,6716,247,24,6.03
1083.41192,6743,6716,247,24,6.04
1083.511926,6743,6720,83,24,6.04
1083.611931,6743,6716,83,24,6.04
1083.711917,6743,6716,83,24,6.03
1083.811919,6743,6716,121,24,6.03
1083.911945,6743,6716,121,24,6.03
1084.01193,6743,6716,121,24,6.03
1084.111917,6743,6716,121,24,6.06
1084.211918,6743,6724,58,24,6.06
1084.311918,6743,6724,58,24,6.06
1084.411934,6743,6716,58,24,6.04
1084.511919,6743,6720,83,24,6.04
1084.611918,6743,6716,83,24,6.04
1084.711917,6743,6720,83,24,6.05
1084.811929,6743,6720,247,24,6.05
1084.911917,6743,6716,247,24,6.05
1085.011926,6743,6720,247,24,6.05
1085.111936,6743,6720,247,24,6.06
1085.21193,6743,6716,247,24,6.06
1085.311917,6743,6720,247,24,6.06
1085.411918,6743,6720,247,24,6.06
1085.511918,6743,6720,247,24,6.06
1085.611943,6743,6716,247,24,6.06
1085.711927,6743,6720,247,24,6.06
1085.811918,6743,6720,221,24,6.06
1085.911918,6743,6720,221,24,6.05
1086.011952,6743,6720,221,24,6.05
1086.111916,6743,6716,221,24,6.05
1086.211921,6743,6716,247,24,6.05
1086.311917,6743,6720,247,24,6.05
1086.41196,6743,6720,247,24,6.06
1086.511918,6743,6716,385,24,6.06
1086.611918,6743,6720,385,24,6.06
1086.711919,6743,6720,385,24,6.04
1086.811942,6743,6720,42,24,6.04
1086.911919,6743,6720,42,24,6.06
1087.011918,6743,6716,42,24,6.06
1087.111917,6743,6716,42,24,6.02
1087.211945,6743,6720,221,24,6.02
1087.311926,6743,6724,221,24,6.02
1087.411923,6743,6716,221,24,6.04
1087.511918,6743,6720,221,24,6.04
1087.611951,6743,6712,221,24,6.04
1087.711917,6743,6724,221,24,6.06
1087.811958,6743,6720,221,24,6.06
1087.911918,6743,6720,221,24,6.04
1088.011942,6743,6720,221,24,6.04
1088.111917,6743,6716,221,24,6.07
1088.211918,6743,6720,385,24,6.07
1088.311918,6743,6720,385,24,6.07
1088.411947,6743,6720,385,24,6.06
1088.511916,6743,6720,83,24,6.06
1088.611919,6743,6724,83,24,6.06
1088.711926,6743,6724,83,24,6.06
1088.81195,6743,6724,221,24,6.06
1088.911917,6743,6724,221,24,6.04
1089.011918,6743,6724,221,24,6.04
1089.111918,6743,6720,221,24,6.05
1089.211942,6743,6716,385,24,6.05
1089.311918,6743,6716,385,24,6.05
1089.411918,6743,6716,385,24,6.04
1089.511918,6743,6720,445,24,6.04
1089.611931,6743,6720,445,24,6.04
1089.711925,6743,6716,445,24,6.04
1089.811925,6743,6720,385,24,6.04
1089.911917,6743,6716,385,24,6.04
1090.011936,6743,6720,385,24,6.04
1090.111927,6743,6720,385,24,6.03
1090.211918,6743,6720,221,24,6.03
1090.311916,6743,6720,221,24,6.03
1090.411949,6743,6724,221,24,6.05
1090.511926,6743,6724,221,24,6.05
1090.611919,6743,6724,221,24,6.05
1090.711918,6743,6724,221,24,6.03
1090.811948,6743,6724,17,24,6.03
1090.911917,6743,6724,17,24,6.05
1091.011918,6743,6720,17,24,6.05
1091.111917,6743,6720,17,24,6.07
1091.211948,6743,6720,247,24,6.07
1091.311919,6743,6716,247,24,6.07
1091.411918,6743,6720,247,24,6.04
1091.511919,6743,6724,221,24,6.04
1091.611976,6743,6724,221,24,6.04
1091.711931,6743,6724,221,24,6.05
1091.811931,6743,6724,42,24,6.05
1091.911939,6743,6716,42,24,6.06
1092.01196,6743,6716,42,24,6.06
1092.111932,6743,6716,42,24,6.04
1092.211932,6743,6716,385,24,6.04
1092.31193,6743,6720,385,24,6.04
1092.411961,6743,6724,385,24,6.03
1092.511931,6743,6724,95,24,6.03
1092.611932,6743,6724,95,24,6.03
1092.711931,6743,6716,95,24,6.07
1092.81196,6743,6716,247,24,6.07
1092.911938,6743,6716,247,24,6.05
1093.011932,6743,6716,247,24,6.05
1093.111931,6743,6724,247,24,6.06
1093.21196,6743,6724,58,24,6.06
1093.311932,6743,6724,58,24,6.06
1093.411931,6743,6716,58,24,6.07
1093.511941,6743,6716,518,24,6.07
1093.611976,6743,6720,518,24,6.07
1093.711931,6743,6720,518,24,6.04
1093.811938,6743,6720,221,24,6.04
1093.911932,6743,6724,221,24,6.05
1094.011957,6743,6720,221,24,6.05
1094.111939,6743,6720,221,24,6.04
1094.211932,6743,6716,426,24,6.04
1094.311932,6743,6720,426,24,6.04
1094.411961,6743,6716,426,24,6.05
1094.511953,6743,6720,221,24,6.05
1094.611933,6743,6724,221,24,6.05
1094.711976,6743,6716,221,24,6.05
1094.811983,6743,6716,221,24,6.05
1094.91199,6743,6720,221,24,6.05
1095.011931,6743,6716,221,24,6.05
1095.112,6743,6716,221,24,6.05
1095.211972,6743,6716,385,24,6.05
1095.311992,6743,6720,385,24,6.05
1095.411932,6743,6720,385,24,6.04
1095.511948,6743,6716,385,24,6.04
1095.611956,6743,6720,385,24,6.04
1095.711931,6743,6720,385,24,6.04
1095.811931,6743,6720,42,24,6.04
1095.911931,6743,6720,42,24,6.06
1096.011977,6743,6716,42,24,6.06
1096.111932,6743,6720,42,24,6.05
1096.211932,6743,6724,83,24,6.05
1096.311931,6743,6716,83,24,6.05
1096.411959,6743,6716,83,24,6.05
1096.511931,6743,6720,221,24,6.05
1096.611932,6743,6724,221,24,6.05
1096.711932,6743,6720,221,24,6.03
1096.811974,6743,6720,221,24,6.03
1096.911931,6743,6720,221,24,6.06
1097.011932,6743,6724,221,24,6.06
1097.111931,6743,6724,221,24,6.07
1097.21196,6743,6720,221,24,6.07
1097.311932,6743,6720,221,24,6.07
1097.411934,6743,6724,221,24,6.06
1097.511931,6743,6720,221,24,6.06
1097.611956,6743,6720,221,24,6.06
1097.71193,6743,6724,221,24,6.07
1097.811976,6743,6728,17,24,6.07
1097.911945,6743,6720,17,24,6.05
1098.011956,6743,6716,17,24,6.05
1098.11193,6743,6720,17,24,6.07
1098.211931,6743,6716,221,24,6.07
1098.311931,6743,6720,221,24,6.07
1098.411955,6743,6720,221,24,6.03
1098.51193,6743,6716,121,24,6.03
1098.611931,6743,6716,121,24,6.03
1098.71193,6743,6720,121,24,6.03
1098.811946,6743,6720,221,24,6.03
1098.911953,6743,6724,221,24,6.05
1099.011931,6743,6716,221,24,6.05
1099.111929,6743,6716,221,24,6.06
1099.211952,6743,6712,411,24,6.06
1099.311931,6743,6712,411,24,6.06
1099.411932,6743,6712,411,24,6.04
1099.51193,6743,6716,247,24,6.04
1099.61195,6743,6712,247,24,6.04
1099.711932,6743,6720,247,24,6.06
1099.811932,6743,6716,247,24,6.06
1099.911935,6743,6716,247,24,6.03
1100.011948,6743,6720,247,24,6.03
1100.111933,6743,6716,247,24,6.03
1100.211931,6743,6716,80,24,6.03
1100.311931,6371,6524,80,24,6.03
1100.411947,6371,6364,80,24,6.06
1100.511931,6371,6380,204,24,6.06
1100.611931,6371,6376,204,24,6.06
1100.711931,6371,6368,204,24,6.08
1100.811946,6371,6372,0,24,6.08
1100.911944,6371,6372,0,24,6.08
1101.01193,6371,6372,0,24,6.08
1101.111933,6371,6372,0,24,6.08
1101.21195,6743,6372,389,24,6.08
1101.311931,6743,6676,389,24,6.08
1101.411932,6743,6712,389,24,6.08
1101.511931,6743,6712,226,24,6.08
1101.611947,6743,6712,226,24,6.08
1101.711933,6743,6716,226,24,6.03
1101.811932,6743,6728,17,24,6.03
1101.911981,6743,6728,17,24,6.05
1102.011945,6743,6720,17,24,6.05
1102.111954,6743,6720,17,24,6.06
1102.211933,6743,6720,221,24,6.06
1102.311959,6743,6716,221,24,6.06
1102.411945,6743,6720,221,24,6.07
1102.511932,6743,6716,385,24,6.07
1102.61194,6743,6716,385,24,6.07
1102.71193,6743,6724,385,24,6.05
1102.811948,6743,6716,221,24,6.05
1102.911934,6743,6716,221,24,6.06
1103.011931,6743,6716,221,24,6.06
1103.111931,6743,6720,221,24,6.02
1103.211944,6743,6720,221,24,6.02
1103.31193,6743,6716,221,24,6.02
1103.411932,6743,6716,221,24,6.06
1103.511931,6743,6712,556,24,6.06
1103.611944,6743,6720,556,24,6.06
1103.711931,6743,6716,556,24,6.01
1103.811932,6743,6716,121,24,6.01
1103.911932,6743,6720,121,24,6.04
1104.011944,6743,6720,121,24,6.04
1104.111931,6743,6720,121,24,6.03
1104.211931,6743,6720,58,24,6.03
1104.311941,6743,6720,58,24,6.03
1104.411944,6743,6724,58,24,6.06
1104.511931,6743,6716,221,24,6.06
1104.611932,6743,6724,221,24,6.06
1104.711931,6743,6720,221,24,6.05
1104.811943,6743,6720,221,24,6.05
1104.911953,6743,6720,221,24,6.04
1105.011932,6743,6724,221,24,6.04
1105.111931,6743,6716,221,24,6.05
1105.211945,6743,6720,426,24,6.05
1105.31193,6743,6716,426,24,6.05
1105.411931,6743,6716,426,24,6.02
1105.51193,6743,6716,426,24,6.02
1105.611946,6743,6720,426,24,6.02
1105.71193,6743,6720,426,24,6.05
1105.811931,6743,6716,385,24,6.05
1105.911939,6743,6716,385,24,6.04
1106.011945,6743,6716,385,24,6.04
1106.111933,6743,6716,385,24,6.04
1106.211931,6743,6720,42,24,6.04
1106.311932,6743,6720,42,24,6.04
1106.411944,6743,6724,42,24,6.06
1106.511931,6743,6720,221,24,6.06
1106.611952,6743,6720,221,24,6.06
1106.711935,6743,6724,221,24,6.07
1106.811961,6743,6728,17,24,6.07
1106.911931,6743,6724,17,24,6.06
1107.011949,6743,6724,17,24,6.06
1107.111931,6743,6716,17,24,6.05
1107.21198,6743,6720,247,24,6.05
1107.31193,6743,6720,247,24,6.05
1107.411931,6743,6716,247,24,6.05
1107.511931,6743,6716,247,24,6.05
1107.61195,6743,6712,247,24,6.05
1107.711931,6743,6724,247,24,6.05
1107.811932,6743,6716,247,24,6.05
1107.911931,6743,6724,247,24,6.06
1108.011976,6743,6716,247,24,6.06
1108.111931,6743,6724,247,24,6.06
1108.211977,6743,6724,58,24,6.06
1108.311934,6743,6720,58,24,6.06
1108.411976,6743,6720,58,24,6.04
1108.511932,6743,6720,221,24,6.04
1108.611949,6743,6716,221,24,6.04
1108.711931,6743,6720,221,24,6.04
1108.811961,6743,6720,221,24,6.04
1108.911932,6743,6716,221,24,6.03
1109.011933,6743,6716,221,24,6.03
1109.111932,6743,6720,221,24,6.06
1109.21196,6743,6716,247,24,6.06
1109.311932,6743,6720,247,24,6.06
1109.411939,6743,6724,247,24,6.05
1109.511931,6743,6720,221,24,6.05
1109.611961,6743,6724,221,24,6.05
1109.711931,6743,6712,221,24,6.02
1109.811931,6743,6708,593,24,6.02
1109.911931,6743,6724,593,24,6.05
1110.011961,6743,6720,593,24,6.05
1110.111931,6743,6716,593,24,6.04
1110.211931,6743,6716,221,24,6.04
1110.311931,6743,6716,221,24,6.04
1110.411959,6743,6716,221,24,6.04
1110.511939,6743,6716,247,24,6.04
1110.611931,6743,6720,247,24,6.04
1110.711931,6743,6712,247,24,6.04
1110.81196,6743,6720,83,24,6.04
1110.911933,6743,6720,83,24,6.05
1111.011934,6743,6716,83,24,6.05
1111.11193,6743,6716,83,24,6.04
1111.21196,6743,6716,247,24,6.04
1111.311931,6743,6724,247,24,6.04
1111.411932,6743,6724,247,24,6.03
1111.511932,6743,6724,221,24,6.03
1111.611975,6743,6720,221,24,6.03
1111.711932,6743,6724,221,24,6.05
1111.811931,6743,6724,221,24,6.05
1111.911932,6743,6724,221,24,6.04
1112.011976,6743,6720,221,24,6.04
1112.111939,6743,6720,221,24,6.03
1112.211931,6743,6716,385,24,6.03
1112.311932,6743,6712,385,24,6.03
1112.41196,6743,6716,385,24,6.05
1112.51193,6743,6720,1,24,6.05
1112.611932,6743,6724,1,24,6.05
1112.711931,6743,6724,1,24,6.02
1112.81196,6743,6716,221,24,6.02
1112.911931,6743,6720,221,24,6.03
1113.011932,6743,6720,221,24,6.03
1113.111931,6743,6716,221,24,6.01
1113.21196,6743,6716,518,24,6.01
1113.311931,6743,6716,518,24,6.01
1113.411932,6743,6716,518,24,6.06
1113.51194,6743,6716,247,24,6.06
1113.611973,6743,6720,247,24,6.06
1113.711931,6743,6720,247,24,6.05
1113.811932,6743,6724,58,24,6.05
1113.911932,6743,6720,58,24,6.03
1114.01196,6743,6720,58,24,6.03
1114.111939,6743,6716,58,24,6.03
1114.211933,6743,6712,385,24,6.03
1114.311932,6743,6716,385,24,6.03
1114.411975,6743,6720,385,24,6.04
1114.511932,6743,6720,385,24,6.04
1114.611932,6743,6720,385,24,6.04
1114.71194,6743,6720,385,24,6.05
1114.811975,6743,6720,221,24,6.05
1114.911931,6743,6716,221,24,6.04
1115.011932,6743,6720,221,24,6.04
1115.111944,6743,6724,221,24,6.04
1115.211975,6743,6728,58,24,6.04
1115.31193,6743,6720,58,24,6.04
1115.411931,6743,6720,58,24,6.07
1115.51195,6743,6720,445,24,6.07
1115.611976,6743,6724,445,24,6.07
1115.711932,6743,6724,445,24,6.05
1115.811933,6743,6724,83,24,6.05
1115.911932,6743,6720,83,24,6.07
1116.011959,6743,6720,83,24,6.07
1116.111932,6743,6716,83,24,6.04
1116.211947,6743,6724,221,24,6.04
1116.311931,6743,6720,221,24,6.04
1116.411978,6743,6724,221,24,6.05
1116.51193,6743,6720,221,24,6.05
1116.611953,6743,6716,221,24,6.05
1116.711931,6743,6720,221,24,6.05
1116.81196,6743,6724,221,24,6.05
1116.911931,6743,6724,221,24,6.04
1117.011948,6743,6716,221,24,6.04
1117.11193,6743,6716,221,24,6.06
1117.211959,6743,6724,58,24,6.06
1117.31193,6743,6724,58,24,6.06
1117.411933,6743,6724,58,24,6.04
1117.511932,6743,6720,221,24,6.04
1117.611951,6743,6720,221,24,6.04
1117.71193,6743,6720,221,24,6.06
1117.811931,6743,6724,221,24,6.06
1117.911931,6743,6728,221,24,6.02
1118.011959,6743,6728,221,24,6.02
1118.111932,6743,6724,221,24,6.03
1118.211932,6743,6724,221,24,6.03
1118.311931,6743,6724,221,24,6.03
1118.411959,6743,6724,221,24,6.03
1118.511931,6743,6724,221,24,6.03
1118.611931,6743,6720,221,24,6.03
1118.711932,6743,6716,221,24,6.05
1118.811956,6743,6716,441,24,6.05
1118.911939,6743,6716,441,24,6.06
1119.011932,6743,6724,441,24,6.06
1119.111932,6743,6724,441,24,6.03
1119.211954,6743,6724,221,24,6.03
1119.311931,6743,6724,221,24,6.03
1119.411934,6743,6720,221,24,6.04
1119.511931,6743,6716,385,24,6.04
1119.611953,6743,6716,385,24,6.04
1119.711931,6743,6720,385,24,6.06
1119.811931,6743,6720,482,24,6.06
1119.911932,6743,6720,482,24,6.06
1120.011947,6743,6720,482,24,6.06
1120.111931,6743,6716,482,24,6.04
1120.211932,6743,6712,284,24,6.04
1120.31193,6743,6716,284,24,6.04
1120.411951,6743,6712,284,24,6.04
1120.511941,6743,6716,284,24,6.04
1120.611931,6743,6724,284,24,6.04
1120.711947,6743,6724,284,24,6.04
1120.811949,6743,6720,83,24,6.04
1120.911961,6743,6720,83,24,6.03
1121.011931,6743,6720,83,24,6.03
1121.11196,6743,6716,83,24,6.05
1121.211947,6743,6716,247,24,6.05
1121.311948,6743,6720,247,24,6.05
1121.411931,6743,6724,247,24,6.05
1121.511948,6743,6724,58,24,6.05
1121.611947,6743,6720,58,24,6.05
1121.711946,6743,6720,58,24,6.06
1121.811932,6743,6728,221,24,6.06
1121.911985,6743,6724,221,24,6.03
1122.011949,6743,6720,221,24,6.03
1122.11196,6743,6716,221,24,6.05
1122.211932,6743,6716,441,24,6.05
1122.311931,6743,6716,441,24,6.05
1122.411975,6743,6720,441,24,6.06
1122.511932,6743,6720,426,24,6.06
1122.611933,6743,6724,426,24,6.06
1122.711932,6743,6724,426,24,6.05
1122.81195,6743,6728,221,24,6.05
1122.911931,6743,6728,221,24,6.05
1123.011932,6743,6728,221,24,6.05
1123.111938,6743,6724,221,24,6.06
1123.211961,6743,6720,83,24,6.06
1123.311931,6743,6720,83,24,6.06
1123.411933,6743,6720,83,24,6.05
1123.511931,6743,6724,17,24,6.05
1123.611989,6743,6724,17,24,6.05
1123.711931,6743,6724,17,24,6.05
1123.811931,6743,6724,58,24,6.05
1123.911932,6743,6724,58,24,6.03
1124.011972,6743,6724,58,24,6.03
1124.111931,6743,6720,58,24,6.03
1124.211931,6743,6720,247,24,6.03
1124.311931,6743,6720,247,24,6.03
1124.411982,6743,6720,247,24,6.06
1124.511931,6743,6716,682,24,6.06
1124.611931,6743,6716,682,24,6.06
1124.711931,6743,6720,682,24,6.07
1124.811973,6743,6720,385,24,6.07
1124.911932,6743,6720,385,24,6.07
1125.011934,6743,6720,385,24,6.07
1125.111932,6743,6720,385,24,6.06
1125.211974,6743,6716,385,24,6.06
1125.311939,6743,6716,385,24,6.06
1125.41193,6743,6720,385,24,6.06
1125.511931,6743,6720,221,24,6.06
1125.611982,6743,6716,221,24,6.06
1125.711931,6743,6720,221,24,6.07
1125.811932,6743,6720,385,24,6.07
1125.911939,6743,6720,385,24,6.06
1126.011975,6743,6720,385,24,6.06
1126.111932,6743,6720,385,24,6.06
1126.211931,6743,6720,426,24,6.06
1126.311934,6743,6720,426,24,6.06
1126.411976,6743,6720,426,24,6.05
1126.511931,6743,6720,221,24,6.05
1126.611939,6743,6724,221,24,6.05
1126.711931,6743,6724,221,24,6.08
1126.811972,6743,6724,385,24,6.08
1126.911931,6743,6720,385,24,6.07
1127.011932,6743,6720,385,24,6.07
1127.111932,6743,6716,385,24,6.07
1127.21196,6743,6716,426,24,6.07
1127.311932,6743,6716,426,24,6.07
1127.411932,6743,6720,426,24,6.03
1127.511932,6743,6720,221,24,6.03
1127.61196,6743,6720,221,24,6.03
1127.711938,6743,6720,221,24,6.05
1127.811931,6743,6720,221,24,6.05
1127.911931,6743,6720,221,24,6.05
1128.01196,6743,6724,221,24,6.05
1128.11193,6743,6724,221,24,6.05
1128.211932,6743,6724,221,24,6.05
1128.31193,6743,6724,221,24,6.05
1128.411961,6743,6724,221,24,6.04
1128.511932,6743,6720,221,24,6.04
1128.611932,6743,6724,221,24,6.04
1128.711932,6743,6720,221,24,6.05
1128.811973,6743,6724,221,24,6.05
1128.911932,6743,6724,221,24,6.05
1129.011931,6743,6724,221,24,6.05
1129.111932,6743,6724,221,24,6.05
1129.21196,6743,6724,221,24,6.05
1129.311932,6743,6724,221,24,6.05
1129.411933,6743,6720,221,24,6.04
1129.511932,6743,6720,385,24,6.04
1129.611959,6743,6720,385,24,6.04
1129.711948,6743,6724,385,24,6.07
1129.81193,6743,6720,385,24,6.07
1129.911932,6743,6720,385,24,6.04
1130.011977,6743,6724,385,24,6.04
1130.111932,6743,6720,385,24,6.03
1130.211931,6743,6720,482,24,6.03
1130.311932,6743,6716,482,24,6.03
1130.41196,6743,6720,482,24,6.03
1130.511941,6743,6720,83,24,6.03
1130.611932,6743,6720,83,24,6.03
1130.71193,6743,6724,83,24,6.06
1130.811959,6743,6720,221,24,6.06
1130.911948,6743,6720,221,24,6.04
1131.011932,6743,6724,221,24,6.04
1131.111989,6743,6716,221,24,6.02
1131.21196,6743,6720,426,24,6.02
1131.31198,6743,6720,426,24,6.02
1131.411932,6743,6712,426,24,6.02
1131.511957,6743,6716,482,24,6.02
1131.611973,6743,6720,482,24,6.02
1131.711932,6743,6716,482,24,6.04
1131.811931,6743,6720,221,24,6.04
1131.911931,6743,6720,221,24,6.07
1132.011975,6743,6724,221,24,6.07
1132.111931,6743,6724,221,24,6.06
1132.211932,6743,6728,221,24,6.06
1132.311932,6743,6724,221,24,6.06
1132.411959,6743,6724,221,24,6.05
1132.511932,6743,6724,221,24,6.05
1132.611932,6743,6724,221,24,6.05
1132.711939,6743,6724,221,24,6.05
1132.811959,6743,6724,426,24,6.05
1132.911931,6743,6724,426,24,6.02
1133.011931,6743,6724,426,24,6.02
1133.111931,6743,6724,426,24,6.06
1133.211974,6743,6728,17,24,6.06
1133.311931,6743,6724,17,24,6.06
1133.411931,6743,6716,17,24,6.05
1133.511939,6743,6716,426,24,6.05
1133.61196,6743,6720,426,24,6.05
1133.711931,6743,6724,426,24,6.05
1133.811932,6743,6728,221,24,6.05
1133.911931,6743,6724,221,24,6.05
1134.011951,6743,6728,221,24,6.05
1134.111931,6743,6724,221,24,6.06
1134.211952,6743,6724,221,24,6.06
1134.311931,6743,6724,221,24,6.06
1134.41196,6743,6724,221,24,6.05
1134.51193,6743,6720,83,24,6.05
1134.611948,6743,6724,83,24,6.05
1134.711931,6743,6724,83,24,6.06
1134.811944,6743,6724,17,24,6.06
1134.91193,6743,6724,17,24,6.06
1135.011953,6743,6724,17,24,6.06
1135.111931,6743,6724,17,24,6.05
1135.211989,6743,6724,221,24,6.05
1135.31193,6743,6728,221,24,6.05
1135.411953,6743,6724,221,24,6.05
1135.511932,6743,6724,221,24,6.05
1135.61196,6743,6728,221,24,6.05
1135.711931,6743,6724,221,24,6.05
1135.811936,6743,6724,58,24,6.05
1135.91193,6743,6720,58,24,6.07
1136.011958,6743,6720,58,24,6.07
1136.111931,6743,6720,58,24,6.07
1136.211932,6743,6716,247,24,6.07
1136.31193,6743,6716,247,24,6.07
1136.411959,6743,6716,247,24,6.06
1136.511931,6743,6720,221,24,6.06
1136.611931,6743,6716,221,24,6.06
1136.711932,6743,6716,221,24,6.07
1136.811958,6743,6716,247,24,6.07
1136.91193,6743,6716,247,24,6.06
1137.011932,6743,6720,247,24,6.06
1137.111931,6743,6716,247,24,6.05
1137.211955,6743,6720,247,24,6.05
1137.311931,6743,6724,247,24,6.05
1137.411933,6743,6728,247,24,6.04
1137.51193,6743,6724,58,24,6.04
1137.611953,6743,6724,58,24,6.04
1137.71193,6743,6724,58,24,6.07
1137.811931,6743,6720,385,24,6.07
1137.911931,6743,6716,385,24,6.04
1138.011954,6743,6716,385,24,6.04
1138.111931,6743,6716,385,24,6.04
1138.211931,6743,6716,247,24,6.04
1138.311931,6743,6716,247,24,6.04
1138.411952,6743,6720,247,24,6.05
1138.511931,6743,6724,17,24,6.05
1138.611932,6743,6724,17,24,6.05
1138.71193,6743,6724,17,24,6.03
1138.811959,6743,6720,426,24,6.03
1138.91193,6743,6716,426,24,6.05
1139.011931,6743,6712,426,24,6.05
1139.111932,6743,6720,426,24,6.06
1139.211949,6743,6720,42,24,6.06
1139.311931,6743,6724,42,24,6.06
1139.411931,6743,6724,42,24,6.05
1139.511932,6743,6720,221,24,6.05
1139.611958,6743,6720,221,24,6.05
1139.711931,6743,6720,221,24,6.06
1139.81194,6743,6716,247,24,6.06
1139.911932,6743,6716,247,24,6.06
1140.011946,6743,6716,247,24,6.06
1140.111931,6743,6716,247,24,6.07
1140.211932,6743,6716,385,24,6.07
1140.311932,6743,6716,385,24,6.07
1140.411946,6743,6716,385,24,6.05
1140.51193,6743,6720,482,24,6.05
1140.611932,6743,6716,482,24,6.05
1140.71193,6743,6716,482,24,6.05
1140.811961,6743,6720,221,24,6.05
1140.911932,6743,6724,221,24,6.05
1141.011932,6743,6728,221,24,6.05
1141.111947,6743,6728,221,24,6.01
1141.211975,6743,6724,95,24,6.01
1141.311934,6743,6720,95,24,6.01
1141.411932,6743,6724,95,24,6.07
1141.511932,6743,6724,445,24,6.07
1141.611975,6743,6720,445,24,6.07
1141.711939,6743,6716,445,24,6.05
1141.811932,6743,6716,518,24,6.05
1141.911931,6743,6716,518,24,6.05
1142.01196,6743,6716,518,24,6.05
1142.111931,6743,6720,518,24,6.05
1142.211931,6743,6720,42,24,6.05
1142.311931,6743,6720,42,24,6.05
1142.411959,6743,6724,42,24,6.04
1142.511932,6743,6724,221,24,6.04
1142.611932,6743,6724,221,24,6.04
1142.711932,6743,6724,221,24,6.05
1142.811975,6743,6720,221,24,6.05
1142.911931,6743,6716,221,24,6.04
1143.011932,6743,6720,221,24,6.04
1143.111931,6743,6720,221,24,6.05
1143.211961,6743,6724,221,24,6.05
1143.311932,6743,6720,221,24,6.05
1143.411932,6743,6720,221,24,6.06
1143.51193,6743,6720,385,24,6.06
1143.611961,6743,6720,385,24,6.06
1143.711931,6743,6716,385,24,6.05
1143.811931,6743,6716,247,24,6.05
1143.911932,6743,6720,247,24,6.07
1144.01196,6743,6720,247,24,6.07
1144.111939,6743,6716,247,24,6.06
1144.211933,6743,6720,385,24,6.06
1144.311931,6743,6724,385,24,6.06
1144.411959,6743,6724,385,24,6.07
1144.511932,6743,6716,426,24,6.07
1144.611933,6743,6720,426,24,6.07
1144.711931,6743,6716,426,24,6.07
1144.811975,6743,6716,385,24,6.07
1144.911931,6743,6720,385,24,6.06
1145.011933,6743,6716,385,24,6.06
1145.11193,6743,6720,385,24,6.03
1145.211949,6743,6724,95,24,6.03
1145.311932,6743,6728,95,24,6.03
1145.411979,6743,6724,95,24,6.05
1145.511932,6743,6728,221,24,6.05
1145.611982,6743,6720,221,24,6.05
1145.711932,6743,6720,221,24,6.05
1145.81195,6743,6720,221,24,6.05
1145.911932,6743,6716,221,24,6.06
1146.011961,6743,6716,221,24,6.06
1146.111932,6743,6720,221,24,6.06
1146.211933,6743,6724,385,24,6.06
1146.311931,6743,6716,385,24,6.06
1146.411959,6743,6720,385,24,6.05
1146.511931,6743,6716,385,24,6.05
1146.611941,6743,6716,385,24,6.05
1146.711933,6743,6720,385,24,6.07
1146.81196,6743,6720,385,24,6.07
1146.91193,6743,6716,385,24,6.06
1147.011932,6743,6720,385,24,6.06
1147.111933,6743,6720,385,24,6.06
1147.211961,6743,6724,368,24,6.06
1147.311932,6743,6720,368,24,6.06
1147.411933,6743,6724,368,24,6.08
1147.511932,6743,6724,221,24,6.08
1147.61196,6743,6724,221,24,6.08
1147.711932,6743,6720,221,24,6.06
1147.811932,6743,6720,426,24,6.06
1147.911945,6743,6720,426,24,6.07
1148.01196,6743,6716,426,24,6.07
1148.111979,6743,6720,426,24,6.07
1148.211931,6743,6720,221,24,6.07
1148.311976,6743,6720,221,24,6.07
1148.411959,6743,6724,221,24,6.04
1148.511958,6743,6728,54,24,6.04
1148.611933,6743,6724,54,24,6.04
1148.711939,6743,6720,54,24,6.04
1148.811959,6743,6716,247,24,6.04
1148.911932,6743,6716,247,24,6.06
1149.011932,6743,6716,247,24,6.06
1149.111932,6743,6720,247,24,6.06
1149.21196,6743,6720,426,24,6.06
1149.311932,6743,6724,426,24,6.06
1149.41195,6743,6724,426,24,6.05
1149.511932,6743,6724,221,24,6.05
1149.611959,6743,6724,221,24,6.05
1149.711931,6743,6724,221,24,6.03
1149.811931,6743,6724,17,24,6.03
1149.911939,6743,6724,17,24,6.03
1150.011959,6743,6724,17,24,6.03
1150.111932,6743,6724,17,24,6.04
1150.211932,6743,6724,221,24,6.04
1150.311932,6743,6720,221,24,6.04
1150.411959,6743,6724,221,24,6.04
1150.511932,6743,6724,221,24,6.04
1150.611932,6743,6724,221,24,6.04
1150.711939,6743,6720,221,24,6.04
1150.811959,6743,6720,221,24,6.04
1150.911932,6743,6720,221,24,6.06
1151.011931,6743,6716,221,24,6.06
1151.11193,6743,6720,221,24,6.06
1151.211958,6743,6712,284,24,6.06
1151.311932,6743,6720,284,24,6.06
1151.411932,6743,6720,284,24,6.06
1151.511948,6743,6724,95,24,6.06
1151.611958,6743,6724,95,24,6.06
1151.71196,6743,6724,95,24,6.06
1151.811934,6743,6720,221,24,6.06
1151.911949,6743,6724,221,24,6.06
1152.011958,6743,6720,221,25,6.06
1152.11196,6743,6720,221,25,6.07
1152.211932,6743,6720,221,25,6.07
1152.311931,6743,6720,221,25,6.07
1152.411983,6743,6720,221,25,6.04
1152.511931,6743,6716,247,25,6.04
1152.611931,6743,6716,247,25,6.04
1152.711931,6743,6724,247,25,6.06
1152.811957,6743,6728,221,25,6.06
1152.911931,6743,6724,221,25,6.05
1153.011931,6743,6728,221,25,6.05
1153.111931,6743,6728,221,25,6.06
1153.21196,6743,6720,83,25,6.06
1153.311933,6743,6720,83,25,6.06
1153.411932,6743,6716,83,25,6.04
1153.511933,6743,6716,385,25,6.04
1153.611985,6743,6716,385,25,6.04
1153.711944,6743,6720,385,25,6.05
1153.811931,6743,6720,42,25,6.05
1153.911933,6743,6724,42,25,6.06
1154.011989,6743,6724,42,25,6.06
1154.111929,6743,6724,42,25,6.03
1154.211931,6743,6712,477,25,6.03
1154.311931,6743,6716,477,25,6.03
1154.411979,6743,6720,477,25,6.06
1154.511931,6743,6724,426,25,6.06
1154.611939,6743,6716,426,25,6.06
1154.711933,6743,6720,426,25,6.06
1154.811976,6743,6724,17,25,6.06
1154.911932,6743,6728,17,25,6.04
1155.011935,6743,6724,17,25,6.04
1155.111933,6743,6720,17,25,6.04
1155.211974,6743,6716,682,25,6.04
1155.311939,6743,6716,682,25,6.04
1155.411934,6743,6716,682,25,6.06
1155.511932,6743,6716,247,25,6.06
1155.61196,6743,6720,247,25,6.06
1155.711935,6743,6720,247,25,6.05
1155.811933,6743,6720,221,25,6.05
1155.911933,6743,6720,221,25,6.07
1156.01196,6743,6724,221,25,6.07
1156.111941,6743,6724,221,25,6.07
1156.211931,6743,6724,83,25,6.07
1156.311931,6743,6724,83,25,6.07
1156.411974,6743,6720,83,25,6.07
1156.511941,6743,6720,83,25,6.07
1156.611933,6743,6716,83,25,6.07
1156.711933,6743,6716,83,25,6.06
1156.811953,6743,6716,518,25,6.06
1156.911932,6743,6716,518,25,6
1157.011933,6743,6716,518,25,6
1157.111931,6743,6716,518,25,6.04
1157.211955,6743,6716,518,25,6.04
1157.31194,6743,6716,518,25,6.04
1157.411932,6743,6716,518,25,6.05
1157.511932,6743,6720,42,25,6.05
1157.611956,6743,6724,42,25,6.05
1157.711939,6743,6724,42,25,6.03
1157.811932,6743,6724,221,25,6.03
1157.91193,6743,6720,221,25,6.03
1158.011956,6743,6724,221,25,6.03
1158.111939,6743,6720,221,25,6.04
1158.211931,6743,6716,482,25,6.04
1158.31195,6743,6720,482,25,6.04
1158.411975,6743,6716,482,25,6.05
1158.511959,6743,6720,247,25,6.05
1158.611931,6743,6720,247,25,6.05
1158.71196,6743,6720,247,25,6.06
1158.811954,6743,6720,221,25,6.06
1158.911948,6743,6720,221,25,6.07
1159.011931,6743,6720,221,25,6.07
1159.111932,6743,6720,221,25,6.06
1159.211976,6743,6720,42,25,6.06
1159.311932,6743,6720,42,25,6.06
1159.411933,6743,6724,42,25,6.04
1159.511932,6743,6720,426,25,6.04
1159.611947,6743,6716,426,25,6.04
1159.71193,6743,6724,426,25,6.06
1159.811932,6743,6720,221,25,6.06
1159.911932,6743,6716,221,25,6.06
1160.011954,6743,6724,221,25,6.06
1160.111932,6743,6716,221,25,6.04
1160.211932,6743,6720,385,25,6.04
1160.311932,6743,6716,385,25,6.04
1160.411953,6743,6720,385,25,6.07
1160.511931,6743,6716,385,25,6.07
1160.611934,6743,6724,385,25,6.07
1160.711931,6743,6720,385,25,6.04
1160.811993,6743,6716,221,25,6.04
1160.911931,6743,6720,221,25,6.05
1161.011933,6743,6720,221,25,6.05
1161.11194,6743,6716,221,25,6.05
1161.211953,6743,6716,247,25,6.05
1161.311931,6743,6720,247,25,6.05
1161.411949,6743,6720,247,25,6.04
1161.511932,6743,6716,247,25,6.04
1161.611947,6743,6716,247,25,6.04
1161.711932,6743,6716,247,25,6.05
1161.811954,6743,6716,518,25,6.05
1161.91194,6743,6720,518,25,6.04
1162.011955,6743,6720,518,25,6.04
1162.111931,6743,6720,518,25,6.05
1162.211951,6743,6724,58,25,6.05
1162.311939,6743,6720,58,25,6.05
1162.411955,6743,6720,58,25,6.06
1162.511932,6743,6720,221,25,6.06
1162.611931,6743,6724,221,25,6.06
1162.711931,6743,6724,221,25,6.02
1162.811978,6743,6720,83,25,6.02
1162.911932,6743,6720,83,25,6.06
1163.011931,6743,6724,83,25,6.06
1163.111932,6743,6720,83,25,6.04
1163.211953,6743,6720,221,25,6.04
1163.311931,6743,6724,221,25,6.04
1163.41193,6743,6724,221,25,6.02
1163.511931,6743,6716,385,25,6.02
1163.611976,6743,6724,385,25,6.02
1163.711941,6743,6720,385,25,6.06
1163.811932,6743,6724,221,25,6.06
1163.911932,6743,6716,221,25,6.06
1164.011984,6743,6724,221,25,6.06
1164.111931,6743,6720,221,25,6.04
1164.211932,6743,6716,247,25,6.04
1164.311931,6743,6720,247,25,6.04
1164.411956,6743,6716,247,25,6.05
1164.511932,6743,6720,221,25,6.05
1164.611932,6743,6720,221,25,6.05
1164.71193,6743,6716,221,25,6.04
1164.811955,6743,6720,426,25,6.04
1164.911932,6743,6724,426,25,6.06
1165.01195,6743,6716,426,25,6.06
1165.111932,6743,6716,426,25,6.04
1165.211973,6743,6724,17,25,6.04
1165.311931,6743,6716,17,25,6.04
1165.41196,6743,6716,17,25,6.04
1165.511931,6743,6720,83,25,6.04
1165.61196,6743,6720,83,25,6.04
1165.711951,6743,6716,83,25,6.05
1165.811931,6743,6716,411,25,6.05
1165.911931,6743,6716,411,25,6.05
1166.012001,6743,6716,411,25,6.05
1166.111939,6743,6712,411,25,6.03
1166.211932,6743,6720,221,25,6.03
1166.311932,6743,6716,221,25,6.03
1166.411959,6743,6720,221,25,6.05
1166.511931,6743,6720,83,25,6.05
1166.611931,6743,6724,83,25,6.05
1166.711931,6743,6720,83,25,6.04
1166.811983,6743,6720,58,25,6.04
1166.911931,6743,6724,58,25,6.05
1167.011942,6743,6716,58,25,6.05
1167.111933,6743,6716,58,25,6.04
1167.21196,6743,6724,58,25,6.04
1167.31193,6743,6716,58,25,6.04
1167.411933,6743,6720,58,25,6.06
1167.511932,6743,6720,385,25,6.06
1167.611959,6743,6728,385,25,6.06
1167.711931,6743,6716,385,25,6.04
1167.811933,6743,6716,247,25,6.04
1167.911932,6743,6716,247,25,6.08
1168.011953,6743,6720,247,25,6.08
1168.111932,6743,6720,247,25,6.03
1168.211931,6743,6720,426,25,6.03
1168.311932,6743,6724,426,25,6.03
1168.411959,6743,6728,426,25,6.06
1168.51193,6743,6728,426,25,6.06
1168.611932,6743,6720,426,25,6.06
1168.711931,6743,6716,426,25,6.04
1168.811959,6743,6732,221,25,6.04
1168.911932,6743,6728,221,25,6.06
1169.011931,6743,6724,221,25,6.06
1169.11193,6743,6724,221,25,6.06
1169.21196,6743,6712,426,25,6.06
1169.31193,6743,6720,426,25,6.06
1169.41193,6743,6720,426,25,6.05
1169.511939,6743,6724,58,25,6.05
1169.611956,6743,6716,58,25,6.05
1169.711931,6743,6728,58,25,6.06
1169.811931,6743,6724,221,25,6.06
1169.911931,6743,6720,221,25,6.05
1170.011953,6743,6724,221,25,6.05
1170.111931,6743,6720,221,25,6.06
1170.211931,6743,6716,247,25,6.06
1170.311932,6743,6720,247,25,6.06
1170.411984,6743,6720,247,25,6.06
1170.51193,6743,6716,426,25,6.06
1170.611931,6743,6720,426,25,6.06
1170.71194,6743,6716,426,25,6.04
1170.811953,6743,6720,426,25,6.04
1170.91193,6743,6716,426,25,6.04
1171.011932,6743,6720,426,25,6.04
1171.111931,6743,6716,426,25,6.05
1171.211988,6743,6716,385,25,6.05
1171.311931,6743,6720,385,25,6.05
1171.411932,6743,6720,385,25,6.03
1171.511931,6743,6716,247,25,6.03
1171.611973,6743,6716,247,25,6.03
1171.711931,6743,6720,247,25,6.04
1171.811932,6743,6716,247,25,6.04
1171.911931,6743,6716,247,25,6.05
1172.011975,6743,6720,247,25,6.05
1172.111938,6743,6720,247,25,6.07
1172.211976,6743,6716,385,25,6.07
1172.311932,6743,6720,385,25,6.07
1172.411947,6743,6716,385,25,6.05
1172.51194,6743,6712,284,25,6.05
1172.611949,6743,6720,284,25,6.05
1172.711932,6743,6712,284,25,6.03
1172.81195,6371,6712,221,25,6.03
1172.911931,6371,6372,221,25,6.08
1173.011931,6371,6372,221,25,6.08
1173.111933,6371,6372,221,25,6.08
1173.211948,6371,6372,0,25,6.08
1173.311932,6371,6372,0,25,6.08
1173.411931,6371,6372,0,25,6.08
1173.511932,6371,6372,0,25,6.08
1173.611948,6371,6372,0,25,6.08
1173.711931,6371,6372,0,25,6.08
1173.811936,6371,6372,0,25,6.08
1173.911931,6371,6372,0,25,6.05
1174.011947,6371,6376,0,25,6.05
1174.111932,6371,6376,0,25,6.07
1174.211933,6371,6376,221,25,6.07
1174.311949,6371,6376,221,25,6.07
1174.411944,6743,6544,221,25,5.79
1174.511974,6743,6720,221,25,5.79
1174.611932,6743,6716,221,25,5.79
1174.71195,6743,6716,221,25,6.02
1174.811945,6743,6716,247,25,6.02
1174.911931,6743,6720,247,25,6.02
1175.01193,6743,6712,247,25,6.02
1175.11193,6743,6724,247,25,6.07
1175.211946,6743,6720,426,25,6.07
1175.31193,6743,6724,426,25,6.07
1175.411932,6743,6716,426,25,6.06
1175.511932,6743,6716,385,25,6.06
1175.611945,6743,6720,385,25,6.06
1175.711931,6743,6720,385,25,6.03
1175.811932,6743,6724,221,25,6.03
1175.91193,6743,6724,221,25,6.06
1176.011953,6743,6724,221,25,6.06
1176.111931,6743,6724,221,25,6.07
1176.211931,6743,6724,17,25,6.07
1176.311933,6743,6724,17,25,6.07
1176.411945,6743,6724,17,25,6.06
1176.511931,6743,6720,42,25,6.06
1176.611931,6743,6724,42,25,6.06
1176.711933,6743,6720,42,25,6.07
1176.811952,6743,6720,42,25,6.07
1176.911931,6743,6716,42,25,6.04
1177.011931,6743,6716,42,25,6.04
1177.111931,6743,6716,42,25,6.04
1177.211946,6743,6716,482,25,6.04
1177.31194,6743,6720,482,25,6.04
1177.411931,6743,6724,482,25,6.04
1177.511932,6743,6728,221,25,6.04
1177.611949,6743,6724,221,25,6.04
1177.711932,6743,6720,221,25,6.03
1177.81193,6743,6716,221,25,6.03
1177.911931,6743,6720,221,25,6.01
1178.011958,6743,6716,221,25,6.01
1178.111931,6743,6712,221,25,6.03
1178.211931,6743,6716,247,25,6.03
1178.31193,6743,6716,247,25,6.03
1178.41196,6743,6720,247,25,6.05
1178.511943,6743,6724,95,25,6.05
1178.611931,6743,6724,95,25,6.05
1178.711948,6743,6724,95,25,6.05
1178.811981,6743,6724,221,25,6.05
1178.911984,6743,6720,221,25,6.04
1179.011933,6743,6720,221,25,6.04
1179.111961,6743,6720,221,25,6.04
1179.211976,6743,6720,221,25,6.04
1179.31195,6743,6720,221,25,6.04
1179.411931,6743,6716,221,25,6.04
1179.511932,6743,6716,385,25,6.04
1179.611976,6743,6716,385,25,6.04
1179.711931,6743,6720,385,25,6.04
1179.811935,6743,6716,426,25,6.04
1179.911932,6743,6716,426,25,6.04
1180.011973,6743,6720,426,25,6.04
1180.111931,6743,6720,426,25,6.05
1180.211935,6743,6720,385,25,6.05
1180.311932,6743,6716,385,25,6.05
1180.41196,6743,6720,385,25,6.05
1180.511931,6743,6720,385,25,6.05
1180.611932,6743,6720,385,25,6.05
1180.711931,6743,6720,385,25,6.07
1180.811976,6743,6724,83,25,6.07
1180.911932,6743,6724,83,25,6.05
1181.011951,6743,6724,83,25,6.05
1181.111931,6743,6724,83,25,6.04
1181.21196,6743,6720,426,25,6.04
1181.31193,6743,6716,426,25,6.04
1181.411939,6743,6716,426,25,6.03
1181.511932,6743,6716,221,25,6.03
1181.611961,6743,6716,221,25,6.03
1181.711931,6743,6716,221,25,6.04
1181.811936,6743,6720,247,25,6.04
1181.911932,6743,6716,247,25,6.07
1182.011982,6743,6716,247,25,6.07
1182.111931,6743,6716,247,25,6.07
1182.211931,6743,6716,247,25,6.07
1182.31193,6743,6716,247,25,6.07
1182.411992,6743,6720,247,25,6.07
1182.511931,6743,6720,247,25,6.07
1182.611932,6743,6720,247,25,6.07
1182.711931,6743,6720,247,25,6.06
1182.81196,6743,6720,441,25,6.06
1182.911931,6743,6716,441,25,6.05
1183.011931,6743,6716,441,25,6.05
1183.11193,6743,6716,441,25,6.06
1183.211944,6743,6716,482,25,6.06
1183.311931,6743,6716,482,25,6.06
1183.411932,6743,6720,482,25,6.04
1183.511932,6743,6720,221,25,6.04
1183.611975,6743,6724,221,25,6.04
1183.711939,6743,6724,221,25,6.04
1183.811931,6743,6724,221,25,6.04
1183.91193,6743,6724,221,25,6.04
1184.011975,6743,6716,221,25,6.04
1184.111933,6743,6724,221,25,6.03
1184.211931,6743,6724,221,25,6.03
1184.311932,6743,6716,221,25,6.03
1184.41196,6743,6724,221,25,6.06
1184.511939,6743,6720,42,25,6.06
1184.611931,6743,6720,42,25,6.06
1184.711931,6743,6720,42,25,6.06
1184.811973,6743,6724,221,25,6.06
1184.911931,6743,6716,221,25,6.06
1185.011932,6743,6720,221,25,6.06
1185.11195,6743,6720,221,25,6.05
1185.211976,6743,6720,221,25,6.05
1185.311931,6743,6720,221,25,6.05
1185.411934,6743,6716,221,25,6.05
1185.511931,6743,6724,221,25,6.05
1185.61196,6743,6720,221,25,6.05
1185.711931,6743,6716,221,25,6.04
1185.811935,6743,6720,221,25,6.04
1185.911933,6371,6716,221,25,6.05
1186.01196,6371,6384,221,25,6.05
1186.111932,6371,6380,221,25,6.06
1186.211931,6371,6368,0,25,6.06
1186.311931,6371,6372,0,25,6.06
1186.411958,6371,6368,0,25,6.07
1186.511932,6371,6372,0,25,6.07
1186.611934,6371,6372,0,25,6.07
1186.711936,6371,6372,0,25,6.07
1186.811982,6371,6372,0,25,6.07
1186.911951,6371,6372,0,25,6.07
1187.011976,6371,6372,0,25,6.07
1187.111976,6371,6372,0,25,6.08
1187.211976,6371,6372,0,25,6.08
1187.311933,6371,6372,0,25,6.08
1187.411935,6371,6372,0,25,6.07
1187.511933,6371,6372,0,25,6.07
1187.611976,6371,6372,0,25,6.07
1187.711934,6371,6372,0,25,6.08
1187.811935,6371,6372,0,25,6.08
1187.911935,6371,6372,0,25,6.08
1188.011977,6371,6372,0,25,6.08
1188.111934,6371,6372,0,25,6.08
1188.211934,6371,6372,0,25,6.08
1188.311934,6371,6372,0,25,6.08
1188.411975,6371,6372,0,25,6.06
1188.511934,6371,6372,0,25,6.06
1188.611934,6371,6372,0,25,6.06
1188.711933,6371,6372,0,25,6.08
1188.811976,6371,6372,0,25,6.08
1188.911931,6371,6372,0,25,6.08
1189.011932,6371,6372,0,25,6.08
1189.111933,6371,6372,0,25,6.08
1189.211974,6371,6372,0,25,6.08
1189.311932,6371,6372,0,25,6.08
1189.411936,6371,6372,0,25,6.08
1189.511934,6371,6372,0,25,6.08
1189.611977,6371,6372,0,25,6.08
1189.711933,6371,6372,0,25,6.08
1189.811932,6371,6372,0,25,6.08
1189.911932,6371,6372,0,25,6.08
1190.011959,6371,6372,0,25,6.08
1190.111933,6371,6372,0,25,6.07
1190.211934,6371,6372,0,25,6.07
1190.311931,6371,6372,0,25,6.07
1190.411974,6371,6372,0,25,6.08
1190.511934,6371,6372,0,25,6.08
1190.611932,6371,6372,0,25,6.08
1190.711931,6371,6372,0,25,6.08
1190.81196,6371,6372,0,25,6.08
1190.911932,6371,6372,0,25,6.07
1191.011944,6371,6372,0,25,6.07
1191.111933,6371,6372,0,25,6.08
1191.211978,6371,6372,0,25,6.08
1191.311932,6371,6372,0,25,6.08
1191.411948,6371,6372,0,25,6.08
1191.511932,6371,6372,0,25,6.08
1191.61196,6371,6372,0,25,6.08
1191.711932,6371,6372,0,25,6.08
1191.811932,6371,6372,0,25,6.08
1191.911932,6371,6372,0,25,6.08
1192.011954,6371,6372,0,25,6.08
1192.111933,6371,6372,0,25,6.07
1192.211934,6371,6372,0,25,6.07
1192.311932,6371,6372,0,25,6.07
1192.41196,6371,6372,0,25,6.08
1192.511935,6371,6372,0,25,6.08
1192.611934,6371,6372,0,25,6.08
1192.711932,6371,6372,0,25,6.07
1192.811946,6371,6372,0,25,6.07
1192.911933,6371,6372,0,25,6.08
1193.011931,6371,6372,0,25,6.08
1193.11193,6371,6372,0,25,6.08
1193.211982,6371,6372,0,25,6.08
1193.311932,6743,6372,0,25,6.08
1193.411932,6743,6704,0,25,6.03
1193.511934,6743,6716,247,25,6.03
1193.611955,6743,6720,247,25,6.03
1193.711943,6743,6716,247,25,6.03
1193.811941,6743,6716,518,25,6.03
1193.91194,6743,6712,518,25,6.03
1194.01196,6743,6724,518,25,6.03
1194.11193,6743,6712,518,25,6.05
1194.211931,6743,6716,385,25,6.05
1194.311932,6743,6716,385,25,6.05
1194.411945,6743,6716,385,25,6.07
1194.511931,6743,6716,482,25,6.07
1194.611956,6743,6716,482,25,6.07
1194.711931,6743,6720,482,25,6.04
1194.811949,6743,6720,385,25,6.04
1194.911931,6743,6716,385,25,6.03
1195.011942,6743,6720,385,25,6.03
1195.111932,6743,6720,385,25,6.05
1195.211957,6743,6716,121,25,6.05
1195.311932,6743,6716,121,25,6.05
1195.411931,6743,6716,121,25,6.05
1195.51193,6743,6712,518,25,6.05
1195.611952,6743,6716,518,25,6.05
1195.711932,6743,6716,518,25,6.04
1195.811932,6371,6716,247,25,6.04
1195.911932,6371,6380,247,25,6.06
1196.01195,6371,6368,247,25,6.06
1196.111932,6371,6368,247,25,6.07
1196.211932,6371,6368,0,25,6.07
1196.311941,6371,6372,0,25,6.07
1196.41195,6371,6372,0,25,6.08
1196.511931,6371,6372,0,25,6.08
1196.611932,6371,6372,0,25,6.08
1196.711934,6371,6372,0,25,6.08
1196.811975,6371,6372,0,25,6.08
1196.911932,6371,6372,0,25,6.05
1197.011946,6371,6372,0,25,6.05
1197.111931,6371,6372,0,25,6.08
1197.211956,6371,6372,0,25,6.08
1197.311988,6371,6372,0,25,6.08
1197.411931,6371,6372,0,25,6.07
1197.51193,6371,6372,0,25,6.07
1197.611949,6371,6372,0,25,6.07
1197.711932,6371,6372,0,25,6.07
1197.811934,6371,6372,0,25,6.07
1197.911931,6371,6372,0,25,6.08
1198.011959,6371,6372,0,25,6.08
1198.111931,6371,6372,0,25,6.08
1198.211931,6371,6372,0,25,6.08
1198.311931,6371,6372,0,25,6.08
1198.41196,6371,6372,0,25,6.07
1198.511933,6371,6372,0,25,6.07
1198.611935,6371,6372,0,25,6.07
1198.711939,6371,6372,0,25,6.08
1198.811983,6371,6372,0,25,6.08
1198.911931,6371,6372,0,25,6.07
1199.011991,6371,6372,0,25,6.07
1199.111934,6371,6372,0,25,6.08
1199.211975,6371,6372,0,25,6.08
1199.311933,6371,6372,0,25,6.08
1199.411931,6371,6372,0,25,6.07
1199.511933,6371,6372,0,25,6.07
1199.611973,6371,6372,0,25,6.07
1199.71193,6371,6372,0,25,6.08
1199.811933,6371,6372,0,25,6.08
1199.911932,6371,6372,0,25,6.07
1200.011957,6371,6372,0,25,6.07
1200.111931,6371,6372,0,25,6.08
1200.21193,6371,6372,0,25,6.08
1200.311931,6371,6372,0,25,6.08
1200.41196,6371,6372,0,25,6.07
1200.511933,6371,6372,0,25,6.07
1200.611932,6371,6372,0,25,6.07
1200.71193,6371,6372,0,25,6.08
1200.811944,6371,6372,0,25,6.08
1200.911932,6371,6372,0,25,6.07
1201.011933,6371,6372,0,25,6.07
1201.111939,6371,6372,0,25,6.08
1201.211961,6371,6372,0,25,6.08
1201.311932,6371,6372,0,25,6.08
1201.41194,6371,6372,0,25,6.08
1201.511932,6371,6372,0,25,6.08
1201.611995,6371,6372,0,25,6.08
1201.711931,6371,6372,0,25,6.08
1201.811934,6371,6372,0,25,6.08
1201.911933,6371,6372,0,25,6.07
1202.011974,6371,6372,0,25,6.07
1202.111942,6371,6372,0,25,6.08
1202.211932,6371,6372,0,25,6.08
1202.311933,6371,6372,0,25,6.08
1202.411975,6371,6372,0,25,6.08
1202.511931,6371,6372,0,25,6.08
1202.611932,6371,6372,0,25,6.08
1202.711931,6371,6372,0,25,6.08
1202.811975,6371,6372,0,25,6.08
1202.911931,6371,6372,0,25,6.08
1203.011931,6371,6372,0,25,6.08
1203.111931,6371,6372,0,25,6.08
1203.21198,6371,6372,0,25,6.08
1203.311938,6371,6372,0,25,6.08
1203.411932,6371,6372,0,25,6.08
1203.511932,6371,6372,0,25,6.08
1203.61196,6371,6372,0,25,6.08
1203.711932,6371,6372,0,25,6.08
1203.811932,6371,6372,0,25,6.08
1203.911932,6371,6372,0,25,6.07
1204.011948,6371,6372,0,25,6.07
1204.111932,6371,6372,0,25,6.08
1204.211932,6371,6372,0,25,6.08
1204.311941,6371,6372,0,25,6.08
1204.411961,6371,6372,0,25,6.07
1204.511979,6371,6372,0,25,6.07
1204.611933,6371,6372,0,25,6.07
1204.711988,6371,6372,0,25,6.07
1204.811974,6371,6372,0,25,6.07
1204.911949,6371,6372,0,25,6.07
1205.011932,6371,6372,0,25,6.07
1205.11194,6371,6372,0,25,6.08
1205.211975,6371,6372,0,25,6.08
1205.311931,6371,6372,0,25,6.08
1205.411932,6371,6372,0,25,6.08
1205.511933,6371,6372,0,25,6.08
1205.61196,6371,6372,0,25,6.08
1205.711933,6371,6372,0,25,6.08
1205.811932,6371,6372,0,25,6.08
1205.911932,6371,6372,0,25,6.08
1206.011973,6371,6372,0,25,6.08
1206.111931,6371,6372,0,25,6.08
1206.211941,6371,6372,0,25,6.08
1206.311932,6371,6372,0,25,6.08
1206.411959,6371,6372,0,25,6.07
1206.511931,6371,6372,0,25,6.07
1206.611938,6371,6372,0,25,6.07
1206.711932,6371,6372,0,25,6.08
1206.811982,6371,6372,0,25,6.08
1206.911932,6371,6372,0,25,6.08
1207.011948,6371,6372,0,25,6.08
1207.11193,6371,6372,0,25,6.08
1207.211961,6371,6372,0,25,6.08
1207.31193,6371,6372,0,25,6.08
1207.411931,6371,6372,0,25,6.08
1207.511931,6371,6372,0,25,6.08
1207.61196,6371,6372,0,25,6.08
1207.711933,6371,6372,0,25,6.08
1207.811931,6371,6372,0,25,6.08
1207.911932,6371,6372,0,25,6.08
1208.01196,6371,6372,0,25,6.08
1208.111931,6371,6372,0,25,6.08
1208.211932,6371,6372,0,25,6.08
1208.311932,6371,6372,0,25,6.08
1208.411973,6371,6372,0,25,6.07
1208.51193,6371,6372,0,25,6.07
1208.611932,6371,6372,0,25,6.07
1208.71193,6371,6372,0,25,6.07
1208.811948,6371,6372,0,25,6.07
1208.911932,6371,6372,0,25,6.08
1209.01193,6371,6372,0,25,6.08
1209.111931,6371,6372,0,25,6.08
1209.211973,6371,6372,0,25,6.08
1209.311931,6371,6372,0,25,6.08
1209.411933,6371,6372,0,25,6.07
1209.511931,6371,6372,0,25,6.07
1209.61196,6371,6372,0,25,6.07
1209.711933,6371,6372,0,25,6.08
1209.811932,6371,6372,0,25,6.08
1209.911932,6371,6372,0,25,6.07
1210.011958,6371,6372,0,25,6.07
1210.111931,6371,6372,0,25,6.08
1210.211933,6371,6372,0,25,6.08
1210.311932,6371,6372,0,25,6.08
1210.411954,6371,6372,0,25,6.07
1210.511932,6371,6372,0,25,6.07
1210.611932,6371,6372,0,25,6.07
1210.711931,6371,6372,0,25,6.08
1210.81198,6371,6372,0,25,6.08
1210.911931,6371,6372,0,25,6.08
1211.011931,6371,6372,0,25,6.08
1211.111975,6371,6372,0,25,6.08
1211.21198,6371,6372,0,25,6.08
1211.311989,6371,6372,0,25,6.08
1211.411932,6371,6372,0,25,6.08
1211.511949,6743,6372,498,25,6.08
1211.61196,6743,6720,498,25,6.08
1211.711931,6743,6724,498,25,6.08
1211.811932,6743,6716,247,25,6.08
1211.91193,6743,6724,247,25,6.05
1212.011961,6743,6716,247,25,6.05
1212.111931,6743,6720,247,25,6
1212.211934,6743,6728,221,25,6
1212.31193,6743,6724,221,25,6
1212.411979,6743,6716,221,25,6.06
1212.511931,6743,6720,385,25,6.06
1212.611932,6743,6720,385,25,6.06
1212.711932,6743,6720,385,25,6.05
1212.811989,6743,6716,426,25,6.05
1212.911932,6743,6716,426,25,6.06
1213.01193,6743,6716,426,25,6.06
1213.111931,6743,6720,426,25,6.05
1213.211948,6743,6716,385,25,6.05
1213.311932,6743,6720,385,25,6.05
1213.411932,6743,6720,385,25,6.05
1213.511931,6743,6712,411,25,6.05
1213.611946,6743,6716,411,25,6.05
1213.711933,6743,6716,411,25,6.03
1213.811932,6743,6716,247,25,6.03
1213.911931,6743,6720,247,25,6.04
1214.011957,6743,6720,247,25,6.04
1214.11193,6743,6720,247,25,6.05
1214.211935,6743,6720,58,25,6.05
1214.311932,6743,6716,58,25,6.05
1214.411984,6743,6716,58,25,6.05
1214.511932,6743,6716,518,25,6.05
1214.611933,6743,6720,518,25,6.05
1214.711931,6743,6720,518,25,6.04
1214.811952,6743,6720,58,25,6.04
1214.911932,6743,6720,58,25,6.04
1215.011932,6743,6716,58,25,6.04
1215.11193,6743,6716,58,25,6.06
1215.211976,6743,6720,221,25,6.06
1215.311931,6743,6720,221,25,6.06
1215.411932,6743,6720,221,25,6.04
1215.51194,6743,6712,247,25,6.04
1215.611951,6743,6716,247,25,6.04
1215.711932,6371,6668,247,25,5.39
1215.811933,6371,6372,0,25,5.39
1215.911932,6371,6372,0,25,6.08
1216.011948,6371,6372,0,25,6.08
1216.111931,6371,6372,0,25,6.08
1216.211933,6371,6372,0,25,6.08
1216.311932,6371,6372,0,25,6.08
1216.411961,6371,6372,0,25,6.07
1216.511938,6371,6372,0,25,6.07
1216.611932,6371,6372,0,25,6.07
1216.71193,6371,6372,0,25,6.08
1216.811972,6371,6372,0,25,6.08
1216.911933,6371,6372,0,25,6.08
1217.011941,6371,6372,0,25,6.08
1217.111987,6371,6372,0,25,6.08
1217.211989,6371,6372,0,25,6.08
1217.311988,6371,6372,0,25,6.08
1217.411944,6371,6372,0,25,6.08
1217.511948,6371,6372,0,25,6.08
1217.611948,6371,6372,0,25,6.08
1217.711932,6371,6372,0,25,6.07
1217.811939,6371,6372,0,25,6.07
1217.911932,6371,6372,0,25,6.08
1218.01196,6371,6372,0,25,6.08
1218.111931,6371,6372,0,25,6.08
1218.211934,6371,6372,0,25,6.08
1218.31193,6371,6372,0,25,6.08
1218.41196,6371,6372,0,25,6.08
1218.511931,6371,6372,0,25,6.08
1218.611933,6371,6372,0,25,6.08
1218.711932,6371,6372,0,25,6.07
1218.811982,6371,6372,0,25,6.07
1218.911931,6371,6372,0,25,6.08
1219.011932,6371,6372,0,25,6.08
1219.111931,6371,6372,0,25,6.08
1219.211961,6371,6372,0,25,6.08
1219.311932,6371,6372,0,25,6.08
1219.411932,6371,6372,0,25,6.08
1219.511932,6371,6372,0,25,6.08
1219.611985,6371,6372,0,25,6.08
1219.711932,6371,6372,0,25,6.08
1219.811932,6371,6372,0,25,6.08
1219.91193,6371,6372,0,25,6.08
1220.01195,6371,6372,0,25,6.08
1220.11193,6371,6372,0,25,6.06
1220.211932,6371,6372,0,25,6.06
1220.31194,6371,6372,0,25,6.06
1220.411954,6371,6372,0,25,6.08
1220.51193,6371,6372,0,25,6.08
1220.611933,6371,6372,0,25,6.08
1220.711931,6371,6372,0,25,6.07
1220.811951,6371,6372,0,25,6.07
1220.911931,6371,6372,0,25,6.08
1221.011932,6371,6372,0,25,6.08
1221.111933,6371,6372,0,25,6.07
1221.211958,6371,6372,0,25,6.07
1221.311932,6371,6372,0,25,6.07
1221.411931,6371,6372,0,25,6.08
1221.511931,6371,6372,0,25,6.08
1221.611961,6371,6372,0,25,6.08
1221.711931,6371,6372,0,25,6.07
1221.811935,6371,6372,0,25,6.07
1221.911931,6371,6372,0,25,6.08
1222.01196,6371,6372,0,25,6.08
1222.111931,6371,6372,0,25,6.08
1222.211932,6371,6372,0,25,6.08
1222.311931,6371,6372,0,25,6.08
1222.41196,6371,6372,0,25,6.08
1222.511932,6371,6372,0,25,6.08
1222.611931,6371,6372,0,25,6.08
1222.711933,6371,6372,0,25,6.08
1222.811992,6371,6372,0,25,6.08
1222.911933,6371,6372,0,25,6.07
1223.011931,6371,6372,0,25,6.07
1223.11193,6371,6372,0,25,6.08
1223.211959,6743,6652,440,25,6.08
1223.311931,6743,6716,440,25,6.08
1223.411933,6743,6720,440,25,6.04
1223.511931,6743,6716,247,25,6.04
1223.611975,6743,6716,247,25,6.04
1223.711931,6743,6720,247,25,6.04
1223.811948,6743,6716,426,25,6.04
1223.911931,6743,6720,426,25,6.05
1224.011981,6743,6720,426,25,6.05
1224.111932,6743,6724,426,25,6.05
1224.211984,6743,6716,247,25,6.05
1224.311931,6743,6724,247,25,6.05
1224.411985,6743,6728,247,25,6.07
1224.511931,6743,6720,83,25,6.07
1224.611932,6743,6716,83,25,6.07
1224.711932,6743,6720,83,25,6.06
1224.811984,6743,6720,426,25,6.06
1224.911931,6743,6720,426,25,6.05
1225.01193,6743,6720,426,25,6.05
1225.111932,6743,6720,426,25,6.06
1225.211947,6743,6716,247,25,6.06
1225.311931,6743,6716,247,25,6.06
1225.411932,6743,6716,247,25,6.05
1225.511931,6743,6716,247,25,6.05
1225.61196,6743,6720,247,25,6.05
1225.71193,6743,6716,247,25,6.05
1225.811932,6743,6724,221,25,6.05
1225.911931,6743,6720,221,25,6.03
1226.011958,6743,6724,221,25,6.03
1226.11193,6743,6720,221,25,6.04
1226.211931,6743,6720,42,25,6.04
1226.311931,6743,6716,42,25,6.04
1226.41196,6743,6724,42,25,6.04
1226.511931,6743,6720,83,25,6.04
1226.611939,6743,6720,83,25,6.04
1226.71193,6743,6716,83,25,6.06
1226.811984,6743,6724,221,25,6.06
1226.911931,6743,6716,221,25,6.04
1227.011932,6743,6716,221,25,6.04
1227.111957,6743,6720,221,25,6.06
1227.21196,6743,6724,58,25,6.06
1227.311931,6743,6720,58,25,6.06
1227.411935,6743,6716,58,25,6.04
1227.511932,6743,6724,221,25,6.04
1227.611958,6743,6728,221,25,6.04
1227.711932,6743,6728,221,25,6.07
1227.811933,6743,6732,17,25,6.07
1227.911932,6743,6724,17,25,6.05
1228.01196,6743,6724,17,25,6.05
1228.111938,6743,6724,17,25,6.05
1228.211947,6743,6716,426,25,6.05
1228.311938,6743,6716,426,25,6.05
1228.411982,6743,6720,426,25,6.06
1228.511938,6743,6716,247,25,6.06
1228.61195,6743,6716,247,25,6.06
1228.711932,6743,6724,247,25,6.06
1228.811982,6743,6728,17,25,6.06
1228.911939,6743,6724,17,25,6.05
1229.011942,6743,6720,17,25,6.05
1229.111931,6743,6720,17,25,6.03
1229.211961,6743,6720,385,25,6.03
1229.311932,6743,6716,385,25,6.03
1229.411931,6743,6720,385,25,6.07
1229.511932,6743,6716,426,25,6.07
1229.611984,6743,6720,426,25,6.07
1229.711948,6743,6724,426,25,6.06
1229.811931,6743,6724,17,25,6.06
1229.911985,6743,6724,17,25,6.04
1230.011958,6743,6724,17,25,6.04
1230.111944,6743,6724,17,25,6.04
1230.211933,6743,6724,221,25,6.04
1230.31196,6743,6724,221,25,6.04
1230.411958,6743,6724,221,25,6.04
1230.51195,6743,6724,221,25,6.04
1230.611952,6743,6724,221,25,6.04
1230.71193,6743,6724,221,25,6.03
1230.811983,6743,6728,105,25,6.03
1230.911931,6743,6724,105,25,6.03
1231.01194,6743,6724,105,25,6.03
1231.111932,6743,6728,105,25,6.06
1231.211957,6743,6724,58,25,6.06
1231.311943,6743,6724,58,25,6.06
1231.411931,6743,6724,58,25,6.03
1231.511931,6743,6724,58,25,6.03
1231.61196,6743,6724,58,25,6.03
1231.71193,6743,6720,58,25,6.03
1231.811932,6743,6716,556,25,6.03
1231.91194,6743,6716,556,25,6.03
1232.011959,6743,6720,556,25,6.03
1232.111932,6743,6716,556,25,6.04
1232.211933,6743,6724,17,25,6.04
1232.311931,6743,6716,17,25,6.04
1232.411981,6743,6724,17,25,6.06
1232.51193,6743,6720,221,25,6.06
1232.61194,6743,6720,221,25,6.06
1232.711932,6743,6720,221,25,6.05
1232.811993,6743,6724,221,25,6.05
1232.911932,6743,6716,221,25,6.05
1233.011933,6743,6720,221,25,6.05
1233.111931,6743,6720,221,25,6.07
1233.211953,6743,6716,247,25,6.07
1233.311931,6743,6716,247,25,6.07
1233.411931,6743,6720,247,25,6.03
1233.511931,6743,6720,83,25,6.03
1233.611956,6743,6712,83,25,6.03
1233.711932,6743,6720,83,25,6.06
1233.811932,6371,6720,221,25,6.06
1233.911932,6371,6376,221,25,6.07
1234.01196,6371,6376,221,25,6.07
1234.111938,6371,6368,221,25,6.07
1234.211932,6371,6372,0,25,6.07
1234.311932,6371,6368,0,25,6.07
1234.411951,6371,6372,0,25,6.07
1234.511932,6371,6372,0,25,6.07
1234.611932,6371,6372,0,25,6.07
1234.711932,6371,6372,0,25,6.08
1234.811953,6371,6372,0,25,6.08
1234.911933,6371,6372,0,25,6.08
1235.01193,6371,6368,0,25,6.08
1235.111931,6371,6372,0,25,6.08
1235.211978,6371,6372,0,25,6.08
1235.311931,6371,6372,0,25,6.08
1235.411932,6371,6372,0,25,6.08
1235.511931,6371,6372,0,25,6.08
1235.611945,6371,6372,0,25,6.08
1235.711931,6371,6372,0,25,6.08
1235.811933,6371,6372,0,25,6.08
1235.911939,6371,6372,0,25,6.07
1236.01195,6371,6372,0,25,6.07
1236.111931,6371,6372,0,25,6.07
1236.211932,6371,6372,0,25,6.07
1236.311932,6371,6372,0,25,6.07
1236.411951,6371,6372,0,25,6.08
1236.511931,6371,6372,0,25,6.08
1236.611931,6371,6372,0,25,6.08
1236.711932,6371,6372,0,25,6.08
1236.811985,6371,6372,0,25,6.08
1236.911932,6371,6372,0,25,6.08
1237.011933,6371,6372,0,25,6.08
1237.111931,6371,6372,0,25,6.08
1237.211953,6371,6372,0,25,6.08
1237.311933,6371,6372,0,25,6.08
1237.411932,6371,6372,0,25,6.08
1237.511956,6371,6372,0,25,6.08
1237.611952,6371,6372,0,25,6.08
1237.711958,6371,6372,0,25,6.07
1237.811936,6371,6372,0,25,6.07
1237.911949,6371,6372,0,25,6.07
1238.011977,6371,6372,0,25,6.07
1238.111933,6371,6372,0,25,6.08
1238.211951,6371,6372,0,25,6.08
1238.311939,6371,6372,0,25,6.08
1238.411977,6371,6372,0,25,6.08
1238.511933,6371,6372,0,25,6.08
1238.611932,6371,6372,0,25,6.08
1238.71194,6371,6372,0,25,6.08
1238.811975,6371,6372,0,25,6.08
1238.911931,6371,6372,0,25,6.08
1239.011931,6371,6372,0,25,6.08
1239.111949,6371,6372,0,25,6.08
1239.211943,6371,6372,0,25,6.08
1239.311984,6371,6372,0,25,6.08
1239.411932,6371,6372,0,25,6.07
1239.511948,6371,6372,0,25,6.07
1239.611953,6371,6372,0,25,6.07
1239.711939,6371,6372,0,25,6.08
1239.811934,6371,6372,0,25,6.08
1239.911931,6371,6372,0,25,6.08
1240.011951,6371,6372,0,25,6.08
1240.111931,6371,6372,0,25,6.08
1240.211931,6371,6372,0,25,6.08
1240.311933,6371,6372,0,25,6.08
1240.411957,6371,6372,0,25,6.08
1240.511941,6371,6372,0,25,6.08
1240.611933,6371,6372,0,25,6.08
1240.71193,6371,6372,0,25,6.07
1240.811975,6371,6372,0,25,6.07
1240.911931,6371,6372,0,25,6.07
1241.011934,6371,6372,0,25,6.07
1241.111939,6371,6372,0,25,6.08
1241.211952,6371,6372,0,25,6.08
1241.311932,6371,6372,0,25,6.08
1241.411931,6371,6372,0,25,6.08
1241.511942,6371,6372,0,25,6.08
1241.611958,6371,6372,0,25,6.08
1241.711931,6371,6372,0,25,6.07
1241.811935,6371,6372,0,25,6.07
1241.911934,6371,6372,0,25,6.08
1242.011953,6371,6372,0,25,6.08
1242.111932,6371,6372,0,25,6.08
1242.211932,6371,6372,0,25,6.08
1242.311932,6371,6372,0,25,6.08
1242.411961,6371,6372,0,25,6.08
1242.511931,6371,6372,0,25,6.08
1242.611933,6371,6372,0,25,6.08
1242.711939,6371,6372,0,25,6.09
1242.811954,6371,6372,0,25,6.09
1242.911932,6371,6372,0,25,6.07
1243.011938,6371,6372,0,25,6.07
1243.111932,6371,6372,0,25,6.08
1243.211948,6371,6372,0,25,6.08
1243.311931,6371,6372,0,25,6.08
1243.411984,6371,6372,0,25,6.08
1243.511932,6371,6372,0,25,6.08
1243.611954,6371,6372,0,25,6.08
1243.711944,6371,6372,0,25,6.08
1243.811934,6371,6372,0,25,6.08
1243.911931,6371,6372,0,25,6.08
1244.011954,6371,6372,0,25,6.08
1244.11194,6371,6372,0,25,6.08
1244.211931,6371,6372,0,25,6.08
1244.31193,6371,6372,0,25,6.08
1244.411975,6371,6372,0,25,6.08
1244.511931,6371,6372,0,25,6.08
1244.611931,6371,6372,0,25,6.08
1244.71193,6371,6372,0,25,6.08
1244.811979,6371,6372,0,25,6.08
1244.911931,6371,6372,0,25,6.07
1245.011931,6371,6372,0,25,6.07
1245.111932,6371,6372,0,25,6.08
1245.211961,6371,6372,0,25,6.08
1245.311931,6371,6372,0,25,6.08
1245.411932,6371,6372,0,25,6.08
1245.511931,6371,6372,0,25,6.08
1245.611956,6371,6372,0,25,6.08
1245.711929,6371,6372,0,25,6.08
1245.811947,6371,6372,0,25,6.08
1245.91194,6371,6372,0,25,6.08
1246.011961,6371,6372,0,25,6.08
1246.111932,6371,6372,0,25,6.08
1246.211931,6371,6372,0,25,6.08
1246.311931,6371,6372,0,25,6.08
1246.411959,6371,6372,0,25,6.07
1246.511932,6371,6372,0,25,6.07
1246.611931,6371,6372,0,25,6.07
1246.71193,6371,6372,0,25,6.08
1246.811985,6371,6372,0,25,6.08
1246.911931,6371,6372,0,25,6.07
1247.011931,6371,6372,0,25,6.07
1247.111931,6371,6372,0,25,6.08
1247.211959,6371,6372,0,25,6.08
1247.311931,6371,6372,0,25,6.08
1247.41193,6743,6412,0,25,5.36
1247.511938,6743,6720,221,25,5.36
1247.611973,6743,6720,221,25,5.36
1247.71193,6743,6716,221,25,6.01
1247.811934,6743,6712,284,25,6.01
1247.911931,6743,6708,284,25,6.04
1248.011944,6743,6712,284,25,6.04
1248.111932,6743,6720,284,25,6.04
1248.211932,6743,6716,146,25,6.04
1248.311931,6743,6716,146,25,6.04
1248.41196,6743,6716,146,25,6.05
1248.511932,6743,6720,221,25,6.05
1248.61198,6743,6716,221,25,6.05
1248.711932,6743,6716,221,25,6.04
1248.811956,6743,6720,42,25,6.04
1248.91193,6743,6716,42,25,6.05
1249.011933,6743,6720,42,25,6.05
1249.111932,6743,6716,42,25,6.04
1249.211974,6743,6720,426,25,6.04
1249.311931,6743,6720,426,25,6.04
1249.411988,6743,6720,426,25,6.05
1249.511932,6743,6716,247,25,6.05
1249.611947,6743,6716,247,25,6.05
1249.711932,6743,6720,247,25,6.06
1249.811991,6743,6720,83,25,6.06
1249.911932,6743,6720,83,25,6.08
1250.011984,6743,6716,83,25,6.08
1250.111932,6743,6716,83,25,6.02
1250.211933,6743,6716,247,25,6.02
1250.311931,6743,6720,247,25,6.02
1250.411954,6743,6716,247,25,6.03
1250.511932,6743,6712,247,25,6.03
1250.611933,6743,6716,247,25,6.03
1250.711932,6743,6720,247,25,6.06
1250.811977,6743,6716,247,25,6.06
1250.911931,6743,6712,247,25,6.03
1251.011932,6371,6712,247,25,6.03
1251.111932,6371,6380,247,25,6.07
1251.211978,6371,6372,0,25,6.07
1251.311932,6371,6372,0,25,6.07
1251.41195,6371,6372,0,25,6.08
1251.511931,6371,6372,0,25,6.08
1251.611959,6371,6372,0,25,6.08
1251.711932,6371,6372,0,25,6.08
1251.811945,6371,6372,0,25,6.08
1251.911931,6371,6372,0,25,6.07
1252.011977,6371,6372,0,25,6.07
1252.111931,6371,6372,0,25,6.07
1252.211934,6371,6376,317,25,6.07
1252.311931,6371,6372,317,25,6.07
1252.41196,6371,6372,317,25,6.08
1252.511934,6371,6372,0,25,6.08
1252.611932,6371,6372,0,25,6.08
1252.711931,6371,6372,0,25,6.08
1252.811973,6371,6372,0,25,6.08
1252.911932,6371,6372,0,25,6.08
1253.011932,6371,6372,0,25,6.08
1253.11193,6371,6372,0,25,6.08
1253.211959,6371,6372,0,25,6.08
1253.31193,6743,6548,0,25,6.08
1253.411932,6743,6720,0,25,6.08
1253.511934,6743,6716,121,25,6.08
1253.611957,6743,6720,121,25,6.08
1253.711931,6743,6716,121,25,6.06
1253.811952,6743,6720,83,25,6.06
1253.91193,6743,6716,83,25,6.04
1254.011959,6743,6720,83,25,6.04
1254.11194,6743,6720,83,25,6.02
1254.211933,6743,6720,221,25,6.02
1254.311931,6743,6720,221,25,6.02
1254.411957,6743,6716,221,25,6.04
1254.51193,6743,6720,247,25,6.04
1254.61194,6743,6720,247,25,6.04
1254.711931,6743,6716,247,25,6.04
1254.811977,6743,6716,247,25,6.04
1254.911931,6743,6716,247,25,6.04
1255.011933,6743,6716,247,25,6.04
1255.111932,6743,6716,247,25,6.04
1255.211946,6743,6720,247,25,6.04
1255.311931,6743,6712,247,25,6.04
1255.411939,6743,6712,247,25,6.03
1255.511932,6743,6720,247,25,6.03
1255.611952,6743,6720,247,25,6.03
1255.711931,6743,6720,247,25,6.05
1255.811934,6743,6720,221,25,6.05
1255.911932,6743,6720,221,25,6.05
1256.011945,6743,6724,221,25,6.05
1256.111931,6743,6720,221,25,6.06
1256.211932,6743,6720,221,25,6.06
1256.311979,6743,6716,221,25,6.06
1256.411954,6743,6720,221,25,6.05
1256.511943,6743,6724,58,25,6.05
1256.61193,6743,6724,58,25,6.05
1256.711949,6743,6724,58,25,6.05
1256.811977,6743,6724,221,25,6.05
1256.911931,6743,6724,221,25,6.06
1257.011934,6743,6724,221,25,6.06
1257.111931,6743,6724,221,25,6.04
1257.211958,6743,6720,83,25,6.04
1257.311931,6743,6720,83,25,6.04
1257.411933,6743,6720,83,25,6.07
1257.511932,6743,6716,385,25,6.07
1257.611945,6743,6720,385,25,6.07
1257.711931,6743,6724,385,25,6.04
1257.811951,6743,6724,221,25,6.04
1257.911931,6743,6720,221,25,6.03
1258.011941,6743,6720,221,25,6.03
1258.111932,6743,6724,221,25,6.05
1258.211933,6743,6720,385,25,6.05
1258.311931,6743,6720,385,25,6.05
1258.41194,6743,6716,385,25,6.05
1258.511932,6743,6724,58,25,6.05
1258.611931,6743,6720,58,25,6.05
1258.711932,6743,6724,58,25,6.04
1258.81196,6743,6720,221,25,6.04
1258.91193,6743,6724,221,25,6.07
1259.011931,6743,6716,221,25,6.07
1259.111931,6743,6724,221,25,6.06
1259.211957,6743,6716,385,25,6.06
1259.311931,6743,6720,385,25,6.06
1259.411932,6743,6716,385,25,6.04
1259.511932,6743,6720,221,25,6.04
1259.611943,6743,6720,221,25,6.04
1259.711931,6743,6716,221,25,6.04
1259.811934,6743,6720,83,25,6.04
1259.911932,6743,6720,83,25,6.04
1260.011941,6743,6720,83,25,6.04
1260.111932,6743,6716,83,25,6.03
1260.211933,6743,6712,452,25,6.03
1260.311932,6743,6708,452,25,6.03
1260.411941,6743,6716,452,25,6.04
1260.511932,6743,6716,247,25,6.04
1260.611933,6743,6716,247,25,6.04
1260.711933,6743,6716,247,25,6.04
1260.811977,6743,6716,247,25,6.04
1260.911932,6743,6716,247,25,6.04
1261.011932,6743,6720,247,25,6.04
1261.111946,6743,6720,247,25,6.05
1261.211945,6743,6716,247,25,6.05
1261.311981,6743,6716,247,25,6.05
1261.411941,6371,6720,247,25,6.05
1261.511948,6371,6380,146,25,6.05
1261.611958,6371,6368,146,25,6.05
1261.711931,6371,6368,146,25,6.07
1261.811947,6371,6372,0,25,6.07
1261.911934,6371,6368,0,25,6.08
1262.011953,6371,6372,0,25,6.08
1262.111933,6371,6372,0,25,6.08
1262.211932,6371,6372,0,25,6.08
1262.311931,6371,6372,0,25,6.08
1262.411942,6371,6372,0,25,6.08
1262.511933,6371,6372,0,25,6.08
1262.61194,6371,6372,0,25,6.08
1262.711933,6371,6372,0,25,6.07
1262.811989,6371,6372,0,25,6.07
1262.911956,6371,6372,0,25,6.08
1263.011933,6371,6372,0,25,6.08
1263.111945,6371,6372,0,25,6.07
1263.211959,6371,6372,0,25,6.07
1263.311959,6371,6372,0,25,6.07
1263.411932,6371,6372,0,25,6.08
1263.511956,6371,6372,0,25,6.08
1263.611941,6371,6372,0,25,6.08
1263.711933,6371,6372,0,25,6.08
1263.811948,6743,6548,1218,25,6.08
1263.91194,6743,6716,1218,25,6.03
1264.011957,6743,6716,1218,25,6.03
1264.111931,6743,6720,1218,25,6.07
1264.21194,6743,6716,247,25,6.07
1264.311931,6743,6720,247,25,6.07
1264.411957,6743,6724,247,25,6.07
1264.511934,6743,6724,385,25,6.07
1264.611932,6743,6724,385,25,6.07
1264.711932,6743,6720,385,25,6.04
1264.811979,6743,6724,221,25,6.04
1264.911933,6743,6724,221,25,6.07
1265.011944,6743,6716,221,25,6.07
1265.111933,6743,6720,221,25,6.07
1265.21198,6743,6724,221,25,6.07
1265.311932,6743,6716,221,25,6.07
1265.411932,6743,6724,221,25,6.04
1265.511932,6743,6720,426,25,6.04
1265.611957,6743,6720,426,25,6.04
1265.711932,6743,6716,426,25,6.04
1265.811949,6743,6716,385,25,6.04
1265.911932,6743,6716,385,25,6.07
1266.011957,6743,6720,385,25,6.07
1266.111939,6743,6712,385,25,6.04
1266.211931,6743,6716,83,25,6.04
1266.311932,6743,6712,83,25,6.04
1266.411957,6743,6720,83,25,6.04
1266.511931,6743,6720,221,25,6.04
1266.611931,6743,6720,221,25,6.04
1266.71193,6743,6720,221,25,6.03
1266.811981,6743,6716,247,25,6.03
1266.91193,6743,6720,247,25,6.04
1267.011933,6743,6720,247,25,6.04
1267.11194,6743,6720,247,25,6.04
1267.211958,6743,6720,221,25,6.04
1267.311932,6743,6716,221,25,6.04
1267.411933,6743,6720,221,25,6.05
1267.511931,6743,6720,518,25,6.05
1267.611976,6743,6724,518,25,6.05
1267.711932,6743,6716,518,25,6.04
1267.811949,6743,6716,58,25,6.04
1267.911931,6743,6724,58,25,6.06
1268.01196,6743,6724,58,25,6.06
1268.111931,6743,6724,58,25,6.05
1268.211933,6743,6716,247,25,6.05
1268.31194,6743,6720,247,25,6.05
1268.411978,6743,6728,247,25,6.06
1268.511942,6743,6728,221,25,6.06
1268.61198,6743,6724,221,25,6.06
1268.711934,6743,6724,221,25,6.05
1268.811979,6743,6724,221,25,6.05
1268.911932,6743,6724,221,25,6.05
1269.011951,6743,6724,221,25,6.05
1269.111932,6743,6720,221,25,6.05
1269.211958,6743,6716,247,25,6.05
1269.311931,6743,6720,247,25,6.05
1269.411931,6743,6720,247,25,6.08
1269.511932,6743,6716,247,25,6.08
1269.611958,6743,6716,247,25,6.08
1269.711932,6743,6716,247,25,6.05
1269.811949,6743,6716,247,25,6.05
1269.911932,6743,6716,247,25,6.04
1270.011958,6743,6716,247,25,6.04
1270.111932,6743,6716,247,25,6.06
1270.211932,6743,6716,247,25,6.06
1270.311931,6743,6716,247,25,6.06
1270.411959,6743,6720,247,25,6.04
1270.51195,6743,6716,247,25,6.04
1270.611933,6743,6720,247,25,6.04
1270.711932,6743,6716,247,25,6.03
1270.811981,6743,6720,42,25,6.03
1270.911933,6743,6720,42,25,6.06
1271.011933,6743,6716,42,25,6.06
1271.111934,6743,6720,42,25,6.06
1271.211957,6743,6716,247,25,6.06
1271.311932,6743,6716,247,25,6.06
1271.411932,6743,6720,247,25,6.04
1271.511931,6743,6712,284,25,6.04
1271.611957,6743,6720,284,25,6.04
1271.711932,6743,6716,284,25,6.05
1271.811957,6743,6720,221,25,6.05
1271.911931,6743,6716,221,25,6.05
1272.011958,6743,6720,221,25,6.05
1272.111933,6743,6716,221,25,6.05
1272.211932,6743,6720,221,25,6.05
1272.311931,6743,6716,221,25,6.05
1272.411956,6743,6720,221,25,6.05
1272.511932,6743,6720,221,25,6.05
1272.611933,6743,6720,221,25,6.05
1272.711933,6743,6720,221,25,6.05
1272.811984,6743,6720,83,25,6.05
1272.911932,6743,6720,83,25,6.04
1273.011932,6743,6716,83,25,6.04
1273.111939,6743,6720,83,25,6.05
1273.211956,6743,6720,247,25,6.05
1273.311931,6743,6720,247,25,6.05
1273.411933,6743,6720,247,25,6.05
1273.511932,6743,6720,221,25,6.05
1273.611955,6743,6716,221,25,6.05
1273.71193,6743,6720,221,25,6.08
1273.811951,6743,6720,58,25,6.08
1273.91193,6743,6724,58,25,6.08
1274.01196,6743,6720,58,25,6.08
1274.111931,6743,6716,58,25,6.05
1274.21194,6743,6720,42,25,6.05
1274.311932,6743,6716,42,25,6.05
1274.411981,6743,6720,42,25,6.04
1274.511933,6743,6720,221,25,6.04
1274.611958,6743,6716,221,25,6.04
1274.711932,6743,6716,221,25,6.06
1274.811979,6743,6720,221,25,6.06
1274.911932,6743,6720,221,25,6.05
1275.011952,6743,6720,221,25,6.05
1275.111933,6743,6716,221,25,6.04
1275.211942,6743,6720,42,25,6.04
1275.311932,6743,6720,42,25,6.04
1275.41194,6743,6720,42,25,6.03
1275.511933,6743,6720,83,25,6.03
1275.611976,6743,6716,83,25,6.03
1275.711931,6743,6720,83,25,6.06
1275.81195,6743,6716,247,25,6.06
1275.911933,6743,6716,247,25,6.03
1276.011979,6743,6716,247,25,6.03
1276.111933,6743,6716,247,25,5.96
1276.21198,6743,6716,247,25,5.96
1276.311931,6743,6716,247,25,5.96
1276.411979,6743,6720,247,25,6.06
1276.511932,6743,6716,247,25,6.06
1276.611933,6743,6716,247,25,6.06
1276.711932,6743,6716,247,25,6.03
1276.811976,6743,6724,58,25,6.03
1276.911932,6743,6716,58,25,6.04
1277.011932,6743,6720,58,25,6.04
1277.111931,6743,6712,58,25,6.02
1277.211976,6743,6712,284,25,6.02
1277.311932,6743,6716,284,25,6.02
1277.411932,6809,6716,284,25,7.36
1277.511933,7033,6876,1069,25,7.36
1277.611953,7121,7052,1069,25,7.36
1277.711931,7246,7140,1069,25,7.32
1277.811949,7469,7308,810,25,7.32
1277.911938,7603,7516,810,25,7.32
1278.011953,7696,7620,810,25,7.32
1278.111931,7912,7764,810,25,7.29
1278.211932,8063,7956,532,25,7.29
1278.311931,8216,8128,532,25,7.29
1278.411957,8269,8216,532,25,7.36
1278.511932,8513,8340,743,25,7.36
1278.611932,8589,8564,743,25,7.36
1278.711931,8668,8592,743,25,7.35
1278.811997,8819,8700,573,25,7.35
1278.911934,8954,8888,573,25,7.34
1279.011932,9074,8976,573,26,7.34
1279.111931,9351,9176,573,26,7.28
1279.211975,9403,9380,221,26,7.28
1279.311932,9527,9452,221,26,7.28
1279.411941,9600,9560,221,26,7.4
1279.511933,9757,9656,426,26,7.4
1279.611959,9869,9816,426,26,7.4
1279.711932,9988,9912,426,26,7.38
1279.811948,10133,10052,291,26,7.38
1279.91194,10294,10212,291,26,7.38
1280.011956,10441,10376,291,26,7.38
1280.11193,10590,10516,291,26,7.39
1280.211931,10691,10664,58,26,7.39
1280.311933,10704,10732,58,26,7.39
1280.411961,10704,10736,58,26,7.34
1280.511932,10704,10740,331,26,7.34
1280.611932,10704,10740,331,26,7.34
1280.711931,10704,10744,331,26,7.32
1280.81198,10704,10748,404,26,7.32
1280.911931,10704,10744,404,26,7.32
1281.011932,10704,10744,404,26,7.32
1281.11193,10704,10744,404,26,7.31
1281.211956,10704,10740,457,26,7.31
1281.311932,10704,10736,457,26,7.31
1281.41193,10704,10748,457,26,7.33
1281.511933,10704,10760,515,26,7.33
1281.611975,10704,10760,515,26,7.33
1281.711978,10704,10764,515,26,7.27
1281.811931,10704,10764,552,26,7.27
1281.911952,10704,10764,552,26,7.28
1282.01196,10704,10764,552,26,7.28
1282.11196,10704,10760,552,26,7.26
1282.211934,10704,10756,310,26,7.26
1282.311931,10704,10756,310,26,7.26
1282.411955,10704,10756,310,26,7.28
1282.511931,10704,10756,477,26,7.28
1282.611933,10704,10756,477,26,7.28
1282.711939,10704,10756,477,26,7.3
1282.811951,10704,10756,477,26,7.3
1282.911931,10704,10756,477,26,7.29
1283.011931,10704,10756,477,26,7.29
1283.111931,10704,10756,477,26,7.3
1283.211949,10704,10752,441,26,7.3
1283.311931,10704,10756,441,26,7.3
1283.411931,10704,10756,441,26,5.99
1283.511932,10704,10756,477,26,5.99
1283.611951,10704,10752,477,26,5.99
1283.71193,10704,10752,477,26,5.99
1283.811932,10704,10752,313,26,5.99
1283.91193,10704,10752,313,26,5.99
1284.011984,10704,10752,313,26,5.99
1284.111931,10704,10752,313,26,5.99
1284.211932,10704,10752,441,26,5.99
1284.311931,10704,10752,441,26,5.99
1284.411974,10704,10752,441,26,6.01
1284.511931,10704,10748,441,26,6.01
1284.611932,10704,10752,441,26,6.01
1284.711932,10704,10752,441,26,6
1284.811976,10704,10752,441,26,6
1284.911932,10704,10752,441,26,6
1285.011934,10704,10748,441,25,6
1285.111932,10704,10752,441,25,6
1285.211976,10704,10748,404,25,6
1285.311932,10704,10748,404,25,6
1285.411932,10704,10752,404,25,6
1285.511932,10704,10744,404,25,6
1285.611977,10704,10744,404,25,6
1285.71193,10704,10744,404,25,6.02
1285.811931,10702,10744,377,25,6.02
1285.911931,10695,10740,377,25,6.01
1286.011977,10695,10732,377,25,6.01
1286.111932,10701,10728,377,25,6.05
1286.211937,10669,10724,414,25,6.05
1286.311932,10586,10680,414,25,6.05
1286.411948,10410,10564,414,25,5.95
1286.51193,10253,10372,929,25,5.95
1286.611932,10220,10264,929,25,5.95
1286.711932,10222,10244,929,25,6.06
1286.811972,10221,10244,230,25,6.06
1286.911932,10209,10244,230,25,6.04
1287.011931,10194,10232,230,26,6.04
1287.111932,10175,10216,230,26,6.03
1287.212001,10154,10196,145,26,6.03
1287.311931,10129,10180,145,26,6.03
1287.411932,10089,10148,145,26,6
1287.511931,10059,10116,302,26,6
1287.611977,10022,10088,302,26,6
1287.711936,9990,10044,302,26,6
1287.811932,10018,10028,221,26,6
1287.911952,10076,10060,221,26,6.08
1288.011955,10115,10112,221,26,6.08
1288.112007,10135,10140,221,26,6.05
1288.21193,10115,10160,331,26,6.05
1288.311946,10051,10140,331,26,6.05
1288.411958,9995,10072,331,26,6
1288.511947,10021,10040,266,26,6
1288.611932,10037,10064,266,26,6
1288.711932,10057,10072,266,26,6.06
1288.811959,10079,10100,221,26,6.06
1288.911932,10158,10132,221,26,6.06
1289.011932,10227,10224,221,26,6.06
1289.111937,10270,10272,221,26,6.04
1289.211943,10274,10312,42,26,6.04
1289.311985,10230,10312,42,26,6.04
1289.41193,10236,10284,42,26,5.98
1289.511948,10274,10284,221,26,5.98
1289.611975,10336,10328,221,26,5.98
1289.711931,10393,10392,221,26,6.06
1289.811932,10421,10436,221,26,6.06
1289.911932,10467,10476,221,26,6.06
1290.011956,10507,10520,221,26,6.06
1290.11193,10513,10548,221,26,6.02
1290.211931,10495,10552,487,26,6.02
1290.311933,10469,10548,487,26,6.02
1290.411974,10443,10532,487,26,5.95
1290.511933,10417,10504,544,26,5.95
1290.611931,10387,10476,544,26,5.95
1290.711931,10380,10444,544,26,5.95
1290.811973,10387,10428,404,26,5.95
1290.91193,10424,10436,404,26,6.04
1291.011936,10489,10476,404,26,6.04
1291.111932,10553,10552,404,26,6.08
1291.211973,10565,10592,266,26,6.08
1291.31193,10574,10600,266,26,6.08
1291.411932,10568,10608,266,26,6.02
1291.511932,10540,10604,515,26,6.02
1291.611975,10508,10584,515,26,6.02
1291.711931,10474,10560,515,26,5.95
1291.811936,10453,10524,634,26,5.95
1291.911932,10473,10504,634,26,6.02
1292.011949,10473,10504,634,26,6.02
1292.11194,10470,10512,634,26,6.03
1292.211932,10447,10508,515,26,6.03
1292.311932,10424,10488,515,26,6.03
1292.411961,10390,10460,515,26,5.97
1292.511931,10375,10432,487,26,5.97
1292.611932,10343,10416,487,26,5.97
1292.711939,10316,10384,487,26,5.97
1292.81196,10310,10364,273,26,5.97
1292.911932,10284,10348,273,26,5.97
1293.011933,10264,10320,273,26,5.97
1293.111941,10286,10308,273,26,6.02
1293.211954,10290,10320,284,26,6.02
1293.311931,10331,10336,284,26,6.02
1293.411932,10377,10376,284,26,6.07
1293.511932,10361,10408,675,26,6.07
1293.61198,10354,10400,675,26,6.07
1293.711932,10315,10392,675,26,5.98
1293.811952,10284,10364,691,26,5.98
1293.911939,10297,10336,691,26,5.99
1294.011982,10317,10336,691,26,5.99
1294.111933,10335,10360,691,26,6.04
1294.21196,10361,10372,221,26,6.04
1294.311931,10403,10412,221,26,6.04
1294.411961,10378,10436,221,26,6.01
1294.511939,10366,10420,641,26,6.01
1294.611933,10354,10412,641,26,6.01
1294.71193,10346,10400,641,26,5.99
1294.811975,10332,10396,870,26,5.99
1294.911941,10324,10384,870,26,5.98
1295.011933,10316,10372,870,26,5.98
1295.11194,10312,10360,870,26,5.99
1295.211976,10315,10360,633,26,5.99
1295.311932,10323,10360,633,26,5.99
1295.411931,10337,10364,633,26,6.02
1295.511932,10371,10380,221,26,6.02
1295.611985,10417,10428,221,26,6.02
1295.711931,10421,10456,221,26,6.04
1295.811932,10406,10456,469,26,6.04
1295.911932,10437,10452,469,26,6.04
1296.011975,10442,10476,469,26,6.04
1296.111953,10380,10468,469,26,5.96
1296.211931,10350,10424,672,26,5.96
1296.311931,10390,10408,672,26,5.96
1296.411974,10401,10428,672,26,6.06
1296.511931,10387,10436,581,26,6.06
1296.611933,10368,10428,581,26,6.06
1296.71193,10313,10408,581,26,5.95
1296.811974,10299,10360,515,26,5.95
1296.911931,10290,10352,515,26,6
1297.011939,10164,10320,515,26,6
1297.111943,9994,10180,515,26,5.84
1297.211981,9877,10024,921,26,5.84
1297.31193,9769,9908,921,26,5.84
1297.411932,9635,9796,921,26,5.84
1297.511931,9639,9692,793,26,5.84
1297.611975,9732,9704,793,26,5.84
1297.71193,9857,9812,793,26,6.08
1297.811932,9935,9936,290,26,6.08
1297.911933,9966,9996,290,26,6.06
1298.011985,10020,10036,290,26,6.06
1298.111949,10074,10096,290,26,6.03
1298.211931,10135,10140,385,26,6.03
1298.311933,10180,10188,385,26,6.03
1298.411953,10202,10228,385,26,6.04
1298.511942,10244,10252,139,26,6.04
1298.611932,10349,10312,139,26,6.04
1298.711941,10428,10416,139,26,6.07
1298.811947,10578,10516,63,26,6.07
1298.91193,10687,10640,63,26,6.08
1299.011932,10704,10732,63,26,6.08
1299.111944,10704,10744,63,26,6.03
1299.211988,10704,10744,331,26,6.03
1299.311932,10703,10748,331,26,6.03
1299.411935,10693,10744,331,26,5.99
1299.511941,10666,10740,580,26,5.99
1299.611961,10586,10700,580,26,5.99
1299.711932,10515,10628,580,26,5.93
1299.811934,10409,10556,1187,26,5.93
1299.911945,10346,10452,1187,26,5.93
1300.011976,10313,10400,1187,26,5.93
1300.111933,10294,10368,1187,26,5.94
1300.211948,10244,10336,544,26,5.94
1300.311948,10253,10296,544,26,5.94
1300.411985,10316,10304,544,26,6.07
1300.511948,10343,10360,75,26,6.07
1300.611981,10372,10388,75,26,6.07
1300.711932,10395,10416,75,26,6.07
1300.811977,10422,10436,221,26,6.07
1300.911931,10449,10468,221,26,6.03
1301.011958,10506,10496,221,26,6.03
1301.111931,10536,10540,221,26,6.05
1301.211977,10554,10576,34,26,6.05
1301.311931,10556,10588,34,26,6.05
1301.411981,10575,10588,34,26,6.05
1301.511932,10566,10604,527,26,6.05
1301.611997,10551,10604,527,26,6.05
1301.711931,10541,10596,527,26,5.99
1301.811955,10532,10588,534,26,5.99
1301.911931,10493,10572,534,26,5.97
1302.011961,10467,10540,534,26,5.97
1302.111931,10468,10520,534,26,6
1302.211932,10480,10516,358,26,6
1302.31193,10456,10516,358,26,6
1302.411975,10434,10504,358,26,5.97
1302.511931,10410,10480,607,26,5.97
1302.611931,10401,10456,607,26,5.97
1302.711933,10399,10448,607,26,5.98
1302.81196,10413,10452,581,26,5.98
1302.91193,10437,10456,581,26,6.06
1303.011941,10463,10484,581,26,6.06
1303.111932,10453,10500,581,26,6.01
1303.211961,10450,10496,414,26,6.01
1303.311931,10438,10496,414,26,6.01
1303.411932,10425,10488,414,26,5.99
1303.511932,10446,10480,358,26,5.99
1303.611961,10457,10480,358,26,5.99
1303.711933,10462,10488,358,26,6.04
1303.811933,10494,10504,221,26,6.04
1303.911932,10512,10536,221,26,6.05
1304.011975,10533,10556,221,26,6.05
1304.111932,10536,10560,221,26,6.03
1304.211941,10537,10568,266,26,6.03
1304.311932,10516,10572,266,26,6.03
1304.411953,10529,10568,266,26,6
1304.511933,10534,10572,339,26,6
1304.611933,10524,10572,339,26,6
1304.711932,10507,10568,339,26,6
1304.811955,10511,10564,624,26,6
1304.911939,10502,10560,624,26,6.02
1305.011932,10535,10552,624,26,6.02
1305.111948,10574,10580,624,26,6.07
1305.211954,10563,10604,303,26,6.07
1305.311932,10515,10592,303,26,6.07
1305.411932,10479,10556,303,26,5.94
1305.51193,10431,10520,291,26,5.94
1305.611961,10393,10472,291,26,5.94
1305.711932,10381,10448,291,26,5.97
1305.811931,10354,10424,440,26,5.97
1305.911938,10355,10400,440,26,5.99
1306.011947,10362,10404,440,26,5.99
1306.111931,10368,10404,440,26,6.01
1306.211932,10384,10408,257,26,6.01
1306.311932,10409,10424,257,26,6.01
1306.411955,10415,10448,257,26,6.04
1306.51199,10401,10456,450,26,6.04
1306.611932,10406,10448,450,26,6.04
1306.711948,10413,10452,450,26,6.02
1306.81196,10412,10452,358,26,6.02
1306.911933,10411,10452,358,26,6
1307.011938,10387,10452,358,26,6
1307.111932,10393,10444,358,26,5.98
1307.21198,10411,10444,312,26,5.98
1307.311933,10388,10448,312,26,5.98
1307.411931,10372,10432,312,26,5.98
1307.511931,10399,10424,276,26,5.98
1307.611975,10414,10436,276,26,5.98
1307.711939,10400,10444,276,26,6.02
1307.811935,10390,10444,460,26,6.02
1307.911932,10399,10436,460,26,6
1308.011955,10410,10444,460,26,6
1308.111932,10398,10444,460,26,6.02
1308.211933,10352,10436,452,26,6.02
1308.311931,10314,10392,452,26,6.02
1308.411961,10480,10364,452,26,6.06
1308.511932,10667,10588,426,26,6.06
1308.611931,10693,10704,426,26,6.06
1308.711931,10703,10716,426,26,6.05
1308.811976,10675,10724,358,26,6.05
1308.911932,10563,10676,358,26,6
1309.011932,10445,10552,358,26,6
1309.111931,10384,10448,358,26,6.02
1309.211961,10349,10412,523,26,6.02
1309.311931,10360,10388,523,26,6.02
1309.411932,10399,10404,523,26,6.07
1309.511931,10379,10428,395,26,6.07
1309.611961,10369,10420,395,26,6.07
1309.71193,10371,10412,395,26,6
1309.811932,10426,10416,0,26,6
1309.91193,10487,10472,0,26,6.08
1310.011958,10514,10524,0,26,6.08
1310.111939,10547,10556,0,26,6.08
1310.211932,10572,10584,221,26,6.08
1310.311931,10604,10612,221,26,6.08
1310.411984,10636,10640,221,26,6.07
1310.51193,10654,10668,221,26,6.07
1310.611931,10665,10688,221,26,6.07
1310.71193,10658,10696,221,26,6.04
1310.811979,10650,10676,247,26,6.04
1310.911931,10652,10680,247,26,6.05
1311.01193,10617,10668,247,26,6.05
1311.111932,10590,10632,247,26,6.03
1311.211977,10583,10612,257,26,6.03
1311.311931,10586,10608,257,26,6.03
1311.411932,10608,10604,257,26,6.07
1311.51193,10622,10616,221,26,6.07
1311.611957,10629,10644,221,26,6.07
1311.711931,10659,10664,221,26,6.07
1311.811934,10657,10680,221,26,6.07
1311.911939,10673,10672,221,26,6.08
1312.011956,10701,10700,221,26,6.08
1312.111932,10704,10732,221,26,6.04
1312.211931,10704,10732,426,26,6.04
1312.311932,10704,10728,426,26,6.04
1312.411957,10704,10724,426,26,6.07
1312.511939,10704,10724,221,26,6.07
1312.61193,10698,10720,221,26,6.07
1312.71193,10703,10720,221,26,6.05
1312.811957,10704,10720,221,26,6.05
1312.911975,10704,10720,221,26,6.08
1313.011931,10704,10712,221,26,6.08
1313.111958,10704,10720,221,26,6.08
1313.211956,10704,10720,221,26,6.08
1313.311984,10704,10724,221,26,6.08
1313.411931,10704,10724,221,26,6.09
1313.511975,10704,10732,93,26,6.09
1313.611956,10703,10732,93,26,6.09
1313.711989,10693,10724,93,26,6.04
1313.811931,10688,10708,230,26,6.04
1313.911951,10701,10708,230,26,6.08
1314.011997,10704,10704,230,26,6.08
1314.111929,10704,10716,230,26,6.07
1314.211931,10704,10728,221,26,6.07
1314.311931,10704,10728,221,26,6.07
1314.411957,10704,10728,221,26,6.08
1314.511931,10704,10732,257,26,6.08
1314.611931,10704,10732,257,26,6.08
1314.711931,10691,10728,257,26,6.04
1314.811979,10667,10712,377,26,6.04
1314.911931,10657,10692,377,26,6.03
1315.011931,10654,10680,377,26,6.03
1315.111942,10670,10680,377,26,6.08
1315.211956,10681,10688,221,26,6.08
1315.311931,10671,10692,221,26,6.08
1315.411931,10677,10692,221,26,6.08
1315.51193,10683,10696,221,26,6.08
1315.611956,10558,10672,221,26,6.08
1315.711933,10414,10524,221,26,6
1315.811933,10277,10380,549,26,6
1315.911939,10140,10236,549,26,6.03
1316.011956,10003,10108,549,26,6.03
1316.111932,9867,9968,549,26,6
1316.211932,9730,9828,351,26,6
1316.311932,9593,9692,351,26,6
1316.411956,9457,9560,351,26,6.03
1316.511931,9320,9424,708,26,6.03
1316.611931,9183,9280,708,26,6.03
1316.711932,9045,9132,708,26,6
1316.811955,8920,9000,426,26,6
1316.911933,8882,8900,426,26,6.08
1317.011942,8879,8876,426,26,6.08
1317.111953,8880,8868,426,26,6.08
1317.211958,8880,8868,221,26,6.08
1317.311933,8880,8868,221,26,6.08
1317.411935,8874,8864,221,26,6.08
1317.511941,8783,8856,375,26,6.08
1317.611959,8650,8744,375,26,6.08
1317.711935,8512,8604,375,26,6.02
1317.811933,8375,8468,505,26,6.02
1317.911934,8238,8328,505,26,6.02
1318.011956,8101,8184,505,26,6.02
1318.111933,7990,8052,505,26,6.03
1318.211934,7966,7984,221,26,6.03
1318.311933,7965,7964,221,26,6.03
1318.411999,7965,7960,221,26,6.08
1318.51194,7965,7960,221,26,6.08
1318.611954,7965,7956,221,26,6.08
1318.711942,7965,7956,221,26,6.08
1318.81199,7965,7956,221,26,6.08
1318.911933,7965,7956,221,26,6.08
1319.011948,7965,7956,221,26,6.08
1319.111933,7965,7952,221,26,6.05
1319.211992,7965,7952,221,26,6.05
1319.311933,7965,7952,221,26,6.05
1319.411937,7965,7948,221,26,6.07
1319.511932,7965,7952,221,26,6.07
1319.611952,7965,7948,221,26,6.07
1319.711934,7965,7948,221,26,6.08
1319.811934,7965,7944,221,26,6.08
1319.911934,7965,7944,221,26,6.06
1320.011951,7965,7944,221,26,6.06
1320.111934,7965,7948,221,26,6.06
1320.211935,7965,7944,221,26,6.06
1320.311933,7965,7944,221,26,6.06
1320.411957,7965,7944,221,26,6.08
1320.511932,7965,7944,221,26,6.08
1320.611933,7965,7944,221,26,6.08
1320.711935,7965,7944,221,26,6.07
