t__s,ACT_RUDDER.Position_CMD,ACT_RUDDER.Position_FB,ACT_RUDDER.Torque_FB,ACT_RUDDER.Temperature_FB__dC,ACT_RUDDER.Voltage_FB__V
-0.007996,8320,8324,0,25,6.08
0.091938,8320,8324,0,25,6.1
0.191936,8320,8324,0,25,6.1
0.291937,8320,8324,0,25,6.1
0.392,8320,8324,0,25,6.1
0.491998,8320,8324,0,25,6.1
0.591999,8320,8324,0,25,6.1
0.692,8320,8324,0,25,6.1
0.792012,8320,8324,0,25,6.1
0.892,8320,8324,0,25,6.1
0.991998,8320,8324,0,25,6.1
1.095956,8362,8392,0,25,5.94
1.195977,8363,8368,51,25,5.94
1.295957,8363,8368,51,25,5.94
1.39599,8363,8368,51,25,7.46
1.495955,8364,8368,56,25,7.46
1.595997,8364,8368,56,25,7.46
1.695955,8364,8368,56,25,7.46
1.79596,8364,8368,0,25,7.46
1.895977,8364,8368,0,25,7.47
1.995956,8364,8368,0,25,7.47
2.095955,8364,8368,0,25,7.47
2.195958,8364,8368,0,25,7.47
2.295955,8364,8368,0,25,7.47
2.395977,8364,8368,0,25,7.47
2.495981,8364,8368,0,25,7.47
2.599935,8364,8368,0,25,7.47
2.699952,8364,8368,0,25,7.46
2.799956,8364,8368,0,25,7.46
2.899986,8364,8368,0,25,7.46
2.999954,8364,8368,0,25,7.46
3.099936,8364,8368,0,25,7.47
3.199984,8364,8368,0,25,7.47
3.299949,8364,8368,0,25,7.47
3.399944,8364,8368,0,25,7.47
3.499935,8364,8368,0,25,7.47
3.599935,8364,8368,0,25,7.47
3.69996,8364,8368,0,25,7.47
3.799935,8364,8368,0,25,7.47
3.899936,8364,8368,0,25,7.47
3.999936,8364,8368,0,25,7.47
4.099961,8364,8368,0,25,7.47
4.199936,8364,8368,0,25,7.47
4.299935,8364,8368,0,25,7.47
4.399936,8364,8368,0,25,7.47
4.499959,8364,8368,0,25,7.47
4.599935,8364,8368,0,25,7.47
4.699942,8364,8368,0,25,7.47
4.799935,8364,8368,0,25,7.47
4.899987,8364,8368,0,25,7.47
4.999935,8364,8368,0,25,7.47
5.099934,8364,8368,0,25,7.47
5.199934,8364,8368,0,25,7.47
5.299958,8364,8368,0,25,7.47
5.399941,8364,8368,0,25,7.47
5.499935,8364,8368,0,25,7.47
5.599934,8364,8368,0,25,7.47
5.699961,8364,8368,0,25,7.47
5.799946,8364,8368,0,25,7.47
5.899935,8364,8368,0,25,7.47
5.999934,8364,8368,0,25,7.47
6.09998,8364,8368,0,25,7.47
6.199934,8343,8356,63,25,7.47
6.299938,8301,8340,63,25,7.47
6.399936,6688,7804,63,25,6.01
6.499955,6958,6776,98,25,6.01
6.599934,7324,7108,98,25,6.01
6.699936,7595,7444,98,25,6.08
6.799937,7795,7684,525,25,6.08
6.899955,7944,7864,525,25,6.1
6.999943,8054,8000,525,25,6.1
7.099935,9808,8096,525,25,6.1
7.199936,9787,9280,3069,25,6.1
7.299958,9404,9624,3069,25,6.1
7.399935,9142,9284,3069,25,6.08
7.499936,8958,9064,214,25,6.08
7.599935,8806,8888,214,25,6.08
7.699959,9713,8784,214,25,6.11
7.799948,9808,9708,510,25,6.11
7.899935,9731,9768,510,25,6.08
7.999943,9377,9592,510,25,6.08
8.099979,9115,9272,510,25,6.1
8.199935,8920,9040,17,25,6.1
8.299936,6793,8644,17,25,6.1
8.399952,7194,7144,17,25,6.11
8.499959,7498,7324,465,25,6.11
8.599948,7723,7596,465,25,6.11
8.699943,7891,7796,465,25,6.1
8.799958,8014,7948,66,25,6.1
8.899958,8106,8056,66,25,6.1
8.999935,8177,8136,66,25,6.1
9.099936,8249,8216,66,25,6.02
9.199935,8283,8256,194,25,6.02
9.299947,8305,8284,194,25,6.02
9.399935,8322,8304,194,25,6.1
9.499936,8333,8316,134,25,6.1
9.599934,8330,8328,134,25,6.1
9.699947,8327,8328,134,25,6.11
9.799949,8335,8328,0,25,6.11
9.899944,8342,8328,0,25,6.11
9.999934,8348,8332,0,25,6.11
10.099947,8352,8340,0,25,6.1
10.199935,8358,8340,143,25,6.1
10.299934,8373,8352,143,25,6.1
10.399936,8378,8368,143,25,6.06
10.499947,8376,8368,102,25,6.06
10.599934,8373,8368,102,25,6.06
10.699936,8371,8368,102,25,6.11
10.799997,8369,8368,0,25,6.11
10.900018,8368,8368,0,25,6.12
10.999942,8338,8368,0,25,6.12
11.099935,8349,8344,0,25,6.05
11.199935,8355,8344,88,25,6.05
11.299979,8356,8348,88,25,6.05
11.399936,8358,8348,88,25,6.11
11.499936,8360,8352,80,25,6.11
11.599936,8361,8352,80,25,6.11
11.699959,8362,8352,80,25,6.11
11.799933,6816,8324,569,25,6.11
11.899951,6817,7392,569,25,6.02
11.999934,6817,6852,569,25,6.02
12.099987,6817,6852,569,25,6.07
12.199935,6818,6852,317,25,6.07
12.299935,6818,6852,317,25,6.07
12.399955,6818,6852,317,25,6.08
12.499958,6818,6852,351,25,6.08
12.599934,6818,6852,351,25,6.08
12.699935,6818,6852,351,25,6.08
12.799936,6818,6852,385,25,6.08
12.899979,8364,7320,385,25,6
12.999935,8364,8360,385,25,6
13.099936,8364,8364,385,25,6.11
13.199934,8364,8364,0,25,6.11
13.299974,8364,8364,0,25,6.11
13.399935,9778,8568,0,25,5.96
13.499935,9778,9720,503,25,5.96
13.599934,9778,9744,503,25,5.96
13.699976,9778,9744,503,25,6.07
13.799937,9778,9744,322,25,6.07
13.899935,9778,9744,322,25,6.08
13.999943,9778,9744,322,25,6.08
14.099976,9778,9744,322,25,6.08
14.199936,9778,9744,370,25,6.08
14.299934,9778,9744,370,25,6.08
14.399934,9778,9744,370,25,6.09
14.49999,8364,9240,2794,25,6.09
14.599935,8364,8364,2794,25,6.09
14.699952,8364,8364,2794,25,6.11
14.799935,8364,8364,0,25,6.11
14.899977,8364,8364,0,25,6.11
14.999934,8364,8364,0,25,6.11
15.099935,8364,8364,0,25,6.11
15.199936,8364,8364,0,25,6.11
15.299975,8364,8364,0,25,6.11
15.399936,8364,8364,0,25,6.11
15.499935,8364,8364,0,25,6.11
15.599936,8364,8364,0,25,6.11
15.699978,8364,8364,0,25,6.11
15.804073,8364,8364,0,25,6.11
15.904052,8364,8364,0,25,6.11
16.004039,8364,8364,0,25,6.11
16.104047,8364,8364,0,25,6.11
16.204047,8364,8364,0,25,6.11
16.304046,8364,8364,0,25,6.11
16.404041,8364,8364,0,25,6.11
16.50404,8364,8364,0,25,6.11
16.604039,8364,8364,0,25,6.11
16.704038,8364,8364,0,25,6.11
16.804038,8364,8364,0,25,6.11
16.904047,8364,8364,0,25,6.11
17.004055,8364,8364,0,25,6.11
17.104041,8364,8364,0,25,6.11
17.204038,8364,8364,0,25,6.11
17.304038,8364,8364,0,25,6.11
17.404046,8364,8364,0,25,6.11
17.504044,8364,8364,0,25,6.11
17.604039,8364,8364,0,25,6.11
17.704055,8364,8364,0,25,6.11
17.807948,8364,8364,0,25,6.11
17.907947,8364,8364,0,25,6.11
18.007955,8364,8364,0,25,6.11
18.107947,8364,8364,0,25,6.11
18.207948,8364,8364,0,25,6.11
18.307948,8364,8364,0,25,6.11
18.407948,8364,8364,0,25,6.11
18.507949,8364,8364,0,25,6.11
18.60795,8364,8364,0,25,6.11
18.707948,8364,8364,0,25,6.11
18.808009,8364,8364,0,25,6.11
18.90801,8364,8364,0,25,6.11
19.008011,8364,8364,0,25,6.11
19.108018,8364,8364,0,25,6.11
19.20801,8364,8364,0,25,6.11
19.308016,8364,8364,0,25,6.11
19.408013,8364,8364,0,25,6.11
19.508011,8364,8364,0,25,6.11
19.608008,8364,8364,0,25,6.11
19.708009,8364,8364,0,25,6.11
19.811986,8364,8364,0,25,6.11
19.911937,8364,8364,0,25,6.11
20.011938,8400,8412,0,25,6.11
20.111937,8379,8388,0,25,6.1
20.211938,8404,8388,129,25,6.1
20.311938,8383,8396,129,25,6.1
20.411938,8369,8380,129,25,6.1
20.511937,8385,8372,0,25,6.1
20.611939,8372,8384,0,25,6.1
20.711937,8360,8364,0,25,6.11
20.81195,8374,8364,73,25,6.11
20.911938,8373,8368,73,25,6.11
21.011937,8368,8368,73,25,6.11
21.11194,8369,8368,73,25,6.11
21.211939,8357,8368,0,25,6.11
21.311937,8370,8364,0,25,6.11
21.411941,8381,8368,0,25,6.1
21.511937,8351,8372,100,25,6.1
21.611937,8355,8348,100,25,6.1
21.711937,8390,8372,100,25,6.1
21.81194,8371,8380,46,25,6.1
21.911936,8344,8360,46,25,6.11
22.012003,8361,8340,46,25,6.11
22.112003,8377,8368,46,25,6.06
22.212004,8340,8368,122,25,6.06
22.311999,8346,8340,122,25,6.06
22.412001,8367,8356,122,25,6.07
22.511999,8345,8360,46,25,6.07
22.612002,8350,8348,46,25,6.07
22.711999,8358,8356,46,25,6.08
22.812014,8343,8356,81,25,6.08
22.912,8353,8348,81,25,6.08
23.011927,8366,8356,81,25,6.08
23.11192,8354,8360,81,25,6.08
23.211924,8349,8352,73,25,6.08
23.31192,8360,8356,73,25,6.08
23.411928,8367,8364,73,25,6.11
23.511919,8357,8364,0,25,6.11
23.611924,8346,8352,0,25,6.11
23.711955,8358,8352,0,25,6.08
23.811939,8367,8360,102,25,6.08
23.911949,8351,8364,102,25,6.08
24.011923,8361,8360,102,25,6.08
24.111936,8361,8360,102,25,6.08
24.211926,8356,8360,0,25,6.08
24.31192,8358,8360,0,25,6.08
24.411926,8358,8360,0,25,6.06
24.511921,8358,8360,0,25,6.06
24.611921,8358,8360,0,25,6.06
24.71192,8359,8360,0,25,6.08
24.811954,8360,8360,0,25,6.08
24.911921,8361,8360,0,25,6.07
25.011951,8362,8360,0,25,6.07
25.11192,8363,8360,0,25,6.08
25.211961,8363,8360,0,25,6.08
25.311929,8363,8360,0,25,6.08
25.411953,8364,8360,0,25,6.09
25.511922,8364,8360,0,25,6.09
25.611977,8364,8360,0,25,6.09
25.711933,8364,8360,0,25,6.08
25.811973,8364,8360,0,25,6.08
25.911935,8364,8360,0,25,6.1
26.011977,8364,8360,0,25,6.1
26.111934,8364,8360,0,25,6.11
26.211984,8364,8360,0,25,6.11
26.311932,8364,8360,0,25,6.11
26.411979,8364,8360,0,25,6.1
26.511933,8364,8360,0,25,6.1
26.611951,8364,8360,0,25,6.1
26.711932,8364,8360,0,25,6.11
26.811981,8364,8360,0,25,6.11
26.911935,8364,8360,0,25,6.11
27.01195,8364,8360,0,25,6.11
27.111933,8364,8360,0,25,6.11
27.211981,8364,8360,0,25,6.11
27.311933,8364,8360,0,25,6.11
27.41195,8364,8360,0,25,6.11
27.511933,8364,8360,0,25,6.11
27.611952,8364,8360,0,25,6.11
27.711934,8364,8360,0,25,6.11
27.811981,8364,8360,0,25,6.11
27.911933,8364,8360,0,25,6.1
28.011954,8364,8360,0,25,6.1
28.111932,8364,8360,0,25,6.1
28.211952,8364,8360,0,25,6.1
28.311932,8364,8360,0,25,6.1
28.411956,8364,8360,0,25,6.11
28.511939,8364,8360,0,25,6.11
28.611959,8364,8360,0,25,6.11
28.711932,8364,8360,0,25,6.11
28.81198,8364,8360,0,25,6.11
28.911933,8364,8360,0,25,6.11
29.011951,8364,8360,0,25,6.11
29.111933,8364,8360,0,25,6.12
29.211959,8364,8360,0,25,6.12
29.311933,8364,8360,0,25,6.12
29.411951,8364,8360,0,25,6.12
29.511942,8364,8360,0,25,6.12
29.611951,8364,8360,0,25,6.12
29.711933,8364,8360,0,25,6.12
29.811982,8364,8360,0,25,6.12
29.911933,8364,8360,0,25,6.11
30.011952,8364,8360,0,25,6.11
30.111935,8364,8360,0,25,6.11
30.211936,8364,8360,0,25,6.11
30.311934,8364,8360,0,25,6.11
30.411959,8364,8360,0,25,6.11
30.511936,8364,8360,0,25,6.11
30.611936,8364,8360,0,25,6.11
30.711932,8364,8360,0,25,6.11
30.811955,8364,8360,0,25,6.11
30.911942,8364,8360,0,25,6.11
31.011946,8364,8360,0,25,6.11
31.111934,8364,8360,0,25,6.11
31.211945,8364,8360,0,25,6.11
31.311934,8364,8360,0,25,6.11
31.411947,8412,8368,0,25,6.04
31.511941,8378,8400,63,25,6.04
31.611949,8359,8372,63,25,6.04
31.711934,8384,8368,63,25,6.12
31.811982,8300,8348,218,25,6.12
31.911934,8243,8312,218,25,6.1
32.01195,8289,8256,218,25,6.1
32.111934,8385,8328,218,25,6.08
32.211951,8395,8408,95,25,6.08
32.311933,8327,8360,95,25,6.08
32.411952,8457,8380,95,25,6.1
32.511932,8380,8448,34,25,6.1
32.611951,8301,8348,34,25,6.1
32.711933,8349,8304,34,25,6.1
32.811983,8436,8388,191,25,6.1
32.911934,8368,8404,191,25,6.05
33.011953,8397,8360,191,25,6.05
33.111934,8413,8408,191,25,6.08
33.211954,8419,8408,0,25,6.08
33.311943,8380,8412,0,25,6.08
33.411953,8311,8356,0,25,6.05
33.511933,8351,8328,175,25,6.05
33.61196,8443,8408,175,25,6.05
33.711935,8376,8420,175,25,6.08
33.811982,8289,8332,114,25,6.08
33.911933,8392,8308,114,25,6.06
34.011953,8368,8400,114,25,6.06
34.111933,8276,8320,114,25,6.05
34.211951,8349,8300,90,25,6.05
34.311933,8417,8356,90,25,6.05
34.411952,8394,8448,90,25,6.09
34.511933,8320,8348,100,25,6.09
34.611951,8348,8340,100,25,6.09
34.711934,8366,8352,100,25,6.04
34.811981,8364,8368,206,25,6.04
34.911952,8349,8352,206,25,6.05
35.011943,8344,8348,206,25,6.05
35.111934,8340,8348,206,25,6.02
35.211956,8331,8328,3,25,6.02
35.311934,8265,8288,3,25,6.02
35.411978,8277,8260,3,25,6.03
35.511935,8352,8324,155,25,6.03
35.611999,8359,8364,155,25,6.03
35.711934,8294,8336,155,25,6.01
35.811949,8298,8296,146,25,6.01
35.911934,8337,8308,146,25,6.01
36.01194,8430,8368,146,25,6.01
36.111936,8408,8408,146,25,6.05
36.211941,8401,8408,44,25,6.05
36.31194,8408,8380,44,25,6.05
36.411944,8398,8408,44,25,6.08
36.511935,8343,8392,259,25,6.08
36.611949,8304,8328,259,25,6.08
36.71194,8351,8316,259,25,6.05
36.811959,8311,8352,61,25,6.05
36.911933,8395,8348,61,25,6.06
37.011947,8396,8404,61,25,6.06
37.111935,8344,8388,61,25,6.03
37.21195,8376,8340,81,25,6.03
37.311933,8407,8400,81,25,6.03
37.411954,8220,8312,81,25,6.01
37.511935,8368,8276,13,25,6.01
37.61195,8377,8380,13,25,6.01
37.711955,8367,8376,13,25,6.08
37.811975,8405,8400,196,25,6.08
37.911961,8376,8392,196,25,6.07
38.011952,8328,8344,196,25,6.07
38.111975,8463,8376,196,25,6.08
38.211952,8471,8480,0,25,6.08
38.311936,8426,8460,0,25,6.08
38.41195,8407,8400,0,25,6.09
38.511933,8381,8400,126,25,6.09
38.611977,8328,8348,126,25,6.09
38.711933,8402,8336,126,25,6.08
38.811984,8413,8416,75,25,6.08
38.911935,8386,8380,75,25,6.09
39.011951,8476,8412,75,25,6.09
39.111932,8374,8420,75,25,6.09
39.211951,8426,8392,116,25,6.09
39.311932,8393,8420,116,25,6.09
39.411951,8329,8360,116,25,6.06
39.511934,8298,8316,121,25,6.06
39.611953,8287,8300,121,25,6.06
39.711934,8261,8264,121,25,7.41
39.811977,8356,8332,23,25,7.41
39.911947,8350,8348,23,25,7.41
40.011952,8404,8364,23,25,7.41
40.111977,8367,8384,23,25,7.43
40.211952,8440,8380,302,25,7.43
40.311951,8474,8496,302,25,7.43
40.411956,8373,8416,302,25,7.43
40.511934,8363,8368,39,25,7.43
40.611952,8373,8364,39,25,7.43
40.711934,8302,8344,39,25,7.41
40.811978,8349,8312,148,25,7.41
40.911933,8321,8356,148,25,7.41
41.011936,8291,8304,148,25,7.41
41.111933,8348,8300,148,25,7.42
41.211934,8353,8344,112,25,7.42
41.311932,8356,8348,112,25,7.42
41.411941,8358,8352,112,25,7.38
41.511933,8359,8352,76,25,7.38
41.611934,8361,8352,76,25,7.38
41.711933,8362,8356,76,25,7.39
41.811946,8362,8356,75,25,7.39
41.911933,8363,8356,75,25,7.41
42.011942,8362,8356,75,25,7.41
42.111933,8364,8360,75,25,7.42
42.211935,8362,8360,0,25,7.42
42.311932,8364,8360,0,25,7.42
42.411933,8370,8360,0,25,7.42
42.511932,8368,8364,0,25,7.42
42.611936,8361,8364,0,25,7.42
42.711931,8357,8360,0,25,7.4
42.811953,8339,8352,73,25,7.4
42.911935,8330,8328,73,25,7.38
43.011942,8341,8328,73,25,7.38
43.111942,8375,8356,73,25,7.41
43.211946,8426,8408,58,25,7.41
43.311933,8409,8420,58,25,7.41
43.411943,8360,8396,58,25,7.36
43.511932,8423,8364,146,25,7.36
43.611947,8366,8412,146,25,7.36
43.711934,8361,8340,146,25,7.41
43.811976,8362,8364,145,25,7.41
43.911941,8398,8368,145,25,7.41
44.01195,8353,8388,145,25,7.41
44.111933,8324,8340,145,25,7.42
44.21195,8405,8380,0,25,7.42
44.311933,8512,8404,0,25,7.42
44.411949,8432,8552,0,25,7.41
44.511933,8381,8392,116,25,7.41
44.611949,8400,8428,116,25,7.41
44.71194,8237,8308,116,25,7.44
44.811982,8406,8296,129,25,7.44
44.911933,8358,8380,129,25,7.45
45.011952,7953,8224,129,25,7.45
45.111935,8276,8000,129,25,7.43
45.211951,8539,8380,175,25,7.43
45.311934,8255,8488,175,25,7.43
45.411951,8010,8092,175,25,7.42
45.511935,8152,8056,17,25,7.42
45.611953,8291,8152,17,25,7.42
45.711934,8452,8372,17,25,7.44
45.811976,7986,8212,267,25,7.44
45.911934,8035,7952,267,25,7.44
46.011953,8262,8172,267,25,7.44
46.111933,8023,8096,267,25,7.46
46.211953,8375,8088,167,25,7.46
46.311938,8325,8448,167,25,7.46
46.411951,8216,8204,167,25,7.46
46.511934,8143,8100,254,25,7.46
46.611951,8200,8236,254,25,7.46
46.711934,8151,8256,254,25,7.43
46.811976,8161,8012,266,25,7.43
46.911935,8195,8268,266,25,7.45
47.011951,7927,8000,266,25,7.45
47.111935,8237,8056,266,25,7.43
47.211951,8300,8324,11,25,7.43
47.311935,8755,8504,11,25,7.43
47.41195,7800,8384,11,25,7.36
47.511938,7816,7836,27,25,7.36
47.611951,7914,7800,27,25,7.36
47.711951,8403,8128,27,25,7.39
47.811976,8262,8340,221,25,7.39
47.911976,8418,8420,221,25,7.43
48.01195,8341,8364,221,25,7.43
48.11195,8304,8332,221,25,6.12
48.211953,8128,8256,334,25,6.12
48.311934,8372,8208,334,25,6.12
48.411951,8538,8456,334,25,6.1
48.511935,8302,8408,71,25,6.1
48.611951,8470,8368,71,25,6.1
48.711935,8453,8540,71,25,6.1
48.811976,8398,8420,119,25,6.1
48.911935,8297,8376,119,25,6.1
49.011958,8379,8324,119,25,6.1
49.111945,8309,8364,119,25,6.1
49.211952,8340,8288,83,25,6.1
49.311935,8300,8360,83,25,6.1
49.411951,8187,8232,83,25,6.1
49.511936,8667,8404,851,25,6.1
49.611951,8416,8628,851,25,6.1
49.711935,8421,8344,851,25,6.06
49.811977,8475,8452,162,25,6.06
49.911935,8504,8468,162,25,6.1
50.011949,8237,8416,162,25,6.1
50.111932,8551,8328,162,25,6.06
50.21198,8477,8552,153,25,6.06
50.311932,8487,8484,153,25,6.06
50.41198,8527,8484,153,25,6.12
50.511935,8798,8628,296,25,6.12
50.611991,8732,8816,296,25,6.12
50.711933,8562,8708,296,25,6.1
50.811949,8543,8508,61,25,6.1
50.911933,8478,8544,61,25,6.12
51.011951,8294,8468,61,25,6.12
51.111934,8321,8220,61,25,6.11
51.211952,8516,8396,184,25,6.11
51.311933,8551,8548,184,25,6.11
51.411977,8579,8572,184,25,6.11
51.511942,8439,8600,109,25,6.11
51.611952,8131,8304,109,25,6.11
51.711932,8255,8168,109,25,6.06
51.811952,8377,8304,255,25,6.06
51.911932,8694,8480,255,25,6.03
52.011952,8247,8636,255,25,6.03
52.111932,8025,8092,255,25,6.1
52.211949,8164,8096,278,25,6.1
52.311933,8047,8100,278,25,6.1
52.411951,8092,7992,278,25,6.12
52.511941,7998,8084,138,25,6.12
52.61195,8203,8088,138,25,6.12
52.711932,8217,8196,138,25,6.1
52.811985,8167,8204,0,25,6.1
52.911932,8168,8148,0,25,6.11
53.011955,8122,8148,0,25,6.11
53.111933,8158,8140,0,25,6.11
53.211959,8123,8156,153,25,6.11
53.311933,8169,8136,153,25,6.11
53.41195,8213,8184,153,25,6.11
53.511933,8328,8252,278,25,6.11
53.611951,8315,8368,278,25,6.11
53.711934,8232,8212,278,25,6.1
53.811951,8076,8204,252,25,6.1
53.911933,8357,8152,252,25,6.09
54.011949,8607,8440,252,25,6.09
54.111934,8449,8572,252,25,6.1
54.21195,8506,8468,0,25,6.1
54.311932,8405,8480,0,25,6.1
54.411951,8477,8448,0,25,6.11
54.511932,8132,8352,353,25,6.11
54.61195,8174,8076,353,25,6.11
54.711934,8229,8240,353,25,6.1
54.811948,8302,8264,148,25,6.1
54.911932,8386,8332,148,25,6.11
55.01195,8286,8364,148,25,6.11
55.111933,8211,8204,148,25,6.1
55.21195,8320,8264,146,25,6.1
55.311933,8302,8356,146,25,6.1
55.41195,8288,8216,146,25,6.11
55.511932,8464,8364,168,25,6.11
55.61195,8390,8364,168,25,6.11
55.711932,8609,8512,168,25,6.07
55.81195,8370,8548,112,25,6.07
55.911931,7982,8228,112,25,6.05
56.01195,7815,7896,112,25,6.05
56.111933,7854,7816,112,25,6.11
56.21195,7911,7852,122,25,6.11
56.311933,8293,8028,122,25,6.11
56.411956,8429,8396,122,25,6.09
56.511931,8304,8332,90,25,6.09
56.611951,8619,8392,90,25,6.09
56.711932,8768,8780,90,25,6.08
56.81195,8454,8612,602,25,6.08
56.911932,8224,8388,602,25,6.06
57.011949,8105,8220,602,25,6.06
57.111932,8235,8112,602,25,6.11
57.21195,8468,8364,515,25,6.11
57.311931,8601,8460,515,25,6.11
57.41195,8360,8540,515,25,6.09
57.511933,8162,8256,116,25,6.09
57.611951,7945,7984,116,25,6.09
57.711933,8435,8188,116,25,6.03
57.811951,8407,8440,163,25,6.03
57.911936,8320,8400,163,25,6.11
58.01195,8428,8324,163,25,6.11
58.111978,8179,8336,163,25,6.09
58.21195,8136,8148,131,25,6.09
58.311932,8140,8112,131,25,6.09
58.411949,8312,8196,131,25,6.09
58.511931,8389,8360,165,25,6.09
58.61195,8617,8504,165,25,6.09
58.711932,8358,8536,165,25,6.08
58.811958,8465,8336,261,25,6.08
58.911934,8659,8524,261,25,6.11
59.01195,8517,8632,261,25,6.11
59.111936,8001,8380,261,25,6.08
59.211951,8084,7960,73,25,6.08
59.311933,8370,8196,73,25,6.08
59.411953,8543,8384,73,25,6.11
59.511933,8421,8532,182,25,6.11
59.611951,8543,8492,182,25,6.11
59.711934,8650,8652,182,25,6.08
59.811952,8468,8500,46,25,6.08
59.911934,9006,8640,46,25,6.06
60.011952,9048,9104,46,25,6.06
60.111934,8764,8956,46,25,6.09
60.21195,8270,8524,581,25,6.09
60.311933,8377,8352,581,25,6.09
60.411944,8340,8376,581,25,6.09
60.511932,8588,8332,624,25,6.09
60.611981,8358,8516,624,25,6.09
60.711933,8473,8464,624,25,6.09
60.81196,8491,8408,366,25,6.09
60.911932,8380,8452,366,25,6.12
61.01195,8380,8408,366,25,6.12
61.111934,8235,8348,366,25,6.1
61.211952,8153,8200,114,25,6.1
61.311933,8283,8228,114,25,6.1
61.411951,8199,8260,114,25,6.1
61.511976,8348,8248,148,25,6.1
61.61195,8409,8392,148,25,6.1
61.711945,8307,8324,148,25,6.1
61.81195,8408,8364,68,25,6.1
61.911959,8380,8380,68,25,6.1
62.011949,8380,8400,68,25,6.1
62.111934,8149,8288,68,25,6.08
62.211951,8127,8152,203,25,6.08
62.311932,8194,8172,203,25,6.08
62.41195,8117,8196,203,25,6.11
62.511932,8015,8064,329,25,6.11
62.61195,8369,8080,329,25,6.11
62.711942,8584,8464,329,25,6.08
62.811952,8424,8460,360,25,6.08
62.911935,8524,8492,360,25,6.09
63.011951,8708,8584,360,25,6.09
63.111934,8790,8748,360,25,6.06
63.21195,8617,8720,145,25,6.06
63.311944,8945,8652,145,25,6.06
63.41195,8845,8952,145,25,6.11
63.511934,8663,8756,397,25,6.11
63.61195,8362,8636,397,25,6.11
63.711932,8269,8308,397,25,6.09
63.81195,8440,8360,332,25,6.09
63.911933,8557,8480,332,25,6.07
64.01195,8488,8540,332,25,6.07
64.11194,7950,8368,332,25,6.01
64.21195,8170,7904,54,25,6.01
64.311933,8866,8512,54,25,6.01
64.411949,8660,8880,54,25,6.06
64.511933,8250,8496,366,25,6.06
64.61195,8035,8120,366,25,6.06
64.711933,8000,8024,366,25,6.07
64.811951,8161,7976,225,25,6.07
64.911932,8156,8216,225,25,6.1
65.011977,8320,8256,225,25,6.1
65.111931,8053,8268,225,25,6.07
65.211949,8112,8044,0,25,6.07
65.311931,8162,8088,0,25,6.07
65.411981,8188,8236,0,25,6.09
65.511932,8144,8176,58,25,6.09
65.611948,8351,8216,58,25,6.09
65.711955,8393,8396,58,25,6.1
65.811948,8157,8248,477,25,6.1
65.911979,8275,8184,477,25,6.07
66.01195,8219,8256,477,25,6.07
66.111975,7702,8100,477,25,6.01
66.211949,8204,7824,583,25,6.01
66.311948,8227,8308,583,25,6.01
66.411949,8212,8144,583,25,6.11
66.511932,8417,8284,134,25,6.11
66.611948,8307,8496,134,25,6.11
66.711931,8293,8160,134,25,6.11
66.811948,8363,8332,104,25,6.11
66.911931,8428,8440,104,25,6.09
67.011948,8183,8368,104,25,6.09
67.111951,8182,8060,104,25,6.1
67.211949,8210,8216,148,25,6.1
67.311931,8357,8248,148,25,6.1
67.411948,8324,8348,148,25,6.1
67.51193,8461,8344,201,25,6.1
67.611949,8487,8508,201,25,6.1
67.711931,8572,8504,201,25,6.1
67.811949,8377,8552,276,25,6.1
67.911956,8386,8324,276,25,6.11
68.011949,8761,8588,276,25,6.11
68.111931,8694,8756,276,25,6.11
68.21195,8744,8684,49,25,6.11
68.311939,8697,8804,49,25,6.11
68.411949,8771,8632,49,25,6.11
68.511931,8684,8796,83,25,6.11
68.611956,8471,8600,83,25,6.11
68.711932,8680,8452,83,25,6.07
68.811948,8391,8704,78,25,6.07
68.911931,8364,8120,78,25,6.11
69.011958,8792,8588,78,25,6.11
69.111931,8777,8848,78,25,6.09
69.211949,8589,8648,75,25,6.09
69.31193,8788,8668,75,25,6.09
69.411948,8820,8780,75,25,6.11
69.511931,9084,8928,247,25,6.11
69.611948,8946,9148,247,25,6.11
69.711932,8603,8752,247,25,6.06
69.811932,8650,8608,114,25,6.06
69.91193,8826,8664,114,25,6.1
70.011934,8934,8916,114,25,6.1
70.111932,8679,8824,114,25,6.06
70.211933,8731,8584,218,25,6.06
70.311932,8476,8680,218,25,6.06
70.411975,8004,8268,218,25,6.05
70.511932,7930,7940,242,25,6.05
70.611933,8383,8084,242,25,6.05
70.711931,8325,8424,242,25,6.08
70.811933,8171,8180,348,25,6.08
70.911931,8402,8208,348,25,6.07
71.011931,8373,8400,348,25,6.07
71.11193,8265,8276,348,25,6.07
71.211935,8119,8280,278,25,6.07
71.311931,7945,7972,278,25,6.07
71.411932,7945,7888,278,25,6.1
71.511934,8239,8132,597,25,6.1
71.611931,8000,8108,597,25,6.1
71.711932,8041,8088,597,25,6.11
71.811933,8183,8056,139,25,6.11
71.911931,8127,8164,139,25,6.11
72.011932,7940,8072,139,25,6.11
72.111932,7966,7960,139,25,6.11
72.211931,8076,7984,30,25,6.11
72.311932,8141,8080,30,25,6.11
72.411932,8217,8144,30,25,6.11
72.511931,8342,8244,66,25,6.11
72.611932,8191,8292,66,25,6.11
72.71194,8136,8136,66,25,6.11
72.811932,8165,8140,0,25,6.11
72.911955,8261,8208,0,25,6.08
73.011932,8079,8292,0,25,6.08
73.11193,8149,8072,0,25,6.11
73.211932,7979,8000,576,25,6.11
73.311933,8860,8320,576,25,6.11
73.411941,8718,8976,576,25,6.09
73.511941,8183,8484,544,25,6.09
73.611932,8521,8316,544,25,6.09
73.711953,9027,8660,544,25,6.09
73.811948,8816,9040,158,25,6.09
73.911979,8383,8632,158,25,6.06
74.011949,8414,8352,158,25,6.06
74.11196,8703,8544,158,25,6.07
74.211986,8738,8696,165,25,6.07
74.311948,8080,8492,165,25,6.07
74.411999,8043,7932,165,25,6.1
74.51193,8335,8184,331,25,6.1
74.611931,8227,8320,331,25,6.1
74.711932,8061,8188,331,25,6.1
74.811933,8531,8180,1132,25,6.1
74.911932,8615,8608,1132,25,6.09
75.011932,8088,8368,1132,25,6.09
75.111932,8311,8004,1132,25,6.1
75.211932,8556,8500,530,25,6.1
75.31193,8272,8352,530,25,6.1
75.411945,7975,8268,530,25,6.06
75.511933,8413,8016,1064,25,6.06
75.611932,8619,8480,1064,25,6.06
75.711931,8448,8608,1064,25,6.06
75.811932,8420,8476,175,25,6.06
75.911939,7736,8200,175,25,6.01
76.011931,7939,7696,175,25,6.01
76.111933,8305,8096,175,25,6.04
76.211932,8279,8328,73,25,6.04
76.311934,8360,8248,73,25,6.04
76.411932,8348,8412,73,25,6.1
76.511932,8564,8460,243,25,6.1
76.611932,8421,8516,243,25,6.1
76.711932,8385,8412,243,25,6.09
76.811932,8770,8508,851,25,6.09
76.911931,8363,8752,851,25,6.06
77.011933,8094,8156,851,25,6.06
77.111931,8272,8192,851,25,6.11
77.211933,8294,8288,63,25,6.11
77.311931,8271,8284,63,25,6.11
77.411932,8550,8392,63,25,6.08
77.511932,8398,8516,162,25,6.08
77.611932,8629,8396,162,25,6.08
77.711931,8634,8672,162,25,6.1
77.811932,8376,8492,180,25,6.1
77.911947,8563,8420,180,25,6.07
78.011932,8498,8532,180,25,6.07
78.11193,8676,8548,180,25,6.09
78.211941,8500,8664,324,25,6.09
78.31193,8547,8564,324,25,6.09
78.411932,8327,8408,324,25,6.06
78.51194,8469,8424,232,25,6.06
78.611933,8260,8396,232,25,6.06
78.711931,8281,8216,232,25,6.11
78.811932,8234,8284,10,25,6.11
78.911933,8418,8328,10,25,6.09
79.011933,8400,8452,10,25,6.09
79.111932,8373,8420,10,25,6.1
79.211934,8362,8348,0,25,6.1
79.311931,8442,8368,0,25,6.1
79.411977,8605,8504,0,25,6.11
79.511932,8719,8680,397,25,6.11
79.611945,8569,8656,397,25,6.11
79.711932,8298,8516,397,25,6.09
79.811975,8432,8252,0,25,6.09
79.911931,8754,8508,0,25,6.07
80.011931,8943,8816,0,25,6.07
80.111931,8702,8848,0,25,6.09
80.211933,8479,8648,448,25,6.09
80.311931,8450,8448,448,25,6.09
80.411949,8439,8456,448,25,6.11
80.511944,8540,8476,271,25,6.11
80.611932,8420,8528,271,25,6.11
80.711933,8416,8392,271,25,6.11
80.811933,8416,8436,126,25,6.11
80.911932,8211,8348,126,25,6.1
81.011933,8453,8300,126,25,6.1
81.111932,8493,8444,126,25,6.1
81.211933,8403,8424,218,25,6.1
81.311932,8378,8396,218,25,6.1
81.411933,8447,8404,218,25,6.1
81.511932,8337,8408,194,25,6.1
81.611932,8432,8360,194,25,6.1
81.711932,8449,8444,194,25,6.11
81.811933,8480,8420,0,25,6.11
81.911931,8533,8552,0,25,6.09
82.011933,8425,8436,0,25,6.09
82.111932,8642,8508,0,25,6.1
82.211942,8521,8620,167,25,6.1
82.311932,8361,8484,167,25,6.1
82.411931,8386,8356,167,25,6.09
82.511931,8503,8396,112,25,6.09
82.611932,8524,8536,112,25,6.09
82.711933,8566,8452,112,25,6.1
82.811933,8812,8716,286,25,6.1
82.911949,8565,8752,286,25,6.05
83.011932,8302,8464,286,25,6.05
83.111939,8145,8200,286,25,6.1
83.211931,8286,8176,76,25,6.1
83.311929,8401,8324,76,25,6.1
83.411931,8409,8428,76,25,6.1
83.511931,8303,8352,107,25,6.1
83.611931,8454,8404,107,25,6.1
83.711931,8200,8384,107,25,6.09
83.811932,8134,8072,75,25,6.09
83.911932,8451,8324,75,25,6.05
84.011931,8258,8356,75,25,6.05
84.111934,8222,8228,75,25,6.11
84.211948,8159,8228,54,25,6.11
84.31193,8309,8180,54,25,6.11
84.411931,8186,8208,54,25,6.06
84.51194,8166,8312,112,25,6.06
84.611932,8248,8196,112,25,6.06
84.71193,8797,8388,112,25,6.03
84.811933,8703,8920,232,25,6.03
84.911931,8235,8472,232,25,6.05
85.011932,7543,7908,232,25,6.05
85.111932,8562,7848,232,25,5.97
85.211932,8549,8548,274,25,5.97
85.311932,8445,8520,274,25,5.97
85.411949,8467,8436,274,25,6.05
85.511932,8353,8468,204,25,6.05
85.611933,8354,8316,204,25,6.05
85.711931,8550,8332,204,25,5.99
85.81194,8677,8568,873,25,5.99
85.911932,8210,8536,873,25,6.06
86.011936,8092,8176,873,25,6.06
86.111931,8302,8080,873,25,6.05
86.211985,8388,8324,98,25,6.05
86.311931,8375,8316,98,25,6.05
86.411958,8496,8456,98,25,6.09
86.511932,8420,8424,179,25,6.09
86.611931,8571,8448,179,25,6.09
86.711932,8361,8652,179,25,6.1
86.811933,8510,8344,199,25,6.1
86.911932,8531,8596,199,25,6.09
87.011932,8130,8384,199,25,6.09
87.111933,8362,8256,199,25,6.09
87.211931,8087,8304,423,25,6.09
87.311951,8127,8072,423,25,6.09
87.411932,8400,8224,423,25,6.08
87.511952,8308,8352,37,25,6.08
87.611934,8852,8496,37,25,6.08
87.711949,8743,8872,37,25,6.11
87.811932,8575,8752,296,25,6.11
87.911947,8316,8460,296,25,6.09
88.011932,8521,8320,296,25,6.09
88.111932,8531,8468,296,25,6.09
88.211944,9055,8760,1001,25,6.09
88.311931,8703,8976,1001,25,6.09
88.411932,8838,8732,1001,25,6.04
88.51193,8353,8672,513,25,6.04
88.611932,8342,8308,513,25,6.04
88.711931,8694,8504,513,25,6.03
88.811934,8555,8696,0,25,6.03
88.911932,8300,8432,0,25,6.08
89.011931,8204,8240,0,25,6.08
89.111931,7981,8256,0,25,6.08
89.211932,7769,7780,261,25,6.08
89.31193,8232,7932,261,25,6.08
89.411932,7804,8080,261,25,6.01
89.511938,8662,8024,2076,25,6.01
89.611933,7766,8500,2076,25,6.01
89.711931,7103,7408,2076,25,5.98
89.811933,7420,7184,196,25,5.98
89.91193,7848,7504,196,25,6.04
90.011933,8021,7816,196,25,6.04
90.111931,8408,8116,196,25,6.04
90.211932,8389,8444,535,25,6.04
90.311932,8372,8384,535,25,6.04
90.411949,8291,8304,535,25,6.09
90.511932,8070,8228,68,25,6.09
90.611932,8093,8028,68,25,6.09
90.711932,7982,7988,68,25,6.07
90.811931,8296,8072,319,25,6.07
90.91194,8234,8348,319,25,6.11
91.011932,8173,8200,319,25,6.11
91.111931,8244,8168,319,25,6.07
91.211931,8327,8384,88,25,6.07
91.31192,8330,8336,88,25,6.07
91.411919,8070,8248,88,25,6.06
91.511918,8446,8224,580,25,6.06
91.611919,8396,8436,580,25,6.06
91.711918,8581,8396,580,25,6.1
91.811922,8906,8752,861,25,6.1
91.911918,8548,8752,861,25,6.09
92.011919,8193,8392,861,25,6.09
92.11192,8180,8208,861,25,6.11
92.211919,8089,8140,155,25,6.11
92.311926,8086,8108,155,25,6.11
92.41192,7759,7996,155,25,6.07
92.511925,7591,7652,189,25,6.07
92.611919,7945,7624,189,25,6.07
92.711919,8176,8048,189,25,6.09
92.811923,8425,8332,481,25,6.09
92.911918,8138,8316,481,25,6.1
93.011919,8329,8148,481,25,6.1
93.111937,8168,8368,481,25,6.08
93.21192,8068,8120,0,25,6.08
93.311958,8244,8096,0,25,6.08
93.41192,8499,8328,0,25,6.1
93.511943,8352,8472,214,25,6.1
93.611923,8390,8336,214,25,6.1
93.711948,8175,8320,214,25,6.07
93.811921,8241,8156,138,25,6.07
93.911936,8400,8308,138,25,6.1
94.011919,8373,8360,138,25,6.1
94.111918,8480,8396,138,25,6.1
94.211937,8608,8504,404,25,6.1
94.311919,8637,8664,404,25,6.1
94.411936,8227,8484,404,25,6.05
94.511919,8001,8076,54,25,6.05
94.61192,8386,8044,54,25,6.05
94.711919,8818,8592,54,25,6.05
94.81192,8745,8788,138,25,6.05
94.911919,8696,8636,138,25,6.1
95.01192,8614,8688,138,25,6.1
95.111919,8503,8536,138,25,6.09
95.211921,8573,8488,107,25,6.09
95.311919,8662,8608,107,25,6.09
95.41192,8727,8700,107,25,6.09
95.511919,8867,8756,170,25,6.09
95.61192,8756,8856,170,25,6.09
95.711919,8601,8668,170,25,6.08
95.81192,8612,8552,133,25,6.08
95.911919,8726,8684,133,25,6.09
96.011921,8577,8680,133,25,6.09
96.111919,8533,8580,133,25,6.11
96.211921,8439,8480,93,25,6.11
96.31192,8463,8448,93,25,6.11
96.41192,8531,8512,93,25,6.11
96.511919,8415,8496,68,25,6.11
96.61192,8385,8408,68,25,6.11
96.711918,8374,8384,68,25,6.11
96.81192,8368,8368,51,25,6.11
96.911919,8333,8356,51,25,6.11
97.01192,8323,8284,51,25,6.11
97.111918,8483,8356,51,25,6.08
97.21192,8415,8476,51,25,6.08
97.311919,8327,8380,51,25,6.08
97.411938,8328,8340,51,25,6.1
97.511919,8306,8316,27,25,6.1
97.611933,8215,8260,27,25,6.1
97.711918,8251,8220,27,25,6.09
97.811957,8315,8320,117,25,6.09
97.911919,8312,8296,117,25,6.11
98.011919,8386,8356,117,25,6.11
98.111928,8338,8352,117,25,6.11
98.211919,8287,8316,117,25,6.11
98.311919,8324,8292,117,25,6.11
98.411921,8397,8364,117,25,6.09
98.511919,8363,8384,15,25,6.09
98.61192,8184,8312,15,25,6.09
98.71192,8334,8252,15,25,6.06
98.811921,8525,8428,387,25,6.06
98.911919,8602,8536,387,25,6.1
99.01192,8431,8436,387,25,6.1
99.11192,8589,8460,387,25,6.08
99.21192,8715,8672,68,25,6.08
99.311919,8691,8716,68,25,6.08
99.411921,8321,8568,68,25,6.04
99.511921,8667,8392,336,25,6.04
99.611919,8760,8796,336,25,6.04
99.711919,8509,8612,336,25,6.09
99.811919,8472,8464,0,25,6.09
99.911919,8499,8488,0,25,6.11
100.011919,8580,8544,0,25,6.11
100.111918,8495,8544,0,25,6.11
100.211922,8626,8536,187,25,6.11
100.311919,8618,8624,187,25,6.11
100.411919,8325,8532,187,25,6.09
100.511919,8229,8236,8,25,6.09
100.611919,8486,8336,8,25,6.09
100.711919,8371,8404,8,25,6.11
100.811927,8344,8368,129,25,6.11
100.911919,8344,8308,129,25,6.12
101.01192,8379,8348,129,25,6.12
101.111919,8538,8428,129,25,6.07
101.211919,8499,8536,139,25,6.07
101.311919,8357,8440,139,25,6.07
101.41192,8409,8348,139,25,6.1
101.511921,8358,8380,133,25,6.1
101.611919,8349,8388,133,25,6.1
101.71192,8267,8300,133,25,6.1
101.811921,8265,8232,146,25,6.1
101.911919,8349,8312,146,25,6.1
102.011919,8392,8368,146,25,6.1
102.111918,8165,8316,146,25,6.08
102.21192,8304,8176,252,25,6.08
102.311918,8516,8416,252,25,6.08
102.411938,8391,8500,252,25,6.11
102.511918,8390,8328,158,25,6.11
102.61192,8278,8348,158,25,6.11
102.711919,8213,8220,158,25,6.1
102.811918,8239,8224,0,25,6.1
102.911919,8288,8228,0,25,6.11
103.011918,8302,8308,0,25,6.11
103.111918,8349,8336,0,25,6.12
103.211922,8309,8324,155,25,6.12
103.31192,8291,8292,155,25,6.12
103.411919,8221,8300,155,25,6.09
103.511919,8471,8240,76,25,6.09
103.611933,8743,8632,76,25,6.09
103.711919,8574,8704,76,25,6.1
103.811927,8363,8480,148,25,6.1
103.911919,8261,8280,148,25,6.09
104.011921,8308,8264,148,25,6.09
104.111919,8326,8312,148,25,6.1
104.211919,8465,8392,34,25,6.1
104.311919,8433,8472,34,25,6.1
104.41192,8156,8352,34,25,6.07
104.511919,8264,8124,119,25,6.07
104.611937,8595,8352,119,25,6.07
104.711919,8458,8532,119,25,6.06
104.81192,8550,8500,238,25,6.06
104.91192,8331,8448,238,25,6.09
105.011918,8309,8276,238,25,6.09
105.11194,8517,8444,238,25,6.07
105.211919,8404,8520,32,25,6.07
105.31192,8460,8416,32,25,6.07
105.41192,8285,8384,32,25,6.08
105.511929,8202,8264,288,25,6.08
105.611937,8303,8200,288,25,6.08
105.711919,8510,8392,288,25,6.09
105.81192,8491,8508,0,25,6.09
105.911921,8283,8392,0,25,6.08
106.01192,8253,8296,0,25,6.08
106.111919,8176,8224,0,25,6.11
106.211919,8288,8220,122,25,6.11
106.311927,8437,8384,122,25,6.11
106.41192,8347,8416,122,25,6.1
106.511936,8359,8336,0,25,6.1
106.611935,8387,8340,0,25,6.1
106.711938,8394,8408,0,25,6.11
106.811935,8477,8424,32,25,6.11
106.911936,8441,8460,32,25,6.12
107.011975,8343,8372,32,25,6.12
107.11193,8326,8352,32,25,6.1
107.211936,8222,8256,160,25,6.1
107.311949,8395,8268,160,25,6.1
107.411919,8494,8468,160,25,6.09
107.511936,8282,8396,508,25,6.09
107.611936,8396,8336,508,25,6.09
107.711918,8383,8416,508,25,6.07
107.811923,8355,8388,54,25,6.07
107.911919,7990,8280,54,25,6.05
108.011919,8087,7968,54,25,6.05
108.111935,8428,8288,54,25,6.05
108.211918,8006,8288,742,25,6.05
108.311919,8087,7944,742,25,6.05
108.411919,8269,8108,742,25,6.07
108.511918,8448,8376,133,25,6.07
108.611935,8465,8496,133,25,6.07
108.711917,8315,8400,133,25,6.11
108.811919,8391,8332,158,25,6.11
108.911918,8465,8420,158,25,6.08
109.011918,7859,8484,158,25,6.08
109.11192,8202,8020,158,25,6.02
109.211919,8374,8236,342,25,6.02
109.311919,8233,8356,342,25,6.02
109.41192,8003,8172,342,25,6
109.511919,8114,8056,88,25,6
109.611919,8607,8172,88,25,6
109.711919,8752,8732,88,25,6.09
109.811923,8601,8736,324,25,6.09
109.911919,8374,8516,324,25,6.07
110.011919,8279,8312,324,25,6.07
110.111918,8265,8288,324,25,6.11
110.211918,8316,8308,305,25,6.11
110.311916,8355,8356,305,25,6.11
110.411919,8441,8364,305,25,6.1
110.511918,8609,8520,479,25,6.1
110.611918,8567,8508,479,25,6.1
110.711917,8607,8612,479,25,6.09
110.811917,8499,8588,264,25,6.09
110.911917,8482,8504,264,25,6.11
111.011919,8936,8624,264,25,6.11
111.111919,8807,8952,264,25,6.11
111.211917,8485,8684,187,25,6.11
111.311916,7869,8268,187,25,6.11
111.411917,8713,8236,187,25,6
111.511916,8712,8796,8,25,6
111.611917,8697,8736,8,25,6
111.711916,8681,8804,8,25,6.09
111.811918,8348,8476,464,25,6.09
111.911917,8816,8564,464,25,6.03
112.011919,8638,8748,464,25,6.03
112.111916,8170,8432,464,25,6.05
112.211917,7995,8084,172,25,6.05
112.311917,8069,8044,172,25,6.05
112.411918,8311,8212,172,25,6.07
112.511917,8679,8396,259,25,6.07
112.611918,8901,8856,259,25,6.07
112.711925,8436,8736,259,25,6.06
112.811918,7726,8108,868,25,6.06
112.911918,8064,7780,868,25,6.08
113.011918,7839,8044,868,25,6.08
113.111917,8105,7844,868,25,6.08
113.211954,8445,8256,348,25,6.08
113.311925,8441,8452,348,25,6.08
113.411916,8549,8516,348,25,6.11
113.511916,8487,8600,131,25,6.11
113.611918,8386,8312,131,25,6.11
113.711919,8336,8456,131,25,6.1
113.811918,7891,8112,1264,25,6.1
113.911919,8184,8060,1264,25,6.06
114.011918,8150,8160,1264,25,6.06
114.111917,8406,8220,1264,25,6.08
114.211923,8189,8484,518,25,6.08
114.311917,8018,8068,518,25,6.08
114.411919,8010,7932,518,25,6.11
114.511918,8164,8052,336,25,6.11
114.611918,8403,8208,336,25,6.11
114.711917,8078,8332,336,25,6.02
114.811917,8202,8140,133,25,6.02
114.91193,8611,8416,133,25,6.06
115.011918,8921,8708,133,25,6.06
115.111917,8662,8820,133,25,6.05
115.21192,8503,8544,114,25,6.05
115.311916,8405,8556,114,25,6.05
115.411918,7626,7988,114,25,5.98
115.511917,8234,7812,452,25,5.98
115.611918,8424,8384,452,25,5.98
115.711917,8431,8404,452,25,6.09
115.811918,8497,8388,40,25,6.09
115.911928,8581,8552,40,25,6.11
116.011918,8431,8504,40,25,6.11
116.111918,8596,8500,40,25,6.08
116.211917,8417,8548,266,25,6.08
116.311916,8227,8320,266,25,6.08
116.411917,8434,8272,266,25,6.06
116.511916,8841,8604,708,25,6.06
116.611919,8812,8916,708,25,6.06
116.711917,8603,8732,708,25,6.1
116.81192,8486,8536,356,25,6.1
116.911932,8736,8584,356,25,6.07
117.011918,8809,8752,356,25,6.07
117.111917,8639,8804,356,25,6.08
117.211918,8570,8528,269,25,6.08
117.311916,8729,8648,269,25,6.08
117.411918,8792,8732,269,25,6.11
117.511917,8721,8856,68,25,6.11
117.611918,8510,8620,68,25,6.11
117.711917,8500,8460,68,25,6.1
117.811919,8502,8532,49,25,6.1
117.911931,8460,8456,49,25,6.11
118.011921,8471,8500,49,25,6.11
118.111916,8630,8468,49,25,6.1
118.211918,8741,8776,97,25,6.1
118.311925,8405,8640,97,25,6.1
118.41193,8270,8344,97,25,6.11
118.511917,8371,8308,255,25,6.11
118.611947,8199,8320,255,25,6.11
118.711917,8234,8184,255,25,6.1
118.811945,8305,8380,121,25,6.1
118.911928,8320,8264,121,25,6.1
119.011918,8337,8308,121,25,6.1
119.111916,8491,8356,121,25,6.11
119.211918,8411,8448,418,25,6.11
119.311917,8203,8376,418,25,6.11
119.411916,8137,8204,418,25,6.1
119.511917,8421,8244,320,25,6.1
119.611919,8194,8368,320,25,6.1
119.711929,8322,8192,320,25,6.11
119.81192,8577,8452,409,25,6.11
119.911977,8201,8448,409,25,6.06
120.011919,8115,8096,409,25,6.06
120.111933,8051,8228,409,25,6.08
120.211935,8072,7920,496,25,6.08
120.311917,8489,8144,496,25,6.08
120.41194,8698,8668,496,25,6.06
120.511917,8353,8692,243,25,6.06
120.611948,8209,8228,243,25,6.06
120.711918,7899,8092,243,25,6.04
120.811934,8298,7956,539,25,6.04
120.911918,8473,8368,539,25,6.08
121.011916,8687,8612,539,25,6.08
121.111918,8689,8784,539,25,6.1
121.211917,8304,8496,755,25,6.1
121.311925,8362,8320,755,25,6.1
121.411916,8579,8472,755,25,6.07
121.511928,8509,8568,148,25,6.07
121.611918,8734,8520,148,25,6.07
121.711916,8465,8596,148,25,6.03
121.811918,8773,8500,249,25,6.03
121.911918,8986,8956,249,25,6.06
122.011917,8477,8796,249,25,6.06
122.111917,8218,8388,249,25,6.08
122.211919,8549,8296,257,25,6.08
122.311917,8692,8592,257,25,6.08
122.411918,8295,8580,257,25,6.02
122.511917,8282,8240,25,25,6.02
122.611916,8587,8468,25,25,6.02
122.711918,8509,8528,25,25,6.09
122.81192,8804,8600,443,25,6.09
122.911927,8733,8608,443,25,6.05
123.011917,8331,8672,443,25,6.05
123.111917,8215,8204,443,25,6.1
123.211917,8463,8388,334,25,6.1
123.311919,8304,8356,334,25,6.1
123.411919,8538,8444,334,25,6.05
123.511917,8456,8508,30,25,6.05
123.611918,8823,8536,30,25,6.05
123.711917,8629,8776,30,25,6.08
123.811919,8410,8556,360,25,6.08
123.911926,8332,8328,360,25,6.1
124.011917,8283,8384,360,25,6.1
124.111917,8952,8516,360,25,5.99
124.211917,8362,8728,803,25,5.99
124.311917,8029,8220,803,25,5.99
124.411918,8261,8104,803,25,6.07
124.511935,8066,8224,353,25,6.07
124.611917,8161,8112,353,25,6.07
124.71192,8216,8128,353,25,6.11
124.811917,8297,8300,92,25,6.11
124.911917,8199,8288,92,25,6.1
125.011918,8046,8024,92,25,6.1
125.11192,8313,8148,92,25,6.09
125.211919,8161,8320,124,25,6.09
125.311917,8064,8036,124,25,6.09
125.411917,8685,8252,124,25,5.99
125.511918,8304,8612,114,25,5.99
125.611917,7918,8176,114,25,5.99
125.711917,7975,7852,114,25,6.11
125.811917,8509,8104,837,25,6.11
125.911917,8334,8488,837,25,6.09
126.011917,8063,8220,837,25,6.09
126.111917,8378,8116,837,25,6.1
126.211917,8240,8428,235,25,6.1
126.311926,8152,8128,235,25,6.1
126.411918,8223,8192,235,25,6.1
126.511917,8598,8288,395,25,6.1
126.611917,8724,8676,395,25,6.1
126.711935,8443,8716,395,25,6.08
126.811918,8072,8192,274,25,6.08
126.911918,8589,8304,274,25,6.02
127.011918,8817,8736,274,25,6.02
127.111925,8697,8768,274,25,6.09
127.211918,8615,8620,32,25,6.09
127.311916,8543,8564,32,25,6.09
127.411917,8789,8552,32,25,6.1
127.511935,8770,8768,206,25,6.1
127.611918,8681,8704,206,25,6.1
127.711917,8883,8748,206,25,6.09
127.811917,9035,8956,252,25,6.09
127.911917,9251,9192,252,25,6.04
128.011919,8960,9156,252,25,6.04
128.111918,8530,8824,252,25,6.03
128.211925,8517,8496,165,25,6.03
128.311918,8490,8520,165,25,6.03
128.411918,8657,8540,165,25,6.11
128.511918,8393,8564,300,25,6.11
128.611918,8589,8468,300,25,6.11
128.711917,8415,8476,300,25,6.08
128.811917,8377,8372,59,25,6.08
128.911916,8446,8392,59,25,6.1
129.011919,8458,8420,59,25,6.1
129.111917,8518,8484,59,25,6.11
129.211918,8600,8596,421,25,6.11
129.311917,8318,8488,421,25,6.11
129.411917,8622,8408,421,25,6.05
129.511917,8738,8644,271,25,6.05
129.611918,8619,8752,271,25,6.05
129.711918,8320,8448,271,25,6.09
129.811917,8012,8172,474,25,6.09
129.911918,8012,8012,474,25,6.11
130.011917,8170,8024,474,25,6.11
130.111917,8232,8264,474,25,6.1
130.21192,8088,8208,233,25,6.1
130.311917,8047,8064,233,25,6.1
130.411917,8335,8128,233,25,6.06
130.511917,8109,8288,107,25,6.06
130.611926,8076,8064,107,25,6.06
130.711925,8153,8132,107,25,6.11
130.811919,7895,8052,547,25,6.11
130.911949,8117,7856,547,25,6.1
131.011918,8426,8352,547,25,6.1
131.111976,8217,8328,547,25,6.08
131.211918,8113,8136,259,25,6.08
131.311937,8404,8296,259,25,6.08
131.411917,7933,8252,259,25,6.08
131.511935,7689,7760,167,25,6.08
131.611928,8103,7880,167,25,6.08
131.711927,8039,8088,167,25,6.1
131.811919,8258,8068,194,25,6.1
131.911917,8132,8288,194,25,6.11
132.011919,8234,8120,194,25,6.11
132.111934,8415,8260,194,25,6.09
132.211918,8395,8460,122,25,6.09
132.311917,8215,8300,122,25,6.09
132.411918,8283,8268,122,25,6.08
132.511929,8171,8240,34,25,6.08
132.611918,8408,8232,34,25,6.08
132.711936,8552,8564,34,25,6.1
132.811918,8598,8548,105,25,6.1
132.911917,8587,8592,105,25,6.12
133.011979,8571,8572,105,25,6.12
133.111918,8586,8568,105,25,6.1
133.211946,8453,8492,329,25,6.1
133.311916,8547,8496,329,25,6.1
133.411918,8775,8624,329,25,6.04
133.511925,8816,8784,0,25,6.04
133.611918,8745,8828,0,25,6.04
133.711918,8357,8568,0,25,6.03
133.811917,8483,8348,133,25,6.03
133.911917,8446,8464,133,25,6.11
134.011918,8791,8508,133,25,6.11
134.111918,8998,8928,133,25,6.08
134.211917,8570,8832,291,25,6.08
134.311918,8039,8384,291,25,6.08
134.411918,8490,8152,291,25,6.05
134.511916,8511,8604,64,25,6.05
134.611917,8381,8444,64,25,6.05
134.711918,8306,8368,64,25,6.11
134.811919,8505,8352,47,25,6.11
134.911916,8599,8620,47,25,6.09
135.011918,8462,8576,47,25,6.09
135.111926,8039,8284,47,25,6.04
135.211919,8249,8004,114,25,6.04
135.311917,8444,8352,114,25,6.04
135.411918,8751,8564,114,25,6.07
135.511917,8701,8780,160,25,6.07
135.611927,8509,8584,160,25,6.07
135.711917,8598,8532,160,25,6.08
135.811925,8307,8504,156,25,6.08
135.911918,8183,8172,156,25,6.08
136.011917,7666,8132,156,25,6.08
136.111917,7485,7432,156,25,6.05
136.211918,7981,7744,827,25,6.05
136.311918,8344,8156,827,25,6.05
136.411921,8234,8260,827,25,6.1
136.511918,8370,8380,143,25,6.1
136.611918,8081,8196,143,25,6.1
136.711921,8251,8064,143,25,6.11
136.811919,8530,8336,575,25,6.11
136.911922,8164,8428,575,25,6.05
137.011918,7950,8052,575,25,6.05
137.111924,8062,7952,575,25,6.09
137.211919,8248,8184,286,25,6.09
137.311916,7984,8160,286,25,6.09
137.411918,8184,8028,286,25,6.1
137.511925,8493,8388,455,25,6.1
137.611918,8239,8280,455,25,6.1
137.711915,8356,8308,455,25,6.11
137.811918,8640,8512,168,25,6.11
137.911917,8546,8740,168,25,6.11
138.011917,8239,8344,168,25,6.11
138.111925,8340,8152,168,25,6.12
138.211918,8746,8468,189,25,6.12
138.311916,8632,8832,189,25,6.12
138.411927,8289,8448,189,25,6.08
138.511924,8506,8404,639,25,6.08
138.611917,8394,8468,639,25,6.08
138.711917,8472,8464,639,25,6.1
138.81192,8430,8412,71,25,6.1
138.911918,8458,8400,71,25,6.11
139.011917,8528,8476,71,25,6.11
139.111916,8559,8524,71,25,6.1
139.211917,8631,8600,259,25,6.1
139.311925,8677,8632,259,25,6.1
139.411917,8699,8724,259,25,6.1
139.511918,8622,8640,54,25,6.1
139.611918,8725,8620,54,25,6.1
139.711918,8638,8676,54,25,6.09
139.811918,8669,8676,182,25,6.09
139.911918,8577,8556,182,25,6.1
140.011917,8764,8732,182,25,6.1
140.111918,8537,8588,182,25,6.07
140.211919,8696,8604,174,25,6.07
140.311917,8497,8672,174,25,6.07
140.411919,8346,8392,174,25,6.07
140.511917,8450,8344,76,25,6.07
140.611917,8705,8584,76,25,6.07
140.711917,8606,8652,76,25,6.1
140.811918,8526,8592,131,25,6.1
140.911916,8571,8520,131,25,6.1
141.011918,8725,8620,131,25,6.1
141.111917,8779,8764,131,25,6.07
141.211917,8513,8740,438,25,6.07
141.311916,8375,8372,438,25,6.07
141.411918,8377,8412,438,25,6.11
141.511917,8427,8372,92,25,6.11
141.611926,8059,8304,92,25,6.11
141.711917,8134,8016,92,25,6.1
141.811918,8118,8248,252,25,6.1
141.911916,8039,8140,252,25,6.11
142.011917,7745,7928,252,25,6.11
142.111918,7869,7724,252,25,6.11
142.211919,8257,8108,602,25,6.11
142.311917,8503,8368,602,25,6.11
142.411918,8489,8532,602,25,6.09
142.511918,8163,8292,699,25,6.09
142.611919,8323,8192,699,25,6.09
142.711916,8089,8292,699,25,6.05
142.811918,8051,8140,81,25,6.05
142.911916,8055,8044,81,25,6.11
143.011917,8052,8096,81,25,6.11
143.111918,8334,8072,81,25,6.07
143.211919,8422,8448,174,25,6.07
143.311916,8074,8276,174,25,6.07
143.41192,8019,7988,174,25,6.09
143.511916,8204,8124,255,25,6.09
143.61195,8455,8272,255,25,6.09
143.711917,8484,8528,255,25,6.1
143.811934,8434,8392,208,25,6.1
143.911917,8604,8452,208,25,6.11
144.01195,8470,8636,208,25,6.11
144.111918,8364,8416,208,25,6.11
144.211951,8664,8484,581,25,6.11
144.311917,8887,8680,581,25,6.11
144.411946,8918,8988,581,25,6.1
144.511918,8296,8692,699,25,6.1
144.611935,8385,8308,699,25,6.1
144.711918,8514,8376,699,25,6.11
144.811926,8573,8520,0,25,6.11
144.911918,8710,8580,0,25,6.1
145.011918,8746,8784,0,25,6.1
145.111917,8699,8788,0,25,6.11
145.211917,8920,8744,469,25,6.11
145.311924,8849,9012,469,25,6.11
145.411918,8450,8744,469,25,6.09
145.511935,8249,8264,455,25,6.09
145.611918,8693,8512,455,25,6.09
145.711938,8659,8640,455,25,6.11
145.811918,8634,8684,11,25,6.11
145.911946,8464,8532,11,25,6.09
146.011918,8492,8480,11,25,6.09
146.111946,8569,8548,11,25,6.09
146.211918,8326,8536,204,25,6.09
146.311917,8439,8300,204,25,6.09
146.411918,8509,8488,204,25,6.08
146.511916,8545,8484,389,25,6.08
146.611918,8415,8452,389,25,6.08
146.711917,8337,8388,389,25,6.09
146.811919,8284,8272,168,25,6.09
146.911917,8286,8340,168,25,6.11
147.011918,8311,8280,168,25,6.11
147.111917,8459,8320,168,25,6.08
147.211918,8377,8408,112,25,6.08
147.311918,8412,8372,112,25,6.08
147.411917,8380,8384,112,25,6.1
147.511917,8229,8340,264,25,6.1
147.611918,8147,8184,264,25,6.1
147.71192,8143,8156,264,25,6.09
147.811926,8215,8200,39,25,6.09
147.911917,8125,8192,39,25,6.11
148.011917,8091,8096,39,25,6.11
148.111917,7970,8072,39,25,6.09
148.211918,8093,7980,23,25,6.09
148.311934,8372,8188,23,25,6.09
148.411918,8249,8340,23,25,6.09
148.511926,8149,8232,34,25,6.09
148.611917,8045,8104,34,25,6.09
148.711917,7939,8008,34,25,6.1
148.811918,8081,7960,302,25,6.1
148.911918,8152,8108,302,25,6.11
149.011918,8186,8184,302,25,6.11
149.111917,8048,8180,302,25,6.1
149.211918,7964,8020,18,25,6.1
149.311917,8154,8096,18,25,6.1
149.411918,8281,8196,18,25,6.1
149.511918,8318,8356,242,25,6.1
149.611916,8140,8140,242,25,6.1
149.711916,8169,8192,242,25,6.1
149.811917,8288,8168,360,25,6.1
149.911917,8329,8360,360,25,6.11
150.011918,8296,8352,360,25,6.11
150.111917,8159,8236,360,25,6.08
150.211926,8351,8252,182,25,6.08
150.311925,8376,8340,182,25,6.08
150.411918,8412,8376,182,25,6.11
150.511917,8530,8476,368,25,6.11
150.611917,8505,8520,368,25,6.11
150.711916,8713,8544,368,25,6.09
150.811917,8859,8768,305,25,6.09
150.911918,8720,8828,305,25,6.11
151.011917,8505,8616,305,25,6.11
151.111925,8493,8496,305,25,6.11
151.211918,8548,8512,162,25,6.11
151.311916,8593,8588,162,25,6.11
151.411917,8563,8564,162,25,6.11
151.511916,8657,8616,238,25,6.11
151.611917,8650,8636,238,25,6.11
151.711917,8669,8660,238,25,6.11
151.811918,8740,8712,211,25,6.11
151.911916,8770,8740,211,25,6.1
152.011918,8635,8732,211,25,6.1
152.111917,8406,8592,211,25,6.1
152.211918,8334,8348,47,25,6.1
152.311918,8674,8444,47,25,6.1
152.411917,8652,8752,47,25,6.11
152.511917,8690,8664,139,25,6.11
152.611918,8548,8652,139,25,6.11
152.711917,8677,8544,139,25,6.11
152.811918,8603,8664,201,25,6.11
152.911917,8524,8532,201,25,6.09
153.011918,8622,8556,201,25,6.09
153.111917,8595,8656,201,25,6.11
153.211917,8659,8648,211,25,6.11
153.311917,8457,8584,211,25,6.11
153.411918,8369,8408,211,25,6.1
153.511918,8594,8456,421,25,6.1
153.611918,8665,8600,421,25,6.1
153.711919,8572,8652,421,25,6.08
153.81192,8123,8428,559,25,6.08
153.911917,8149,8092,559,25,6.11
154.011918,8121,8176,559,25,6.11
154.111918,7871,8176,559,25,6.08
154.211918,7765,7724,180,25,6.08
154.311918,7982,7864,180,25,6.08
154.411921,8024,8036,180,25,6.09
154.511938,8210,8040,407,25,6.09
154.611918,8309,8256,407,25,6.09
154.711919,8237,8340,407,25,6.1
154.811917,8152,8204,0,25,6.1
154.911925,8227,8132,0,25,6.07
155.011917,7994,8200,0,25,6.07
155.111931,8179,7836,0,25,6.09
155.211918,8639,8400,487,25,6.09
155.311948,8353,8560,487,25,6.09
155.411917,8165,8320,487,25,6.09
155.511931,8106,8084,5,25,6.09
155.611921,8462,8252,5,25,6.09
155.711947,8374,8432,5,25,6.08
155.811936,8374,8368,133,25,6.08
155.911945,8405,8412,133,25,6.1
156.011934,7861,8228,133,25,6.1
156.111952,7422,7604,133,25,6.05
156.21192,7389,7356,261,25,6.05
156.311952,8037,7516,261,25,6.05
156.411917,8615,8396,261,25,6.04
156.511947,8549,8604,66,25,6.04
156.611935,8390,8516,66,25,6.04
156.711952,8170,8332,66,25,6.09
156.811925,8276,8196,300,25,6.09
156.911947,8360,8344,300,25,6.08
157.011934,8382,8360,300,25,6.08
157.111945,8513,8528,300,25,6.1
157.211936,8281,8400,145,25,6.1
157.311935,8334,8236,145,25,6.1
157.411935,8611,8492,145,25,6.07
157.511935,8592,8616,175,25,6.07
157.611935,8643,8620,175,25,6.07
157.711935,8658,8628,175,25,6.1
157.811921,8713,8700,261,25,6.1
157.911917,8197,8596,261,25,6.06
158.011918,8153,8152,261,25,6.06
158.111919,8442,8196,261,25,6.06
158.211924,8674,8608,332,25,6.06
158.311918,8782,8732,332,25,6.06
158.411917,8556,8684,332,25,6.09
158.511926,8592,8592,107,25,6.09
158.611919,8661,8620,107,25,6.09
158.711926,8709,8676,107,25,6.1
158.81195,8560,8684,177,25,6.1
158.911924,8424,8452,177,25,6.1
159.011958,8419,8420,177,25,6.1
159.111916,8293,8412,177,25,6.08
159.211949,8255,8260,141,25,6.08
159.311924,8421,8272,141,25,6.08
159.411935,8680,8564,141,25,6.05
159.511932,8548,8600,117,25,6.05
159.611936,8384,8440,117,25,6.05
159.711934,8321,8336,117,25,6.09
159.811934,8458,8372,104,25,6.09
159.911942,8499,8464,104,25,6.11
160.011935,8438,8496,104,25,6.11
160.111934,8422,8460,104,25,6.11
160.211937,8360,8408,302,25,6.11
160.311917,8192,8320,302,25,6.11
160.411918,8178,8124,302,25,6.1
160.511925,8291,8248,170,25,6.1
160.611918,8389,8308,170,25,6.1
160.711918,8220,8356,170,25,6.09
160.811933,8114,8184,139,25,6.09
160.911926,8024,8048,139,25,6.09
161.011935,8088,8048,139,25,6.09
161.111935,8126,8172,139,25,6.1
161.211934,8170,8144,81,25,6.1
161.311933,8225,8220,81,25,6.1
161.411935,8185,8224,81,25,6.09
161.511936,8135,8184,46,25,6.09
161.611934,8338,8244,46,25,6.09
161.711916,7997,8256,46,25,6.08
161.811918,7980,7920,0,25,6.08
161.911918,8006,8016,0,25,6.1
162.011919,8204,8044,0,25,6.1
162.111917,8189,8236,0,25,6.09
162.211918,8141,8132,85,25,6.09
162.311926,8125,8148,85,25,6.09
162.411917,8190,8220,85,25,6.11
162.511917,8008,8188,104,25,6.11
162.611918,8053,7944,104,25,6.11
162.711917,8327,8184,104,25,6.06
162.811919,8313,8312,165,25,6.06
162.911916,8356,8288,165,25,6.1
163.011917,8081,8268,165,25,6.1
163.111916,8335,8128,165,25,6.09
163.211917,8582,8476,656,25,6.09
163.311916,8424,8512,656,25,6.09
163.411919,8650,8508,656,25,6.09
163.511918,8645,8632,46,25,6.09
163.611919,8309,8580,46,25,6.09
163.711917,8362,8204,46,25,6.11
163.811917,8509,8420,228,25,6.11
163.911917,8656,8596,228,25,6.1
164.011917,8559,8624,228,25,6.1
164.111918,8724,8576,228,25,6.09
164.211917,8547,8724,90,25,6.09
164.311917,8513,8524,90,25,6.09
164.411917,8776,8608,90,25,6.06
164.511917,8584,8716,191,25,6.06
164.611918,8593,8540,191,25,6.06
164.711917,8670,8608,191,25,6.09
164.811918,8739,8668,247,25,6.09
164.911917,8733,8756,247,25,6.1
165.011918,8724,8720,247,25,6.1
165.111917,8622,8700,247,25,6.11
165.211918,8730,8620,221,25,6.11
165.311917,8789,8792,221,25,6.11
165.411926,8721,8764,221,25,6.1
165.511916,8711,8732,105,25,6.1
165.611918,8647,8696,105,25,6.1
165.711917,8432,8524,105,25,6.08
165.811926,8647,8464,225,25,6.08
165.911918,8603,8656,225,25,6.11
166.011918,8437,8520,225,25,6.11
166.111916,8507,8468,225,25,6.08
166.211918,8645,8536,187,25,6.08
166.311916,8826,8732,187,25,6.08
166.411917,8425,8700,187,25,6.07
166.511917,7928,8216,593,25,6.07
166.611916,8000,7936,593,25,6.07
166.711917,7982,7972,593,25,6.09
166.811918,8068,7992,40,25,6.09
166.911917,8342,8184,40,25,6.06
167.011918,8267,8320,40,25,6.06
167.111925,8348,8288,40,25,6.11
167.211918,8388,8368,237,25,6.11
167.311918,8342,8356,237,25,6.11
167.411918,8226,8304,237,25,6.1
167.511917,8116,8216,112,25,6.1
167.611918,8127,8088,112,25,6.1
167.711917,8149,8124,112,25,6.11
167.811918,8118,8132,92,25,6.11
167.911917,8180,8124,92,25,6.11
168.011918,8009,8172,92,25,6.11
168.111917,7990,7944,92,25,6.1
168.211919,7924,7968,0,25,6.1
168.311918,8229,7988,0,25,6.1
168.411918,8390,8344,0,25,6.1
168.511919,8335,8420,109,25,6.1
168.611934,8231,8324,109,25,6.1
168.711918,8063,8212,109,25,6.11
168.811959,8076,8064,1,25,6.11
168.911936,8153,8128,1,25,6.1
169.011933,8344,8228,1,25,6.1
169.111918,8418,8340,1,25,6.11
169.211917,8495,8516,78,25,6.11
169.311948,8248,8420,78,25,6.11
169.41192,8423,8308,78,25,6.09
169.51192,8527,8456,237,25,6.09
169.611933,8371,8520,237,25,6.09
169.711917,8332,8368,237,25,6.12
169.811954,8313,8332,0,25,6.12
169.911918,8534,8360,0,25,6.09
170.011934,8574,8540,0,25,6.09
170.111917,8521,8560,0,25,6.11
170.211917,8508,8468,179,25,6.11
170.311928,8809,8696,179,25,6.11
170.411921,8756,8820,179,25,6.11
170.511918,8595,8748,64,25,6.11
170.611917,8613,8568,64,25,6.11
170.711918,8622,8580,64,25,6.11
170.811929,8702,8680,180,25,6.11
170.911918,8578,8632,180,25,6.1
171.011918,8694,8632,180,25,6.1
171.111917,8699,8700,180,25,6.1
171.211917,8849,8716,221,25,6.1
171.311917,8730,8820,221,25,6.1
171.411919,8737,8740,221,25,6.11
171.511917,8722,8748,133,25,6.11
171.611919,8767,8716,133,25,6.11
171.711916,8753,8780,133,25,6.1
171.811918,8534,8636,469,25,6.1
171.911917,8528,8552,469,25,6.11
172.011918,8557,8560,469,25,6.11
172.111926,8531,8540,469,25,6.11
172.211917,8387,8476,27,25,6.11
172.311918,8520,8356,27,25,6.11
172.411918,8586,8648,27,25,6.08
172.511919,8381,8476,360,25,6.08
172.611917,8432,8396,360,25,6.08
172.711918,8344,8432,360,25,6.1
172.811916,8247,8276,83,25,6.1
172.911918,8184,8224,83,25,6.11
173.011919,8095,8092,83,25,6.11
173.111918,8248,8124,83,25,6.09
173.21192,8206,8232,71,25,6.09
173.311951,8255,8248,71,25,6.09
173.411918,8128,8232,71,25,6.1
173.511977,8041,8004,22,25,6.1
173.611918,8165,8092,22,25,6.1
173.711947,8147,8128,22,25,6.1
173.811919,8062,8136,199,25,6.1
173.911935,8006,8024,199,25,6.1
174.011925,8119,8048,199,25,6.1
174.111919,8174,8132,199,25,6.11
174.211918,8072,8120,85,25,6.11
174.311917,8156,8088,85,25,6.11
174.411919,8116,8152,85,25,6.11
174.511918,7937,8084,73,25,6.11
174.611918,7879,7888,73,25,6.11
174.711917,8075,7924,73,25,6.1
174.811917,8238,8156,261,25,6.1
174.911919,8097,8224,261,25,6.11
175.011919,7828,7988,261,25,6.11
175.111916,7993,7888,261,25,6.07
175.211917,8159,8056,122,25,6.07
175.311937,8272,8224,122,25,6.07
175.411918,8311,8280,122,25,6.11
175.511925,7987,8168,498,25,6.11
175.611926,8122,8020,498,25,6.11
175.711918,8467,8256,498,25,6.07
175.811918,8583,8560,240,25,6.07
175.911917,8559,8536,240,25,6.11
176.011927,8381,8500,240,25,6.11
176.111917,8352,8336,240,25,6.1
176.211918,8290,8312,213,25,6.1
176.311916,8328,8312,213,25,6.1
176.411919,8323,8328,213,25,6.11
176.511918,8366,8308,80,25,6.11
176.611935,8288,8344,80,25,6.11
176.711918,8469,8340,80,25,6.1
176.811935,8618,8548,245,25,6.1
176.911917,8637,8644,245,25,6.11
177.011927,8664,8644,245,25,6.11
177.111916,8819,8680,245,25,6.11
177.211919,8702,8824,0,25,6.11
177.311918,8680,8644,0,25,6.11
177.411919,8715,8728,0,25,6.1
177.511916,8620,8724,245,25,6.1
177.611917,8430,8568,245,25,6.1
177.711915,8573,8460,245,25,6.1
177.811918,8600,8596,189,25,6.1
177.911917,8701,8604,189,25,6.11
178.011928,8762,8684,189,25,6.11
178.111917,8719,8776,189,25,6.11
178.211918,8610,8672,34,25,6.11
178.311926,8580,8612,34,25,6.11
178.411936,8306,8420,34,25,6.06
178.511917,8329,8300,185,25,6.06
178.611928,8383,8328,185,25,6.06
178.711918,8500,8412,185,25,6.09
178.811918,8681,8588,371,25,6.09
178.911918,8217,8428,371,25,6.05
179.011918,8206,8216,371,25,6.05
179.111918,8114,8112,371,25,6.08
179.211917,8423,8252,58,25,6.08
179.311927,8431,8448,58,25,6.08
179.411918,8337,8412,58,25,6.12
179.51192,8225,8292,168,25,6.12
179.611918,8144,8164,168,25,6.12
179.711916,8336,8216,168,25,6.08
179.811918,8267,8352,0,25,6.08
179.911918,8139,8172,0,25,6.07
180.011917,8210,8156,0,25,6.07
180.111917,8163,8292,0,25,6.11
180.211918,8249,8108,295,25,6.11
180.311927,8423,8308,295,25,6.11
180.411918,8366,8412,295,25,6.12
180.511917,8284,8312,90,25,6.12
180.611917,8195,8252,90,25,6.12
180.711918,8133,8176,90,25,6.11
180.811918,8128,8128,80,25,6.11
180.911926,7885,8000,80,25,6.08
181.011918,7972,7920,80,25,6.08
181.111917,8172,8068,80,25,6.08
181.211929,8080,8156,172,25,6.08
181.311951,8062,7988,172,25,6.08
181.411917,8263,8132,172,25,6.1
181.511957,8276,8332,83,25,6.1
181.611918,8236,8300,83,25,6.1
181.711932,8436,8312,83,25,6.08
181.811917,8483,8432,0,25,6.08
181.911935,8601,8500,0,25,6.09
182.011926,8432,8580,0,25,6.09
182.111925,8393,8384,0,25,6.11
182.21192,8374,8372,56,25,6.11
182.311925,8486,8384,56,25,6.11
182.411918,8711,8520,56,25,6.09
182.511936,8670,8756,204,25,6.09
182.611918,8634,8648,204,25,6.09
182.71195,8512,8624,204,25,6.1
182.81192,8494,8496,90,25,6.1
182.911947,8647,8584,90,25,6.09
183.011918,8638,8656,90,25,6.09
183.111919,8651,8568,90,25,6.1
183.211917,8625,8696,146,25,6.1
183.311918,8275,8588,146,25,6.1
183.411917,8132,8168,146,25,6.1
183.511918,8339,8164,196,25,6.1
183.611919,8318,8384,196,25,6.1
183.711925,8389,8376,196,25,6.11
183.811917,8381,8396,204,25,6.11
183.911917,8165,8324,204,25,6.09
184.011917,8363,8240,204,25,6.09
184.111917,8318,8340,204,25,6.11
184.211919,8141,8248,93,25,6.11
184.311919,7911,8036,93,25,6.11
184.411919,7996,7916,93,25,6.1
184.511919,8066,8084,295,25,6.1
184.611919,7965,8020,295,25,6.1
184.711925,8098,7972,295,25,6.09
184.811919,8026,8052,127,25,6.09
184.911918,8182,8048,127,25,6.09
185.011918,8360,8240,127,25,6.09
185.111918,8410,8428,127,25,6.1
185.211918,8219,8384,264,25,6.1
185.311916,8206,8176,264,25,6.1
185.411918,8345,8256,264,25,6.08
185.511917,8318,8352,209,25,6.08
185.611919,8081,8312,209,25,6.08
185.711918,8220,7980,209,25,6.1
185.811918,8328,8280,392,25,6.1
185.911918,8349,8368,392,25,6.11
186.011919,8658,8404,392,25,6.11
186.111919,8876,8792,392,25,6.05
186.211919,8620,8844,342,25,6.05
186.311918,8099,8368,342,25,6.05
186.411928,7989,8100,342,25,6.07
186.511919,8170,7996,216,25,6.07
186.611939,8307,8308,216,25,6.07
186.711925,8125,8196,216,25,6.07
186.811931,8159,8144,126,25,6.07
186.911918,8370,8256,126,25,6.07
187.011937,8269,8368,126,25,6.07
187.111919,8085,8208,126,25,6.07
187.211918,8252,8136,66,25,6.07
187.311918,8401,8340,66,25,6.07
187.411918,8357,8392,66,25,6.11
187.511917,8266,8316,87,25,6.11
187.611918,8488,8408,87,25,6.11
187.711926,8711,8548,87,25,6.06
187.811919,8525,8684,23,25,6.06
187.911918,8305,8400,23,25,6.1
188.011918,8395,8312,23,25,6.1
188.11192,8576,8484,23,25,6.09
188.211918,8600,8616,247,25,6.09
188.311918,8513,8524,247,25,6.09
188.411929,8372,8472,247,25,6.11
188.511918,8407,8340,194,25,6.11
188.611919,8536,8500,194,25,6.11
188.711926,8533,8564,194,25,6.1
188.81192,8229,8428,199,25,6.1
188.911918,8215,8176,199,25,6.11
189.011919,8381,8288,199,25,6.11
189.111918,8521,8392,199,25,6.11
189.211918,8396,8452,0,25,6.11
189.311917,8379,8360,0,25,6.11
189.411918,8271,8432,0,25,6.09
189.511917,8048,8196,269,25,6.09
189.611918,8398,8152,269,25,6.09
189.711917,8616,8504,269,25,6.07
189.811925,8611,8676,37,25,6.07
189.911917,8506,8548,37,25,6.1
190.011919,8476,8500,37,25,6.1
190.111918,8609,8500,37,25,6.09
190.211917,8490,8584,150,25,6.09
190.311918,8437,8496,150,25,6.09
190.411916,8509,8448,150,25,6.11
190.511917,8532,8532,211,25,6.11
190.611917,8436,8480,211,25,6.11
190.711916,8466,8468,211,25,6.1
190.811925,8299,8436,551,25,6.1
190.911917,8309,8300,551,25,6.1
191.011917,8184,8272,551,25,6.1
191.111918,8159,8132,551,25,6.11
191.211918,8232,8204,230,25,6.11
191.311917,8614,8360,230,25,6.11
191.411918,8409,8512,230,25,6.1
191.511917,8544,8448,150,25,6.1
191.611918,8521,8532,150,25,6.1
191.711921,8636,8560,150,25,6.08
191.81192,8509,8604,274,25,6.08
191.911918,8517,8520,274,25,6.11
192.011922,8709,8572,274,25,6.11
192.111918,8281,8612,274,25,6.05
192.211917,8120,8212,508,25,6.05
192.311926,8485,8188,508,25,6.05
192.411917,8638,8552,508,25,6.08
192.511917,8850,8748,404,25,6.08
192.611919,8943,8836,404,25,6.08
192.711918,8933,8944,404,25,6.1
192.811918,8372,8752,440,25,6.1
192.911918,8196,8232,440,25,6.08
193.011917,8142,8208,440,25,6.08
193.111919,8335,8192,440,25,6.11
193.211917,9552,8664,1774,25,6.11
193.311918,9210,9724,1774,25,6.11
193.411919,8190,8712,1774,25,6.02
193.511917,8160,8088,42,25,6.02
193.611919,8454,8268,42,25,6.02
193.711917,8514,8496,42,25,6.1
193.811921,8464,8456,124,25,6.1
193.911917,8669,8592,124,25,6.07
194.01192,8408,8580,124,25,6.07
194.111917,8365,8388,124,25,6.1
194.21192,8484,8400,182,25,6.1
194.311918,8409,8528,182,25,6.1
194.411918,8404,8348,182,25,6.12
194.511927,8352,8368,40,25,6.12
194.611953,8148,8284,40,25,6.12
194.711919,8106,8128,40,25,6.11
194.811934,8002,8112,126,25,6.11
194.911918,8020,7992,126,25,6.11
195.011919,7900,7996,126,25,6.11
195.111919,8203,7964,126,25,6.08
195.211919,8325,8276,136,25,6.08
195.311919,8044,8264,136,25,6.08
195.411919,7862,7884,136,25,6.07
195.511918,8691,8088,1789,25,6.07
195.611916,8889,8816,1789,25,6.07
195.711917,8447,8832,1789,25,6.05
195.811919,8035,8168,460,25,6.05
195.911915,8320,8172,460,25,6.08
196.011918,8759,8508,460,25,6.08
196.111918,8598,8580,460,25,6.08
196.211918,8506,8624,203,25,6.08
196.311917,8556,8508,203,25,6.08
196.411919,8572,8608,203,25,6.09
196.511917,8244,8384,534,25,6.09
196.611917,8404,8232,534,25,6.09
196.711918,8418,8428,534,25,6.11
196.81192,8172,8316,141,25,6.11
196.911918,7799,8016,141,25,6.06
197.011921,8340,7948,141,25,6.06
197.111925,8262,8424,141,25,6.11
197.211952,8209,8168,368,25,6.11
197.311919,8224,8244,368,25,6.11
197.411947,7858,8120,368,25,6.06
197.511917,7824,7768,274,25,6.06
197.611953,7932,7864,274,25,6.06
197.711928,8020,7912,274,25,6.11
197.811946,8274,8156,411,25,6.11
197.911917,8268,8264,411,25,6.11
198.011934,8211,8180,411,25,6.11
198.111918,8177,8156,411,25,6.09
198.211916,8338,8204,257,25,6.09
198.311918,8532,8436,257,25,6.09
198.411918,8516,8528,257,25,6.08
198.511926,8417,8452,107,25,6.08
198.611918,8495,8452,107,25,6.08
198.711917,8338,8464,107,25,6.09
198.811919,8155,8244,505,25,6.09
198.911918,8449,8276,505,25,6.06
199.011918,8553,8520,505,24,6.06
199.111927,8537,8536,505,24,6.11
199.211918,8614,8576,400,24,6.11
199.311917,8537,8592,400,24,6.11
199.411919,8565,8516,400,24,6.11
199.511936,8574,8548,51,24,6.11
199.61192,8626,8576,51,24,6.11
199.711919,8422,8596,51,24,6.1
199.81192,8388,8372,105,24,6.1
199.911919,8551,8448,105,24,6.09
200.011919,8548,8576,105,24,6.09
200.111918,8429,8520,105,24,6.09
200.21192,8162,8280,348,24,6.09
200.311918,8184,8180,348,24,6.09
200.411918,8326,8256,348,24,6.1
200.511918,8232,8288,281,24,6.1
200.611917,8271,8232,281,24,6.1
200.711926,8261,8224,281,24,6.1
200.811919,8194,8244,213,24,6.1
200.91192,8318,8224,213,24,6.09
201.011918,8552,8396,213,24,6.09
201.111928,8398,8472,213,24,6.11
201.21192,8260,8392,47,24,6.11
201.311933,8105,8140,47,24,6.11
201.41192,8310,8208,47,24,6.07
201.511977,8118,8240,107,24,6.07
201.611929,8033,8084,107,24,6.07
201.711946,8069,8036,107,24,6.1
201.811926,8095,8132,141,24,6.1
201.911918,8315,8176,141,24,6.09
202.011919,8358,8328,141,24,6.09
202.111919,8436,8388,141,24,6.1
202.211919,8412,8392,6,24,6.1
202.311918,8533,8496,6,24,6.1
202.41192,8398,8456,6,24,6.1
202.51192,8367,8392,167,24,6.1
202.611919,8287,8352,167,24,6.1
202.711918,8413,8308,167,24,6.09
202.81192,8465,8460,78,24,6.09
202.911918,8451,8424,78,24,6.11
203.011919,8497,8452,78,24,6.11
203.111926,8473,8472,78,24,6.1
203.21192,8526,8508,121,24,6.1
203.311923,8470,8484,121,24,6.1
203.411926,8228,8428,121,24,6.07
203.511943,8268,8180,179,24,6.07
203.611916,8648,8412,179,24,6.07
203.711926,8392,8608,179,24,6.09
203.811919,8360,8344,138,24,6.09
203.911916,8237,8372,138,24,6.11
204.01192,7976,8108,138,24,6.11
204.111927,8171,8076,138,24,6.08
204.21192,8070,8132,158,24,6.08
204.311919,8049,8028,158,24,6.08
204.411918,8263,8068,158,24,6.08
204.511927,8220,8256,233,24,6.08
204.611919,8118,8224,233,24,6.08
204.711918,8047,8136,233,24,6.1
204.811919,8251,8092,428,24,6.1
204.911918,8273,8296,428,24,6.09
205.011919,8275,8164,428,24,6.09
205.111919,7928,8276,428,24,6.06
205.21192,8070,7856,46,24,6.06
205.311918,8467,8196,46,24,6.06
205.411918,8567,8508,46,24,6.08
205.511918,8332,8420,167,24,6.08
205.611919,8308,8316,167,24,6.08
205.711919,8387,8316,167,24,6.11
205.811919,8792,8548,600,24,6.11
205.911918,8588,8736,600,24,6.06
206.011919,8300,8448,600,24,6.06
206.111917,8174,8252,600,24,6.06
206.211918,8573,8384,416,24,6.06
206.311916,8666,8596,416,24,6.06
206.411919,8396,8540,416,24,6.07
206.511917,8276,8296,208,24,6.07
206.611918,8388,8376,208,24,6.07
206.711919,8461,8404,208,24,6.1
206.811919,8504,8464,56,24,6.1
206.911917,8503,8472,56,24,6.1
207.011919,8405,8504,56,24,6.1
207.111918,8280,8316,56,24,6.09
207.211917,8339,8304,0,24,6.09
207.311916,8272,8336,0,24,6.09
207.411917,8287,8268,0,24,6.1
207.511919,8537,8316,276,24,6.1
207.611919,8779,8676,276,24,6.1
207.711918,8495,8700,276,24,6.09
207.811918,8277,8368,313,24,6.09
207.911918,8119,8220,313,24,6.1
208.011919,8170,8128,313,24,6.1
208.111917,8215,8216,313,24,6.09
208.211918,8214,8216,0,24,6.09
208.311918,7999,8128,0,24,6.09
208.411917,8065,8028,0,24,6.1
208.511919,8177,8112,156,24,6.1
208.611917,8157,8184,156,24,6.1
208.711917,8361,8212,156,24,6.1
208.811918,8466,8412,153,24,6.1
208.911917,8546,8468,153,24,6.09
209.011917,8658,8656,153,24,6.09
209.111917,8649,8616,153,24,6.11
209.211919,8716,8636,46,24,6.11
209.311926,8499,8704,46,24,6.11
209.411918,7844,8244,46,24,6.01
209.511918,7440,7676,776,24,6.01
209.611919,7793,7472,776,24,6.01
209.711917,8535,8128,776,24,6.03
209.811918,8545,8608,83,24,6.03
209.911918,8403,8404,83,24,6.1
210.011926,8516,8464,83,24,6.1
210.111928,8431,8460,83,24,6.1
210.211917,8161,8416,83,24,6.1
210.311918,7832,7848,83,24,6.1
210.411919,7985,7928,83,24,6.1
210.511918,8109,8076,15,24,6.1
210.611917,8181,8088,15,24,6.1
210.711917,8523,8268,15,24,6.06
210.811919,8717,8672,214,24,6.06
210.911916,8515,8628,214,24,6.07
211.011919,7991,8276,214,24,6.07
211.111918,8169,8024,214,24,6.09
211.211919,8255,8180,22,24,6.09
211.311919,8585,8360,22,24,6.09
211.411918,8646,8656,22,24,6.1
211.51192,8423,8616,203,24,6.1
211.611918,8677,8376,203,24,6.1
211.711918,8676,8708,203,24,6.1
211.811919,8381,8668,88,24,6.1
211.911919,8413,8336,88,24,6.1
212.011919,8391,8412,88,24,6.1
212.111918,8482,8436,88,24,6.08
212.211919,8496,8500,56,24,6.08
212.311917,8464,8420,56,24,6.08
212.411919,8397,8448,56,24,6.1
212.511918,8340,8360,131,24,6.1
212.611941,8384,8376,131,24,6.1
212.711918,8229,8348,131,24,6.08
212.811953,8258,8240,59,24,6.08
212.911917,8439,8340,59,24,6.1
213.011936,8575,8488,59,24,6.1
213.111918,8546,8560,59,24,6.09
213.211927,8693,8592,177,24,6.09
213.31192,8334,8636,177,24,6.09
213.411919,8036,8256,177,24,6.08
213.511925,8232,8072,196,24,6.08
213.611919,8342,8296,196,24,6.08
213.711918,8267,8312,196,24,6.1
213.811919,8388,8336,245,24,6.1
213.911917,8272,8328,245,24,6.09
214.011933,7929,8148,245,24,6.09
214.111918,7832,7820,245,24,6.1
214.21192,7954,7880,433,24,6.1
214.311917,8395,8068,433,24,6.1
214.41192,8472,8488,433,24,6.1
214.511916,8146,8384,530,24,6.1
214.611975,7942,8104,530,24,6.1
214.711918,7984,7928,530,24,6.11
214.811946,8220,8104,225,24,6.11
214.911918,8189,8172,225,24,6.11
215.011919,8082,8068,225,24,6.11
215.111917,8284,8172,225,24,6.1
215.211919,8472,8368,102,24,6.1
215.311918,8545,8492,102,24,6.1
215.411918,8400,8588,102,24,6.1
215.511917,8022,8220,522,24,6.1
215.611917,8214,8116,522,24,6.1
215.711927,8382,8352,522,24,6.09
215.811918,8478,8396,93,24,6.09
215.911919,8427,8504,93,24,6.1
216.01192,8512,8416,93,24,6.1
216.111919,8428,8516,93,24,6.11
216.211917,8221,8304,494,24,6.11
216.311917,8499,8348,494,24,6.11
216.411919,8387,8536,494,24,6.11
216.511918,8415,8348,0,24,6.11
216.611918,8339,8420,0,24,6.11
216.711918,8127,8232,0,24,6.1
216.811918,8294,8156,25,24,6.1
216.911917,8524,8392,25,24,6.1
217.011942,8577,8588,25,24,6.1
217.111918,8472,8548,25,24,6.1
217.211918,6688,8240,2740,24,6.1
217.311918,7312,6864,2740,24,6.1
217.411919,7694,7388,2740,24,6.04
217.511919,7942,7832,351,24,6.04
217.611919,8180,7976,351,24,6.04
217.711918,8580,8348,351,24,6.05
217.811919,8104,8404,621,24,6.05
217.911918,7594,7948,621,24,6.02
218.01192,7641,7572,621,24,6.02
218.111919,7475,7628,621,24,6.09
218.211927,7730,7496,421,24,6.09
218.31192,8073,7876,421,24,6.09
218.411917,8421,8232,421,24,6.05
218.511919,7949,8252,663,24,6.05
218.611917,7926,7880,663,24,6.05
218.71192,8136,8080,663,24,6.05
218.811919,8139,8104,235,24,6.05
218.911919,8216,8200,235,24,6.1
219.011921,8170,8244,235,24,6.1
219.111919,8212,8152,235,24,6.1
219.211919,8411,8244,192,24,6.1
219.311919,8271,8404,192,24,6.1
219.411919,8318,8292,192,24,6.1
219.51192,8263,8264,0,24,6.1
219.611919,8120,8192,0,24,6.1
219.711928,8271,8208,0,24,6.07
219.811919,8272,8268,197,24,6.07
219.91192,8246,8268,197,24,6.11
220.01192,8256,8280,197,24,6.11
220.111932,8427,8352,197,24,6.1
220.211919,8231,8308,302,24,6.1
220.311919,8735,8368,302,24,6.1
220.411918,8272,8672,302,24,6.03
220.511938,8254,8244,52,24,6.03
220.611919,8694,8496,52,24,6.03
220.711953,8773,8696,52,24,6.1
220.811919,8508,8688,443,24,6.1
220.911959,8297,8448,443,24,6.08
221.011919,8142,8236,443,24,6.08
221.111952,8297,8144,443,24,6.1
221.211919,8435,8356,312,24,6.1
221.311947,8425,8496,312,24,6.1
221.411919,8414,8380,312,24,6.1
221.511937,8548,8516,177,24,6.1
221.611919,8426,8544,177,24,6.1
221.711935,8139,8388,177,24,6.07
221.811921,7992,7952,133,24,6.07
221.911921,8404,8196,133,24,6.06
222.011935,8322,8428,133,24,6.06
222.111939,8206,8232,133,24,6.1
222.211918,8329,8288,240,24,6.1
222.311935,8233,8256,240,24,6.1
222.411919,8331,8196,240,24,6.11
222.511919,8761,8612,581,24,6.11
222.611918,8215,8568,581,24,6.11
222.711919,7922,8052,581,24,6.06
222.811917,8228,8036,441,24,6.06
222.911917,8845,8588,441,24,6.09
223.011919,8961,9004,441,24,6.09
223.111919,8651,8860,441,24,6.08
223.211919,8542,8556,163,24,6.08
223.311919,8641,8544,163,24,6.08
223.41192,8910,8724,163,24,6.04
223.511919,8629,8848,400,24,6.04
223.611919,8598,8576,400,24,6.04
223.711926,8599,8608,400,24,6.1
223.811919,8594,8600,0,24,6.1
223.911919,8570,8572,0,24,6.1
224.011919,8512,8556,0,24,6.1
224.111927,8428,8468,0,24,6.09
224.21192,8237,8360,310,24,6.09
224.311918,8155,8176,310,24,6.09
224.411946,8111,8156,310,24,6.07
224.51192,8114,8068,124,24,6.07
224.61192,8077,8124,124,24,6.07
224.711918,8153,8068,124,24,6.11
224.811919,8271,8084,0,24,6.11
224.911918,8362,8336,0,24,6.07
225.011931,8343,8368,0,24,6.07
225.111926,8312,8264,0,24,6.1
225.211919,8332,8336,46,24,6.1
225.311918,8242,8244,46,24,6.1
225.411931,8156,8204,46,24,6.1
225.51192,8201,8168,0,24,6.1
225.611921,8370,8268,0,24,6.1
225.71192,8361,8352,0,24,6.11
225.81192,8276,8340,22,24,6.11
225.91192,8333,8324,22,24,6.09
226.01192,8157,8288,22,24,6.09
226.111922,8198,8200,22,24,6.11
226.21192,8232,8224,112,24,6.11
226.311919,8385,8312,112,24,6.11
226.41192,8253,8340,112,24,6.09
226.511919,8292,8268,95,24,6.09
226.61192,8377,8324,95,24,6.09
226.711936,8360,8360,95,24,6.11
226.81192,8406,8364,40,24,6.11
226.911934,8386,8404,40,24,6.11
227.011921,8428,8388,40,24,6.11
227.111979,8449,8416,40,24,6.11
227.21192,8663,8500,317,24,6.11
227.311936,8772,8704,317,24,6.11
227.41192,8639,8724,317,24,6.1
227.511919,8378,8548,354,24,6.1
227.611919,8385,8332,354,24,6.1
227.711919,8426,8380,354,24,6.1
227.811921,8467,8468,68,24,6.1
227.91192,8649,8528,68,24,6.1
228.01192,8704,8712,68,24,6.1
228.111919,8525,8596,68,24,6.09
228.211924,8574,8572,85,24,6.09
228.311919,8514,8584,85,24,6.09
228.411919,8456,8492,85,24,6.09
228.511919,8683,8524,462,24,6.09
228.61192,8465,8628,462,24,6.09
228.71192,8336,8480,462,24,6.09
228.811919,8284,8236,87,24,6.09
228.911919,8365,8308,87,24,6.1
229.01192,8409,8388,87,24,6.1
229.11192,8607,8484,87,24,6.08
229.211919,8470,8540,30,24,6.08
229.31193,8367,8408,30,24,6.08
229.411919,8388,8380,30,24,6.1
229.511919,8276,8304,257,24,6.1
229.611919,8400,8312,257,24,6.1
229.711918,8662,8536,257,24,6.09
229.811922,8605,8680,288,24,6.09
229.91192,8516,8548,288,24,6.09
230.01192,8652,8588,288,24,6.09
230.11192,8729,8676,288,24,6.11
230.21192,8725,8700,332,24,6.11
230.311927,8216,8536,332,24,6.11
230.411919,8088,8128,332,24,6.06
230.511926,8174,8060,54,24,6.06
230.611926,8288,8252,54,24,6.06
230.711927,8210,8244,54,24,6.07
230.81192,8268,8288,199,24,6.07
230.911919,8308,8208,199,24,6.09
231.011919,8182,8248,199,24,6.09
231.111919,8205,8192,199,24,6.1
231.211928,8309,8204,122,24,6.1
231.31192,8356,8324,122,24,6.1
231.411919,8177,8328,122,24,6.09
231.511928,8090,8152,109,24,6.09
231.611921,8371,8168,109,24,6.09
231.711918,8408,8444,109,24,6.09
231.81192,8166,8336,477,24,6.09
231.911918,8357,8248,477,24,6.08
232.011921,8258,8336,477,24,6.08
232.11192,8287,8196,477,24,6.11
232.211921,8471,8348,213,24,6.11
232.311919,8446,8488,213,24,6.11
232.41192,8338,8464,213,24,6.1
232.511926,8168,8272,360,24,6.1
232.611919,8226,8196,360,24,6.1
232.711918,8437,8284,360,24,6.09
232.811919,8230,8404,472,24,6.09
232.911919,8449,8220,472,24,6.07
233.011921,8572,8556,472,24,6.07
233.11192,8553,8532,472,24,6.08
233.21192,8623,8652,90,24,6.08
233.31192,8414,8504,90,24,6.08
233.411921,8587,8488,90,24,6.05
233.511918,8237,8388,418,24,6.05
233.611921,8789,8420,418,24,6.05
233.711919,8727,8800,418,24,6.09
233.811937,8566,8684,0,24,6.09
233.91192,8524,8500,0,24,6.11
234.011942,8586,8524,0,24,6.11
234.11192,8845,8728,0,24,6.08
234.211938,8724,8836,42,24,6.08
234.311919,8572,8608,42,24,6.08
234.411937,8732,8596,42,24,6.08
234.511919,8811,8652,133,24,6.08
234.61196,8803,8844,133,24,6.08
234.711919,8583,8684,133,24,6.05
234.811948,8649,8752,389,24,6.05
234.91192,8499,8508,389,24,6.11
235.01192,8677,8672,389,24,6.11
235.111919,8054,8508,389,24,6.04
235.211918,8245,8088,650,24,6.04
235.311918,8238,8240,650,24,6.04
235.41192,8338,8240,650,24,6.1
235.51192,7901,8244,684,24,6.1
235.611919,8131,7936,684,24,6.1
235.711918,8350,8124,684,24,6.03
235.811919,8897,8680,902,24,6.03
235.911919,8729,8924,902,24,6.08
236.011919,8656,8724,902,24,6.08
236.111918,7944,8472,902,24,6.03
236.211919,8295,7952,390,24,6.03
236.311919,8448,8340,390,24,6.03
236.41192,8305,8336,390,24,6.08
236.51192,8273,8340,18,24,6.08
236.611919,8217,8176,18,24,6.08
236.711919,8566,8432,18,24,6.06
236.811919,7802,8264,783,24,6.06
236.911918,7842,7768,783,24,6.08
237.011919,7357,7788,783,24,6.08
237.111919,7662,7268,783,24,6.1
237.21192,7321,7896,883,24,6.1
237.311919,7432,7296,883,24,6.1
237.41192,8039,7640,883,24,6.02
237.511919,8251,8356,93,24,6.02
237.61192,8231,8248,93,24,6.02
237.711919,8266,8296,93,24,6.08
237.81192,8312,8332,69,24,6.08
237.911918,8051,8288,69,24,6.09
238.01192,8025,7956,69,24,6.09
238.111919,7873,7944,69,24,6.08
238.211919,8089,7936,180,24,6.08
238.31192,8115,8136,180,24,6.08
238.41192,8419,8204,180,24,6.06
238.511928,8358,8420,69,24,6.06
238.611921,8409,8344,69,24,6.06
238.71192,8453,8464,69,24,6.07
238.811921,8660,8404,80,24,6.07
238.91192,8778,8736,80,24,6.08
239.01192,8568,8700,80,24,6.08
239.111919,8483,8492,80,24,6.08
239.211927,8634,8484,208,24,6.08
239.311919,8777,8756,208,24,6.08
239.411924,8625,8668,208,24,6.08
239.511927,8954,8772,472,24,6.08
239.611954,8634,8912,472,24,6.08
239.71192,8574,8472,472,24,6.09
239.811942,8906,8716,278,24,6.09
239.91192,8726,8900,278,24,6.08
240.011937,8521,8660,278,24,6.08
240.111919,8647,8560,278,24,6.1
240.211921,8617,8640,68,24,6.1
240.311919,8610,8592,68,24,6.1
240.41192,8647,8608,68,24,6.11
240.51192,8482,8608,307,24,6.11
240.61192,8485,8436,307,24,6.11
240.711918,8608,8568,307,24,6.1
240.811921,8581,8592,278,24,6.1
240.911919,8622,8600,278,24,6.11
241.011927,8555,8620,278,24,6.11
241.111919,8189,8428,278,24,6.08
241.21192,8265,8252,302,24,6.08
241.31192,8372,8316,302,24,6.08
241.411919,8443,8440,302,24,6.1
241.511919,8340,8428,375,24,6.1
241.611928,8376,8360,375,24,6.1
241.711919,8416,8400,375,24,6.12
241.811921,8383,8424,46,24,6.12
241.911919,8400,8392,46,24,6.1
242.011921,8263,8328,46,24,6.1
242.111931,8305,8248,46,24,6.1
242.21192,8325,8308,163,24,6.1
242.311919,8292,8348,163,24,6.1
242.41192,8173,8288,163,24,6.09
242.511919,8160,8048,8,24,6.09
242.611919,8503,8228,8,24,6.09
242.711919,9808,8664,8,24,6.03
242.81192,9317,9504,131,24,6.03
242.911921,8582,8952,131,24,6.04
243.011919,8733,8564,131,24,6.04
243.111936,8838,8840,131,24,6.11
243.21192,8940,8864,254,24,6.11
243.31192,8972,8940,254,24,6.11
243.411919,9259,8964,254,24,6.11
243.511918,8848,9244,233,24,6.11
243.61193,8706,8640,233,24,6.11
243.711927,8617,8688,233,24,6.1
243.811921,8394,8536,296,24,6.1
243.911918,8887,8496,296,24,6.08
244.011919,8786,8928,296,24,6.08
244.111919,8182,8584,296,24,6.03
244.211919,6793,8152,249,24,6.03
244.311919,7492,7388,249,24,6.03
244.41192,8063,7828,249,24,6.05
244.511927,7964,8120,0,24,6.05
244.611918,7875,7892,0,24,6.05
244.711917,8186,7908,0,24,6.05
244.81192,8241,8244,100,24,6.05
244.911919,8236,8340,100,24,6.11
245.011919,7667,7964,100,24,6.11
245.111919,7920,7676,100,24,6.07
245.211921,7444,7820,786,24,6.07
245.311919,7910,7748,786,24,6.07
245.411918,7660,7824,786,24,6.11
245.511919,6999,7352,2846,24,6.11
245.611918,7985,7420,2846,24,6.11
245.71192,7630,7948,2846,24,6.04
245.811921,7406,7556,634,24,6.04
245.911922,7812,7400,634,24,6.02
246.011929,8341,8112,634,24,6.02
246.111953,8333,8296,634,24,6.07
246.211919,8338,8344,150,24,6.07
246.311935,8388,8380,150,24,6.07
246.41192,8187,8292,150,24,6.06
246.511919,8601,8292,455,24,6.06
246.611919,7956,8596,455,24,6.06
246.71192,7721,7800,455,24,6.05
246.811927,8385,7956,88,24,6.05
246.911918,8235,8428,88,24,6.09
247.011919,8049,8104,88,24,6.09
247.111919,8051,7932,88,24,6.11
247.211917,8234,8236,353,24,6.11
247.311959,8405,8328,353,24,6.11
247.41192,8023,8264,353,24,6.08
247.511936,8393,8060,145,24,6.08
247.611919,8671,8544,145,24,6.08
247.711918,8621,8656,145,24,6.08
247.81192,8186,8452,527,24,6.08
247.911919,8451,8300,527,24,6.09
248.011919,8655,8540,527,24,6.09
248.111928,8593,8704,527,24,6.09
248.211921,8355,8420,208,24,6.09
248.311918,8492,8352,208,24,6.09
248.41192,8518,8552,208,24,6.1
248.51192,8501,8520,0,24,6.1
248.611919,8440,8492,0,24,6.1
248.711919,8202,8268,0,24,6.1
248.811919,8290,8216,98,24,6.1
248.911919,8376,8376,98,24,6.1
249.01192,8403,8324,98,24,6.1
249.11192,8234,8368,98,24,6.1
249.211919,8443,8280,208,24,6.1
249.311919,8643,8572,208,24,6.1
249.411919,8461,8584,208,24,6.07
249.51192,8285,8368,360,24,6.07
249.611919,8499,8344,360,24,6.07
249.711919,8457,8564,360,24,6.1
249.81192,8192,8368,315,24,6.1
249.911922,8315,8128,315,24,6.08
250.011919,8423,8476,315,24,6.08
250.11192,8269,8420,315,24,6.08
250.21192,8170,8188,240,24,6.08
250.311919,8398,8232,240,24,6.08
250.411921,8424,8328,240,24,6.11
250.511919,8429,8460,0,24,6.11
250.611919,8586,8428,0,24,6.11
250.711919,8473,8552,0,24,6.11
250.811919,8184,8320,581,24,6.11
250.91192,8396,8256,581,24,6.11
251.011919,8617,8488,581,24,6.11
251.111918,8654,8660,581,24,6.11
251.211919,8709,8736,284,24,6.11
251.311926,8385,8616,284,24,6.11
251.411918,8307,8232,284,24,6.1
251.511919,8614,8508,602,24,6.1
251.611919,9092,8644,602,24,6.1
251.71192,9274,9324,602,24,6.1
251.811919,8799,8980,752,24,6.1
251.911922,8861,8804,752,24,6.11
252.011919,8572,8772,752,24,6.11
252.111937,8714,8548,752,24,6.11
252.211921,8871,8868,255,24,6.11
252.311954,8816,8848,255,24,6.11
252.411927,8364,8716,255,24,6.06
252.511937,9808,8448,2173,24,6.06
252.61192,9141,9672,2173,24,6.06
252.711919,8910,8820,2173,24,6.05
252.81192,9121,9000,590,24,6.05
252.911918,8962,8972,590,24,6.09
253.011919,8986,8984,590,24,6.09
253.111921,8759,8908,590,24,6.06
253.211932,9134,8860,419,24,6.06
253.311919,9159,9164,419,24,6.06
253.41192,8715,9008,419,24,6.05
253.511928,8212,8592,974,24,6.05
253.61192,8332,8184,974,24,6.05
253.711918,8095,8264,974,24,6.07
253.811919,8111,8104,252,24,6.07
253.91192,8150,8152,252,24,6.09
254.011919,8121,8072,252,24,6.09
254.111918,8244,8164,252,24,6.1
254.211926,7937,8140,549,24,6.1
254.311918,8137,7960,549,24,6.1
254.41192,8194,8184,549,24,6.11
254.511928,7963,8124,394,24,6.11
254.611919,7813,7764,394,24,6.11
254.711919,8269,8020,394,24,6.07
254.81192,8430,8380,8,24,6.07
254.911935,8636,8608,8,24,6.09
255.01192,8595,8604,8,24,6.09
255.111931,8604,8576,8,24,6.11
255.21192,8557,8616,131,24,6.11
255.311925,8378,8452,131,24,6.11
255.41193,8405,8340,131,24,6.09
255.51192,8445,8480,146,24,6.09
255.611953,8301,8408,146,24,6.09
255.711919,8201,8180,146,24,6.11
255.811936,8359,8292,139,24,6.11
255.911926,8226,8340,139,24,6.08
256.011919,8110,8168,139,24,6.08
256.111918,8048,8112,139,24,6.09
256.211919,7763,7940,435,24,6.09
256.311918,8133,7904,435,24,6.09
256.411918,7934,8136,435,24,6.08
256.511921,8314,7928,464,24,6.08
256.61192,8834,8592,464,24,6.08
256.711919,8720,8736,464,24,6.1
256.811923,8452,8656,102,24,6.1
256.911918,8187,8304,102,24,6.05
257.01192,8278,8204,102,24,6.05
257.111918,8355,8304,102,24,6.1
257.21192,8329,8340,196,24,6.1
257.311918,8338,8348,196,24,6.1
257.411919,8144,8284,196,24,6.1
257.511919,8087,8088,175,24,6.1
257.611919,8278,8152,175,24,6.1
257.711919,8567,8392,175,24,6.06
257.811922,8425,8564,129,24,6.06
257.91192,7441,8280,129,24,6.06
258.01192,7384,7556,129,24,6.06
258.11192,8076,7644,129,24,6.01
258.21192,8178,8068,433,24,6.01
258.311918,7994,8092,433,24,6.01
258.411928,8075,7984,433,24,6.08
258.51192,7950,8052,134,24,6.08
258.611919,8024,7984,134,24,6.08
258.711918,8246,8100,134,24,6.1
258.81192,8357,8276,332,24,6.1
258.911918,8001,8200,332,24,6.04
259.011919,8041,7964,332,24,6.04
259.111918,8449,8172,332,24,6.07
259.211919,8305,8448,75,24,6.07
259.31192,8474,8292,75,24,6.07
259.41192,8426,8532,75,24,6.11
259.511926,8226,8328,366,24,6.11
259.611917,8321,8248,366,24,6.11
259.711919,8477,8412,366,24,6.09
259.811925,8344,8428,42,24,6.09
259.911926,8459,8392,42,24,6.1
260.011919,8665,8532,42,24,6.1
260.111918,8822,8756,42,24,6.09
260.211919,8853,8840,0,24,6.09
260.311919,8823,8840,0,24,6.09
260.41192,8757,8832,0,24,6.11
260.511918,8498,8716,288,24,6.11
260.611918,8262,8336,288,24,6.11
260.711917,8401,8276,288,24,6.09
260.811926,8669,8540,298,24,6.09
260.91192,8872,8768,298,24,6.1
261.011919,8983,8976,298,24,6.1
261.111919,8910,8956,298,24,6.11
261.211918,8949,8928,63,24,6.11
261.311927,8926,8936,63,24,6.11
261.41192,8791,8848,63,24,6.09
261.511918,8788,8796,0,24,6.09
261.611922,8670,8796,0,24,6.09
261.71192,8721,8692,0,24,6.11
261.81192,8728,8716,124,24,6.11
261.911918,8472,8700,124,24,6.09
262.01192,8234,8328,124,24,6.09
262.11192,8197,8224,124,24,6.08
262.21192,8340,8224,206,24,6.08
262.311919,8411,8388,206,24,6.08
262.411921,8368,8412,206,24,6.11
262.511918,8272,8340,52,24,6.11
262.611928,8360,8256,52,24,6.11
262.711919,8403,8336,52,24,6.1
262.811927,8311,8420,92,24,6.1
262.911919,8267,8284,92,24,6.1
263.01192,8083,8256,92,24,6.1
263.111919,7892,7972,92,24,6.06
263.211919,8279,7976,450,24,6.06
263.31192,8436,8364,450,24,6.06
263.41192,8437,8448,450,24,6.11
263.51192,8326,8440,242,24,6.11
263.611922,8161,8228,242,24,6.11
263.711919,8138,8144,242,24,6.09
263.811928,8278,8196,233,24,6.09
263.911919,8418,8324,233,24,6.07
264.011922,8349,8428,233,24,6.07
264.11192,8153,8284,233,24,6.06
264.211955,8231,8156,104,24,6.06
264.311919,8246,8256,104,24,6.06
264.411935,8332,8284,104,24,6.08
264.511943,8388,8348,162,24,6.08
264.611938,8420,8380,162,24,6.08
264.711953,8388,8400,162,24,6.1
264.81195,8353,8392,211,24,6.1
264.911936,8011,8192,211,24,6.04
265.011981,8489,8196,211,24,6.04
265.111921,8457,8468,211,24,6.1
265.211934,8648,8544,175,24,6.1
265.311918,8528,8636,175,24,6.1
265.41192,8285,8412,175,24,6.09
265.511926,8275,8264,92,24,6.09
265.611918,8197,8300,92,24,6.09
265.711918,8220,8256,92,24,6.1
265.811919,8446,8336,313,24,6.1
265.911928,9677,8692,313,24,6.1
266.011919,9087,9436,313,24,6.1
266.111918,8786,8912,313,24,6.08
266.21192,8473,8712,573,24,6.08
266.311917,8519,8412,573,24,6.08
266.411919,8744,8620,573,24,6.09
266.511918,8628,8684,42,24,6.09
266.611917,8570,8628,42,24,6.09
266.711919,8497,8524,42,24,6.1
266.811919,8406,8484,177,24,6.1
266.911919,8345,8380,177,24,6.1
267.011918,8282,8332,177,24,6.1
267.111919,8173,8244,177,24,6.1
267.211918,8311,8188,290,24,6.1
267.31192,8215,8312,290,24,6.1
267.411921,8089,8152,290,24,6.09
267.511919,8134,8104,110,24,6.09
267.611919,8070,8132,110,24,6.09
267.711919,7925,8036,110,24,6.09
267.81192,7834,7900,295,24,6.09
267.91192,7895,7828,295,24,6.1
268.01192,8081,7996,295,24,6.1
268.11192,8071,8084,295,24,6.1
268.211921,8125,8064,0,24,6.1
268.311919,8300,8132,0,24,6.1
268.411919,8401,8372,0,24,6.1
268.511927,8486,8428,208,24,6.1
268.611918,8394,8480,208,24,6.1
268.71192,8361,8380,208,24,6.1
268.811919,8554,8388,158,24,6.1
268.911919,8568,8620,158,24,6.1
269.011921,8476,8520,158,24,6.1
269.111926,8183,8340,158,24,6.06
269.21192,8291,8108,380,24,6.06
269.311919,8622,8448,380,24,6.06
269.41192,8671,8680,380,24,6.08
269.511918,8449,8600,156,24,6.08
269.61192,8435,8436,156,24,6.08
269.711922,8399,8404,156,24,6.1
269.811921,8391,8440,54,24,6.1
269.911926,8305,8332,54,24,6.08
270.011919,8372,8320,54,24,6.08
270.111919,8480,8392,54,24,6.1
270.211919,8483,8496,85,24,6.1
270.311919,8425,8448,85,24,6.1
270.411919,8322,8400,85,24,6.1
270.511919,8270,8320,165,24,6.1
270.611919,8432,8312,165,24,6.1
270.71192,8441,8468,165,24,6.11
270.81192,8514,8440,0,24,6.11
270.911918,8408,8540,0,24,6.11
271.011919,7984,8288,0,23,6.11
271.111917,8352,8108,0,23,6.03
271.21192,8530,8500,87,23,6.03
271.311919,8547,8500,87,23,6.03
271.411919,8541,8600,87,23,6.1
271.511919,8254,8472,307,23,6.1
271.611919,8206,8236,307,23,6.1
271.711919,8475,8296,307,23,6.06
271.81192,8204,8384,431,23,6.06
271.911918,8279,8196,431,23,6.11
272.011929,8236,8308,431,23,6.11
272.111919,8427,8268,431,23,6.08
272.21192,8509,8464,170,23,6.08
272.311927,8469,8508,170,23,6.08
272.411919,8355,8444,170,23,6.09
272.51192,8203,8300,324,23,6.09
272.611919,8161,8136,324,23,6.09
272.711918,8545,8352,324,23,6.06
272.811919,8389,8512,298,23,6.06
272.911919,8404,8384,298,23,6.11
273.011921,8360,8392,298,23,6.11
273.111918,8260,8376,298,23,6.1
273.21192,8392,8248,73,23,6.1
273.311919,8511,8420,73,23,6.1
273.411918,8539,8524,73,23,6.11
273.511918,8606,8536,370,23,6.11
273.611923,8550,8584,370,23,6.11
273.711918,8430,8480,370,23,6.09
273.811958,8476,8448,100,23,6.09
273.911919,8494,8412,100,23,6.1
274.011937,8711,8600,100,23,6.1
274.111919,8679,8668,100,23,6.1
274.211921,8612,8684,167,23,6.1
274.311918,8385,8544,167,23,6.1
274.411923,8291,8308,167,23,6.1
274.511919,8380,8324,185,23,6.1
274.611919,8575,8440,185,23,6.1
274.711918,8505,8544,185,23,6.1
274.81192,8556,8524,233,23,6.1
274.911918,8465,8512,233,23,6.1
275.011918,8529,8464,233,23,6.1
275.111918,8749,8600,233,23,6.05
275.211918,8413,8700,378,23,6.05
275.311919,8520,8364,378,23,6.05
275.411924,8478,8524,378,23,6.09
275.511918,7037,7948,2810,23,6.09
275.611918,8118,7416,2810,23,6.09
275.71192,8489,8308,2810,23,6.04
275.811926,8444,8452,80,23,6.04
275.911919,7949,8276,80,23,6.03
276.01192,7915,7824,80,23,6.03
276.11192,8183,7964,80,23,6.06
276.211919,8374,8224,284,23,6.06
276.311918,8473,8464,284,23,6.06
276.411922,8444,8484,284,23,6.11
276.51192,8395,8432,134,23,6.11
276.611919,8306,8368,134,23,6.11
276.71192,8140,8216,134,23,6.01
276.81192,7796,7928,1738,23,6.01
276.911922,8220,8020,1738,23,6.01
277.011919,7925,8072,1738,23,6.01
277.11194,8102,7948,1738,23,6.07
277.211941,8179,8004,226,23,6.07
277.31196,8225,8244,226,23,6.07
277.411918,8360,8284,226,23,6.1
277.511951,8324,8352,175,23,6.1
277.611919,8475,8340,175,23,6.1
277.711941,8355,8480,175,23,6.11
277.811921,8432,8336,66,23,6.11
277.911955,8408,8436,66,23,6.09
278.011919,8509,8432,66,23,6.09
278.111935,8732,8604,66,23,6.07
278.211919,8728,8716,112,23,6.07
278.311925,8486,8664,112,23,6.07
278.411922,8495,8444,112,23,6.1
278.511935,8751,8580,373,23,6.1
278.611937,8874,8800,373,23,6.1
278.711937,8927,8904,373,23,6.1
278.811938,8884,8928,213,23,6.1
278.911923,8624,8664,213,23,6.06
279.011937,8855,8672,213,23,6.06
279.111961,9102,9080,213,23,6.07
279.211935,8936,9000,42,23,6.07
279.311936,9180,8996,42,23,6.07
279.411936,8814,9084,42,23,6.09
279.511927,8608,8620,243,23,6.09
279.611918,8695,8696,243,23,6.09
279.711919,8403,8592,243,23,6.07
279.811919,8378,8360,71,23,6.07
279.911918,8686,8472,71,23,6.08
280.011921,8629,8684,71,23,6.08
280.111918,8627,8644,71,23,6.09
280.211919,8337,8512,450,23,6.09
280.311918,8362,8316,450,23,6.09
280.41192,8402,8384,450,23,6.09
280.511918,8442,8408,129,23,6.09
280.611919,8197,8292,129,23,6.09
280.711919,8163,8196,129,23,6.09
280.811918,8359,8196,5,23,6.09
280.911925,8888,8536,5,23,6.07
281.011919,8721,8940,5,23,6.07
281.111918,8094,8428,5,23,6.01
281.211919,8228,8084,296,23,6.01
281.311927,8670,8352,296,23,6.01
281.411919,8592,8772,296,23,6.1
281.511919,8125,8428,528,23,6.1
281.611919,8224,8116,528,23,6.1
281.711918,8413,8360,528,23,6.07
281.811919,8354,8392,109,23,6.07
281.911919,8259,8368,109,23,6.11
282.011921,8198,8196,109,23,6.11
282.111919,8429,8284,109,23,6.08
282.211919,8377,8448,184,23,6.08
282.311919,8201,8300,184,23,6.08
282.411929,8369,8284,184,23,6.09
282.51192,8417,8416,156,23,6.09
282.611918,8534,8472,156,23,6.09
282.711918,8525,8540,156,23,6.11
282.81192,8648,8516,341,23,6.11
282.911919,8944,8764,341,23,6.06
283.01192,8782,8928,341,23,6.06
283.111936,8443,8616,341,23,6.02
283.21192,8571,8540,209,23,6.02
283.311948,8471,8560,209,23,6.02
283.41192,8473,8488,209,23,6.08
283.511935,8646,8604,281,23,6.08
283.611921,8598,8656,281,23,6.08
283.711918,8533,8572,281,23,6.09
283.81192,8528,8544,0,23,6.09
283.911919,8425,8508,0,23,6.08
284.011919,9505,8428,0,23,6.08
284.111919,8972,9104,0,23,6.09
284.21192,8091,8628,1540,23,6.09
284.311918,8335,8112,1540,23,6.09
284.411918,8434,8412,1540,23,6.1
284.511934,8313,8388,22,23,6.1
284.611919,8225,8272,22,23,6.1
284.711919,8310,8272,22,23,6.1
284.81192,8112,8260,191,23,6.1
284.911919,8068,8096,191,23,6.1
285.011918,8862,8572,191,23,6.1
285.111918,8282,8568,191,23,6.04
285.211929,8196,8256,192,23,6.04
285.31192,8317,8236,192,23,6.04
285.411921,8410,8368,192,23,6.1
285.511919,8636,8488,180,23,6.1
285.61192,8606,8628,180,23,6.1
285.71192,8264,8468,180,23,6.07
285.81192,8206,8248,104,23,6.07
285.911922,8272,8184,104,23,6.08
286.011919,8333,8264,104,23,6.08
286.11192,8131,8336,104,23,6.1
286.21192,8054,8036,187,23,6.1
286.311919,7999,8148,187,23,6.1
286.411924,7862,7876,187,23,6.06
286.511921,8388,8100,819,23,6.06
286.611918,8232,8312,819,23,6.06
286.711927,8167,8284,819,23,6.1
286.811919,8056,8104,203,23,6.1
286.911919,8269,8140,203,23,6.08
287.011921,8051,8180,203,23,6.08
287.11192,8009,8056,203,23,6.09
287.211919,8059,7944,78,23,6.09
287.311918,8242,8172,78,23,6.09
287.411918,8210,8212,78,23,6.08
287.51192,8274,8248,160,23,6.08
287.611919,8367,8280,160,23,6.08
287.711918,8456,8400,160,23,6.09
287.811927,7020,8400,1963,23,6.09
287.911918,7531,7272,1963,23,6.09
288.011918,7963,7700,1963,23,6.09
288.111918,8284,8096,1963,23,6.05
288.211919,8121,8256,167,23,6.05
288.311918,8457,8032,167,23,6.05
288.411924,8660,8644,167,23,5.93
288.511919,8267,8496,262,23,5.93
288.61196,8205,8224,262,23,5.93
288.711918,8388,8244,262,23,6.07
288.811937,8416,8424,206,23,6.07
288.911919,8429,8384,206,23,6.1
289.011919,8579,8500,206,23,6.1
289.111919,8605,8564,206,23,6.11
289.211919,8900,8724,581,23,6.11
289.31192,8805,8988,581,23,6.11
289.411918,8310,8556,581,23,6.03
289.511919,8422,8328,332,23,6.03
289.611928,8632,8440,332,23,6.03
289.711919,8784,8720,332,23,6.08
289.81192,8543,8684,360,23,6.08
289.91192,8606,8572,360,23,6.11
290.011921,8468,8536,360,23,6.11
290.111918,8250,8412,360,23,6.05
290.21192,8273,8232,0,23,6.05
290.311918,8479,8436,0,23,6.05
290.411941,8337,8428,0,23,6.11
290.511918,8445,8344,35,23,6.11
290.611956,8498,8492,35,23,6.11
290.711919,8502,8448,35,23,6.1
290.811936,8528,8508,81,23,6.1
290.91192,8387,8540,81,23,6.09
291.011919,8257,8348,81,23,6.09
291.11192,8383,8104,81,23,6.08
291.211918,8462,8532,303,23,6.08
291.311919,8248,8368,303,23,6.08
291.41192,8145,8200,303,23,6.1
291.511919,8071,8108,247,23,6.1
291.611919,8513,8196,247,23,6.1
291.711919,8509,8520,247,23,6.1
291.811921,8463,8480,233,23,6.1
291.911918,8414,8448,233,23,6.09
292.011925,8432,8452,233,23,6.09
292.111919,8431,8452,233,23,6.1
292.211919,8496,8396,117,23,6.1
292.311919,8794,8540,117,23,6.1
292.411954,8493,8772,117,23,6.08
292.511918,8350,8372,274,23,6.08
292.611948,8355,8396,274,23,6.08
292.711918,8170,8284,274,23,6.1
292.811919,8042,8004,126,23,6.1
292.911927,8123,8180,126,23,6.09
293.01192,8328,8100,126,23,6.09
293.111919,8275,8308,126,23,6.1
293.211918,8445,8404,109,23,6.1
293.311919,8496,8448,109,23,6.1
293.411919,8442,8420,109,23,6.09
293.511918,8939,8624,708,23,6.09
293.611919,8609,8868,708,23,6.09
293.711918,8038,8620,708,23,6.11
293.811919,7318,7604,2044,23,6.11
293.91192,8384,7708,2044,23,5.99
294.011919,8580,8476,2044,23,5.99
294.11192,8518,8572,2044,23,6.1
294.211919,8371,8472,148,23,6.1
294.31192,8327,8368,148,23,6.1
294.411919,8285,8432,148,23,6.1
294.51192,8312,8144,334,23,6.1
294.61192,8711,8496,334,23,6.1
294.71192,8747,8756,334,23,6.05
294.811935,8520,8600,315,23,6.05
294.911936,8415,8420,315,23,6.1
295.011937,8425,8396,315,23,6.1
295.111948,8521,8472,315,23,6.1
295.211935,8537,8492,191,23,6.1
295.311943,7249,8296,191,23,6.1
295.411935,7953,7460,191,23,6.02
295.511936,8349,8144,795,23,6.02
295.611918,8365,8392,795,23,6.02
295.711918,8169,8320,795,23,6.06
295.811926,7997,8052,214,23,6.06
295.911918,7858,7944,214,23,6.06
296.011919,7783,7824,214,23,6.06
296.111918,7864,7872,214,23,6.06
296.211919,7999,7852,322,23,6.06
296.31192,7961,7968,322,23,6.06
296.411918,8058,7992,322,23,6.1
296.51192,8205,8104,378,23,6.1
296.611919,8334,8308,378,23,6.1
296.711918,8390,8340,378,23,6.09
296.811919,8556,8536,1040,23,6.09
296.911919,8853,8680,1040,23,6.09
297.011919,8870,8884,1040,23,6.09
297.111919,8597,8796,1040,23,6.1
297.211919,8759,8604,453,23,6.1
297.311918,8711,8732,453,23,6.1
297.411919,8634,8736,453,23,6.06
297.51192,8590,8692,167,23,6.06
297.611919,8509,8668,167,23,6.06
297.711918,8452,8588,167,23,6.11
297.81192,8422,8496,6,23,6.11
297.911918,8358,8396,6,23,6.1
298.011919,8261,8292,6,23,6.1
298.111918,8215,8260,6,23,6.09
298.211919,8714,8288,523,23,6.09
298.311918,8342,8576,523,23,6.09
298.41192,8061,8228,523,23,6.02
298.511919,8465,8264,609,23,6.02
298.611919,8411,8456,609,23,6.02
298.711917,8108,8328,609,23,6.1
298.811922,8223,8072,180,23,6.1
298.911917,8543,8272,180,23,6.03
299.01192,8662,8496,180,23,6.03
299.111918,8300,8556,180,23,6.07
299.211919,8048,8152,612,23,6.07
299.311919,8122,8024,612,23,6.07
299.411919,8386,8172,612,23,6.1
299.511921,8428,8412,46,23,6.1
299.611919,8434,8432,46,23,6.1
299.711919,8483,8416,46,23,6.09
299.81192,8626,8460,92,23,6.09
299.911919,8301,8548,92,23,6.06
300.011921,8266,8348,92,23,6.06
300.11192,8300,8336,92,23,6.09
300.211921,8349,8400,331,23,6.09
300.31192,8026,8332,331,23,6.09
300.41192,8347,8104,331,23,6.08
300.511919,8345,8376,223,23,6.08
300.611919,8406,8380,223,23,6.08
300.71192,8427,8412,223,23,6.09
300.811923,8440,8448,235,23,6.09
300.911936,8665,8476,235,23,6.04
301.011919,8598,8548,235,23,6.04
301.111975,8501,8528,235,23,6.07
301.211919,8430,8476,143,23,6.07
301.311956,8234,8376,143,23,6.07
301.41192,8145,8232,143,23,6.08
301.511947,7858,8132,593,23,6.08
301.611918,7871,8016,593,23,6.08
301.711917,8211,7980,593,23,6.09
301.81192,8275,8232,11,23,6.09
301.911924,8379,8328,11,23,6.09
302.011918,8294,8404,11,23,6.09
302.111918,8091,8240,11,23,6.05
302.211919,8261,8148,172,23,6.05
302.311919,8358,8308,172,23,6.05
302.411919,8370,8380,172,23,6.09
302.511929,8583,8484,271,23,6.09
302.611939,8136,8544,271,23,6.09
302.71192,7944,8112,271,23,6.04
302.811923,8141,7992,68,23,6.04
302.911919,8224,8076,68,23,6.09
303.011919,8427,8260,68,23,6.09
303.111941,8446,8392,68,23,6.05
303.211919,8695,8408,612,23,6.05
303.311954,8930,8708,612,23,6.05
303.41192,8453,8732,612,23,6.05
303.511939,8142,8316,237,23,6.05
303.611921,8139,8092,237,23,6.05
303.711938,8380,8168,237,23,6.06
303.81192,8499,8416,474,23,6.06
303.91192,8386,8536,474,23,6.1
304.01192,8137,8420,474,23,6.1
304.111927,8039,8184,474,23,6.1
304.211921,8107,8128,208,23,6.1
304.311958,8332,8180,208,23,6.1
304.411919,8450,8364,208,23,6.08
304.511955,8365,8424,51,23,6.08
304.611921,8294,8388,51,23,6.08
304.711934,8354,8340,51,23,6.07
304.81192,8421,8340,69,23,6.07
304.911921,8496,8404,69,23,6.09
305.011922,8502,8476,69,23,6.09
305.111919,8454,8436,69,23,6.09
305.211918,8380,8396,203,23,6.09
305.311919,8342,8384,203,23,6.09
305.41192,8146,8272,203,23,6.08
305.51192,8062,8172,88,23,6.08
305.611918,7953,8116,88,23,6.08
305.711918,8173,8064,88,23,6.08
305.811919,8913,8352,1088,23,6.08
305.911918,9217,9056,1088,23,6.06
306.011921,9414,9164,1088,23,6.06
306.111919,9019,9340,1088,23,6.1
306.211919,8629,8864,807,23,6.1
306.311928,8997,8772,807,23,6.1
306.41192,9233,9012,807,23,6.06
306.511919,9230,9216,192,23,6.06
306.611918,9120,9176,192,23,6.06
306.711927,7837,8872,192,23,6.03
306.811918,7557,7644,1395,23,6.03
306.91192,8459,7772,1395,23,6.01
307.011918,8435,8428,1395,23,6.01
307.111918,8417,8412,1395,23,6.08
307.211919,8281,8400,279,23,6.08
307.311919,8063,8252,279,23,6.08
307.411921,8024,8020,279,23,6.04
307.511917,9289,8420,2692,23,6.04
307.611919,8272,8880,2692,23,6.04
307.711917,8591,8424,2692,23,6.04
307.811919,8417,8576,131,23,6.04
307.911919,8272,8472,131,23,6.07
308.011918,8263,8260,131,23,6.07
308.111919,8104,8208,131,23,6.09
308.211918,8476,8148,264,23,6.09
308.311918,8772,8596,264,23,6.09
308.411919,8428,8720,264,23,6.06
308.511919,7683,8172,952,23,6.06
308.611918,8029,7900,952,23,6.06
308.711919,8035,8084,952,23,6.08
308.811925,7855,8064,305,23,6.08
308.911917,8083,7992,305,23,6.06
309.011918,8084,7996,305,23,6.06
309.111917,8376,8188,305,23,6.06
309.211918,8207,8372,107,23,6.06
309.311919,8270,8272,107,23,6.06
309.411919,8145,8216,107,23,6.09
309.51192,8175,8144,117,23,6.09
309.611939,8562,8324,117,23,6.09
309.711918,8505,8596,117,23,6.08
309.811919,8222,8400,242,23,6.08
309.911926,8221,8224,242,23,6.09
310.011919,8118,8172,242,23,6.09
310.111918,8229,8172,242,23,6.08
310.21192,8451,8176,47,23,6.08
310.311927,8580,8564,47,23,6.08
310.411919,8172,8388,47,23,6.04
310.511919,8003,8064,387,23,6.04
310.61192,8371,8096,387,23,6.04
310.711919,8392,8396,387,23,6.09
310.811919,8511,8448,356,23,6.09
310.911917,8794,8636,356,23,6.08
311.011918,8528,8700,356,23,6.08
311.111929,8441,8468,356,23,6.1
311.21191,8369,8416,206,23,6.1
311.31191,8452,8392,206,23,6.1
311.411911,8582,8512,206,23,6.09
311.511911,8408,8540,230,23,6.09
311.611911,8474,8408,230,23,6.09
311.71191,8544,8488,230,23,6.09
311.811912,8567,8596,298,23,6.09
311.911911,8258,8416,298,23,6.08
312.011912,8313,8256,298,23,6.08
312.11191,8506,8392,298,23,6.09
312.211912,8529,8544,158,23,6.09
312.311927,8329,8444,158,23,6.09
312.411911,8436,8332,158,23,6.09
312.51191,8606,8480,247,23,6.09
312.611911,8501,8592,247,23,6.09
312.711911,8189,8388,247,23,6.07
312.811914,7910,8040,291,23,6.07
312.91191,8035,7908,291,23,6.08
313.011911,8290,8100,291,23,6.08
313.111915,8310,8352,291,23,6.1
313.211935,8305,8304,254,23,6.1
313.311912,8286,8260,254,23,6.1
313.411946,8185,8268,254,23,6.09
313.51191,8173,8180,122,23,6.09
313.611939,8129,8136,122,23,6.09
313.711911,8271,8152,122,23,6.09
313.811913,8336,8348,151,23,6.09
313.911909,8050,8204,151,23,6.06
314.011911,8041,8048,151,23,6.06
314.11192,8298,8112,151,23,6.07
314.211912,8445,8368,351,23,6.07
314.31191,8546,8472,351,23,6.07
314.411935,8370,8504,351,23,6.09
314.511911,8253,8212,339,23,6.09
314.611931,8427,8308,339,23,6.09
314.711911,8211,8404,339,23,6.07
314.811928,7868,8028,254,23,6.07
314.911911,8224,7992,254,23,6.06
315.01192,8539,8384,254,23,6.06
315.111909,8723,8612,254,23,6.07
315.211913,8442,8652,346,23,6.07
315.311911,8263,8288,346,23,6.07
315.41191,8072,8216,346,23,6.09
315.51191,8137,8140,179,23,6.09
315.611911,8189,8096,179,23,6.09
315.711911,8421,8264,179,23,6.08
315.811911,8509,8456,233,23,6.08
315.911911,8449,8512,233,23,6.1
316.011912,8588,8420,233,23,6.1
316.111923,8428,8576,233,23,6.09
316.211911,8436,8416,95,23,6.09
316.311912,8620,8460,95,23,6.09
316.411911,8722,8628,95,23,6.09
316.51191,8821,8804,100,23,6.09
316.611912,8909,8788,100,23,6.09
316.711911,8776,8896,100,23,6.09
316.811946,8317,8552,569,23,6.09
316.91192,8338,8364,569,23,6.1
317.011924,8470,8324,569,23,6.1
317.111922,8798,8596,569,23,6.06
317.211929,8380,8708,650,23,6.06
317.311912,8498,8392,650,23,6.06
317.411928,8489,8544,650,23,6.1
317.51191,8624,8512,337,23,6.1
317.611912,8609,8652,337,23,6.1
317.711911,8574,8580,337,23,6.09
317.811919,8503,8532,254,23,6.09
317.911911,8450,8484,254,23,6.11
318.011912,8422,8440,254,23,6.11
318.111911,8390,8396,254,23,6.1
318.211911,8409,8396,129,23,6.1
318.311911,8469,8468,129,23,6.1
318.411919,8426,8476,129,23,6.11
318.51191,8388,8412,107,23,6.11
318.611911,8355,8384,107,23,6.11
318.711911,8256,8316,107,23,6.1
318.811912,8412,8292,206,23,6.1
318.911911,8461,8412,206,23,6.1
319.011912,8518,8524,206,23,6.1
319.111913,8384,8484,206,23,6.1
319.211919,8317,8348,34,23,6.1
319.31191,8424,8340,34,23,6.1
319.41191,8558,8448,34,23,6.08
319.51191,8234,8508,672,23,6.08
319.61191,8341,8200,672,23,6.08
319.711911,8429,8356,672,23,6.08
319.81191,8361,8404,122,23,6.08
319.911911,8371,8328,122,23,6.1
320.011909,8364,8392,122,23,6.1
320.111911,8381,8376,122,23,6.11
320.211912,8335,8360,54,23,6.11
320.311911,8294,8308,54,23,6.11
320.411912,8351,8328,54,23,6.09
320.511912,8370,8344,20,23,6.09
320.611912,8223,8332,20,23,6.09
320.711911,8360,8260,20,23,6.1
320.811911,8234,8344,151,23,6.1
320.91191,8343,8248,151,23,6.11
321.011911,8466,8320,151,23,6.11
321.11191,8806,8592,151,23,6.05
321.211914,8526,8716,412,23,6.05
321.31191,8442,8552,412,23,6.05
321.411912,8738,8536,412,23,6.06
321.511912,8864,8836,233,23,6.06
321.611911,8684,8808,233,23,6.06
321.711911,8863,8636,233,23,6.08
321.811911,8687,8828,20,23,6.08
321.911912,8364,8504,20,23,6.05
322.011912,8459,8376,20,23,6.05
322.111911,8395,8544,20,23,6.1
322.211912,8237,8340,389,23,6.1
322.311911,8329,8252,389,23,6.1
322.411911,8486,8392,389,23,6.07
322.511912,8579,8512,46,23,6.07
322.611911,8454,8600,46,23,6.07
322.711911,8405,8408,46,23,6.1
322.811912,8393,8412,136,23,6.1
322.911912,8610,8468,136,23,6.05
323.011911,8328,8596,136,23,6.05
323.111911,7893,8100,136,23,6.04
323.211912,7952,7904,47,23,6.04
323.311912,8211,8088,47,23,6.04
323.411911,8130,8256,47,23,6.09
323.511912,7582,7848,694,23,6.09
323.61191,7827,7644,694,23,6.09
323.711913,8504,8088,694,23,6
323.811909,8498,8548,150,23,6
323.911943,8759,8692,150,23,6.09
324.011915,9234,8884,150,23,6.09
324.111946,8687,9028,150,23,6.06
324.211911,7433,8244,1779,23,6.06
324.311928,8346,7744,1779,23,6.06
324.411911,8484,8448,1779,23,6.11
324.511933,8459,8476,0,23,6.11
324.611911,8352,8412,0,23,6.11
324.711958,8484,8396,0,23,6.1
324.811911,8354,8460,49,23,6.1
324.911929,8063,8312,49,23,6.07
325.011911,7783,7904,49,23,6.07
325.11191,7782,7692,49,23,6.09
325.211911,8265,8004,713,23,6.09
325.31191,8339,8308,713,23,6.09
325.411914,8407,8392,713,23,6.1
325.511911,8308,8420,0,23,6.1
325.611912,8187,8240,0,23,6.1
325.71191,8280,8228,0,23,6.08
325.811912,8537,8284,571,23,6.08
325.91192,8185,8424,571,23,6.05
326.01191,8501,8244,571,23,6.05
326.11191,8347,8532,571,23,6.09
326.211919,8124,8200,194,23,6.09
326.31191,8165,8196,194,23,6.09
326.41191,8235,8116,194,23,6.09
326.511912,8345,8308,230,23,6.09
326.611912,8406,8340,230,23,6.09
326.711911,8446,8436,230,23,6.08
326.811912,8455,8484,66,23,6.08
326.911911,8512,8468,66,23,6.09
327.011913,8403,8472,66,23,6.09
327.111911,8440,8364,66,23,6.11
327.211911,8645,8528,264,23,6.11
327.311912,8587,8644,264,23,6.11
327.411913,8467,8496,264,23,6.09
327.511919,8599,8476,10,23,6.09
327.611911,8857,8748,10,23,6.09
327.711911,8608,8696,10,23,6.07
327.811912,8526,8616,129,23,6.07
327.911918,8518,8488,129,23,6.1
328.011912,8605,8512,129,23,6.1
328.111923,8546,8528,129,23,6.09
328.211911,8573,8584,75,23,6.09
328.311919,8423,8552,75,23,6.09
328.411912,8379,8412,75,23,6.1
328.511934,8411,8444,29,23,6.1
328.611919,8734,8496,29,23,6.1
328.711946,8827,8828,29,23,6.08
328.811911,8627,8752,361,23,6.08
328.911949,8503,8564,361,23,6.09
329.011912,8613,8528,361,23,6.09
329.111929,8471,8600,361,23,6.1
329.211919,8217,8336,349,23,6.1
329.311911,8173,8172,349,23,6.1
329.411912,8218,8196,349,23,6.1
329.511911,8203,8228,0,23,6.1
329.611911,8073,8132,0,23,6.1
329.711913,8274,8176,0,23,6.07
329.811912,8336,8320,167,23,6.07
329.911912,8189,8260,167,23,6.08
330.011911,8117,8136,167,23,6.08
330.111914,8095,8104,167,23,6.1
330.211914,7955,8044,273,23,6.1
330.311911,7793,7888,273,23,6.1
330.411912,7941,7856,273,23,6.1
330.511912,8074,7952,185,23,6.1
330.611913,8001,8096,185,23,6.1
330.711912,7949,7976,185,23,6.09
330.811912,8074,8008,126,23,6.09
330.911912,8241,8104,126,23,6.08
331.011912,8328,8296,126,23,6.08
331.111911,8265,8296,126,23,6.1
331.211912,8231,8200,151,23,6.1
331.31191,8401,8324,151,23,6.1
331.411911,8558,8528,151,23,6.07
331.511911,8592,8520,0,23,6.07
331.61191,8264,8552,0,23,6.07
331.711911,8353,8204,0,23,6.1
331.811912,8595,8424,235,23,6.1
331.911911,8667,8640,235,23,6.09
332.011919,8626,8660,235,23,6.09
332.111911,8551,8580,235,23,6.07
332.211912,8599,8588,13,23,6.07
332.311911,8546,8580,13,23,6.07
332.411912,8671,8584,13,23,6.09
332.511916,8716,8692,204,23,6.09
332.611912,8634,8692,204,23,6.09
332.711911,8678,8652,204,23,6.1
332.811912,8752,8684,47,23,6.1
332.911912,8715,8684,47,23,6.09
333.011912,8856,8808,47,23,6.09
333.111912,8563,8800,47,23,6.07
333.211912,8422,8508,151,23,6.07
333.31191,8243,8372,151,23,6.07
333.411913,8294,8144,151,23,6.09
333.511911,8545,8528,216,23,6.09
333.611912,8715,8548,216,23,6.09
333.711911,8914,8784,216,23,6.01
333.811911,8705,8848,233,23,6.01
333.911909,8301,8612,233,23,6.05
334.011912,8142,8148,233,23,6.05
334.111911,8487,8280,233,23,6.06
334.211912,8605,8656,320,23,6.06
334.311912,8201,8464,320,23,6.06
334.411911,8111,8080,320,23,6.1
334.511919,8319,8168,389,23,6.1
334.611912,8278,8304,389,23,6.1
334.711911,8382,8288,389,23,6.09
334.811912,8487,8396,271,23,6.09
334.911913,8426,8480,271,23,6.1
335.011912,8240,8328,271,23,6.1
335.111912,8093,8232,271,23,6.1
335.211912,8120,8072,0,23,6.1
335.311912,8220,8172,0,23,6.1
335.411913,8112,8176,0,23,6.1
335.511912,8058,7984,416,23,6.1
335.611912,8355,8284,416,23,6.1
335.711912,8322,8364,416,23,6.09
335.811912,8281,8284,100,23,6.09
335.911912,8318,8312,100,23,6.1
336.011914,8489,8348,100,23,6.1
336.111912,8501,8536,100,23,6.1
336.211913,8432,8492,145,23,6.1
336.311921,8475,8432,145,23,6.1
336.411914,8471,8484,145,23,6.09
336.511911,8465,8448,107,23,6.09
336.61193,8182,8396,107,23,6.09
336.711911,8160,8180,107,23,6.09
336.811925,8118,8156,249,23,6.09
336.911911,8361,8188,249,23,6.07
337.011946,8422,8264,249,23,6.07
337.111911,8781,8448,249,23,6.09
337.211946,8575,8704,228,23,6.09
337.31191,8656,8624,228,23,6.09
337.411924,8551,8640,228,23,6.1
337.51191,8392,8544,279,23,6.1
337.611948,8373,8324,279,23,6.1
337.711912,8282,8288,279,23,6.08
337.811929,8425,8368,235,23,6.08
337.911912,8254,8428,235,23,6.08
338.011919,8300,8340,235,23,6.08
338.111911,8216,8292,235,23,6.09
338.211911,8271,8268,156,23,6.09
338.311913,8222,8296,156,23,6.09
338.411914,8197,8292,156,23,6.09
338.511912,8225,8212,87,23,6.09
338.61193,8207,8212,87,23,6.09
338.711912,8304,8216,87,23,6.09
338.811911,8360,8256,199,23,6.09
338.91191,8276,8308,199,23,6.1
339.011913,8290,8300,199,23,6.1
339.11191,8281,8316,199,23,6.09
339.211912,8218,8268,168,23,6.09
339.311919,8112,8156,168,23,6.09
339.41191,8214,8192,168,23,6.09
339.511912,8289,8264,269,23,6.09
339.611912,8382,8284,269,23,6.09
339.711919,8383,8340,269,23,6.1
339.811913,8303,8340,237,23,6.1
339.91192,8219,8308,237,23,6.07
340.011911,8365,8284,237,23,6.07
340.111911,8358,8344,237,23,6.07
340.211912,8295,8336,214,23,6.07
340.311918,8331,8252,214,23,6.07
340.411912,8452,8396,214,23,6.08
340.511912,8438,8472,197,23,6.08
340.611941,8484,8404,197,23,6.08
340.711911,8549,8480,197,23,6.1
340.811912,8337,8536,523,23,6.1
340.911912,8321,8388,523,23,6.1
341.011912,8544,8336,523,22,6.1
341.111911,8344,8452,523,22,6.09
341.211913,8209,8328,232,22,6.09
341.311913,8134,8172,232,22,6.09
341.411913,8214,8144,232,22,6.1
341.511912,8257,8168,73,22,6.1
341.611912,8388,8340,73,22,6.1
341.711918,8269,8332,73,22,6.09
341.811913,8101,8236,383,22,6.09
341.911912,8104,8108,383,22,6.09
342.011913,8229,8172,383,22,6.09
342.111912,8178,8236,383,22,6.08
342.211927,8506,8288,78,22,6.08
342.311932,8550,8404,78,22,6.08
342.411958,7326,8192,78,22,5.98
342.511911,8540,7740,1726,22,5.98
342.611939,8408,8452,1726,22,5.98
342.71191,8226,8432,1726,22,6.09
342.811929,8140,8188,284,22,6.09
342.91191,8460,8212,284,22,6.06
343.011911,8349,8444,284,23,6.06
343.111911,8313,8276,284,23,6.08
343.211912,8490,8368,274,23,6.08
343.311912,8493,8464,274,23,6.08
343.411912,8316,8412,274,23,6.08
343.511911,8420,8348,35,23,6.08
343.611912,8619,8492,35,23,6.08
343.711911,8587,8608,35,23,6.11
343.811919,8352,8492,445,23,6.11
343.911912,8429,8488,445,23,6.08
344.011913,8434,8436,445,22,6.08
344.111912,8322,8348,445,22,6.08
344.211921,8298,8272,163,22,6.08
344.311911,8439,8312,163,22,6.08
344.411931,8369,8348,163,22,6.1
344.511913,8243,8352,267,22,6.1
344.611912,8431,8328,267,22,6.1
344.711912,8321,8448,267,22,6.08
344.811915,8570,8396,325,22,6.08
344.911919,8682,8596,325,22,6.09
345.01193,8729,8688,325,22,6.09
345.111911,8603,8720,325,22,6.1
345.211914,8339,8504,436,22,6.1
345.311912,8241,8308,436,22,6.1
345.411911,8286,8204,436,22,6.09
345.511912,8689,8380,462,22,6.09
345.611911,8567,8760,462,22,6.09
345.711911,8020,8392,462,22,6.01
345.811913,8179,8060,225,22,6.01
345.911912,8475,8352,225,22,6.06
346.011912,8374,8404,225,22,6.06
346.111911,8162,8284,225,22,6.11
346.211911,8002,8040,121,22,6.11
346.311911,8086,8068,121,22,6.11
346.411912,8280,8112,121,22,6.08
346.511912,8285,8312,76,22,6.08
346.611919,8255,8272,76,22,6.08
346.71191,7827,8076,76,22,6.01
346.811922,8132,7908,428,22,6.01
346.911911,8411,8268,428,22,6.01
347.011911,8229,8348,428,22,6.01
347.111919,8047,8164,428,22,6.06
347.211913,7995,8080,110,22,6.06
347.31191,7914,7856,110,22,6.06
347.411913,8300,8156,110,22,6.04
347.511912,8284,8300,156,22,6.04
347.611912,8253,8336,156,22,6.04
347.711911,7962,8108,156,22,6.08
347.811913,7974,7900,214,22,6.08
347.911918,8202,8072,214,22,6.09
348.011912,8487,8376,214,22,6.09
348.111911,8255,8380,214,22,6.07
348.211911,8265,8268,213,22,6.07
348.311914,8514,8312,213,22,6.07
348.411912,8460,8508,213,22,6.09
348.511934,8370,8476,27,22,6.09
348.611911,8509,8376,27,22,6.09
348.711941,8613,8572,27,22,6.06
348.811913,8539,8596,262,22,6.06
348.911941,8603,8588,262,22,6.08
349.011912,8460,8544,262,22,6.08
349.11192,8189,8324,262,22,6.07
349.211914,8327,8304,214,22,6.07
349.31193,8416,8340,214,22,6.07
349.411912,8467,8404,214,22,6.09
349.511928,8507,8468,148,22,6.09
349.611912,8548,8524,148,22,6.09
349.711914,8355,8512,148,22,6.07
349.811911,8388,8380,110,22,6.07
349.911912,9495,8604,110,22,5.93
350.01192,8482,9128,110,22,5.93
350.11191,8522,8476,110,22,6.11
350.211912,9056,8596,305,22,6.11
350.311911,8875,8988,305,22,6.11
350.411912,8652,8728,305,22,6.09
350.51191,8732,8660,267,22,6.09
350.611912,8781,8748,267,22,6.09
350.711917,8762,8792,267,22,6.1
350.81191,8664,8768,71,22,6.1
350.911911,8663,8636,71,22,6.1
351.011922,8746,8676,71,22,6.1
351.111912,8673,8788,71,22,6.1
351.211912,8411,8536,414,22,6.1
351.311924,8132,8312,414,22,6.1
351.411911,8181,8132,414,22,6.09
351.511911,8314,8240,276,22,6.09
351.611923,8474,8388,276,22,6.09
351.711911,8519,8532,276,22,6.09
351.811911,8248,8404,209,22,6.09
351.911912,8258,8232,209,22,6.1
352.01191,8349,8312,209,22,6.1
352.111918,8165,8280,209,22,6.09
352.211912,8312,8168,73,22,6.09
352.311911,8444,8404,73,22,6.09
352.411911,8383,8444,73,22,6.1
352.511911,8237,8232,49,22,6.1
352.611911,8364,8312,49,22,6.1
352.711911,8528,8444,49,22,6.07
352.811912,8493,8460,73,22,6.07
352.911921,8214,8376,73,22,6.06
353.011911,8243,8220,73,22,6.06
353.11191,8210,8272,73,22,6.1
353.211912,8320,8252,158,22,6.1
353.311912,8611,8404,158,22,6.1
353.411914,8484,8608,158,22,6.11
353.511911,8429,8484,75,22,6.11
353.611913,8585,8504,75,22,6.11
353.711912,8325,8512,75,22,6.07
353.811912,8330,8236,286,22,6.07
353.911912,8521,8400,286,22,6.09
354.011914,8520,8528,286,22,6.09
354.111915,8450,8528,286,22,6.1
354.211912,8428,8448,102,22,6.1
354.311912,8499,8464,102,22,6.1
354.411923,8571,8504,102,22,6.1
354.511912,8572,8620,346,22,6.1
354.611912,8332,8504,346,22,6.1
354.711913,8321,8272,346,22,6.1
354.811912,8450,8396,226,22,6.1
354.911912,8216,8332,226,22,6.07
355.011912,8350,8240,226,22,6.07
355.111912,8361,8444,226,22,6.11
355.21191,8508,8312,573,22,6.11
355.311911,8527,8588,573,22,6.11
355.411911,8309,8364,573,22,6.08
355.511912,8425,8404,472,22,6.08
355.611912,8443,8400,472,22,6.08
355.711914,8470,8436,472,22,6.09
355.811913,8385,8452,214,22,6.09
355.911947,8331,8368,214,22,6.1
356.011911,8216,8312,214,22,6.1
356.111925,8311,8260,214,22,6.09
356.211911,8276,8352,59,22,6.09
356.311948,8018,8132,59,22,6.09
356.411912,8246,8032,59,22,6.09
356.511912,8457,8384,257,22,6.09
356.611913,8082,8328,257,22,6.09
356.711911,7962,8008,257,22,6.08
356.811912,8048,7964,32,22,6.08
356.911911,8430,8240,32,22,6.08
357.011911,8251,8384,32,22,6.08
357.111911,8243,8208,32,22,6.1
357.211912,8374,8272,259,22,6.1
357.311911,8329,8380,259,22,6.1
357.411912,8160,8284,259,22,6.1
357.51191,8208,8172,180,22,6.1
357.611912,8437,8280,180,22,6.1
357.711911,8542,8508,180,22,6.07
357.811913,8477,8452,199,22,6.07
357.911932,8611,8568,199,22,6.06
358.011936,8607,8616,199,22,6.06
358.111911,8469,8536,199,22,6.08
358.211947,7091,8464,0,22,6.08
358.311911,7747,7624,0,22,6.08
358.411913,8364,8052,0,22,6.02
358.511913,8349,8408,87,22,6.02
358.611913,8340,8340,87,22,6.02
358.711911,8061,8256,87,22,6.08
358.811912,7946,7984,150,22,6.08
358.91191,7976,7976,150,22,6.1
359.011911,8060,7976,150,22,6.1
359.111911,8414,8276,150,22,6.08
359.211911,8417,8412,119,22,6.08
359.311911,8420,8408,119,22,6.08
359.411911,8453,8472,119,22,6.07
359.511918,8351,8476,49,22,6.07
359.61191,8159,8248,49,22,6.07
359.711911,8382,8260,49,22,6.06
359.811913,8157,8368,218,22,6.06
359.911912,8159,8144,218,22,6.1
360.011912,8326,8136,218,22,6.1
360.111911,8691,8564,218,22,6.06
360.211925,8509,8600,214,22,6.06
360.311911,8413,8460,214,22,6.06
360.411912,8583,8476,214,22,6.09
360.511911,8556,8552,116,22,6.09
360.611911,8586,8568,116,22,6.09
360.711911,8632,8592,116,22,6.09
360.811912,8569,8652,107,22,6.09
360.91191,8595,8516,107,22,6.1
361.011911,8721,8620,107,22,6.1
361.111911,8439,8672,107,22,6.08
361.211912,8359,8416,179,22,6.08
361.31191,8461,8384,179,22,6.08
361.411916,8691,8556,179,22,6.08
361.511912,8602,8700,5,22,6.08
361.611942,8442,8552,5,22,6.08
361.71192,8258,8368,5,22,6.09
361.81194,8233,8288,175,22,6.09
361.911911,8169,8196,175,22,6.08
362.011912,8846,8404,175,22,6.08
362.111912,8953,9004,175,22,6.08
362.211911,8776,8920,42,22,6.08
362.311912,8579,8728,42,22,6.08
362.411913,8665,8576,42,22,6.1
362.511912,8759,8748,387,22,6.1
362.611912,8445,8656,387,22,6.1
362.711911,8158,8280,387,22,6.06
362.811911,8313,8272,114,22,6.06
362.911911,8352,8280,114,22,6.1
363.011912,8446,8372,114,22,6.1
363.111911,8559,8496,114,22,6.1
363.211912,8288,8536,83,22,6.1
363.311911,8073,8068,83,22,6.1
363.411912,8436,8204,83,22,6.05
363.511911,8196,8384,400,22,6.05
363.611912,8132,8136,400,22,6.05
363.711911,8117,8188,400,22,6.09
363.811912,7877,8084,264,22,6.09
363.911917,8155,7860,264,22,6.04
364.011912,8449,8332,264,22,6.04
364.111912,8586,8508,264,22,6.07
364.211912,8539,8532,5,22,6.07
364.311911,8450,8432,5,22,6.07
364.411911,8765,8560,5,22,6.05
364.511912,8794,8856,174,22,6.05
364.611912,8560,8728,174,22,6.05
364.711911,8404,8420,174,22,6.07
364.811912,8706,8548,552,22,6.07
364.91191,8566,8624,552,22,6.08
365.011912,8597,8560,552,22,6.08
365.111911,8914,8704,552,22,6.05
365.211929,8577,8840,549,22,6.05
365.311912,8406,8488,549,22,6.05
365.411911,8650,8472,549,22,6.05
365.511919,8681,8752,228,22,6.05
365.611914,8781,8708,228,22,6.05
365.711911,8722,8816,228,22,6.1
365.811911,8341,8624,472,22,6.1
365.911917,8012,8156,472,22,6.07
366.011913,8218,8020,472,22,6.07
366.111912,8245,8284,472,22,6.09
366.211911,7901,8076,598,22,6.09
366.311912,7962,7944,598,22,6.09
366.411911,8180,7944,598,22,6.11
366.51191,8334,8312,136,22,6.11
366.611912,8225,8224,136,22,6.11
366.71191,8489,8336,136,22,6.08
366.811911,8361,8416,208,22,6.08
366.911919,8139,8260,208,22,6.09
367.011912,8349,8232,208,22,6.09
367.111911,8350,8292,208,22,6.09
367.211912,8581,8396,382,22,6.09
367.311919,8811,8772,382,22,6.09
367.411911,8638,8744,382,22,6.1
367.511911,8629,8624,412,22,6.1
367.611912,8563,8592,412,22,6.1
367.711957,8691,8556,412,22,6.1
367.81192,8509,8644,266,22,6.1
367.911929,8815,8644,266,22,6.09
368.011913,8626,8728,266,22,6.09
368.11191,8700,8720,266,22,6.1
368.211914,8746,8660,163,22,6.1
368.311911,8868,8792,163,22,6.1
368.411928,8814,8868,163,22,6.11
368.51191,8522,8696,385,22,6.11
368.611945,8446,8488,385,22,6.11
368.711919,8487,8460,385,22,6.1
368.811928,8275,8436,197,22,6.1
368.91191,8180,8264,197,22,6.11
369.011914,8343,8184,197,22,6.11
369.11192,8266,8316,197,22,6.09
369.211911,8523,8348,501,22,6.09
369.311911,8458,8524,501,22,6.09
369.411919,8435,8452,501,22,6.1
369.511913,8385,8392,209,22,6.1
369.611911,8478,8412,209,22,6.1
369.711919,8424,8448,209,22,6.07
369.811911,8428,8444,112,22,6.07
369.91191,8344,8444,112,22,6.11
370.011913,7662,8148,112,22,6.11
370.111911,8073,7716,112,22,6.07
370.211911,8516,8200,714,22,6.07
370.311911,9116,8640,714,22,6.07
370.411928,9183,9188,714,22,6.09
370.511912,8771,9100,655,22,6.09
370.611912,8628,8660,655,22,6.09
370.711911,8560,8620,655,22,6.09
370.811912,8538,8548,0,22,6.09
370.91191,8323,8472,0,22,6.06
371.011912,8270,8272,0,22,6.06
371.111911,8476,8360,0,22,6.07
371.211912,8483,8492,302,22,6.07
371.311912,8464,8448,302,22,6.07
371.411911,8163,8424,302,22,6.05
371.511909,8147,8140,105,22,6.05
371.611919,8207,8152,105,22,6.05
371.71191,8444,8292,105,22,6.08
371.811911,8316,8320,223,22,6.08
371.91192,8460,8396,223,22,6.09
372.011919,8271,8404,223,22,6.09
372.111912,8107,8156,223,22,6.09
372.211911,8016,7988,112,22,6.09
372.311911,8119,7988,112,22,6.09
372.411911,8052,8108,112,22,6.08
372.511913,8137,8068,150,22,6.08
372.611912,8233,8172,150,22,6.08
372.711918,8262,8248,150,22,6.09
372.811912,8417,8308,365,22,6.09
372.911917,8466,8408,365,22,6.1
373.011912,8533,8480,365,22,6.1
373.111919,8629,8592,365,22,6.09
373.211911,8598,8632,0,22,6.09
373.311911,8691,8616,0,22,6.09
373.411911,8455,8544,0,22,6.06
373.51191,8688,8492,313,22,6.06
373.611912,8837,8792,313,22,6.06
373.711913,8765,8744,313,22,6.08
373.811912,8641,8792,124,22,6.08
373.91191,8395,8484,124,22,6.08
374.011912,8397,8400,124,22,6.08
374.111911,8372,8400,124,22,6.09
374.211911,8451,8444,194,22,6.09
374.311932,8443,8460,194,22,6.09
374.411911,8481,8448,194,22,6.1
374.511947,8325,8452,327,22,6.1
374.611919,8141,8180,327,22,6.1
374.711929,8607,8304,327,22,6.05
374.811911,8538,8652,110,22,6.05
374.911918,8165,8428,110,22,6.07
375.011912,8289,8204,110,22,6.07
375.11191,8145,8308,110,22,6.11
375.21191,8206,8116,445,22,6.11
375.311918,8359,8260,445,22,6.11
375.411919,8286,8320,445,22,6.1
375.51191,8094,8236,626,22,6.1
375.611911,8430,8228,626,22,6.1
375.711911,8485,8516,626,22,6.1
375.811913,8191,8388,568,22,6.1
375.91191,8159,8160,568,22,6.1
376.011912,8221,8152,568,22,6.1
376.11192,8313,8256,568,22,6.1
376.21191,8365,8352,213,22,6.1
376.311911,8288,8312,213,22,6.1
376.411912,8425,8344,213,22,6.1
376.511911,8429,8416,122,22,6.1
376.611914,8567,8456,122,22,6.1
376.711911,8490,8548,122,22,6.11
376.811911,8271,8384,470,22,6.11
376.91191,8164,8272,470,22,6.09
377.011912,8289,8220,470,22,6.09
377.11191,8195,8308,470,22,6.1
377.21191,8318,8208,0,22,6.1
377.311919,8557,8440,0,22,6.1
377.41191,8506,8584,0,22,6.09
377.51191,8363,8400,180,22,6.09
377.61191,8504,8396,180,22,6.09
377.711911,8626,8556,180,22,6.08
377.811913,8713,8676,276,22,6.08
377.911929,8294,8596,276,22,6.03
378.011911,7921,8096,276,22,6.03
378.111911,8141,7988,276,22,6.07
378.211911,8313,8192,145,22,6.07
378.311911,9452,8832,145,22,6.07
378.411912,8799,9244,145,22,5.98
378.511911,8630,8660,259,22,5.98
378.611911,8494,8656,259,22,5.98
378.711929,8440,8408,259,22,6.1
378.811924,8658,8520,5,22,6.1
378.911911,8733,8680,5,22,6.09
379.011912,8695,8752,5,22,6.09
379.111911,8674,8644,5,22,6.09
379.211912,8432,8620,431,22,6.09
379.31191,8380,8376,431,22,6.09
379.411911,8559,8420,431,22,6.08
379.511912,8553,8652,6,22,6.08
379.611927,8520,8536,6,22,6.08
379.71193,8419,8508,6,22,6.09
379.811942,8490,8380,131,22,6.09
379.911911,8625,8560,131,22,6.07
380.011928,8622,8620,131,22,6.07
380.111919,8596,8620,131,22,6.09
380.211911,8606,8604,88,22,6.09
380.311909,8574,8596,88,22,6.09
380.411917,8387,8488,88,22,6.09
380.511919,8553,8460,332,22,6.09
380.611911,8347,8464,332,22,6.09
380.711915,8572,8448,332,22,6.09
380.811912,8416,8484,366,22,6.09
380.911912,8505,8448,366,22,6.1
381.011911,8488,8480,366,22,6.1
381.111912,8379,8480,366,22,6.09
381.211921,8529,8388,129,22,6.09
381.311912,8849,8728,129,22,6.09
381.411912,8370,8724,129,22,6.02
381.511912,8339,8256,64,22,6.02
381.611912,8677,8472,64,22,6.02
381.71192,8309,8596,64,22,6.07
381.811911,8176,8188,54,22,6.07
381.911912,8375,8224,54,22,6.08
382.011911,8564,8440,54,22,6.08
382.111912,8368,8492,54,22,6.08
382.211913,8259,8356,64,22,6.08
382.311911,8256,8212,64,22,6.08
382.411911,8398,8312,64,22,6.09
382.511913,8355,8392,232,22,6.09
382.611912,8451,8368,232,22,6.09
382.711927,8459,8420,232,22,6.11
382.811911,8429,8468,182,22,6.11
382.911953,8032,8308,182,22,6.06
383.011912,7922,7992,182,22,6.06
383.111948,8124,7944,182,22,6.08
383.211911,8175,8180,80,22,6.08
383.311945,8155,8176,80,22,6.08
383.411912,8226,8164,80,22,6.1
383.511939,8449,8272,445,22,6.1
383.61192,8467,8508,445,22,6.1
383.711928,8346,8416,445,22,6.1
383.811911,8247,8316,262,22,6.1
383.911912,8261,8248,262,22,6.07
384.011911,8327,8260,262,22,6.07
384.111911,8467,8324,262,22,6.07
384.211911,8658,8548,310,22,6.07
384.311911,8458,8656,310,22,6.07
384.411911,8441,8372,310,22,6.05
384.511912,8651,8588,348,22,6.05
384.611912,8588,8632,348,22,6.05
384.711929,8540,8632,348,22,6.09
384.811911,8440,8432,93,22,6.09
384.911911,8372,8504,93,22,6.09
385.011925,8354,8372,93,22,6.09
385.111911,8488,8428,93,22,6.09
385.211913,8505,8520,0,22,6.09
385.311911,8302,8428,0,22,6.09
385.411936,8462,8356,0,22,6.1
385.511913,8408,8440,23,22,6.1
385.611912,8410,8380,23,22,6.1
385.711912,8393,8396,23,22,6.1
385.811912,8294,8364,90,22,6.1
385.911912,8416,8340,90,22,6.1
386.011915,8502,8436,90,22,6.1
386.111911,8375,8500,90,22,6.11
386.211914,8163,8256,180,22,6.11
386.31191,8365,8192,180,22,6.11
386.411911,8380,8448,180,22,6.1
386.511911,8177,8256,151,22,6.1
386.61192,8304,8180,151,22,6.1
386.711912,8443,8404,151,22,6.1
386.811913,8495,8452,0,22,6.1
386.911919,8683,8580,0,22,6.08
387.011913,8448,8616,0,22,6.08
387.11191,8263,8328,0,22,6.09
387.211913,8339,8280,160,22,6.09
387.311912,8376,8364,160,22,6.09
387.411932,8529,8416,160,22,6.1
387.511911,8613,8608,266,22,6.1
387.611946,8130,8448,266,22,6.1
387.711913,8317,8136,266,22,6.09
387.811941,8323,8360,61,22,6.09
387.911927,8620,8324,61,22,6.04
388.011913,8152,8624,61,22,6.04
388.11191,7513,7872,61,22,6.04
388.211911,7580,7420,100,22,6.04
388.311911,8441,7916,100,22,6.04
388.411911,8505,8520,100,22,6.08
388.51191,8608,8532,18,22,6.08
388.611913,8555,8608,18,22,6.08
388.711911,8424,8532,18,22,6.08
388.811919,8423,8436,102,22,6.08
388.911912,8382,8408,102,22,6.09
389.011912,8627,8424,102,22,6.09
389.111911,8561,8644,102,22,6.09
389.21192,8102,8384,419,22,6.09
389.311912,8373,8172,419,22,6.09
389.41192,8342,8336,419,22,6.1
389.51191,8433,8352,307,22,6.1
389.61191,8584,8528,307,22,6.1
389.711912,8586,8556,307,22,6.07
389.811911,8698,8664,162,22,6.07
389.911912,8406,8632,162,22,6.08
390.011912,8505,8352,162,22,6.08
390.111912,8500,8444,162,22,6.1
390.211912,8463,8500,150,22,6.1
390.311939,8420,8460,150,22,6.1
390.41193,8418,8344,150,22,6.1
390.511926,8472,8456,105,22,6.1
390.611913,8396,8408,105,22,6.1
390.711911,8222,8380,105,22,6.08
390.811913,8206,8176,54,22,6.08
390.91191,8174,8192,54,22,6.11
391.011915,8180,8152,54,22,6.11
391.111911,8288,8224,54,22,6.1
391.211913,8332,8356,54,22,6.1
391.311912,8203,8284,54,22,6.1
391.411913,8396,8224,54,22,6.05
391.511917,8379,8392,148,22,6.05
391.611912,8489,8396,148,22,6.05
391.711912,8425,8496,148,22,6.09
391.811913,8289,8384,92,22,6.09
391.911939,8313,8280,92,22,6.09
392.011912,8449,8360,92,22,6.09
392.111909,8500,8484,92,22,6.09
392.211912,8422,8436,175,22,6.09
392.311912,8561,8472,175,22,6.09
392.411912,8503,8536,175,22,6.09
392.511921,8340,8432,382,22,6.09
392.611911,8430,8372,382,22,6.09
392.711911,8476,8468,382,22,6.09
392.811912,8492,8460,76,22,6.09
392.911937,8510,8492,76,22,6.1
393.011911,8399,8468,76,22,6.1
393.111912,8179,8284,76,22,6.07
393.211912,8230,8152,8,22,6.07
393.311911,8598,8376,8,22,6.07
393.411913,8742,8652,8,22,6.08
393.511912,8632,8704,428,22,6.08
393.611913,8632,8648,428,22,6.08
393.71191,8655,8624,428,22,6.09
393.811912,8397,8604,223,22,6.09
393.911912,8038,8232,223,22,6.06
394.011911,8116,8024,223,22,6.06
394.111912,8262,8172,223,22,6.08
394.211912,8137,8208,131,22,6.08
394.311919,8471,8208,131,22,6.08
394.411911,8604,8584,131,22,6.07
394.51191,8434,8524,172,22,6.07
394.611913,8322,8428,172,22,6.07
394.711912,8379,8324,172,22,6.1
394.811913,8334,8348,204,22,6.1
394.911911,8311,8300,204,22,6.1
395.011911,8326,8300,204,22,6.1
395.111912,8369,8324,204,22,6.1
395.211913,8344,8312,35,22,6.1
395.311911,8356,8332,35,22,6.1
395.411928,8424,8372,35,22,6.09
395.511912,8351,8424,0,22,6.09
395.611912,8283,8284,0,22,6.09
395.711912,8323,8284,0,22,6.1
395.811918,8530,8428,349,22,6.1
395.91191,8519,8536,349,22,6.09
396.011929,8288,8448,349,22,6.09
396.111913,8239,8224,349,22,6.1
396.21193,8418,8316,332,22,6.1
396.311912,8359,8396,332,22,6.1
396.411928,8321,8352,332,22,6.08
396.511912,8302,8324,155,22,6.08
396.611911,8430,8372,155,22,6.08
396.71191,8336,8420,155,22,6.09
396.811912,8245,8276,102,22,6.09
396.911911,8246,8256,102,22,6.09
397.011911,8226,8212,102,22,6.09
397.11191,8236,8244,102,22,6.09
397.211912,8294,8276,0,22,6.09
397.31192,8279,8276,0,22,6.09
397.411932,8635,8388,0,22,6.06
397.511911,8671,8700,66,22,6.06
397.611912,8368,8556,66,22,6.06
397.711912,8174,8252,66,22,6.1
397.811913,8130,8176,136,22,6.1
397.911928,8296,8164,136,22,6.08
398.011912,8363,8348,136,22,6.08
398.111912,8388,8348,136,22,6.1
398.211914,8532,8468,327,22,6.1
398.311911,8257,8408,327,22,6.1
398.411912,8345,8260,327,22,6.08
398.511911,8350,8360,54,22,6.08
398.611912,8447,8352,54,22,6.08
398.711912,8556,8512,54,22,6.09
398.81193,8523,8556,0,22,6.09
398.911911,8596,8536,0,22,6.08
399.011912,8683,8604,0,22,6.08
399.111912,8740,8696,0,22,6.08
399.211911,8650,8712,175,22,6.08
399.311911,8574,8640,175,22,6.08
399.411911,8351,8444,175,22,6.08
399.511911,8263,8328,206,22,6.08
399.611913,8295,8280,206,22,6.08
399.71191,8349,8328,206,22,6.09
399.811913,8310,8352,127,22,6.09
399.911912,8367,8340,127,22,6.09
400.011928,8343,8368,127,22,6.09
400.11191,8452,8456,127,22,6.07
400.21194,8161,8308,389,22,6.07
400.311912,8097,8124,389,22,6.07
400.411929,8068,8080,389,22,6.08
400.511912,8303,8108,337,22,6.08
400.611912,8237,8320,337,22,6.08
400.711938,8019,8168,337,22,6.07
400.811913,8236,8072,143,22,6.07
400.911941,8434,8352,143,22,6.09
401.011912,8410,8440,143,22,6.09
401.111927,8110,8296,143,22,6.07
401.211912,8049,8068,63,22,6.07
401.311912,8374,8164,63,22,6.07
401.411912,8402,8412,63,22,6.1
401.511914,8464,8420,221,22,6.1
401.611913,8462,8480,221,22,6.1
401.711918,8248,8388,221,22,6.08
401.811912,8296,8196,102,22,6.08
401.911912,8464,8364,102,22,6.07
402.011915,8499,8464,102,22,6.07
402.111912,8335,8444,102,22,6.07
402.211914,8050,8128,600,22,6.07
402.311911,8464,8232,600,22,6.07
402.411913,8504,8532,600,22,6.08
402.511912,8366,8444,27,22,6.08
402.611912,8379,8376,27,22,6.08
402.711912,8255,8308,27,22,6.07
402.811912,8363,8296,276,22,6.07
402.911928,8617,8448,276,22,6.05
403.01192,8551,8616,276,22,6.05
403.111911,8433,8464,276,22,6.09
403.211922,8439,8428,64,22,6.09
403.31191,8419,8452,64,22,6.09
403.411912,8428,8416,64,22,6.09
403.511911,8491,8464,133,22,6.09
403.611913,8534,8488,133,22,6.09
403.711911,8642,8564,133,22,6.09
403.811913,8739,8724,214,22,6.09
403.911911,8440,8608,214,22,6.06
404.011911,8465,8412,214,22,6.06
404.111911,8537,8464,214,22,6.09
404.21192,8482,8524,5,22,6.09
404.311911,8486,8472,5,22,6.09
404.411912,8504,8544,5,22,6.08
404.511912,8294,8416,216,22,6.08
404.611912,8453,8340,216,22,6.08
404.711912,8288,8384,216,22,6.08
404.811913,8323,8296,155,22,6.08
404.911912,8247,8308,155,22,6.08
405.011912,8088,8156,155,22,6.08
405.111921,8221,8120,155,22,6.09
405.211925,8496,8344,361,22,6.09
405.311913,8458,8516,361,22,6.09
405.411912,8134,8320,361,22,6.04
405.51191,8124,8116,5,22,6.04
405.611913,8243,8172,5,22,6.04
405.711912,8357,8252,5,22,6.07
405.811912,8461,8388,274,22,6.07
405.911911,8474,8488,274,22,6.09
406.011913,8410,8484,274,22,6.09
406.111912,8351,8380,274,22,6.08
406.21192,8437,8360,334,22,6.08
406.31191,8520,8460,334,22,6.08
406.411912,8354,8428,334,22,6.07
406.511911,8391,8368,225,22,6.07
406.611911,8383,8420,225,22,6.07
406.711918,8314,8312,225,22,6.08
406.811912,8469,8368,273,22,6.08
406.91191,8476,8460,273,22,6.09
407.011911,8450,8508,273,22,6.09
407.111912,8447,8468,273,22,6.09
407.211912,8495,8456,148,22,6.09
407.311911,8512,8488,148,22,6.09
407.411911,8327,8400,148,22,6.08
407.511911,8427,8364,168,22,6.08
407.611911,8328,8412,168,22,6.08
407.711911,8326,8312,168,22,6.09
407.811911,8474,8348,13,22,6.09
407.91191,8623,8548,13,22,6.06
408.011911,8529,8612,13,22,6.06
408.11191,8517,8556,13,22,6.07
408.211912,8398,8448,134,22,6.07
408.311912,8361,8360,134,22,6.07
408.411911,8361,8356,134,22,6.09
408.511919,8313,8336,102,22,6.09
408.611912,8409,8364,102,22,6.09
408.71191,8503,8472,102,22,6.07
408.811911,8597,8524,66,22,6.07
408.911911,8607,8588,66,22,6.08
409.011911,8459,8592,66,22,6.08
409.111912,8183,8332,66,22,6.06
409.211926,8263,8160,0,22,6.06
409.311911,8311,8336,0,22,6.06
409.411912,8297,8312,0,22,6.1
409.511918,8356,8336,145,22,6.1
409.611912,8337,8376,145,22,6.1
409.711925,8280,8224,145,22,6.09
409.811911,8427,8364,358,22,6.09
409.911951,8178,8328,358,22,6.08
410.011912,8334,8208,358,22,6.08
410.111929,8447,8408,358,22,6.09
410.211915,8500,8468,168,22,6.09
410.311912,8562,8480,168,22,6.09
410.411911,8849,8668,168,22,6.03
410.511927,8675,8852,13,22,6.03
410.611911,8431,8500,13,22,6.03
410.71195,8494,8496,13,22,6.08
410.81191,8480,8492,97,22,6.08
410.911926,8441,8460,97,22,6.09
411.011912,8481,8428,97,22,6.09
411.111912,8478,8496,97,22,6.09
411.211914,8417,8480,117,22,6.09
411.311911,8334,8388,117,22,6.09
411.411912,8383,8352,117,22,6.09
411.511924,8009,8212,411,22,6.09
411.61191,8372,8132,411,22,6.09
411.711911,8631,8472,411,22,6.07
411.811912,8507,8568,225,22,6.07
411.911922,8434,8524,225,22,6.09
412.011911,8207,8308,225,22,6.09
412.111912,8511,8272,225,22,6.07
412.211924,8478,8604,114,22,6.07
412.311911,8336,8352,114,22,6.07
412.411912,8172,8260,114,22,6.07
412.511925,8286,8232,203,22,6.07
412.611911,8331,8296,203,22,6.07
412.711911,8118,8308,203,22,6.09
412.811912,8139,8152,83,22,6.09
412.911923,8032,8048,83,22,6.08
413.011911,8376,8120,83,22,6.08
413.11191,8439,8428,83,22,6.09
413.211924,8439,8424,139,22,6.09
413.31191,8234,8404,139,22,6.09
413.411913,8558,8248,139,22,6.05
413.511912,8840,8680,585,22,6.05
413.611921,8474,8788,585,22,6.05
413.711912,8254,8356,585,22,6.08
413.811912,8516,8360,648,22,6.08
413.911918,8494,8536,648,22,6.08
414.011915,8389,8440,648,22,6.08
414.111921,8462,8364,648,22,6.08
414.211912,8541,8444,71,22,6.08
414.311913,8624,8612,71,22,6.08
414.411912,8662,8624,71,22,6.09
414.51191,8448,8616,218,22,6.09
414.61193,8258,8292,218,22,6.09
414.71191,8350,8264,218,22,6.09
414.811939,8657,8492,291,22,6.09
414.91191,8574,8656,291,22,6.09
415.011927,8342,8488,291,22,6.09
415.111911,8244,8296,291,22,6.08
415.21193,8001,8172,177,22,6.08
415.311913,8159,7996,177,22,6.08
415.411912,8433,8300,177,22,6.07
415.51191,8396,8436,25,22,6.07
415.611911,8288,8320,25,22,6.07
415.711912,8135,8216,25,22,6.08
415.811912,8734,8392,762,22,6.08
415.911912,8645,8744,762,22,6.09
416.011913,8134,8484,762,22,6.09
416.111911,8256,7968,762,22,6.08
416.211911,8432,8472,392,22,6.08
416.311912,7829,8196,392,22,6.08
416.411914,8143,7912,392,22,6.05
416.511911,8419,8268,296,22,6.05
416.611912,8660,8536,296,22,6.05
416.711912,8849,8772,296,22,6.04
416.811912,8350,8664,467,22,6.04
416.91191,8418,8280,467,22,6.09
417.011912,8613,8520,467,22,6.09
417.111919,8481,8540,467,22,6.08
417.211912,8299,8424,279,22,6.08
417.31191,8221,8196,279,22,6.08
417.411911,8150,8260,279,22,6.1
417.511912,8239,8164,0,22,6.1
417.611912,8346,8320,0,22,6.1
417.711913,8303,8308,0,22,6.09
417.811912,8242,8280,51,22,6.09
417.91191,8297,8272,51,22,6.07
418.011912,8220,8308,51,22,6.07
418.111912,8176,8216,51,22,6.09
418.21192,8154,8176,143,22,6.09
418.311912,8244,8172,143,22,6.09
418.411914,8170,8224,143,22,6.06
418.511919,8300,8176,122,22,6.06
418.611912,8450,8404,122,22,6.06
418.71191,8519,8444,122,22,6.09
418.811912,8381,8460,259,22,6.09
418.911912,8304,8316,259,22,6.09
419.011912,8314,8316,259,22,6.09
419.111911,8419,8292,259,22,6.09
419.211912,8428,8448,66,22,6.09
419.311912,8224,8376,66,22,6.09
419.411911,8359,8264,66,22,6.06
419.511911,8372,8396,156,22,6.06
419.611915,7951,8344,156,22,6.06
419.71191,8376,8016,156,22,6.09
419.811953,8671,8480,575,22,6.09
419.911919,8624,8644,575,22,6.09
420.011913,8494,8596,575,22,6.09
420.111911,8459,8488,575,22,6.09
420.21192,8375,8448,163,22,6.09
420.311911,8461,8444,163,22,6.09
420.411912,9025,8636,163,22,5.98
420.511915,8840,8928,37,22,5.98
420.611912,8510,8776,37,22,5.98
420.711912,8543,8476,37,22,6.07
420.81191,8527,8540,213,22,6.07
420.91191,8418,8536,213,22,6.09
421.011912,8460,8412,213,22,6.09
421.11191,8633,8480,213,22,6.08
421.21192,8536,8628,155,22,6.08
421.311912,8054,8300,155,22,6.08
421.411911,8239,8116,155,22,6.06
421.511911,8294,8264,49,22,6.06
421.611924,8358,8256,49,22,6.06
421.711913,8509,8408,49,22,6.08
421.811912,8313,8496,23,22,6.08
421.91191,8117,8136,23,22,6.07
422.011912,8272,8220,23,22,6.07
422.11191,8190,8332,23,22,6.09
422.211914,8002,8064,192,22,6.09
422.311912,7855,7988,192,22,6.09
422.411912,8176,7872,192,22,6.06
422.51191,8456,8352,469,22,6.06
422.611925,8313,8388,469,22,6.06
422.71191,8394,8408,469,22,6.09
422.811946,8291,8368,271,22,6.09
422.911912,8439,8320,271,22,6.08
423.011932,8524,8472,271,22,6.08
423.111912,8549,8492,271,22,6.09
423.21193,8559,8552,378,22,6.09
423.311911,8478,8476,378,22,6.09
423.411911,8246,8436,378,22,6.05
423.511911,8451,8288,230,22,6.05
423.61191,8574,8468,230,22,6.05
423.71191,8571,8608,230,22,6.09
423.81191,8174,8532,476,22,6.09
423.911911,8256,8096,476,22,6.06
424.011912,8536,8368,476,22,6.06
424.111912,8470,8536,476,22,6.09
424.211911,8107,8340,334,22,6.09
424.311921,8149,8084,334,22,6.09
424.411913,8141,8204,334,22,6.09
424.511911,8009,8096,87,22,6.09
424.61191,8382,8172,87,22,6.09
424.711912,8688,8516,87,22,6.08
424.811912,8473,8712,204,22,6.08
424.911911,8201,8300,204,22,6.07
425.011911,8251,8244,204,22,6.07
425.111911,8293,8268,204,22,6.09
425.211921,8233,8280,122,22,6.09
425.311911,8170,8160,122,22,6.09
425.411912,8349,8224,122,22,6.07
425.511911,8406,8416,51,22,6.07
425.611911,8406,8392,51,22,6.07
425.711912,8332,8368,51,22,6.08
425.811914,8373,8372,58,22,6.08
425.911912,8506,8404,58,22,6.08
426.011911,8142,8444,58,22,6.08
426.111911,7746,7932,58,22,6.01
426.211912,8091,7800,779,22,6.01
426.311913,8609,8308,779,22,6.01
426.411911,8977,8768,779,22,6.06
426.511927,8603,8920,107,22,6.06
426.611912,7835,8236,107,22,6.06
426.711939,8113,7884,107,22,6.08
426.811912,8584,8308,800,22,6.08
426.91194,8325,8544,800,22,6.06
427.011911,8227,8240,800,22,6.06
427.11191,8208,8232,800,22,6.08
427.211911,8127,8180,189,22,6.08
427.311913,8222,8148,189,22,6.08
427.411911,8407,8392,189,22,6.05
427.511919,8123,8236,566,22,6.05
427.611911,8441,8260,566,22,6.05
427.711911,8276,8396,566,22,6.06
427.811912,8152,8252,167,22,6.06
427.911913,8211,8164,167,22,6.07
428.011912,8286,8188,167,22,6.07
428.111912,8363,8296,167,22,6.08
428.211912,8227,8332,141,22,6.08
428.311912,7854,8068,141,22,6.08
428.411911,8062,7876,141,22,6.09
428.511911,8472,8252,590,22,6.09
428.61192,8573,8560,590,22,6.09
428.711926,8259,8404,590,22,6.04
428.811912,8413,8280,220,22,6.04
428.911938,8496,8508,220,22,6.09
429.011914,8087,8388,220,22,6.09
429.111911,8022,7960,220,22,6.1
429.211911,8162,8048,109,22,6.1
429.31191,8233,8208,109,22,6.1
429.411921,8509,8300,109,22,6.06
429.511911,8476,8520,204,22,6.06
429.611913,8243,8380,204,22,6.06
429.711911,8000,8152,204,22,6.08
429.811913,8152,7972,0,22,6.08
429.91191,8523,8416,0,22,6.03
430.011911,8189,8500,0,22,6.03
430.111912,8361,8104,0,22,6.09
430.211913,8395,8400,255,22,6.09
430.311912,8245,8476,255,22,6.09
430.411914,7828,8048,255,22,6.06
430.511919,8122,7880,438,22,6.06
430.611913,8366,8232,438,22,6.06
430.711912,8252,8344,438,22,6.1
430.811913,8238,8208,242,22,6.1
430.911912,8332,8324,242,22,6.09
431.011911,8215,8328,242,22,6.09
431.111911,8278,8264,242,22,6.08
431.211912,8247,8264,10,22,6.08
431.311912,8296,8260,10,22,6.08
431.411912,8453,8336,10,22,6.08
431.511919,8350,8420,54,22,6.08
431.61192,8152,8256,54,22,6.08
431.711911,8287,8208,54,22,6.08
431.811915,8433,8340,150,22,6.08
431.911912,8495,8472,150,22,6.08
432.011912,8448,8472,150,21,6.08
432.111911,8417,8388,150,21,6.09
432.21191,8093,8384,346,21,6.09
432.311911,8102,8044,346,21,6.09
432.411911,8379,8216,346,21,6.06
432.511919,8383,8364,165,21,6.06
432.611912,8414,8352,165,21,6.06
432.71191,8284,8412,165,21,6.09
432.811912,8120,8140,295,21,6.09
432.91192,8174,8224,295,21,6.08
433.011912,8116,8148,295,22,6.08
433.11191,8461,8228,295,22,6.07
433.211912,8249,8436,441,22,6.07
433.311912,8326,8256,441,22,6.07
433.411913,8204,8280,441,22,6.08
433.511911,8488,8372,423,22,6.08
433.61192,8294,8400,423,22,6.08
433.711912,8086,8284,423,22,6.08
433.811913,7864,7920,395,22,6.08
433.911911,8299,8068,395,22,6.01
434.01192,8276,8280,395,22,6.01
434.111912,8166,8252,395,22,6.07
434.211911,8058,8128,218,22,6.07
434.311911,8169,7956,218,22,6.07
434.411912,8631,8432,218,22,6.03
434.51191,8342,8548,37,22,6.03
434.611912,8256,8244,37,22,6.03
434.71192,8379,8324,37,22,6.08
434.811914,8270,8272,467,22,6.08
434.911911,8338,8388,467,22,6.07
435.011912,8429,8288,467,22,6.07
435.111913,8551,8496,467,22,6.09
435.211911,8436,8496,129,22,6.09
435.311928,8401,8384,129,22,6.09
435.411922,8474,8440,129,22,6.09
435.511932,8444,8472,56,22,6.09
435.611913,8479,8456,56,22,6.09
435.711911,8631,8540,56,22,6.07
435.811912,8344,8528,540,22,6.07
435.911912,8112,8212,540,22,6.05
436.011912,8416,8288,540,21,6.05
436.111917,8649,8392,540,21,6.06
436.211912,8978,8832,399,21,6.06
436.311911,8647,8888,399,21,6.06
436.411912,8436,8496,399,21,6.05
436.511912,8909,8612,610,21,6.05
436.611913,9016,8984,610,21,6.05
436.71191,8720,8936,610,21,6.05
436.811912,8350,8500,356,21,6.05
436.911912,8369,8352,356,21,6.09
437.011914,8430,8360,356,22,6.09
437.111912,8229,8444,356,22,6.1
437.211919,8040,8020,385,22,6.1
437.311922,8387,8224,385,22,6.1
437.411912,8382,8392,385,22,6.07
437.511911,8411,8420,0,22,6.07
437.61192,8229,8332,0,22,6.07
437.711912,8136,8200,0,22,6.08
437.811921,8144,8160,52,22,6.08
437.911913,8067,8104,52,22,6.08
438.011913,8048,8072,52,21,6.08
438.111911,7893,8012,52,21,6.07
438.21193,8040,7904,151,21,6.07
438.311922,8098,8052,151,21,6.07
438.411935,8169,8172,151,21,6.09
438.511912,8391,8168,274,21,6.09
438.611942,8590,8488,274,21,6.09
438.711912,8473,8556,274,21,6.08
438.811932,8481,8480,81,21,6.08
438.911912,8450,8464,81,21,6.08
439.011929,8322,8384,81,21,6.08
439.111912,8342,8320,81,21,6.08
439.211946,8311,8316,64,21,6.08
439.311911,8312,8328,64,21,6.08
439.411942,8439,8324,64,21,6.08
439.511911,8463,8456,240,21,6.08
439.611929,8320,8408,240,21,6.08
439.71192,8376,8344,240,21,6.09
439.811911,8530,8376,199,21,6.09
439.911911,8475,8504,199,21,6.09
440.011912,8467,8484,199,21,6.09
440.111911,8230,8404,199,21,6.06
440.211912,8335,8256,382,21,6.06
440.311911,8396,8356,382,21,6.06
440.411912,8482,8404,382,21,6.06
440.51191,8360,8456,134,21,6.06
440.611913,8412,8372,134,21,6.06
440.71191,8319,8364,134,21,6.08
440.811912,8394,8380,110,21,6.08
440.911911,8399,8396,110,21,6.07
441.011911,8461,8408,110,21,6.07
441.111912,8292,8420,110,21,6.07
441.211913,8238,8276,138,21,6.07
441.311911,8303,8272,138,21,6.07
441.411913,8385,8348,138,21,6.07
441.511912,8442,8436,331,21,6.07
441.611911,8291,8388,331,21,6.07
441.711912,8362,8276,331,21,6.08
441.811912,8552,8452,131,21,6.08
441.911912,8451,8500,131,21,6.05
442.011911,8484,8456,131,21,6.05
442.111911,8425,8476,131,21,6.09
442.211912,8334,8408,23,21,6.09
442.31192,8291,8232,23,21,6.09
442.411911,8448,8360,23,21,6.06
442.511912,8215,8352,344,21,6.06
442.611913,8241,8180,344,21,6.06
442.711918,8254,8248,344,21,6.09
442.811912,8256,8288,59,21,6.09
442.911912,8022,8160,59,21,6.05
443.011911,8181,8052,59,21,6.05
443.111912,8487,8324,59,21,6.02
443.211912,8429,8492,11,21,6.02
443.311911,8478,8364,11,21,6.02
443.411911,8438,8508,11,21,6.08
443.511911,8252,8364,52,21,6.08
443.611912,8073,8184,52,21,6.08
443.711911,8146,8136,52,21,6.08
443.811928,8031,8084,46,21,6.08
443.911909,8188,8076,46,21,6.09
444.011912,8190,8236,46,21,6.09
444.11191,8231,8164,46,21,6.08
444.211911,7747,8136,849,21,6.08
444.31191,7670,7568,849,21,6.08
444.411911,8656,7928,849,21,5.99
444.51191,8714,8860,114,21,5.99
444.611911,8293,8456,114,21,5.99
444.71191,8460,8344,114,21,6.09
444.811912,8493,8452,218,21,6.09
444.911911,7990,8368,218,21,6
445.01191,8287,8036,218,21,6
445.111911,8473,8404,218,21,6.08
445.21191,8425,8460,296,21,6.08
445.311911,8522,8468,296,21,6.08
445.411922,8504,8524,296,21,6.09
445.511911,8328,8420,150,21,6.09
445.61191,8290,8260,150,21,6.09
445.71191,8139,8308,150,21,6.07
445.811911,8268,8180,189,21,6.07
445.911919,8606,8348,189,21,6.05
446.011912,8224,8576,189,21,6.05
446.111912,7416,7880,189,21,6.01
446.211911,8065,7564,660,21,6.01
446.311911,8704,8396,660,21,6.01
446.411912,8462,8608,660,21,6.07
446.511911,8280,8360,203,21,6.07
446.611912,8304,8308,203,21,6.07
446.711911,8094,8240,203,21,6.06
446.811912,8033,8008,148,21,6.06
446.911911,8055,8056,148,21,6.08
447.011912,8120,8036,148,21,6.08
447.111911,8226,8240,148,21,6.07
447.211913,8202,8132,51,21,6.07
447.311911,8535,8364,51,21,6.07
447.411912,8435,8548,51,21,6.07
447.511912,8260,8388,191,21,6.07
447.611912,8131,8236,191,21,6.07
447.711921,8256,8216,191,21,6.07
447.811913,8137,8228,47,21,6.07
447.911909,8026,8140,47,21,6.05
448.01192,8148,8008,47,21,6.05
448.111911,8386,8208,47,21,6.05
448.211913,8395,8436,174,21,6.05
448.311911,8341,8388,174,21,6.05
448.41192,8228,8284,174,21,6.04
448.511912,8218,8248,42,21,6.04
448.611919,8266,8208,42,21,6.04
448.711928,8302,8280,42,21,6.08
448.811911,8258,8308,49,21,6.08
448.911924,8357,8288,49,21,6.08
449.011929,8382,8380,49,21,6.08
449.111928,8351,8368,49,21,6.09
449.211946,8344,8364,0,21,6.09
449.311911,8438,8356,0,21,6.09
449.411928,8618,8556,0,21,6.06
449.511914,8345,8484,214,21,6.06
449.611912,8454,8340,214,21,6.06
449.71191,8477,8472,214,21,6.07
449.811912,8394,8412,170,21,6.07
449.911911,8580,8456,170,21,6.07
450.011911,8693,8624,170,21,6.07
450.111911,8431,8644,170,21,6.06
450.211912,8305,8344,97,21,6.06
450.311911,8448,8368,97,21,6.06
450.411911,8395,8412,97,21,6.09
450.511911,8258,8404,233,21,6.09
450.611912,8205,8188,233,21,6.09
450.71191,8302,8216,233,21,6.08
450.811911,8277,8304,69,21,6.08
450.911911,8149,8208,69,21,6.05
451.01191,8415,8300,69,21,6.05
451.111911,8398,8456,69,21,6.08
451.211931,8366,8400,64,21,6.08
451.311913,8367,8360,64,21,6.08
451.411912,8299,8412,64,21,6.09
451.511912,8261,8312,47,21,6.09
451.611912,8189,8236,47,21,6.09
451.711912,8188,8188,47,21,6.08
451.811911,8449,8316,487,21,6.08
451.911912,8260,8396,487,21,6.07
452.011911,8378,8208,487,21,6.07
452.111911,8597,8548,487,21,6.06
452.211913,8307,8504,404,21,6.06
452.311911,8250,8248,404,21,6.06
452.411912,8330,8268,404,21,6.09
452.511912,8463,8348,114,21,6.09
452.611912,8544,8472,114,21,6.09
452.711933,8564,8572,114,21,6.1
452.811913,8565,8592,158,21,6.1
452.911938,8474,8512,158,21,6.08
453.011912,8472,8480,158,21,6.08
453.111932,8457,8464,158,21,6.1
453.211912,8503,8456,136,21,6.1
453.311911,8375,8520,136,21,6.1
453.411913,8365,8356,136,21,6.09
453.511912,8466,8372,225,21,6.09
453.611911,8658,8524,225,21,6.09
453.711912,8677,8692,225,21,6.09
453.811914,8448,8652,261,21,6.09
453.911912,8190,8288,261,21,6.06
454.011914,8123,8144,261,21,6.06
454.111919,8346,8244,261,21,6.07
454.211912,8251,8316,175,21,6.07
454.311911,8141,8168,175,21,6.07
454.411912,8268,8192,175,21,6.08
454.51191,8261,8288,204,21,6.08
454.611911,8201,8268,204,21,6.08
454.711921,8127,8108,204,21,6.06
454.811911,8166,8236,78,21,6.06
454.911911,8430,8188,78,21,6.04
455.011911,8225,8416,78,21,6.04
455.111919,8149,8196,78,21,6.05
455.211911,7939,8088,325,21,6.05
455.311909,7966,7936,325,21,6.05
455.411911,8234,8056,325,21,6.07
455.51192,8327,8324,10,21,6.07
455.611912,8350,8272,10,21,6.07
455.711911,8464,8348,10,21,6.08
455.811911,8502,8560,191,21,6.08
455.91191,8186,8444,191,21,5.99
456.011913,8216,8232,191,21,5.99
456.111911,8309,8224,191,21,6.08
456.211912,8259,8248,208,21,6.08
456.31191,8637,8404,208,21,6.08
456.411911,8706,8676,208,21,6.08
456.511911,8567,8692,209,21,6.08
456.611911,8267,8492,209,21,6.08
456.711911,8280,8284,209,21,6.09
456.811919,8605,8432,569,21,6.09
456.911911,8524,8608,569,21,6.09
457.011912,8389,8408,569,21,6.09
457.111911,8468,8400,569,21,6.07
457.211914,8518,8496,73,21,6.07
457.311912,8450,8520,73,21,6.07
457.411912,8295,8408,73,21,6.08
457.511909,8177,8296,110,21,6.08
457.611912,8183,8152,110,21,6.08
457.711911,8400,8328,110,21,6.06
457.811911,8408,8412,75,21,6.06
457.91191,8368,8356,75,21,6.08
458.011912,8488,8408,75,21,6.08
458.11191,8593,8564,75,21,6.08
458.211919,8218,8448,235,21,6.08
458.311911,8226,8200,235,21,6.08
458.411912,8338,8248,235,21,6.09
458.511912,8345,8340,145,21,6.09
458.611931,8295,8320,145,21,6.09
458.711911,8257,8312,145,21,6.09
458.811926,7950,8184,336,21,6.09
458.911911,8050,7968,336,21,6.07
459.01195,8090,8080,336,21,6.07
459.111918,8304,8176,336,21,6.05
459.211928,8854,8396,776,21,6.05
459.311915,8649,8900,776,21,6.05
459.411912,7973,8344,776,21,5.99
459.511919,7941,7972,221,21,5.99
459.611912,7984,7888,221,21,5.99
459.711911,8341,8108,221,21,6.01
459.811934,8415,8396,214,21,6.01
459.911911,8415,8412,214,21,6.07
460.011912,8357,8412,214,21,6.07
460.111919,8457,8380,214,21,6.07
460.211911,8882,8620,539,21,6.07
460.311912,8345,8804,539,21,6.07
460.411912,7999,8148,539,21,6.04
460.511921,8235,8036,148,21,6.04
460.611912,8411,8364,148,21,6.04
460.711911,8361,8384,148,21,6.08
460.811912,8249,8312,136,21,6.08
460.911911,8245,8208,136,21,6.09
461.011911,8392,8280,136,21,6.09
461.111911,8326,8408,136,21,6.09
461.211912,8325,8320,0,21,6.09
461.311913,8303,8324,0,21,6.09
461.411911,8421,8368,0,21,6.06
461.511923,8537,8448,290,21,6.06
461.61191,8300,8500,290,21,6.06
461.711922,8350,8276,290,21,6.08
461.811912,8371,8368,124,21,6.08
461.911945,8447,8392,124,21,6.09
462.011923,8409,8488,124,21,6.09
462.111948,8344,8380,124,21,6.1
462.211912,8202,8272,250,21,6.1
462.311928,8433,8264,250,21,6.1
462.411912,8804,8608,250,21,6.06
462.51191,8830,8860,66,21,6.06
462.611912,8279,8612,66,21,6.06
462.711911,8501,8336,66,21,6.07
462.81191,8310,8420,42,21,6.07
462.911911,8844,8432,42,21,6
463.011911,8220,8760,42,21,6
463.111911,7914,8004,42,21,6.05
463.211913,8003,7996,18,21,6.05
463.311911,8170,8084,18,21,6.05
463.411911,8185,8240,18,21,6.09
463.511911,8196,8164,0,21,6.09
463.611911,8446,8252,0,21,6.09
463.711911,8283,8504,0,21,6.08
463.811911,8225,8192,216,21,6.08
463.91191,8401,8348,216,21,6.06
464.011912,8424,8420,216,21,6.06
464.111912,8531,8448,216,21,6.08
464.211911,8353,8476,252,21,6.08
464.311911,8194,8276,252,21,6.08
464.411912,8357,8268,252,21,6.07
464.51191,8395,8368,0,21,6.07
464.611921,8445,8440,0,21,6.07
464.711912,8438,8428,0,21,6.09
464.811941,8226,8364,377,21,6.09
464.911909,8281,8244,377,21,6.07
465.011939,8299,8268,377,21,6.07
465.111911,8282,8292,377,21,6.08
465.21191,8090,8248,126,21,6.08
465.311911,8313,8172,126,21,6.08
465.411911,8384,8340,126,21,6.08
465.51191,8014,8252,505,21,6.08
465.61191,7798,7904,505,21,6.08
465.71191,7978,7792,505,21,6.07
465.811911,8277,8092,300,21,6.07
465.911912,8333,8368,300,21,6.07
466.011911,7866,8088,300,21,6.07
466.111927,8064,7944,300,21,6.07
466.211924,8239,8204,337,21,6.07
466.31192,8430,8356,337,21,6.07
466.411911,8366,8408,337,21,6.08
466.511909,8378,8356,102,21,6.08
466.61192,8510,8384,102,21,6.08
466.711912,8439,8560,102,21,6.08
466.811915,8084,8320,733,21,6.08
466.911911,8074,8072,733,21,6.09
467.011912,8362,8116,733,21,6.09
467.111911,8464,8444,733,21,6.08
467.211911,8271,8404,61,21,6.08
467.311911,8445,8296,61,21,6.08
467.411913,8585,8508,61,21,6.09
467.51191,8500,8592,232,21,6.09
467.611911,8345,8492,232,21,6.09
467.711912,8182,8276,232,21,6.02
467.811911,8388,8272,320,21,6.02
467.911911,8476,8416,320,21,6.07
468.011913,8398,8476,320,21,6.07
468.111919,8316,8332,320,21,6.09
468.211912,8425,8372,402,21,6.09
468.311912,8303,8360,402,21,6.09
468.411912,8406,8380,402,21,6.07
468.511912,8272,8324,191,21,6.07
468.611912,8394,8276,191,21,6.07
468.711912,8338,8420,191,21,6.09
468.811911,8321,8292,143,21,6.09
468.911926,8499,8388,143,21,6.07
469.011913,8352,8472,143,21,6.07
469.111944,8366,8336,143,21,6.08
469.211912,8424,8376,83,21,6.08
469.311929,8387,8408,83,21,6.08
469.411913,8323,8392,83,21,6.05
469.511918,8099,8248,192,21,6.05
469.611911,8259,8104,192,21,6.05
469.71191,8462,8412,192,21,6.08
469.811913,8464,8452,0,21,6.08
469.911912,8543,8508,0,21,6.07
470.011911,8427,8504,0,21,6.07
470.111919,8459,8448,0,21,6.08
470.211912,8477,8448,196,21,6.08
470.311911,8517,8488,196,21,6.08
470.411912,8491,8516,196,21,6.1
470.511911,8443,8508,172,21,6.1
470.611911,8409,8428,172,21,6.1
470.711912,8464,8424,172,21,6.08
470.811913,8361,8440,170,21,6.08
470.911911,8435,8364,170,21,6.09
471.011913,8359,8392,170,21,6.09
471.111912,8328,8364,170,21,6.08
471.211916,8214,8316,191,21,6.08
471.311911,8338,8232,191,21,6.08
471.411912,8441,8404,191,21,6.09
471.511911,8455,8448,56,21,6.09
471.611912,8505,8468,56,21,6.09
471.71191,8144,8376,56,21,6.03
471.811911,8190,8088,290,21,6.03
471.91191,8356,8224,290,21,6.06
472.011912,8368,8388,290,21,6.06
472.111911,8062,8268,290,21,6.03
472.211912,8145,8048,0,21,6.03
472.311911,8197,8184,0,21,6.03
472.411921,8194,8236,0,21,6.08
472.511911,8221,8160,75,21,6.08
472.611912,8380,8272,75,21,6.08
472.711911,8361,8376,75,21,6.09
472.811911,8325,8316,68,21,6.09
472.911915,8279,8300,68,21,6.08
473.011917,8236,8284,68,21,6.08
473.111918,8379,8268,68,21,6.05
473.211914,8304,8392,204,21,6.05
473.311912,8403,8356,204,21,6.05
473.411913,8540,8416,204,21,6.08
473.511912,8528,8548,17,21,6.08
473.611912,8347,8420,17,21,6.08
473.711912,8493,8368,17,21,6.06
473.811914,8781,8600,281,21,6.06
473.911911,8844,8852,281,21,6.07
474.011911,8744,8740,281,21,6.07
474.111911,8735,8780,281,21,6.07
474.211913,8670,8676,255,21,6.07
474.311911,8236,8564,255,21,6.07
474.411912,7869,8048,255,21,6.01
474.51191,8177,7960,150,21,6.01
474.611922,8518,8340,150,21,6.01
474.711911,8727,8552,150,21,6.07
474.81192,8880,8840,450,21,6.07
474.91191,8677,8792,450,21,6.05
475.011913,8514,8656,450,21,6.05
475.11191,8306,8392,450,21,6.08
475.211922,8399,8356,211,21,6.08
475.311912,8399,8412,211,21,6.08
475.411954,8176,8332,211,21,6.06
475.511911,8059,8052,0,21,6.06
475.611934,8086,8060,0,21,6.06
475.711912,8389,8224,0,21,6.06
475.811928,8540,8480,452,21,6.06
475.911911,8540,8544,452,21,6.09
476.011911,8317,8476,452,21,6.09
476.111911,8126,8200,452,21,6.08
476.211916,8276,8140,179,21,6.08
476.31191,8456,8368,179,21,6.08
476.411911,8421,8496,179,21,6.09
476.511919,8298,8320,247,21,6.09
476.611912,8369,8316,247,21,6.09
476.711912,8266,8368,247,21,6.09
476.811912,8210,8208,146,21,6.09
476.91192,8378,8292,146,21,6.08
477.011912,8142,8364,146,21,6.08
477.111916,8230,8112,146,21,6.09
477.211912,8541,8396,267,21,6.09
477.311933,8431,8520,267,21,6.09
477.411912,8385,8368,267,21,6.08
477.511944,8440,8392,13,21,6.08
477.611912,8538,8424,13,21,6.08
477.711929,8489,8548,13,21,6.09
477.811913,8401,8464,220,21,6.09
477.911919,8076,8344,220,21,6.05
478.011911,8293,8112,220,21,6.05
478.111911,8154,8216,220,21,6.05
478.211918,8134,8208,122,21,6.05
478.311913,8294,8040,122,21,6.05
478.411911,8581,8468,122,21,6.04
478.511912,8529,8564,117,21,6.04
478.611928,8159,8424,117,21,6.04
478.711912,8124,8116,117,21,6.07
478.811944,8444,8304,489,21,6.07
478.911912,8551,8448,489,21,6.06
479.011929,8518,8560,489,21,6.06
479.111911,8092,8356,489,21,6.04
479.211912,8258,8144,563,21,6.04
479.311912,8519,8388,563,21,6.04
479.411912,8391,8500,563,21,6.09
479.511912,8361,8320,0,21,6.09
479.611912,8544,8452,0,21,6.09
479.71191,8504,8548,0,21,6.09
479.811912,8544,8500,64,21,6.09
479.91191,8650,8560,64,21,6.08
480.011913,8504,8616,64,21,6.08
480.111913,8680,8572,64,21,6.07
480.211912,8522,8640,73,21,6.07
480.311911,8378,8448,73,21,6.07
480.411912,8389,8368,73,21,6.09
480.511912,8449,8404,155,21,6.09
480.611912,8534,8440,155,21,6.09
480.71191,8503,8540,155,21,6.09
480.811912,8501,8500,75,21,6.09
480.911912,8308,8452,75,21,6.07
481.011912,8554,8384,75,21,6.07
481.111912,8643,8576,75,21,6.08
481.211913,8601,8604,141,21,6.08
481.311912,8628,8560,141,21,6.08
481.411912,8471,8608,141,21,6.07
481.51192,8361,8420,295,21,6.07
481.611913,8451,8364,295,21,6.07
481.711911,8520,8476,295,21,6.07
481.811913,8444,8508,100,21,6.07
481.911921,8349,8420,100,21,6.08
482.011912,8208,8312,100,21,6.08
482.111912,8164,8140,100,21,6.08
482.211912,8375,8276,331,21,6.08
482.311912,8422,8408,331,21,6.08
482.411911,8474,8428,331,21,6.08
482.51191,8362,8436,191,21,6.08
482.611912,8110,8300,191,21,6.08
482.711919,8254,8152,191,21,6.09
482.811911,8367,8264,88,21,6.09
482.911912,8454,8396,88,21,6.09
483.011911,8568,8512,88,21,6.09
483.11191,8440,8500,88,21,6.09
483.211912,8406,8432,153,21,6.09
483.311911,8379,8416,153,21,6.09
483.411912,8419,8372,153,21,6.09
483.511913,8480,8492,209,21,6.09
483.61192,8389,8436,209,21,6.09
483.71192,8344,8356,209,21,6.1
483.811912,8318,8380,20,21,6.1
483.911912,8288,8272,20,21,6.09
484.011911,8527,8388,20,21,6.09
484.111913,8395,8480,20,21,6.07
484.211912,8232,8284,199,21,6.07
484.311911,8344,8312,199,21,6.07
484.411919,8255,8300,199,21,6.07
484.511912,8288,8204,42,21,6.07
484.611912,8648,8428,42,21,6.07
484.711911,8725,8732,42,21,6.08
484.811913,8388,8664,319,21,6.08
484.911911,8405,8392,319,21,6.09
485.011912,8443,8516,319,21,6.09
485.111911,8323,8368,319,21,6.08
485.211914,8148,8256,25,21,6.08
485.31191,8173,8092,25,21,6.08
485.411912,8345,8304,25,21,6.08
485.511912,8462,8368,245,21,6.08
485.611911,8396,8436,245,21,6.08
485.711912,8568,8484,245,21,6.04
485.811913,8271,8484,348,21,6.04
485.911912,8231,8236,348,21,6.08
486.011912,8279,8256,348,21,6.08
486.111912,8279,8272,348,21,6.09
486.211912,8321,8296,213,21,6.09
486.311913,8452,8364,213,21,6.09
486.411913,8536,8488,213,21,6.08
486.511913,8527,8548,58,21,6.08
486.611913,8352,8496,58,21,6.08
486.711913,8439,8348,58,21,6.1
486.811913,8503,8496,155,21,6.1
486.911912,8326,8472,155,21,6.07
487.011912,8019,8184,155,21,6.07
487.111913,8812,8144,155,21,5.98
487.211912,9202,9084,726,21,5.98
487.311911,9269,9332,726,21,5.98
487.411912,8885,9084,726,21,6.03
487.511921,8742,8800,5,21,6.03
487.611912,8486,8704,5,21,6.03
487.711955,8456,8448,5,21,6.07
487.811913,8500,8536,163,21,6.07
487.911931,8425,8508,163,21,6.09
488.011914,8307,8368,163,21,6.09
488.111944,7955,8120,163,21,6.04
488.211912,8173,8100,196,21,6.04
488.311944,8173,8204,196,21,6.04
488.411912,7886,8072,196,21,6.05
488.511948,7850,7832,290,21,6.05
488.611912,8132,7992,290,21,6.05
488.711927,8096,8224,290,21,6.09
488.811913,8106,8032,204,21,6.09
488.911912,8058,8084,204,21,6.09
489.011913,7998,8048,204,21,6.09
489.11192,8049,7952,204,21,6.07
489.211913,8210,8128,271,21,6.07
489.311911,8220,8220,271,21,6.07
489.411912,8204,8208,271,21,6.08
489.51192,8322,8224,472,21,6.08
489.611914,8397,8320,472,21,6.08
489.711911,8412,8400,472,21,6.09
489.811912,8295,8280,87,21,6.09
489.911912,8364,8292,87,21,6.09
490.011927,8372,8396,87,21,6.09
490.111911,8294,8368,87,21,6.09
490.21194,8366,8304,361,21,6.09
490.311911,8413,8392,361,21,6.09
490.411935,8480,8392,361,21,6.09
490.511912,8524,8532,189,21,6.09
490.611912,8515,8480,189,21,6.09
490.711912,8618,8548,189,21,6.06
490.811912,8530,8600,206,21,6.06
490.911912,8465,8504,206,21,6.08
491.011912,8605,8496,206,21,6.08
491.111911,8433,8580,206,21,6.07
491.211911,8303,8388,419,21,6.07
491.311911,8279,8300,419,21,6.07
491.41191,8337,8292,419,21,6.1
491.511911,8282,8336,54,21,6.1
491.611911,8472,8348,54,21,6.1
491.71192,8326,8416,54,21,6.08
491.811921,8364,8340,232,21,6.08
491.911912,8396,8356,232,21,6.1
492.011911,8379,8376,232,21,6.1
492.111911,8381,8396,232,21,6.08
492.211912,8163,8276,452,21,6.08
492.311911,8064,8028,452,21,6.08
492.411912,8617,8312,452,21,6.03
492.511911,8961,8676,243,21,6.03
492.611912,8870,9060,243,21,6.03
492.711912,8366,8640,243,21,6.01
492.811912,8250,8316,40,21,6.01
492.911912,8235,8240,40,21,6.09
493.011922,8237,8232,40,21,6.09
493.111911,8124,8180,40,21,6.08
493.211913,8568,8292,552,21,6.08
493.311911,8316,8468,552,21,6.08
493.411911,8375,8360,552,21,6.09
493.511913,8336,8376,64,21,6.09
493.61191,8364,8300,64,21,6.09
493.711912,8571,8524,64,21,6.05
493.811912,8395,8468,220,21,6.05
493.911911,8347,8352,220,21,6.08
494.011911,8391,8356,220,21,6.08
494.11191,8103,8300,220,21,6.04
494.211912,8284,8172,201,21,6.04
494.31192,8427,8396,201,21,6.04
494.411911,8527,8440,201,21,6.08
494.511912,8699,8592,354,21,6.08
494.611913,8660,8708,354,21,6.08
494.711919,8555,8672,354,21,6.08
494.811911,8605,8544,269,21,6.08
494.911911,8693,8620,269,21,6.07
495.011912,8763,8724,269,21,6.07
495.111911,8618,8752,269,21,6.09
495.211911,8601,8548,80,21,6.09
495.311911,8742,8676,80,21,6.09
495.41192,8601,8688,80,21,6.09
495.51191,8537,8584,42,21,6.09
495.611912,8507,8456,42,21,6.09
495.711912,8413,8496,42,21,6.07
495.811912,8458,8424,34,21,6.07
495.911911,8274,8416,34,21,6.07
496.011912,8403,8340,34,21,6.07
496.111912,8348,8312,34,21,6.08
496.211911,8272,8344,49,21,6.08
496.311919,8460,8356,49,21,6.08
496.411913,8428,8464,49,21,6.09
496.511911,8492,8392,0,21,6.09
496.611911,8718,8604,0,21,6.09
496.711913,8387,8604,0,21,6.03
496.811926,8302,8288,6,21,6.03
496.911912,8291,8292,6,21,6.09
497.011912,8335,8344,6,21,6.09
497.111911,8481,8460,6,21,6.07
497.211913,8353,8448,185,21,6.07
497.311916,8523,8452,185,21,6.07
497.411912,8342,8456,185,21,6.08
497.511912,8239,8316,252,21,6.08
497.611913,8133,8220,252,21,6.08
497.711912,8133,8032,252,21,6.09
497.811912,8121,8108,49,21,6.09
497.911912,8209,8208,49,21,6.04
498.011912,8400,8248,49,21,6.04
498.111911,8643,8512,49,21,6.05
498.211911,8441,8584,269,21,6.05
498.311921,8281,8336,269,21,6.05
498.411932,8389,8312,269,21,6.06
498.511911,8436,8400,264,21,6.06
498.611912,8383,8448,264,21,6.06
498.711912,8084,8240,264,21,6.03
498.811911,8217,8096,436,21,6.03
498.911912,8264,8192,436,21,6.07
499.011913,8391,8244,436,21,6.07
499.11191,8479,8504,436,21,6.09
499.211911,8469,8456,47,21,6.09
499.311921,8437,8456,47,21,6.09
499.411912,8535,8436,47,21,6.09
499.511911,8595,8580,11,21,6.09
499.611919,8396,8580,11,21,6.09
499.711912,8168,8288,11,21,6.07
499.811914,8431,8236,419,21,6.07
499.911912,8482,8468,419,21,6.08
500.011912,8441,8516,419,21,6.08
500.11191,8198,8284,419,21,6.04
500.21192,8399,8292,259,21,6.04
500.311929,8412,8420,259,21,6.04
500.411953,8670,8512,259,21,6.01
500.51191,8717,8684,68,21,6.01
500.611929,8656,8672,68,21,6.01
500.71193,8421,8628,68,21,6.04
500.811935,8463,8360,134,21,6.04
500.91191,8473,8536,134,21,6.09
501.011948,8476,8452,134,21,6.09
501.111912,8556,8536,134,21,6.06
501.211928,8513,8496,0,21,6.06
501.311912,8501,8484,0,21,6.06
501.411912,8623,8544,0,21,6.07
501.511919,8511,8644,114,21,6.07
501.611911,8432,8472,114,21,6.07
501.711911,8136,8380,114,21,6.03
501.811912,8328,8080,209,21,6.03
501.91192,8767,8532,209,21,6.03
502.011911,8110,8516,209,21,6.03
502.111912,8549,8100,209,21,6.03
502.211912,9088,8836,685,21,6.03
502.311919,8491,8872,685,21,6.03
502.411912,8078,8360,685,21,6.06
502.511911,8233,8024,73,21,6.06
502.611912,8426,8356,73,21,6.06
502.71191,8492,8456,73,21,6.08
502.811911,8536,8492,214,21,6.08
502.91192,8414,8520,214,21,6.08
503.011911,8166,8316,214,21,6.08
503.111912,8496,8304,214,21,6.04
503.211912,8474,8508,124,21,6.04
503.311912,7893,8292,124,21,6.04
503.411913,7877,7904,124,21,6.09
503.511928,7735,7876,344,21,6.09
503.611912,7942,7692,344,21,6.09
503.71193,8021,8020,344,21,6.09
503.811912,7991,8064,127,21,6.09
503.911959,8088,7972,127,21,6.06
504.011913,8200,8060,127,21,6.06
504.111929,8523,8292,127,21,6.05
504.211912,8758,8620,307,21,6.05
504.31193,8513,8660,307,21,6.05
504.411911,8346,8464,307,21,6.05
504.511912,8530,8324,204,21,6.05
504.611921,8801,8752,204,21,6.05
504.711912,8487,8632,204,21,6.04
504.811915,8702,8544,414,21,6.04
504.911911,8673,8676,414,21,6.09
505.011912,8571,8580,414,21,6.09
505.111912,8604,8564,414,21,6.07
505.211912,8611,8552,61,21,6.07
505.311912,8572,8596,61,21,6.07
505.411913,8558,8572,61,21,6.09
505.511911,8573,8504,305,21,6.09
505.611913,8474,8540,305,21,6.09
505.711912,8350,8424,305,21,6.05
505.811912,8553,8388,303,21,6.05
505.911911,8518,8596,303,21,6.09
506.011913,8411,8456,303,21,6.09
506.111911,8186,8344,303,21,6.07
506.211913,8498,8308,380,21,6.07
506.311911,8628,8612,380,21,6.07
506.411911,8590,8664,380,21,6.08
506.51191,8065,8380,679,21,6.08
506.611911,8619,8232,679,21,6.08
506.711911,8562,8548,679,21,6.07
506.811912,8400,8532,174,21,6.07
506.911912,8499,8428,174,21,6.07
507.011911,8525,8488,174,21,6.07
507.11191,8472,8520,174,21,6.09
507.211911,8441,8420,92,21,6.09
507.311921,8644,8532,92,21,6.09
507.411912,8317,8544,92,21,6.05
507.511926,8214,8284,83,21,6.05
507.611913,8664,8300,83,21,6.05
507.711919,8614,8668,83,21,6.07
507.811924,8455,8600,6,21,6.07
507.911913,8001,8308,6,21,6.06
508.011912,7810,7916,6,21,6.06
508.111911,8299,7928,6,21,6
508.211912,8451,8356,365,21,6
508.311922,8244,8372,365,21,6
508.411911,8235,8196,365,21,6.09
508.511912,8374,8368,172,21,6.09
508.611912,8532,8360,172,21,6.09
508.711911,8538,8528,172,21,6.08
508.811912,8333,8496,0,21,6.08
508.911912,7245,8056,0,21,5.95
509.011912,8201,7640,0,21,5.95
509.111914,8296,8256,0,21,6.09
509.211913,8308,8344,184,21,6.09
509.311932,8508,8228,184,21,6.09
509.411913,8467,8636,184,21,6.06
509.51191,7695,8188,460,21,6.06
509.611911,7760,7588,460,21,6.06
509.711912,7959,7820,460,21,6.08
509.811913,8227,8044,52,21,6.08
509.911913,8321,8300,52,21,6.09
510.011911,8047,8256,52,21,6.09
510.111912,8524,8176,52,21,6.03
510.211912,8460,8572,458,21,6.03
510.311928,8429,8436,458,21,6.03
510.41192,8451,8428,458,21,6.08
510.511912,8576,8508,196,21,6.08
510.611913,8674,8596,196,21,6.08
510.711912,8983,8892,196,21,6.02
510.811913,8727,8928,107,21,6.02
510.911911,8522,8620,107,21,6.05
511.011912,8781,8628,107,21,6.05
511.111921,8681,8740,107,21,6.09
511.211912,8669,8652,261,21,6.09
511.311924,8948,8812,261,21,6.09
511.411911,8634,8900,261,21,6.03
511.51192,8416,8580,146,21,6.03
511.611911,8408,8372,146,21,6.03
511.711912,8505,8444,146,21,6.05
511.811923,8317,8472,204,21,6.05
511.911911,8206,8200,204,21,6.06
512.011911,7989,8184,204,21,6.06
512.11192,8660,8188,204,21,6
512.211912,8473,8688,266,21,6
512.311926,7976,8212,266,21,6
512.411911,7906,7916,266,21,6.09
512.511928,7849,7872,179,21,6.09
512.611911,8089,7912,179,21,6.09
512.711917,8290,8200,179,21,6.09
512.811921,8670,8480,525,21,6.09
512.911933,9031,8812,525,21,6.06
513.011922,8758,9048,525,21,6.06
513.111917,8459,8664,525,21,6.08
513.211913,8165,8288,511,21,6.08
513.311926,8145,8144,511,21,6.08
513.411921,8294,8196,511,21,6.09
513.511947,8477,8396,286,21,6.09
513.611912,8501,8516,286,21,6.09
513.711927,8584,8560,286,21,6.08
513.811914,8365,8536,141,21,6.08
513.911911,8382,8300,141,21,6.09
514.011912,8363,8392,141,21,6.09
514.111913,8400,8424,141,21,6.07
514.211912,8499,8504,300,21,6.07
514.311912,8403,8420,300,21,6.07
514.411911,8343,8384,300,21,6.08
514.511911,8379,8312,146,21,6.08
514.611912,8330,8348,146,21,6.08
514.711911,8287,8352,146,21,6.09
514.811912,8156,8216,324,21,6.09
514.91191,8013,8092,324,21,6.06
515.01191,8107,8040,324,21,6.06
515.111912,8325,8160,324,21,6.05
515.211912,8104,8388,238,21,6.05
515.311911,8030,8036,238,21,6.05
515.411921,7975,7972,238,21,6.07
515.51191,8311,7996,168,21,6.07
515.611912,8617,8500,168,21,6.07
515.711911,8540,8616,168,21,6.09
515.811914,8258,8476,397,21,6.09
515.911911,8431,8388,397,21,6.08
516.011918,8435,8408,397,21,6.08
516.11191,8180,8392,397,21,6.07
516.211923,7923,8016,440,21,6.07
516.311912,8558,8084,440,21,6.07
516.411978,8839,8688,440,21,6.05
516.511912,8727,8816,18,21,6.05
516.61194,8594,8672,18,21,6.05
516.711911,8610,8560,18,21,6.09
516.811913,8836,8676,493,21,6.09
516.91192,8738,8836,493,21,6.1
517.011911,8527,8640,493,21,6.1
517.111912,8372,8464,493,21,6.07
517.211912,8513,8376,232,21,6.07
517.311912,8754,8640,232,21,6.07
517.411912,8649,8720,232,21,6.08
517.511912,8589,8608,27,21,6.08
517.611912,8481,8580,27,21,6.08
517.71191,8530,8472,27,21,6.09
517.81191,8444,8568,0,21,6.09
517.911917,8411,8312,0,21,6.07
518.011911,8621,8548,0,21,6.07
518.111913,8433,8580,0,21,6.06
518.211911,8368,8364,279,21,6.06
518.311922,8456,8412,279,21,6.06
518.41191,8281,8408,279,21,6.08
518.51192,8125,8196,221,21,6.08
518.611912,8334,8180,221,21,6.08
518.711912,8338,8376,221,21,6.1
518.811912,8256,8276,129,21,6.1
518.91194,8249,8260,129,21,6.08
519.011912,8363,8336,129,21,6.08
519.111912,8435,8344,129,21,6.09
519.21192,8262,8392,138,21,6.09
519.311913,8269,8236,138,21,6.09
519.411911,8331,8312,138,21,6.08
519.51191,8283,8328,139,21,6.08
519.611911,8322,8280,139,21,6.08
519.71191,8358,8328,139,21,6.09
519.811912,8465,8384,242,21,6.09
519.911918,8456,8476,242,21,6.1
520.011913,8370,8420,242,21,6.1
520.111911,8219,8320,242,21,6.09
520.211913,8060,8124,353,21,6.09
520.311912,7873,8016,353,21,6.09
520.41193,7992,7844,353,21,6.09
520.511912,8125,8172,322,21,6.09
520.611911,8039,8124,322,21,6.09
520.711911,7893,7944,322,21,6.07
520.811914,7930,7784,116,21,6.07
520.911911,8664,8296,116,21,6.04
521.011912,8437,8624,116,21,6.04
521.111911,7774,8164,116,21,6.04
521.211912,8107,7728,283,21,6.04
521.311912,8479,8432,283,21,6.04
521.411912,8062,8260,283,21,6.07
521.511918,7898,8008,303,21,6.07
521.611911,8021,7940,303,21,6.07
521.711912,8275,8100,303,21,6.08
521.811912,8270,8384,317,21,6.08
521.91192,8284,8176,317,21,6.08
522.011913,8210,8244,317,21,6.08
522.111911,8260,8196,317,21,6.09
522.211913,8280,8252,119,21,6.09
522.31192,8456,8360,119,21,6.09
522.411925,8350,8440,119,21,6.09
522.511912,8198,8336,98,21,6.09
522.611912,8281,8196,98,21,6.09
522.711912,8372,8308,98,21,6.08
522.811912,8332,8388,114,21,6.08
522.911929,8462,8364,114,21,6.05
523.011912,8454,8488,114,21,6.05
523.111912,8439,8408,114,21,6.08
523.211911,8150,8404,40,21,6.08
523.311911,7937,7992,40,21,6.08
523.411912,7826,7956,40,21,6.08
523.511911,7776,7672,191,21,6.08
523.611913,8257,7924,191,21,6.08
523.711912,8031,8232,191,21,6.09
523.811912,8139,7992,0,21,6.09
523.911913,8319,8276,0,21,6.06
524.011912,8184,8264,0,21,6.06
524.111911,7923,8080,0,21,6.05
524.211913,8281,8064,185,21,6.05
524.31191,8610,8456,185,21,6.05
524.411913,8313,8396,185,21,6.06
524.511911,8334,8368,143,21,6.06
524.611912,8355,8324,143,21,6.06
524.711912,8382,8420,143,21,6.08
524.811912,8392,8332,80,21,6.08
524.911911,8316,8408,80,21,6.08
525.011913,8204,8212,80,21,6.08
525.11191,8571,8360,80,21,6.04
525.211913,8625,8624,80,21,6.04
525.31191,8475,8576,80,21,6.04
525.41193,8316,8424,80,21,6.05
525.511911,8273,8300,139,21,6.05
525.611913,8313,8264,139,21,6.05
525.711911,8495,8348,139,21,6.06
525.811929,8533,8516,201,21,6.06
525.911912,8431,8476,201,21,6.08
526.011954,8330,8368,201,21,6.08
526.111912,8198,8304,201,21,6.07
526.21194,8108,8156,170,21,6.07
526.311918,8409,8188,170,21,6.07
526.411928,8639,8560,170,21,6.07
526.511909,8410,8540,180,21,6.07
526.61192,8351,8392,180,21,6.07
526.711911,8307,8336,180,21,6.09
526.811912,8304,8232,259,21,6.09
526.911911,8475,8384,259,21,6.08
527.011912,8377,8468,259,21,6.08
527.11191,8373,8456,259,21,6.09
527.211913,8313,8332,119,21,6.09
527.311911,8438,8312,119,21,6.09
527.411912,8781,8604,119,21,6.06
527.511922,8490,8692,493,21,6.06
527.611911,8121,8364,493,21,6.06
527.711911,8083,8004,493,21,6.08
527.811912,8299,8304,133,21,6.08
527.911929,8371,8228,133,21,6.09
528.011912,8575,8416,133,21,6.09
528.111911,8336,8576,133,21,6.04
528.211912,7857,8060,643,21,6.04
528.311919,7664,7824,643,21,6.04
528.411913,7686,7684,643,21,6.08
528.51191,7792,7700,310,21,6.08
528.611913,8136,7896,310,21,6.08
528.711912,8494,8328,310,21,6.03
528.811912,8405,8520,163,21,6.03
528.911911,8646,8528,163,21,6.04
529.011913,8268,8504,163,21,6.04
529.11192,8014,8044,163,21,6.04
529.211912,8354,8148,433,21,6.04
529.311911,8506,8448,433,21,6.04
529.41192,8438,8480,433,21,6.05
529.511912,8932,8508,448,21,6.05
529.611912,8894,9160,448,21,6.05
529.71191,8149,8476,448,21,6
529.811911,8243,8148,191,21,6
529.911911,8464,8268,191,21,6.08
530.011911,8645,8576,191,21,6.08
530.111927,8621,8640,191,21,6.08
530.211912,8501,8592,121,21,6.08
530.311924,8394,8496,121,21,6.08
530.411929,8556,8448,121,21,6.06
530.511928,8336,8472,310,21,6.06
530.61191,8432,8364,310,21,6.06
530.711911,8375,8460,310,21,6.09
530.811912,8285,8308,223,21,6.09
530.911919,8542,8400,223,21,6.07
531.011912,8297,8508,223,21,6.07
531.111911,8259,8200,223,21,6.09
531.211912,8412,8308,453,21,6.09
531.311912,8393,8388,453,21,6.09
531.411912,8378,8396,453,21,6.09
531.511931,8090,8344,250,21,6.09
531.611912,8403,8192,250,21,6.09
531.71194,8412,8416,250,21,6.09
531.811914,8598,8464,116,21,6.09
531.911912,8595,8652,116,21,6.07
532.011913,8555,8488,116,21,6.07
532.111919,8601,8620,116,21,6.08
532.211912,8329,8544,160,21,6.08
532.31191,8600,8268,160,21,6.08
532.411911,8463,8612,160,21,6.05
532.511911,8745,8548,431,21,6.05
532.611911,8824,8880,431,21,6.05
532.711918,8551,8704,431,21,6.05
532.811913,8402,8528,110,21,6.05
532.911937,8424,8284,110,21,6.08
533.011913,8839,8608,110,21,6.08
533.111919,8772,8828,110,21,6.07
533.211912,8497,8740,204,21,6.07
533.31191,8372,8348,204,21,6.07
533.411912,8619,8456,204,21,6.07
533.511911,8632,8640,121,21,6.07
533.611911,8571,8608,121,21,6.07
533.711911,8285,8536,121,21,6.06
533.811913,8038,8156,327,21,6.06
533.911912,8189,8048,327,21,6.09
534.011913,8162,8172,327,21,6.09
534.11191,8271,8252,327,21,6.09
534.211912,8238,8264,0,21,6.09
534.31191,8231,8268,0,21,6.09
534.411911,8033,8192,0,21,6.07
534.51192,8145,8020,102,21,6.07
534.611911,8372,8292,102,21,6.07
534.711911,8179,8324,102,21,6.07
534.81191,8095,8092,25,21,6.07
534.911911,8287,8176,25,21,6.06
535.011913,8361,8340,25,21,6.06
535.111911,8110,8320,25,21,6.05
535.211912,8069,8092,199,21,6.05
535.311911,8147,8120,199,21,6.05
535.41193,8335,8236,199,21,6.05
535.511914,8300,8312,221,21,6.05
535.611912,8292,8300,221,21,6.05
535.711912,8447,8368,221,21,6.08
535.811912,8317,8440,156,21,6.08
535.911919,8187,8236,156,21,6.04
536.011912,8097,8112,156,21,6.04
536.111911,8183,8152,156,21,6.08
536.211919,8206,8132,0,21,6.08
536.311913,8384,8272,0,21,6.08
536.411912,8516,8412,0,21,6.06
536.511911,8264,8424,375,21,6.06
536.611914,8247,8224,375,21,6.06
536.711912,8256,8232,375,21,6.08
536.811912,8450,8300,93,21,6.08
536.911911,8744,8520,93,21,6.02
537.011912,8744,8736,93,21,6.02
537.11191,8476,8588,93,21,6.02
537.211913,7993,8328,760,21,6.02
537.311912,7903,7836,760,21,6.02
537.411912,8090,8040,760,21,6.08
537.511912,8260,8084,3,21,6.08
537.611912,8599,8460,3,21,6.08
537.711919,8497,8584,3,21,6.09
537.811913,8304,8388,185,21,6.09
537.911929,7994,8164,185,21,6.06
538.011913,7922,7964,185,21,6.06
538.111912,8258,8048,185,21,6.04
538.211912,8335,8360,126,21,6.04
538.311932,8281,8268,126,21,6.04
538.411912,8375,8284,126,21,6.09
538.511942,8431,8408,71,21,6.09
538.611912,8309,8408,71,21,6.09
538.711949,8293,8296,71,21,6.09
538.811915,8383,8356,353,21,6.09
538.911939,8415,8388,353,21,6.09
539.011912,8506,8452,353,21,6.09
539.111911,8438,8504,353,21,6.09
539.211912,8431,8444,109,21,6.09
539.31191,8266,8308,109,21,6.09
539.41191,8162,8248,109,21,6.09
539.511912,8262,8172,81,21,6.09
539.611912,8554,8372,81,21,6.09
539.711912,8607,8616,81,21,6.06
539.81191,8314,8488,302,21,6.06
539.911912,8401,8352,302,21,6.08
540.011911,8537,8436,302,21,6.08
540.111911,8336,8572,302,21,6.08
540.211912,8238,8244,255,21,6.08
540.311912,8187,8220,255,21,6.08
540.411936,8307,8244,255,21,6.07
540.511919,8249,8284,307,21,6.07
540.611911,8331,8256,307,21,6.07
540.711912,8215,8316,307,21,6.07
540.811912,8365,8200,252,21,6.07
540.911921,8312,8388,252,21,6.1
541.01192,7956,8164,252,21,6.1
541.111912,8299,8040,252,21,6.04
541.211913,8741,8516,844,21,6.04
541.311911,8582,8696,844,21,6.04
541.411929,8355,8524,844,21,6.06
541.511911,8187,8212,655,21,6.06
541.611941,8613,8364,655,21,6.06
541.711911,9063,8780,655,21,6.02
541.811915,8800,9040,353,21,6.02
541.911911,8374,8572,353,21,6.05
542.011912,8471,8328,353,21,6.05
542.111912,8483,8508,353,21,6.09
542.211914,9110,8516,704,21,6.09
542.31191,9143,9392,704,21,6.09
542.411912,8290,8764,704,21,5.99
542.511911,8185,8180,329,21,5.99
542.611912,8082,8160,329,21,5.99
542.711913,8021,7968,329,21,6.09
542.811916,8357,8124,387,21,6.09
542.911927,8613,8412,387,21,6.06
543.011913,8603,8672,387,21,6.06
543.111912,8678,8648,387,21,6.07
543.211915,8596,8676,221,21,6.07
543.311919,8142,8540,221,21,6.07
543.411911,8005,7968,221,21,6.09
543.511912,8380,8180,668,21,6.09
543.611913,8337,8256,668,21,6.09
543.711911,8401,8344,668,21,6.07
543.811914,8152,8420,237,21,6.07
543.911911,7768,7980,237,21,6.04
544.011912,7942,7816,237,21,6.04
544.111914,8009,7960,237,21,6.09
544.211912,8079,8064,281,21,6.09
544.311914,7975,8028,281,21,6.09
544.411928,8082,8036,281,21,6.08
544.511911,8347,8128,578,21,6.08
544.611943,8550,8436,578,21,6.08
544.711919,8407,8520,578,21,6.07
544.811929,8178,8332,344,21,6.07
544.91192,8204,8172,344,21,6.08
545.011911,8358,8304,344,21,6.08
545.111911,8243,8340,344,21,6.08
545.211912,8021,8176,298,21,6.08
545.311911,8189,8024,298,21,6.08
545.411928,8421,8332,298,21,6.07
545.511912,8016,8392,10,21,6.07
545.611913,7462,7648,10,21,6.07
545.711912,8572,7848,10,21,5.97
545.811914,8646,8680,317,21,5.97
545.911912,8395,8560,317,21,6.08
546.011912,8111,8244,317,21,6.08
546.111928,8313,8132,317,21,6.08
546.211911,8640,8448,503,21,6.08
546.311911,8795,8704,503,21,6.08
546.411913,8334,8648,503,21,6.06
546.511912,8427,8348,151,21,6.06
546.611921,8461,8488,151,21,6.06
546.71191,8363,8500,151,21,6.09
546.811911,8330,8340,146,21,6.09
546.911911,8585,8368,146,21,6.07
547.01192,8446,8564,146,21,6.07
547.111911,8515,8612,146,21,6.07
547.211913,8169,8400,503,21,6.07
547.311921,8402,8228,503,21,6.07
547.411911,8589,8448,503,21,6.07
547.511911,8579,8528,243,21,6.07
547.61191,8499,8512,243,21,6.07
547.711925,8628,8500,243,21,6.09
547.811912,8439,8560,394,21,6.09
547.911929,8430,8488,394,21,6.07
548.011912,8345,8416,394,21,6.07
548.111911,8342,8388,394,21,6.07
548.211911,8266,8280,481,21,6.07
548.311911,8548,8348,481,21,6.07
548.41192,8674,8596,481,21,6.05
548.511911,8526,8592,378,21,6.05
548.611912,8577,8564,378,21,6.05
548.711913,8249,8488,378,21,6.03
548.811913,8549,8396,435,21,6.03
548.911911,8237,8420,435,21,6.05
549.01191,8365,8260,435,21,6.05
549.111912,8270,8284,435,21,6.09
549.211911,8412,8292,0,21,6.09
549.311911,8341,8352,0,21,6.09
549.411911,8345,8368,0,21,6.08
549.511912,8510,8396,165,21,6.08
549.611912,8470,8488,165,21,6.08
549.71191,8447,8460,165,21,6.07
549.811911,8417,8432,97,21,6.07
549.911912,8304,8400,97,21,6.08
550.01191,8396,8352,97,21,6.08
550.11191,8487,8436,97,21,6.06
550.211912,8545,8488,131,21,6.06
550.311911,8556,8560,131,21,6.06
550.411929,8426,8508,131,21,6.08
550.511912,8295,8360,56,21,6.08
550.611912,8373,8300,56,21,6.08
550.711912,8617,8496,56,21,6.06
550.811911,8366,8524,267,21,6.06
550.911912,8191,8288,267,21,6.07
551.011912,8623,8248,267,21,6.07
551.111912,8595,8708,267,21,6.09
551.211913,8479,8548,204,21,6.09
551.311912,8317,8456,204,21,6.09
551.411912,8505,8360,204,21,6.06
551.51191,8745,8592,243,21,6.06
551.611912,8875,8828,243,21,6.06
551.71193,8572,8736,243,21,6.05
551.81193,8441,8464,179,21,6.05
551.911929,8352,8352,179,21,6.05
552.011955,8536,8388,179,21,6.05
552.111928,8598,8616,179,21,6.09
552.211922,8464,8472,194,21,6.09
552.311909,8293,8412,194,21,6.09
552.411911,8352,8252,194,21,6.08
552.511909,8563,8520,291,21,6.08
552.611911,8335,8516,291,21,6.08
552.71191,8484,8304,291,21,6.09
552.811911,8424,8508,407,21,6.09
552.911931,8296,8432,407,21,6.09
553.011918,8188,8236,407,21,6.09
553.11191,8664,8316,407,21,6.04
553.211911,8406,8704,429,21,6.04
553.31191,8231,8244,429,21,6.04
553.41191,8181,8224,429,21,6.09
553.51191,8275,8168,0,21,6.09
553.611911,8271,8284,0,21,6.09
553.711918,8035,8204,0,21,6.05
553.81191,8017,8044,0,21,6.05
553.91191,8120,8040,0,21,6.07
554.011911,8185,8152,0,21,6.07
554.111911,8335,8228,0,21,6.09
554.211912,8527,8364,56,21,6.09
554.31191,8400,8604,56,21,6.09
554.411911,7977,8144,56,21,6.02
554.511912,8427,8172,525,21,6.02
554.611911,8448,8460,525,21,6.02
554.711913,8369,8396,525,21,6.07
554.811886,8364,8372,93,21,6.07
554.91191,8351,8372,93,21,6.09
555.01191,8332,8372,93,21,6.09
555.111911,8173,8324,93,21,6.07
555.211912,8119,8108,177,21,6.07
555.311918,8221,8192,177,21,6.07
555.41193,8010,8212,177,21,6.06
555.511918,8114,7980,247,21,6.06
555.61191,8034,8024,247,21,6.06
555.71191,8069,8096,247,21,6.08
555.811911,7929,8052,46,21,6.08
555.911911,8039,7956,46,21,6.08
556.01191,8651,8276,46,21,6.08
556.111912,8558,8644,46,21,6.09
556.21191,8303,8404,477,21,6.09
556.311918,8086,8280,477,21,6.09
556.411911,8077,8060,477,21,6.09
556.51191,8334,8128,34,21,6.09
556.611911,8518,8412,34,21,6.09
556.711912,8338,8504,34,21,6.08
556.811912,8239,8336,0,21,6.08
556.911913,8268,8240,0,21,6.07
557.011909,8371,8324,0,21,6.07
557.111912,8616,8476,0,21,6.04
557.211912,8497,8596,110,21,6.04
557.311912,8385,8316,110,21,6.04
557.411912,8499,8480,110,21,6.08
557.511928,8450,8504,122,21,6.08
557.611911,8046,8328,122,21,6.08
557.71193,8186,8060,122,21,6.07
557.811911,8422,8268,150,21,6.07
557.911927,8414,8464,150,21,6.09
558.01191,8309,8356,150,21,6.09
558.111911,8280,8252,150,21,6.09
558.211911,8512,8368,220,21,6.09
558.311911,8527,8520,220,21,6.09
558.41192,8661,8564,220,21,6.06
558.51191,8493,8636,226,21,6.06
558.611911,8382,8424,226,21,6.06
558.71191,8355,8380,226,21,6.09
558.811911,8365,8368,0,21,6.09
558.91191,8466,8424,0,21,6.09
559.011912,8313,8444,0,21,6.09
559.111911,8409,8312,0,21,6.09
559.211912,8331,8364,331,21,6.09
559.311911,8332,8276,331,21,6.09
559.411919,8377,8392,331,21,6.08
559.511914,8365,8344,126,21,6.08
559.611911,8456,8424,126,21,6.08
559.71191,8472,8448,126,21,6.09
559.811919,8550,8480,104,21,6.09
559.911912,8388,8472,104,21,6.04
560.011911,8334,8384,104,21,6.04
560.111919,8350,8312,104,21,6.09
560.211912,8391,8388,0,21,6.09
560.31191,8277,8368,0,21,6.09
560.411912,8379,8288,0,21,6.09
560.511912,8508,8480,230,21,6.09
560.611912,8519,8492,230,21,6.09
560.71191,8493,8512,230,21,6.08
560.811911,8471,8488,129,21,6.08
560.911918,8713,8492,129,21,6.05
561.011911,8832,8780,129,21,6.05
561.111911,8788,8812,129,21,6.09
561.211912,8601,8712,336,21,6.09
561.311919,8469,8548,336,21,6.09
561.411929,8504,8460,336,21,6.08
561.511909,8837,8592,179,21,6.08
561.611941,8788,8852,179,21,6.08
561.711911,8496,8652,179,21,6.03
561.811918,8544,8524,145,21,6.03
561.911911,8596,8568,145,21,6.07
562.01191,8530,8600,145,21,6.07
562.111919,8378,8488,145,21,6.09
562.21191,8444,8388,105,21,6.09
562.31191,8467,8484,105,21,6.09
562.411911,8382,8396,105,21,6.09
562.511913,8536,8444,394,21,6.09
562.611911,8536,8548,394,21,6.09
562.71191,8353,8452,394,21,6.06
562.81191,8303,8332,121,21,6.06
562.911911,8222,8272,121,21,6.08
563.011912,8351,8304,121,21,6.08
563.111909,8362,8352,121,21,6.09
563.211911,8320,8344,66,21,6.09
563.311911,8204,8248,66,21,6.09
563.411913,8189,8216,66,21,6.09
563.511911,8298,8212,233,21,6.09
563.611911,8196,8336,233,21,6.09
563.71191,8082,8104,233,21,6.09
563.81191,7964,8048,220,21,6.09
563.911912,8208,8032,220,21,6.07
564.011912,8075,8168,220,21,6.07
564.111919,8295,8084,220,21,6.08
564.211912,8229,8304,242,21,6.08
564.31191,8096,8224,242,21,6.08
564.41191,8141,8132,242,21,6.09
564.511911,8214,8116,0,21,6.09
564.61192,8236,8200,0,21,6.09
564.711927,8333,8172,0,21,6.1
564.811911,8447,8444,59,21,6.1
564.911941,8391,8448,59,21,6.09
565.011912,8294,8388,59,21,6.09
565.111937,8239,8256,59,21,6.09
565.211912,8313,8264,160,21,6.09
565.311911,8453,8348,160,21,6.09
565.41192,8374,8424,160,21,6.09
565.511911,8337,8352,276,21,6.09
565.611912,8266,8320,276,21,6.09
565.711911,8340,8276,276,21,6.09
565.811911,8378,8408,264,21,6.09
565.91191,8185,8284,264,21,6.06
566.011911,8242,8220,264,21,6.06
566.111931,8352,8264,264,21,6.08
566.211911,8665,8468,528,21,6.08
566.31191,8492,8652,528,21,6.08
566.411909,8420,8424,528,21,6.09
566.51191,8325,8448,153,21,6.09
566.61191,8338,8292,153,21,6.09
566.71191,8534,8384,153,21,6.05
566.811912,8539,8580,221,21,6.05
566.911911,8440,8460,221,21,6.08
567.011925,8395,8444,221,21,6.08
567.111917,8328,8348,221,21,6.07
567.211912,8378,8336,0,21,6.07
567.311912,8532,8452,0,21,6.07
567.411912,8582,8532,0,21,6.08
567.511911,8456,8572,194,21,6.08
567.611913,8501,8448,194,21,6.08
567.711912,8378,8480,194,21,6.06
567.811912,8384,8372,46,21,6.06
567.91191,8475,8428,46,21,6.07
568.011912,8375,8424,46,21,6.07
568.111911,8423,8388,46,21,6.09
568.211912,8402,8444,63,21,6.09
568.311912,8243,8304,63,21,6.09
568.411935,8244,8212,63,21,6.09
568.511912,8369,8264,153,21,6.09
568.611951,8326,8400,153,21,6.09
568.71191,8354,8328,153,21,6.09
568.81194,8337,8360,58,21,6.09
568.911911,8361,8332,58,21,6.09
569.011913,8504,8412,58,21,6.09
569.111911,8487,8516,58,21,6.09
569.21192,8411,8492,100,21,6.09
569.31191,8398,8388,100,21,6.09
569.411913,8440,8408,100,21,6.09
569.511911,8364,8408,112,21,6.09
569.611912,8409,8368,112,21,6.09
569.711911,8361,8384,112,21,6.08
569.811911,8464,8372,93,21,6.08
569.911921,8260,8440,93,21,6.08
570.011911,8555,8332,93,21,6.08
570.11191,8383,8540,93,21,6.08
570.211912,8254,8348,158,21,6.08
570.311913,8249,8228,158,21,6.08
570.411912,8324,8268,158,21,6.09
570.511911,8438,8348,52,21,6.09
570.611911,8421,8420,52,21,6.09
570.711919,8357,8436,52,21,6.09
570.811912,8275,8312,37,21,6.09
570.911911,8331,8324,37,21,6.09
571.011912,8375,8336,37,21,6.09
571.111927,8335,8384,37,21,6.1
571.211911,8378,8312,406,21,6.1
571.311946,8431,8400,406,21,6.1
571.411911,8496,8432,406,21,6.08
571.511928,8546,8528,252,21,6.08
571.61191,8383,8472,252,21,6.08
571.711912,8347,8372,252,21,6.09
571.811919,8404,8372,175,21,6.09
571.91191,8443,8432,175,21,6.09
572.011911,8249,8344,175,21,6.09
572.111913,8278,8236,175,21,6.1
572.211912,8352,8304,226,21,6.1
572.311913,8317,8360,226,21,6.1
572.411912,8254,8296,226,21,6.07
572.51191,8292,8284,80,21,6.07
572.611911,8198,8284,80,21,6.07
572.71191,8427,8184,80,21,6.05
572.81191,8661,8556,452,21,6.05
572.91191,8509,8636,452,21,6.06
573.011911,8151,8376,452,21,6.06
573.111911,8007,8052,452,21,6.08
573.211912,8350,8140,363,21,6.08
573.311913,8301,8380,363,21,6.08
573.411914,8263,8284,363,21,6.09
573.511912,8097,8224,331,21,6.09
573.611913,8147,8084,331,21,6.09
573.711914,8443,8280,331,21,6.04
573.811915,8460,8468,46,21,6.04
573.911914,8287,8404,46,21,6.08
574.011914,8111,8152,46,21,6.08
574.111912,8345,8212,46,21,6.07
574.211913,8212,8280,267,21,6.07
574.311914,8351,8256,267,21,6.07
574.411914,8356,8380,267,21,6.09
574.511913,8297,8300,136,21,6.09
574.611915,8493,8348,136,21,6.09
574.711913,8541,8496,136,21,6.08
574.811914,8329,8476,119,21,6.08
574.911913,8208,8204,119,21,6.07
575.011913,8506,8292,119,21,6.07
575.111914,8387,8452,119,21,6.08
575.211913,8500,8388,204,21,6.08
575.311913,8606,8556,204,21,6.08
575.411913,8487,8572,204,21,6.09
575.511913,8243,8440,298,21,6.09
575.611914,8380,8240,298,21,6.09
575.711915,8339,8452,298,21,6.1
575.811915,8302,8276,305,21,6.1
575.911914,8341,8324,305,21,6.09
576.011916,8172,8312,305,21,6.09
576.111914,8116,8092,305,21,6.09
576.211914,8107,8120,353,21,6.09
576.311913,8479,8248,353,21,6.09
576.411915,8353,8448,353,21,6.08
576.511913,8138,8244,556,21,6.08
576.611915,8601,8340,556,21,6.08
576.711914,8403,8584,556,21,6.08
576.811914,8153,8300,267,21,6.08
576.911913,8322,8184,267,21,6.08
577.011913,8350,8372,267,21,6.08
577.111914,8328,8340,267,21,6.09
577.211914,8332,8360,54,21,6.09
577.311913,8371,8312,54,21,6.09
577.411932,8336,8388,54,21,6.08
577.511915,8185,8268,228,21,6.08
577.611941,8182,8188,228,21,6.08
577.711922,8177,8156,228,21,6.09
577.81195,8412,8248,228,21,6.09
577.911913,8579,8504,228,21,6.08
578.011914,8622,8576,228,21,6.08
578.111913,8473,8584,228,21,6.09
578.211913,8398,8452,61,21,6.09
578.311913,8474,8368,61,21,6.09
578.411914,8466,8520,61,21,6.09
578.511914,8530,8432,266,21,6.09
578.611914,8430,8472,266,21,6.09
578.711913,8457,8516,266,21,6.08
578.811914,8430,8452,189,21,6.08
578.911913,8520,8500,189,21,6.07
579.011937,8050,8412,189,21,6.07
579.111914,8071,8052,189,21,6.06
579.211914,8065,8036,58,21,6.06
579.311913,8096,8084,58,21,6.06
579.411922,8201,8136,58,21,6.08
579.511923,8299,8284,197,21,6.08
579.611914,7890,8088,197,21,6.08
579.711912,8360,8016,197,21,6.03
579.811913,8414,8452,226,21,6.03
579.911914,8220,8340,226,21,6.06
580.011923,8184,8204,226,21,6.06
580.111915,8519,8280,226,21,6.06
580.211919,9588,8584,2125,21,6.06
580.311919,8731,9328,2125,21,6.06
580.41192,8620,8604,2125,21,6.09
580.511941,8815,8700,151,21,6.09
580.61192,8716,8832,151,21,6.09
580.711955,8860,8736,151,21,6.08
580.811945,8884,8880,395,21,6.08
580.911981,8765,8828,395,21,6.07
581.011958,8844,8788,395,21,6.07
581.111944,8602,8792,395,21,6.06
581.21192,8685,8652,312,21,6.06
581.31192,8662,8676,312,21,6.06
581.41192,8650,8668,312,21,6.08
581.511919,8565,8648,267,21,6.08
581.611932,8463,8564,267,21,6.08
581.71192,8394,8392,267,21,6.07
581.811919,8486,8480,172,21,6.07
581.911919,8545,8568,172,21,6.07
582.011919,8351,8476,172,21,6.07
582.111919,8309,8308,172,21,6.08
582.21192,7518,8248,180,21,6.08
582.311918,8056,7752,180,21,6.08
582.411921,8339,8268,180,21,6.06
582.511919,8122,8280,467,21,6.06
582.61192,8240,8156,467,21,6.06
582.711931,8146,8228,467,21,6.09
582.81192,8194,8152,116,21,6.09
582.91192,8083,8136,116,21,6.09
583.01192,7991,8000,116,21,6.09
583.111919,8097,8040,116,21,6.09
583.211919,8200,8152,73,21,6.09
583.311918,8275,8240,73,21,6.09
583.41193,8326,8292,73,21,6.09
583.511919,8364,8368,264,21,6.09
583.611919,8319,8348,264,21,6.09
583.71192,8254,8292,264,21,6.09
583.811919,8346,8284,121,21,6.09
583.911919,8433,8344,121,21,6.09
584.011919,8426,8448,121,21,6.09
584.111919,8611,8516,121,21,6.06
584.21192,8237,8420,414,21,6.06
584.311919,8358,8264,414,21,6.06
584.411927,8614,8436,414,21,6.08
584.511919,8484,8556,100,21,6.08
584.61192,8389,8448,100,21,6.08
584.71192,8472,8420,100,21,6.09
584.811919,8643,8540,348,21,6.09
584.911918,8340,8516,348,21,6.07
585.011923,8344,8300,348,21,6.07
585.111918,8438,8412,348,21,6.08
585.211919,8491,8424,156,21,6.08
585.311917,8645,8600,156,21,6.08
585.411919,8648,8676,156,21,6.07
585.511919,8085,8396,424,21,6.07
585.611919,8230,8056,424,21,6.07
585.711917,8256,8272,424,21,6.09
585.811919,8242,8288,206,21,6.09
585.911917,8116,8184,206,21,6.09
586.011919,8299,8116,206,21,6.09
586.111917,8379,8304,206,21,6.08
586.21192,8270,8380,0,21,6.08
586.311918,8233,8240,0,21,6.08
586.411919,8307,8212,0,21,6.09
586.511919,8497,8372,424,21,6.09
586.611919,8470,8504,424,21,6.09
586.711917,8366,8468,424,21,6.08
586.81192,8437,8336,78,21,6.08
586.911918,8696,8564,78,21,6.05
587.011916,8583,8668,78,21,6.05
587.111918,8470,8564,78,21,6.07
587.211918,8486,8488,218,21,6.07
587.311918,8185,8424,218,21,6.07
587.411918,8210,8044,218,21,6.09
587.511918,8459,8396,377,21,6.09
587.611918,8483,8444,377,21,6.09
587.711916,8287,8556,377,21,6.07
587.811919,8109,8104,197,21,6.07
587.911919,8242,8136,197,21,6.07
588.011918,8534,8352,197,21,6.07
588.111917,8435,8516,197,21,6.07
588.211917,8321,8388,283,21,6.07
588.311917,8387,8344,283,21,6.07
588.411926,8308,8404,283,21,6.09
588.511917,8430,8296,273,21,6.09
588.611919,8578,8536,273,21,6.09
588.711918,8466,8576,273,21,6.08
588.811917,8282,8360,296,21,6.08
588.911918,8412,8312,296,21,6.09
589.011916,8428,8432,296,20,6.09
589.111919,8264,8348,296,20,6.06
589.211919,8208,8268,240,20,6.06
589.311919,8525,8336,240,20,6.06
589.411919,8297,8420,240,20,6.05
589.511918,8379,8312,175,20,6.05
589.611917,8280,8444,175,20,6.05
589.711919,8425,8292,175,20,6.05
589.811918,8309,8416,71,20,6.05
589.911935,8230,8240,71,20,6.09
590.011917,8254,8196,71,20,6.09
590.111976,8362,8264,71,20,6.09
590.211919,8660,8508,482,20,6.09
590.311934,8779,8724,482,20,6.09
590.411919,8479,8692,482,20,6.07
590.511948,8501,8452,216,20,6.07
590.611919,8458,8488,216,20,6.07
590.711943,8278,8364,216,20,6.09
590.811925,8348,8292,134,20,6.09
590.911917,8450,8404,134,20,6.09
591.011917,8460,8452,134,20,6.09
591.111921,8401,8436,134,20,6.09
591.211919,8442,8416,199,20,6.09
591.311924,8459,8444,199,20,6.09
591.411919,8340,8388,199,20,6.08
591.511916,8292,8308,145,20,6.08
591.611917,8292,8296,145,20,6.08
591.711924,8267,8300,145,20,6.1
591.811919,8311,8296,13,20,6.1
591.911917,8393,8324,13,20,6.09
592.011918,8435,8432,13,20,6.09
592.111917,8350,8380,13,20,6.07
592.211922,8356,8344,104,20,6.07
592.311918,8458,8356,104,20,6.07
592.411932,8499,8496,104,20,6.08
592.511927,8317,8400,138,20,6.08
592.611946,8301,8300,138,20,6.08
592.711919,8436,8380,138,20,6.07
592.811917,8518,8484,196,20,6.07
592.911924,8460,8472,196,20,6.09
593.011918,8494,8460,196,20,6.09
593.111917,8334,8440,196,20,6.07
593.211917,8270,8312,98,20,6.07
593.311919,8335,8264,98,20,6.07
593.411922,8284,8332,98,20,6.09
593.511917,8288,8316,68,20,6.09
593.611919,8374,8324,68,20,6.09
593.711918,8421,8436,68,20,6.08
593.811919,8448,8436,191,20,6.08
593.911918,8501,8416,191,20,6.09
594.011918,8639,8576,191,20,6.09
594.111927,8406,8576,191,20,6.07
594.211919,8330,8360,156,20,6.07
594.311918,8251,8340,156,20,6.07
594.411919,8309,8236,156,20,6.09
594.511919,8363,8376,293,20,6.09
594.611919,8366,8384,293,20,6.09
594.711918,8430,8372,293,20,6.1
594.811917,8469,8456,73,20,6.1
594.911919,8391,8452,73,20,6.09
595.011917,8293,8328,73,20,6.09
595.111918,8292,8304,73,20,6.09
595.211926,8462,8340,331,20,6.09
595.311921,8468,8444,331,20,6.09
595.411918,8544,8492,331,20,6.08
595.511918,8549,8532,288,20,6.08
595.611919,8459,8504,288,20,6.08
595.71192,8368,8420,288,20,6.08
595.811919,8461,8380,100,20,6.08
595.911926,8451,8476,100,20,6.09
596.011918,8296,8440,100,20,6.09
596.111919,8149,8212,100,20,6.07
596.211918,8393,8220,100,20,6.07
596.311918,8507,8444,100,20,6.07
596.41192,8415,8468,100,20,6.09
596.511916,8325,8384,322,20,6.09
596.611919,8383,8332,322,20,6.09
596.711916,8615,8448,322,20,6.09
596.811918,8653,8676,32,20,6.09
596.911926,8474,8620,32,20,6.09
597.011918,8269,8396,32,20,6.09
597.111918,8272,8236,32,20,6.09
597.211918,8356,8316,286,20,6.09
597.311928,8275,8332,286,20,6.09
597.411919,8425,8312,286,20,6.07
597.511937,8473,8464,225,20,6.07
597.611919,8451,8436,225,20,6.07
597.711919,8358,8452,225,20,6.09
597.811918,8404,8328,134,20,6.09
597.911918,8406,8396,134,20,6.1
598.011918,8337,8448,134,20,6.1
598.111918,8389,8352,134,20,6.07
598.211919,8368,8404,124,20,6.07
598.311917,8208,8288,124,20,6.07
598.41192,8228,8208,124,20,6.09
598.511918,8205,8208,66,20,6.09
598.611919,8393,8172,66,20,6.09
598.711918,8490,8480,66,20,6.06
598.811919,8336,8444,226,20,6.06
598.911919,8417,8344,226,20,6.09
599.011918,8312,8396,226,20,6.09
599.111925,8096,8272,226,20,6.08
599.211919,8206,8072,259,20,6.08
599.311918,8404,8260,259,20,6.08
599.41192,8388,8468,259,20,6.09
599.511917,8400,8372,0,20,6.09
599.611952,8449,8460,0,20,6.09
599.711919,8396,8424,0,20,6.07
599.811949,8387,8400,0,20,6.07
599.911926,8465,8412,0,20,6.08
600.011935,8337,8392,0,20,6.08
600.111918,8326,8340,0,20,6.09
600.211918,8309,8352,179,20,6.09
600.311918,8153,8204,179,20,6.09
600.41192,8237,8160,179,20,6.09
600.511919,8419,8312,153,20,6.09
600.611919,8432,8436,153,20,6.09
600.711919,8262,8368,153,20,6.08
600.811919,8203,8176,358,20,6.08
600.911917,8418,8328,358,20,6.08
601.011919,8374,8420,358,20,6.08
601.111927,8359,8288,358,20,6.09
601.21192,8461,8456,233,20,6.09
601.311918,8482,8452,233,20,6.09
601.411919,8493,8512,233,20,6.09
601.511918,8430,8472,90,20,6.09
601.61192,8369,8388,90,20,6.09
601.711926,8311,8364,90,20,6.09
601.811918,8193,8204,233,20,6.09
601.911918,8415,8276,233,20,6.07
602.011919,8363,8380,233,20,6.07
602.111921,8266,8344,233,20,6.08
602.211925,8276,8244,71,20,6.08
602.311918,8444,8288,71,20,6.08
602.411946,8679,8536,71,20,6.07
602.511918,8497,8628,284,20,6.07
602.611918,8413,8472,284,20,6.07
602.711919,8256,8352,284,20,6.07
602.811922,8292,8240,39,20,6.07
602.911919,8357,8296,39,20,6.09
603.011918,8397,8348,39,20,6.09
603.111917,8623,8456,39,20,6.07
603.211919,8600,8624,40,20,6.07
603.311918,8454,8500,40,20,6.07
603.411918,8537,8488,40,20,6.08
603.511918,8741,8660,506,20,6.08
603.611919,8483,8616,506,20,6.08
603.711919,8614,8488,506,20,6.09
603.811919,8666,8668,179,20,6.09
603.911935,8618,8688,179,20,6.09
604.011918,8676,8644,179,20,6.09
604.111926,8652,8664,179,20,6.09
604.211919,8706,8692,298,20,6.09
604.311918,8335,8520,298,20,6.09
604.411917,8408,8336,298,20,6.08
604.51192,8444,8416,104,20,6.08
604.611918,8378,8420,104,20,6.08
604.71192,8366,8372,104,20,6.09
604.811918,8317,8340,68,20,6.09
604.911918,8343,8316,68,20,6.09
605.011918,8446,8380,68,20,6.09
605.111928,8362,8456,68,20,6.08
605.211919,8198,8296,315,20,6.08
605.311937,8275,8216,315,20,6.08
605.411919,8383,8292,315,20,6.07
605.511956,8293,8404,0,20,6.07
605.611918,8146,8168,0,20,6.07
605.711932,8313,8264,0,20,6.08
605.811921,8382,8352,218,20,6.08
605.911919,8381,8396,218,20,6.09
606.011918,8444,8376,218,20,6.09
606.111919,8460,8484,218,20,6.08
606.211919,8468,8452,141,20,6.08
606.31193,8340,8416,141,20,6.08
606.41192,8384,8340,141,20,6.08
606.511918,8460,8416,242,20,6.08
606.611919,8415,8432,242,20,6.08
606.711919,8378,8388,242,20,6.09
606.811919,8417,8396,177,20,6.09
606.911918,8445,8408,177,20,6.1
607.01192,8208,8396,177,20,6.1
607.111927,8059,8112,177,20,6.07
607.211919,7992,8056,238,20,6.07
607.311917,8187,7960,238,20,6.07
607.411929,8280,8216,238,20,6.09
607.511919,8397,8360,238,20,6.09
607.611918,8347,8348,238,20,6.09
607.711918,8173,8332,238,20,6.09
607.811919,7951,8036,368,20,6.09
607.911917,8101,7972,368,20,6.06
608.011919,8494,8284,368,20,6.06
608.111929,8467,8496,368,20,6.1
608.21192,8418,8448,61,20,6.1
608.311919,8199,8344,61,20,6.1
608.411924,8269,8196,61,20,6.08
608.511918,8383,8336,266,20,6.08
608.611919,8462,8448,266,20,6.08
608.711917,8299,8376,266,20,6.07
608.811922,8320,8292,261,20,6.07
608.911918,8438,8308,261,20,6.09
609.01192,8379,8464,261,20,6.09
609.111918,8390,8332,261,20,6.09
609.211919,8444,8436,107,20,6.09
609.311918,8361,8352,107,20,6.09
609.411923,8279,8368,107,20,6.09
609.511918,8280,8284,54,20,6.09
609.611918,8414,8304,54,20,6.09
609.711953,8529,8420,54,20,6.09
609.811925,8656,8620,438,20,6.09
609.911935,8593,8664,438,20,6.09
610.011918,8490,8568,438,20,6.09
610.111918,8323,8404,438,20,6.07
610.211918,8394,8364,214,20,6.07
610.311917,8525,8472,214,20,6.07
610.411931,8361,8528,214,20,6.09
610.511918,8204,8192,262,20,6.09
610.611918,8560,8372,262,20,6.09
610.711917,8503,8540,262,20,6.08
610.811926,8525,8524,95,20,6.08
610.911916,8597,8524,95,20,6.09
611.011918,8276,8536,95,20,6.09
611.111927,8042,8176,95,20,6.06
611.211918,8418,8176,414,20,6.06
611.311918,8583,8384,414,20,6.06
611.411917,8636,8700,414,20,6.07
611.511918,8327,8440,641,20,6.07
611.611918,8425,8408,641,20,6.07
611.711917,8395,8340,641,20,6.07
611.81192,8100,8376,300,20,6.07
611.911917,8205,8020,300,20,6.07
612.011918,8526,8408,300,20,6.07
612.111918,8591,8584,300,20,6.07
612.211919,8538,8560,0,20,6.07
612.311919,8394,8488,0,20,6.07
612.411919,8548,8472,0,20,6.07
612.511918,8347,8484,197,20,6.07
612.611919,8196,8312,197,20,6.07
612.711918,8279,8236,197,20,6.07
612.811919,8472,8420,312,20,6.07
612.911919,8650,8472,312,20,6.07
613.011918,9113,8928,312,20,6.07
613.111925,8720,8940,312,20,5.99
613.211916,8802,8808,590,20,5.99
613.311917,8063,8588,590,20,5.99
613.411918,7900,7960,590,20,6.09
613.511918,7952,7892,0,20,6.09
613.61192,8196,8024,0,20,6.09
613.711922,8433,8348,0,20,6.07
613.811926,8343,8392,95,20,6.07
613.911959,8456,8376,95,20,6.08
614.011918,8586,8480,95,20,6.08
614.111933,8466,8552,95,20,6.09
614.211918,8395,8420,47,20,6.09
614.311918,8504,8448,47,20,6.09
614.41192,8467,8524,47,20,6.1
614.511926,8489,8492,37,20,6.1
614.611929,8369,8440,37,20,6.1
614.711918,8330,8324,37,20,6.08
614.81192,8113,8284,288,20,6.08
614.911917,8246,8180,288,20,6.08
615.011918,8155,8300,288,20,6.08
615.111918,8107,8100,288,20,6.07
615.211919,7905,8032,143,20,6.07
615.311918,7887,7868,143,20,6.07
615.411919,7980,7944,143,20,6.09
615.511918,8174,8036,329,20,6.09
615.611918,8183,8128,329,20,6.09
615.711918,8175,8248,329,20,6.09
615.811919,8295,8236,180,20,6.09
615.911917,8128,8216,180,20,6.08
616.011918,8232,8148,180,20,6.08
616.111919,8589,8356,180,20,6.06
616.211918,8474,8564,39,20,6.06
616.311919,8618,8472,39,20,6.06
616.411919,8589,8624,39,20,6.09
616.511919,8430,8556,250,20,6.09
616.61192,8320,8404,250,20,6.09
616.71192,8278,8312,250,20,6.1
616.81192,8277,8248,0,20,6.1
616.911918,8448,8356,0,20,6.08
617.011918,8445,8460,0,20,6.08
617.111919,8350,8368,0,20,6.08
617.211938,8457,8392,273,20,6.08
617.311919,8418,8448,273,20,6.08
617.411948,8385,8372,273,20,6.09
617.51192,8556,8428,211,20,6.09
617.611947,8716,8612,211,20,6.09
617.711929,8552,8632,211,20,6.06
617.811918,8342,8464,337,20,6.06
617.911918,8630,8468,337,20,6.05
618.011919,8660,8632,337,20,6.05
618.111918,8733,8640,337,20,6.09
618.211921,8455,8696,168,20,6.09
618.311919,8321,8376,168,20,6.09
618.411919,8425,8324,168,20,6.09
618.511918,8618,8556,319,20,6.09
618.61192,8344,8520,319,20,6.09
618.711919,8095,8200,319,20,6.01
618.81192,8427,8284,610,20,6.01
618.911921,8474,8364,610,20,6.07
619.011918,8579,8608,610,20,6.07
619.111918,8236,8452,610,20,6.04
619.211922,8158,8204,180,20,6.04
619.311919,8136,8124,180,20,6.04
619.411919,8373,8204,180,20,6.06
619.511919,8331,8328,254,20,6.06
619.611953,8372,8408,254,20,6.06
619.711919,8285,8360,254,20,6.1
619.81194,7967,8136,339,20,6.1
619.911918,8309,8064,339,20,6.05
620.01192,8336,8320,339,20,6.05
620.111917,8385,8368,339,20,6.09
620.211918,8196,8364,228,20,6.09
620.311918,8135,8084,228,20,6.09
620.411934,8649,8464,228,20,6.02
620.511919,8408,8552,266,20,6.02
620.611919,8172,8212,266,20,6.02
620.711918,8507,8272,266,20,6.07
620.81192,8575,8568,46,20,6.07
620.911919,8516,8564,46,20,6.07
621.011918,8563,8520,46,20,6.07
621.11193,8646,8528,46,20,6.09
621.211918,8751,8732,199,20,6.09
621.311918,8684,8744,199,20,6.09
621.41192,8608,8728,199,20,6.09
621.511927,8235,8464,776,20,6.09
621.611919,8454,8264,776,20,6.09
621.711918,8401,8484,776,20,6.08
621.811919,8422,8336,155,20,6.08
621.911918,8681,8488,155,20,6.06
622.011918,8623,8712,155,20,6.06
622.111917,8355,8532,155,20,6.08
622.211919,8488,8376,59,20,6.08
622.311919,8460,8536,59,20,6.08
622.41192,8170,8340,59,20,6.08
622.511919,8300,8064,134,20,6.08
622.611919,8623,8440,134,20,6.08
622.711919,8704,8764,134,20,6.05
622.811922,8252,8508,1223,20,6.05
622.911919,8527,8336,1223,20,6.06
623.011919,8539,8552,1223,20,6.06
623.111917,8524,8516,1223,20,6.09
623.211919,8426,8436,156,20,6.09
623.311918,8409,8412,156,20,6.09
623.411919,8426,8408,156,20,6.1
623.511919,8418,8420,46,20,6.1
623.611919,8408,8428,46,20,6.1
623.711918,8245,8328,46,20,6.08
623.811918,8489,8320,431,20,6.08
623.911917,8357,8460,431,20,6.09
624.01192,8158,8324,431,20,6.09
624.111918,8214,8168,431,20,6.09
624.211917,8295,8228,122,20,6.09
624.311924,8486,8432,122,20,6.09
624.411918,8274,8452,122,20,6.06
624.511917,8216,8224,61,20,6.06
624.611927,8057,8152,61,20,6.06
624.711918,8031,8016,61,20,6.09
624.811926,8173,8096,276,20,6.09
624.911919,8179,8240,276,20,6.09
625.01192,8083,8116,276,20,6.09
625.111919,8276,8096,276,20,6.07
625.21192,8324,8300,87,20,6.07
625.31192,8286,8308,87,20,6.07
625.411919,8384,8320,87,20,6.08
625.511919,8473,8408,296,20,6.08
625.611941,8409,8476,296,20,6.08
625.711919,8355,8352,296,20,6.09
625.81196,8300,8360,109,20,6.09
625.911919,8434,8308,109,20,6.09
626.011946,8472,8464,109,20,6.09
626.111918,8482,8500,109,20,6.1
626.211937,8440,8448,71,20,6.1
626.311918,8426,8444,71,20,6.1
626.411918,8434,8400,71,20,6.08
626.511917,8520,8452,228,20,6.08
626.611919,8189,8440,228,20,6.08
626.711917,8178,8104,228,20,6.09
626.811918,8682,8440,556,20,6.09
626.911917,8477,8660,556,20,6.07
627.011919,8202,8372,556,20,6.07
627.111919,8219,8164,556,20,6.08
627.211919,8234,8252,131,20,6.08
627.311919,8435,8308,131,20,6.08
627.411921,8419,8444,131,20,6.09
627.51192,8476,8436,138,20,6.09
627.611919,8300,8420,138,20,6.09
627.711919,8565,8296,138,20,6.07
627.811918,8766,8712,389,20,6.07
627.911918,8388,8652,389,20,6.05
628.011918,8521,8320,389,20,6.05
628.111918,8511,8624,389,20,6.09
628.211919,8476,8428,255,20,6.09
628.311921,8511,8508,255,20,6.09
628.411917,8245,8360,255,20,6.06
628.511938,8435,8344,278,20,6.06
628.611918,8561,8480,278,20,6.06
628.711952,8441,8516,278,20,6.07
628.81192,8277,8412,87,20,6.07
628.911935,8353,8280,87,20,6.08
629.011918,8379,8332,87,20,6.08
629.11195,8461,8432,87,20,6.09
629.211919,8542,8516,334,20,6.09
629.311933,8297,8448,334,20,6.09
629.411919,8250,8232,334,20,6.07
629.511935,8459,8352,400,20,6.07
629.611919,8441,8432,400,20,6.07
629.711918,8346,8416,400,20,6.07
629.811923,8205,8260,416,20,6.07
629.911919,8458,8268,416,20,6.06
630.011918,8501,8492,416,20,6.06
630.111941,8392,8464,416,20,6.09
630.211921,8346,8408,51,20,6.09
630.311917,8245,8220,51,20,6.09
630.411918,8338,8268,51,20,6.08
630.511927,8583,8428,421,20,6.08
630.611919,8506,8572,421,20,6.08
630.711918,8421,8448,421,20,6.08
630.811919,8450,8420,254,20,6.08
630.911928,8330,8436,254,20,6.09
631.011919,8580,8332,254,20,6.09
631.111941,8763,8728,254,20,6.08
631.21192,8577,8696,117,20,6.08
631.311918,8433,8488,117,20,6.08
631.41192,8220,8308,117,20,6.05
631.511919,8224,8284,356,20,6.05
631.611917,7298,7880,356,20,6.05
631.711918,8082,7336,356,20,6.02
631.811919,9052,8544,1554,20,6.02
631.911917,8832,9084,1554,20,6.06
632.011919,8308,8660,1554,20,6.06
632.11193,7652,8032,1554,20,6
632.211919,7305,7480,527,20,6
632.311919,7723,7468,527,20,6
632.41192,7869,7796,527,20,6.07
632.511918,7828,7812,56,20,6.07
632.61192,8401,8060,56,20,6.07
632.711917,8297,8412,56,20,6.04
632.811918,7972,8156,203,20,6.04
632.911919,8082,7880,203,20,6.09
633.011926,8532,8324,203,20,6.09
633.111931,8259,8400,203,20,6.08
633.211919,7954,8132,160,20,6.08
633.311919,7805,7860,160,20,6.08
633.41192,7640,7864,160,20,6.09
633.511918,7791,7584,0,20,6.09
633.611919,8321,7992,0,20,6.09
633.711927,8740,8512,0,20,6.03
633.811919,8545,8692,177,20,6.03
633.911918,7926,8292,177,20,6.05
634.011919,7893,7764,177,20,6.05
634.111918,8265,8060,177,20,6.04
634.21192,8120,8212,182,20,6.04
634.311919,8049,8024,182,20,6.04
634.411919,8530,8184,182,20,6.05
634.511919,8496,8652,107,20,6.05
634.611919,8577,8404,107,20,6.05
634.711919,8400,8628,107,20,6.07
634.811918,8227,8252,83,20,6.07
634.911919,8537,8284,83,20,6.07
635.011919,8513,8596,83,20,6.07
635.111917,8575,8520,83,20,6.09
635.211919,8489,8520,58,20,6.09
635.311917,8338,8476,58,20,6.09
635.411918,7872,8156,58,20,6.04
635.511918,8286,7908,418,20,6.04
635.611918,8443,8396,418,20,6.04
635.71192,8299,8408,418,20,6.08
635.811917,8603,8416,527,20,6.08
635.911919,8863,8748,527,20,6.03
636.011931,8540,8808,527,20,6.03
636.111956,8299,8356,527,20,6.07
636.211919,8452,8340,68,20,6.07
636.311918,8620,8556,68,20,6.07
636.411919,8537,8592,68,20,6.07
636.511918,8469,8524,426,20,6.07
636.611926,8469,8468,426,20,6.07
636.711919,8456,8468,426,20,6.09
636.811928,8527,8488,223,20,6.09
636.911919,8561,8524,223,20,6.09
637.011919,8564,8544,223,20,6.09
637.11194,8665,8548,223,20,6.09
637.211918,8540,8644,0,20,6.09
637.311953,8332,8480,0,20,6.09
637.41192,8404,8324,0,20,6.08
637.511955,8415,8412,100,20,6.08
637.611955,8483,8484,100,20,6.08
637.71192,8446,8460,100,20,6.09
637.811945,8399,8428,165,20,6.09
637.911919,8391,8444,165,20,6.09
638.011918,8370,8244,165,20,6.09
638.111918,8284,8460,165,20,6.09
638.211918,8096,8176,189,20,6.09
638.311919,8224,8096,189,20,6.09
638.41193,8631,8468,189,20,6.05
638.511918,8573,8612,8,20,6.05
638.61193,8697,8628,8,20,6.05
638.711918,8621,8748,8,20,6.09
638.811917,8414,8484,88,20,6.09
638.911919,8545,8464,88,20,6.07
639.011919,8098,8364,88,20,6.07
639.111917,8162,8124,88,20,6.1
639.211919,8438,8328,370,20,6.1
639.311919,8346,8392,370,20,6.1
639.41192,8083,8248,370,20,6.06
639.511918,8339,8108,153,20,6.06
639.611919,8492,8516,153,20,6.06
639.711919,8421,8412,153,20,6.07
639.811919,8417,8448,324,20,6.07
639.911919,8408,8396,324,20,6.08
640.011918,8692,8532,324,20,6.08
640.111919,8514,8672,324,20,6.08
640.21192,8346,8440,203,20,6.08
640.311919,8308,8328,203,20,6.08
640.41192,8353,8320,203,20,6.07
640.511919,8556,8348,324,20,6.07
640.611919,8694,8588,324,20,6.07
640.711918,8458,8644,324,20,6.06
640.811921,8396,8416,341,20,6.06
640.911918,7970,8304,341,20,6.05
641.011919,8127,7908,341,20,6.05
641.111919,8581,8364,341,20,6.06
641.211947,8720,8660,464,20,6.06
641.311937,8370,8600,464,20,6.06
641.411937,8490,8484,464,20,6.05
641.511931,7790,8288,1027,20,6.05
641.611918,8255,7680,1027,20,6.05
641.711919,8215,8428,1027,20,6.07
641.81192,8321,8188,419,20,6.07
641.911918,8798,8568,419,20,6.02
642.011922,8389,8676,419,20,6.02
642.111919,8309,8304,419,20,6.08
642.211928,8491,8312,73,20,6.08
642.311917,8405,8520,73,20,6.08
642.411919,8338,8340,73,20,6.07
642.511918,8129,8336,353,20,6.07
642.611918,8129,8072,353,20,6.07
642.711919,8495,8324,353,20,6.02
642.811926,8242,8432,206,20,6.02
642.911919,8336,8208,206,20,6.07
643.011919,8236,8336,206,20,6.07
643.111936,8035,8176,206,20,6.09
643.211919,8071,8048,139,20,6.09
643.311918,8079,8028,139,20,6.09
643.411919,8709,8296,139,20,6.01
643.511919,8754,8736,100,20,6.01
643.61192,8942,8844,100,20,6.01
643.711918,8554,8812,100,20,6.04
643.81192,8464,8504,281,20,6.04
643.911919,9019,8600,281,20,6.02
644.011918,8791,9144,281,20,6.02
644.111926,8106,8432,281,20,6.01
644.211919,8226,8060,64,20,6.01
644.311919,8414,8300,64,20,6.01
644.411919,7922,8308,64,20,6.02
644.511918,7929,7836,273,20,6.02
644.611919,8462,8124,273,20,6.02
644.711919,8688,8616,273,20,6.03
644.811927,8543,8636,252,20,6.03
644.911919,8876,8636,252,20,6.04
645.011918,8366,8776,252,20,6.04
645.111919,8139,8200,252,20,6.08
645.211918,8388,8220,158,20,6.08
645.311919,8452,8408,158,20,6.08
645.411918,8451,8472,158,20,6.09
645.511919,8481,8484,127,20,6.09
645.61192,8333,8480,127,20,6.09
645.711919,8122,8260,127,20,6.08
645.81192,8250,8108,0,20,6.08
645.911919,8398,8324,0,20,6.08
646.01192,8620,8460,0,20,6.08
646.11192,8600,8632,0,20,6.09
646.21192,8383,8484,394,20,6.09
646.311919,8238,8308,394,20,6.09
646.411918,8599,8324,394,20,6.04
646.511919,8441,8604,131,20,6.04
646.611919,8223,8288,131,20,6.04
646.711927,8055,8220,131,20,6.08
646.811919,8143,7932,95,20,6.08
646.911921,8864,8456,95,20,6.02
647.011919,8783,8872,95,20,6.02
647.111953,8630,8708,95,20,6.08
647.211918,8626,8600,133,20,6.08
647.311949,8574,8624,133,20,6.08
647.411919,8461,8524,133,20,6.09
647.511918,8483,8436,30,20,6.09
647.611931,8529,8492,30,20,6.09
647.711919,8401,8504,30,20,6.06
647.811919,8355,8372,119,20,6.06
647.911918,8333,8376,119,20,6.09
648.011918,8383,8388,119,20,6.09
648.11192,8408,8412,119,20,6.09
648.211919,8374,8412,182,20,6.09
648.311919,8283,8292,182,20,6.09
648.411919,8354,8292,182,20,6.09
648.511917,8437,8368,185,20,6.09
648.61192,8495,8512,185,20,6.09
648.711918,8316,8404,185,20,6.05
648.811926,8188,8292,182,20,6.05
648.911919,7896,8064,182,20,6.04
649.011919,8231,8004,182,20,6.04
649.111919,8311,8296,182,20,6.09
649.211921,8224,8292,20,20,6.09
649.311927,7878,8088,20,20,6.09
649.41192,8146,7964,20,20,6.06
649.511919,8439,8324,336,20,6.06
649.61192,8316,8420,336,20,6.06
649.71192,8217,8248,336,20,6.08
649.811921,8424,8288,170,20,6.08
649.91192,8458,8444,170,20,6.09
650.01192,8465,8472,170,20,6.09
650.11192,8458,8448,170,20,6.08
650.211921,8274,8392,373,20,6.08
650.311927,8426,8292,373,20,6.08
650.411977,8291,8432,373,20,6.09
650.511931,8189,8276,179,20,6.09
650.611975,8205,8204,179,20,6.09
650.711933,8241,8188,179,20,6.1
650.811952,8522,8332,389,20,6.1
650.911932,8424,8492,389,20,6.09
651.011933,8514,8440,389,20,6.09
651.111931,8503,8532,389,20,6.09
651.211934,8402,8472,134,20,6.09
651.311933,8213,8392,134,20,6.09
651.411931,8420,8252,134,20,6.09
651.511932,8649,8540,194,20,6.09
651.611932,8716,8648,194,20,6.09
651.711932,8718,8760,194,20,6.08
651.811932,7963,8460,1417,20,6.08
651.911931,8471,8120,1417,20,6
652.011933,8252,8400,1417,20,6
652.111941,8358,8244,1417,20,6.09
652.211934,8478,8440,281,20,6.09
652.311932,8469,8452,281,20,6.09
652.411933,8419,8484,281,20,6.08
652.511933,8432,8408,151,20,6.08
652.611932,8291,8392,151,20,6.08
652.711932,8195,8268,151,20,6.08
652.811933,8249,8200,160,20,6.08
652.911931,8196,8244,160,20,6.08
653.011933,8171,8212,160,20,6.08
653.11194,8274,8212,160,20,6.08
653.211933,8210,8232,98,20,6.08
653.311931,8148,8212,98,20,6.08
653.411931,7872,8068,98,20,6.06
653.511931,8122,7908,213,20,6.06
653.611931,8558,8300,213,20,6.06
653.711941,8408,8548,213,20,6.09
653.811934,8266,8288,208,20,6.09
653.911933,8333,8336,208,20,6.06
654.011932,8218,8248,208,20,6.06
654.111932,8167,8244,208,20,6.09
654.211932,8235,8144,46,20,6.09
654.311931,8190,8232,46,20,6.09
654.411932,8525,8292,46,20,6.04
654.511931,8401,8492,213,20,6.04
654.611933,8540,8444,213,20,6.04
654.711933,8750,8600,213,20,6.04
654.811932,8464,8660,148,20,6.04
654.911931,8525,8432,148,20,6.06
655.011933,8785,8636,148,20,6.06
655.111933,8565,8752,148,20,6.05
655.211932,8329,8444,233,20,6.05
655.311933,8178,8292,233,20,6.05
655.411931,8368,8200,233,20,6.06
655.51195,8492,8400,383,20,6.06
655.611942,8488,8472,383,20,6.06
655.711982,8407,8428,383,20,6.07
655.81194,8556,8448,213,20,6.07
655.911949,8553,8588,213,20,6.09
656.011933,8481,8532,213,20,6.09
656.111931,8331,8448,213,20,6.08
656.211933,8437,8336,92,20,6.08
656.311931,8490,8492,92,20,6.08
656.411933,8246,8404,92,20,6.05
656.511933,8270,8256,52,20,6.05
656.611978,8405,8280,52,20,6.05
656.71194,8292,8420,52,20,6.08
656.811981,8344,8288,302,20,6.08
656.911932,8462,8424,302,20,6.07
657.011949,8302,8420,302,20,6.07
657.111932,8230,8296,302,20,6.09
657.211933,8316,8200,124,20,6.09
657.311932,8289,8360,124,20,6.09
657.411933,8331,8332,124,20,6.09
657.511933,8335,8356,203,20,6.09
657.611933,8518,8340,203,20,6.09
657.71193,8045,8396,203,20,6.03
657.811931,7822,7896,433,20,6.03
657.911932,8546,8092,433,20,5.98
658.011933,8376,8564,433,20,5.98
658.111933,8333,8344,433,20,6.09
658.211932,8401,8328,180,20,6.09
658.311933,8301,8372,180,20,6.09
658.411934,8481,8412,180,20,6.06
658.511932,8517,8432,174,20,6.06
658.611932,8313,8492,174,20,6.06
658.711932,8035,8224,174,20,6.06
658.811933,7977,7980,156,20,6.06
658.911932,8376,8132,156,20,6.03
659.011932,8332,8340,156,20,6.03
659.111932,8438,8380,156,20,6.08
659.211933,8451,8436,35,20,6.08
659.311932,8462,8488,35,20,6.08
659.411934,8257,8392,35,20,6.07
659.511933,8411,8272,180,20,6.07
659.611933,8352,8492,180,20,6.07
659.711933,8427,8416,180,20,6.09
659.811932,8130,8312,320,20,6.09
659.911933,8063,8140,320,20,6.08
660.011932,7636,7924,320,20,6.08
660.111933,8170,7748,320,20,6.01
660.211932,8426,8416,575,20,6.01
660.311941,8249,8320,575,20,6.01
660.411933,8355,8248,575,20,6.06
660.511933,8580,8416,592,20,6.06
660.611931,8140,8488,592,20,6.06
660.711934,8378,8148,592,20,6.05
660.811934,8422,8404,127,20,6.05
660.911943,8336,8412,127,20,6.09
661.011931,7885,8120,127,20,6.09
661.111932,8477,8048,127,20,6.02
661.211932,8416,8492,32,20,6.02
661.311934,8216,8340,32,20,6.02
661.411933,8020,8220,32,20,6.04
661.511939,7669,7844,873,20,6.04
661.611933,8429,7860,873,20,6.04
661.711934,9029,8540,873,20,6.05
661.811933,9133,9308,387,20,6.05
661.911933,8939,8904,387,20,6.04
662.011934,8607,8892,387,20,6.04
662.111933,8031,8420,387,20,6
662.211932,8128,8088,107,20,6
662.311948,8258,8100,107,20,6
662.411933,8753,8408,107,20,6.01
662.511944,8594,8684,409,20,6.01
662.611932,8494,8532,409,20,6.01
662.711987,8639,8504,409,20,6.09
662.811932,8459,8668,250,20,6.09
662.911947,8447,8444,250,20,6.07
663.011932,8444,8436,250,20,6.07
663.11193,8701,8532,250,20,6.04
663.211933,8487,8596,81,20,6.04
663.311933,8455,8452,81,20,6.04
663.411933,8478,8456,81,20,6.09
663.511931,8324,8380,78,20,6.09
663.611932,8225,8296,78,20,6.09
663.71193,8223,8196,78,20,6.08
663.811934,8476,8312,341,20,6.08
663.911931,8616,8564,341,20,6.08
664.011931,8283,8496,341,20,6.08
664.111932,8218,8200,341,20,6.06
664.211932,8357,8244,163,20,6.06
664.311932,8364,8384,163,20,6.06
664.411931,8068,8272,163,20,6.07
664.511932,7722,7872,496,20,6.07
664.611932,8413,8008,496,20,6.07
664.711931,8677,8576,496,20,6.04
664.811933,8621,8640,54,20,6.04
664.911932,8576,8628,54,20,6.09
665.011932,8366,8504,54,20,6.09
665.111932,8389,8380,54,20,6.08
665.211933,8178,8252,416,20,6.08
665.311932,8606,8368,416,20,6.08
665.411932,8557,8608,416,20,6.09
665.511939,8410,8464,88,20,6.09
665.611932,6844,7876,88,20,6.09
665.711931,8107,7256,88,20,5.96
665.811934,8311,8300,266,20,5.96
665.911935,8215,8224,266,20,6.09
666.011932,8239,8220,266,20,6.09
666.11198,8045,8164,266,20,6.07
666.211939,7906,7988,249,20,6.07
666.31196,8092,7960,249,20,6.07
666.411931,8160,8152,249,20,6.08
666.511949,8107,8132,11,20,6.08
666.611948,8241,8124,11,20,6.08
666.711932,8360,8344,11,20,6.08
666.811941,8390,8356,221,20,6.08
666.911932,8420,8384,221,20,6.08
667.011932,8478,8444,221,20,6.08
667.111932,8497,8540,221,20,6.06
667.211934,8328,8432,334,20,6.06
667.311932,8512,8328,334,20,6.06
667.411933,8707,8680,334,20,6.04
667.511931,8223,8508,648,20,6.04
667.611933,8323,8256,648,20,6.04
667.711932,8321,8320,648,20,6.09
667.811933,8522,8364,187,20,6.09
667.911933,8628,8568,187,20,6.08
668.011933,8608,8620,187,20,6.08
668.111932,8729,8692,187,20,6.03
668.211932,8563,8680,88,20,6.03
668.311932,8340,8448,88,20,6.03
668.411932,8296,8292,88,20,6.09
668.511933,8330,8364,209,20,6.09
668.611933,8631,8424,209,20,6.09
668.711941,8535,8600,209,20,6.08
668.811932,8512,8504,35,20,6.08
668.911932,8579,8576,35,20,6.04
669.011933,8280,8504,35,20,6.04
669.111932,8539,8348,35,20,6.08
669.211933,8663,8612,174,20,6.08
669.311938,8685,8804,174,20,6.08
669.411933,8319,8460,174,20,6.04
669.511933,8417,8308,334,20,6.04
669.611935,8449,8484,334,20,6.04
669.711932,8599,8392,334,20,6.08
669.811983,8602,8692,105,20,6.08
669.911933,8394,8492,105,20,6.06
670.011951,8588,8472,105,20,6.06
670.111933,8826,8700,105,20,6.03
670.211934,8639,8732,243,20,6.03
670.311932,8759,8620,243,20,6.03
670.411932,8664,8744,243,20,6.08
670.511932,8594,8628,22,20,6.08
670.611933,8533,8592,22,20,6.08
670.711932,8474,8532,22,20,6.09
670.811941,8350,8388,308,20,6.09
670.911932,8361,8428,308,20,6.09
671.011933,8742,8420,308,20,6.09
671.111931,8655,8792,308,20,6.08
671.211932,8323,8460,373,20,6.08
671.311932,8502,8392,373,20,6.08
671.411933,8425,8520,373,20,6.09
671.511939,8514,8436,197,20,6.09
671.611933,8467,8504,197,20,6.09
671.711932,8427,8444,197,20,6.09
671.811935,8439,8420,0,20,6.09
671.911932,8428,8444,0,20,6.09
672.011932,8329,8384,0,20,6.09
672.111934,8343,8336,0,20,6.09
672.211934,8330,8364,5,20,6.09
672.311933,8271,8304,5,20,6.09
672.411933,8426,8328,5,20,6.07
672.511932,8369,8368,76,20,6.07
672.611934,8289,8344,76,20,6.07
672.711935,8248,8300,76,20,6.09
672.811935,8086,8220,107,20,6.09
672.911934,8194,8104,107,20,6.09
673.011933,8302,8228,107,20,6.09
673.111933,8116,8240,107,20,6.05
673.211933,8230,8104,385,20,6.05
673.311933,8253,8256,385,20,6.05
673.411931,8273,8284,385,20,6.08
673.511932,8252,8264,81,20,6.08
673.611934,8296,8292,81,20,6.08
673.711931,8155,8244,81,20,6.07
673.811933,8106,8168,252,20,6.07
673.911931,8242,8116,252,20,6.09
674.011934,8305,8292,252,20,6.09
674.111934,8289,8308,252,20,6.08
674.211933,8449,8384,211,20,6.08
674.311933,8410,8436,211,20,6.08
674.411941,8341,8340,211,20,6.06
674.511933,8389,8340,90,20,6.06
674.611934,8458,8440,90,20,6.06
674.711931,8368,8424,90,20,6.09
674.811933,8189,8340,196,20,6.09
674.911934,8387,8172,196,20,6.06
675.011987,8573,8492,196,20,6.06
675.111932,8463,8560,196,20,6.08
675.211976,8372,8416,220,20,6.08
675.311933,8414,8388,220,20,6.08
675.411944,8395,8412,220,20,6.09
675.511931,8463,8420,121,20,6.09
675.611981,8533,8452,121,20,6.09
675.711933,8464,8600,121,20,6.09
675.811961,8364,8420,317,20,6.09
675.911932,8216,8296,317,20,6.09
676.01195,8521,8336,317,20,6.09
676.111933,8631,8544,317,20,6.09
676.211933,8408,8560,279,20,6.09
676.311933,8296,8360,279,20,6.09
676.411933,8403,8332,279,20,6.08
676.511935,8417,8440,126,20,6.08
676.611932,8245,8340,126,20,6.08
676.711941,8219,8236,126,20,6.09
676.811932,8297,8224,42,20,6.09
676.911933,8223,8284,42,20,6.1
677.011933,8154,8220,42,20,6.1
677.111933,8306,8192,42,20,6.07
677.211944,8274,8300,110,20,6.07
677.311931,8352,8308,110,20,6.07
677.411932,8245,8308,110,20,6.06
677.511939,8116,8220,168,20,6.06
677.611933,8428,8192,168,20,6.06
677.711933,8578,8552,168,20,6.07
677.811934,8350,8528,394,20,6.07
677.911933,8333,8284,394,20,6.09
678.011933,8359,8340,394,20,6.09
678.11194,8017,8264,394,20,6.05
678.211933,8300,8004,363,20,6.05
678.311933,8422,8360,363,20,6.05
678.411932,8330,8412,363,20,6.08
678.511932,8279,8156,228,20,6.08
678.611933,8496,8424,228,20,6.08
678.711933,8591,8540,228,20,6.09
678.811933,8536,8596,30,20,6.09
678.911941,8510,8508,30,20,6.08
679.011933,8548,8488,30,20,6.08
679.111934,8462,8612,30,20,6.1
679.211932,8457,8388,168,20,6.1
679.311941,8577,8488,168,20,6.1
679.411934,8317,8580,168,20,6.05
679.511935,8198,8208,29,20,6.05
679.611932,8113,8224,29,20,6.05
679.711933,7892,8064,29,20,6.07
679.811933,8124,7836,156,20,6.07
679.911932,8350,8264,156,20,6.07
680.011933,8283,8272,156,20,6.07
680.111932,8574,8388,156,20,6.06
680.211931,8842,8676,738,20,6.06
680.311933,8437,8688,738,20,6.06
680.411934,8352,8356,738,20,6.07
680.511933,8249,8288,284,20,6.07
680.611933,8275,8256,284,20,6.07
680.711932,8423,8308,284,20,6.08
680.811934,8629,8568,337,20,6.08
680.911932,8600,8612,337,20,6.09
681.011933,8607,8596,337,20,6.09
681.111932,8568,8608,337,20,6.09
681.211932,8661,8584,95,20,6.09
681.311932,8686,8684,95,20,6.09
681.411933,8480,8596,95,20,6.06
681.511935,8486,8508,54,20,6.06
681.611932,8449,8492,54,20,6.06
681.711933,8480,8440,54,20,6.09
681.811933,8393,8424,90,20,6.09
681.911934,8293,8352,90,20,6.08
682.011932,8269,8256,90,20,6.08
682.111989,8235,8240,90,20,6.07
682.211942,8229,8296,92,20,6.07
682.31195,8426,8332,92,20,6.07
682.411932,8336,8428,92,20,6.09
682.511932,8294,8300,112,20,6.09
682.611932,8331,8276,112,20,6.09
682.711932,8306,8336,112,20,6.08
682.811941,8177,8284,238,20,6.08
682.911932,8166,8132,238,20,6.09
683.011932,8262,8172,238,20,6.09
683.111934,8377,8312,238,20,6.08
683.211934,8465,8424,238,20,6.08
683.311951,8332,8404,238,20,6.08
683.411933,8335,8324,238,20,6.08
683.511933,8374,8352,66,20,6.08
683.611933,8395,8380,66,20,6.08
683.711932,8346,8384,66,20,6.09
683.811935,8304,8336,122,20,6.09
683.911934,8459,8352,122,20,6.09
684.011941,8534,8492,122,20,6.09
684.111939,8418,8480,122,20,6.08
684.211933,8376,8420,141,20,6.08
684.311932,8296,8344,141,20,6.08
684.411933,8232,8272,141,20,6.07
684.511941,8348,8252,337,20,6.07
684.611933,8247,8356,337,20,6.07
684.71199,8278,8228,337,20,6.09
684.811933,8374,8348,156,20,6.09
684.91195,8358,8336,156,20,6.09
685.011934,8406,8384,156,20,6.09
685.111932,8363,8400,156,20,6.09
685.211933,8179,8320,204,20,6.09
685.311932,8214,8184,204,20,6.09
685.411934,8378,8276,204,20,6.06
685.511936,8504,8404,182,20,6.06
685.611944,8412,8472,182,20,6.06
685.711932,8436,8420,182,20,6.08
685.811932,8381,8424,39,20,6.08
685.911932,8183,8264,39,20,6.07
686.011931,8399,8240,39,20,6.07
686.111933,8552,8532,39,20,6.05
686.211933,8340,8416,404,20,6.05
686.311932,8339,8276,404,20,6.05
686.411933,8364,8364,404,20,6.07
686.511934,8261,8364,216,20,6.07
686.611932,8258,8256,216,20,6.07
686.711932,8454,8368,216,20,6.05
686.811932,8519,8472,266,20,6.05
686.911932,8584,8536,266,20,6.07
687.011933,8478,8564,266,20,6.07
687.111933,8378,8360,266,20,6.08
687.211933,8358,8392,0,20,6.08
687.311932,8383,8372,0,20,6.08
687.411931,8329,8364,0,20,6.09
687.511932,8230,8340,127,20,6.09
687.611931,8134,8180,127,20,6.09
687.711979,8359,8224,127,20,6.07
687.811933,8369,8368,90,20,6.07
687.911991,8417,8372,90,20,6.07
688.011932,8425,8444,90,20,6.07
688.111983,8319,8376,90,20,6.08
688.211931,8158,8220,337,20,6.08
688.311951,8517,8292,337,20,6.08
688.411933,8603,8628,337,20,6.09
688.511949,8294,8468,402,20,6.09
688.611934,8135,8212,402,20,6.09
688.711933,8233,8132,402,20,6.1
688.81193,8399,8324,102,20,6.1
688.911933,8321,8396,102,20,6.08
689.011934,8287,8296,102,20,6.08
689.111932,8336,8316,102,20,6.08
689.211933,8306,8320,76,20,6.08
689.311933,8349,8316,76,20,6.08
689.41193,8373,8348,76,20,6.09
689.511931,8326,8372,158,20,6.09
689.611932,8339,8328,158,20,6.09
689.711934,8358,8332,158,20,6.09
689.811933,8404,8332,93,20,6.09
689.911933,8443,8452,93,20,6.09
690.011933,8383,8428,93,20,6.09
690.111931,8287,8292,93,20,6.09
690.211932,8439,8316,254,20,6.09
690.311942,8464,8508,254,20,6.09
690.411933,8313,8336,254,20,6.08
690.511931,8607,8400,569,20,6.08
690.611932,8478,8600,569,20,6.08
690.711932,8180,8292,569,20,6.05
690.811932,8481,8288,218,20,6.05
690.911931,8630,8584,218,20,6.08
691.011932,8672,8636,218,20,6.08
691.111939,8715,8708,218,20,6.08
691.211933,8479,8596,375,20,6.08
691.311931,8418,8448,375,20,6.08
691.411933,8515,8420,375,20,6.08
691.511933,8594,8580,175,20,6.08
691.611931,8478,8532,175,20,6.08
691.711932,8527,8504,175,20,6.08
691.811933,8541,8528,168,20,6.08
691.911931,8482,8524,168,20,6.09
692.011933,8410,8448,168,20,6.09
692.111938,8388,8396,168,20,6.08
692.211932,8515,8428,66,20,6.08
692.311935,8615,8576,66,20,6.08
692.411933,8472,8552,66,20,6.09
692.511933,8328,8416,307,20,6.09
692.611933,8443,8372,307,20,6.09
692.711933,8428,8420,307,20,6.1
692.811932,8301,8372,81,20,6.1
692.911933,8355,8244,81,20,6.09
693.011933,8527,8472,81,20,6.09
693.111932,8419,8500,81,20,6.07
693.211934,8366,8400,208,20,6.07
693.311932,8428,8380,208,20,6.07
693.411934,8411,8448,208,20,6.09
693.511931,9808,8348,151,20,6.09
693.611933,9370,9404,151,20,6.09
693.711933,8926,9128,151,20,6.04
693.811956,8878,8904,66,20,6.04
693.911933,8974,8900,66,20,6.09
694.011955,8852,8968,66,20,6.09
694.111933,8627,8732,66,20,6.07
694.21201,8727,8672,354,20,6.07
694.311932,8679,8772,354,20,6.07
694.411976,8514,8608,354,20,6.07
694.511933,8645,8536,179,20,6.07
694.611993,8597,8660,179,20,6.07
694.711932,8464,8540,179,20,6.09
694.811946,8146,8316,399,20,6.09
694.911932,8238,8124,399,20,6.09
695.011952,8402,8324,399,20,6.09
695.111933,8511,8448,399,20,6.08
695.211937,8355,8504,300,20,6.08
695.311932,8321,8320,300,20,6.08
695.411934,8458,8400,300,20,6.06
695.511939,8597,8536,255,20,6.06
695.611934,7596,8596,255,20,6.06
695.711933,7606,7864,255,20,5.99
695.811935,8145,7848,737,20,5.99
695.911935,8256,8244,737,20,6.07
696.011933,8097,8172,737,20,6.07
696.111934,8193,8104,737,20,6.09
696.211932,8441,8308,233,20,6.09
696.311933,8248,8392,233,20,6.09
696.411932,8036,8184,233,20,6.07
696.511933,8317,8136,487,20,6.07
696.611934,8421,8460,487,20,6.07
696.711933,8503,8408,487,20,6.08
696.811933,8619,8528,255,20,6.08
696.911932,8473,8584,255,20,6.09
697.011933,8499,8444,255,20,6.09
697.111932,8484,8516,255,20,6.1
697.211933,8467,8472,0,20,6.1
697.311933,8404,8460,0,20,6.1
697.411932,8664,8492,0,20,6.05
697.511932,8600,8620,257,20,6.05
697.611933,8688,8672,257,20,6.05
697.711931,8522,8564,257,20,6.08
697.811933,8550,8528,220,20,6.08
697.911932,8142,8388,220,20,6.04
698.011934,8134,8148,220,20,6.04
698.111931,8166,8160,220,20,6.09
698.211934,8346,8236,203,20,6.09
698.311931,8341,8400,203,20,6.09
698.411933,8175,8264,203,20,6.06
698.511932,8117,8132,252,20,6.06
698.611933,8132,8156,252,20,6.06
698.711932,8232,8152,252,20,6.07
698.811933,8257,8228,0,20,6.07
698.911933,8552,8364,0,20,6.03
699.011933,8483,8544,0,20,6.03
699.111933,8192,8332,0,20,6.02
699.211933,8767,8296,436,20,6.02
699.311932,9633,9024,436,20,6.02
699.411932,8807,9304,436,20,5.98
699.511942,8747,8744,8,20,5.98
699.611949,8704,8744,8,20,5.98
699.711932,8883,8740,8,20,6.05
699.811945,8934,8856,150,20,6.05
699.911932,8711,8916,150,20,6.05
700.011955,8811,8732,150,20,6.05
700.11194,8757,8788,150,20,6.07
700.211959,8591,8680,281,20,6.07
700.311932,7662,8156,281,20,6.07
700.411933,8470,7996,281,20,5.99
700.511933,9022,8560,163,20,5.99
700.611932,9149,9176,163,20,5.99
700.711932,8346,8764,163,20,5.99
700.811935,8174,8232,281,20,5.99
700.911934,8403,8248,281,20,6.06
701.011932,8454,8452,281,20,6.06
701.111933,8500,8476,281,20,6.08
701.211932,8277,8432,90,20,6.08
701.311931,8498,8328,90,20,6.08
701.411933,8417,8464,90,20,6.07
701.511931,8396,8404,0,20,6.07
701.611933,8607,8484,0,20,6.07
701.711933,8930,8680,0,20,6.05
701.811933,7740,8392,2730,20,6.05
701.911933,8172,8008,2730,20,6.06
702.011932,8246,8216,2730,20,6.06
702.111933,8001,8072,2730,20,6.07
702.211934,8995,8532,2765,20,6.07
702.311932,8105,8620,2765,20,6.07
702.411933,8321,8236,2765,20,6.08
702.511933,8390,8368,66,20,6.08
702.611933,8500,8448,66,20,6.08
702.711933,8569,8516,66,20,6.09
702.811944,8824,8648,482,20,6.09
702.911933,8473,8744,482,20,6.07
703.011934,8360,8388,482,20,6.07
703.111932,8564,8476,482,20,6.07
703.211933,8700,8620,167,20,6.07
703.311931,8656,8680,167,20,6.07
703.411932,8550,8576,167,20,6.09
703.511933,8485,8508,29,20,6.09
703.611933,8380,8424,29,20,6.09
703.71194,8321,8376,29,20,6.09
703.811932,8055,8160,373,20,6.09
703.911932,8365,8192,373,20,6.07
704.011932,8258,8400,373,20,6.07
704.111948,8439,8316,373,20,6.05
704.211933,8259,8400,440,20,6.05
704.311983,8181,8172,440,20,6.05
704.411932,8335,8240,440,20,6.09
704.511951,8469,8408,259,20,6.09
704.611942,8306,8408,259,20,6.09
704.711932,8401,8336,259,20,6.08
704.811932,8338,8396,59,20,6.08
704.911933,8267,8268,59,20,6.07
705.011933,8275,8280,59,20,6.07
705.111932,8221,8276,59,20,6.09
705.211932,8216,8212,124,20,6.09
705.311932,8259,8272,124,20,6.09
705.411932,8220,8260,124,20,6.07
705.511954,8440,8316,382,20,6.07
705.611933,8611,8492,382,20,6.07
705.711932,8464,8592,382,20,6.07
705.811932,7554,8408,2088,20,6.07
705.911935,7998,7508,2088,20,5.99
706.011934,8319,8148,2088,20,5.99
706.111933,8340,8368,2088,20,6.09
706.211932,8100,8280,443,20,6.09
706.311935,7631,7884,443,20,6.09
706.411933,8067,7808,443,20,6.03
706.512001,8020,8024,278,20,6.03
706.611934,8006,8044,278,20,6.03
706.711949,8011,7972,278,20,6.1
706.811934,8070,8052,73,20,6.1
706.911931,7979,8076,73,20,6.08
707.011932,7842,7888,73,20,6.08
707.111932,8154,7984,73,20,6.06
707.211931,8174,8196,180,20,6.06
707.311932,8294,8256,180,20,6.06
707.411931,8236,8316,180,20,6.08
707.511936,8225,8192,184,20,6.08
707.611931,8414,8280,184,20,6.08
707.711931,8494,8432,184,20,6.08
707.811932,8525,8492,66,20,6.08
707.911931,8537,8524,66,20,6.09
708.011932,8602,8560,66,20,6.09
708.111931,8573,8620,66,20,6.08
708.211932,8404,8444,249,20,6.08
708.311933,8279,8396,249,20,6.08
708.411933,8332,8236,249,20,6.09
708.511947,8573,8444,233,20,6.09
708.611941,8646,8672,233,20,6.09
708.711933,8191,8328,233,20,6.01
708.811941,8441,8312,92,20,6.01
708.911933,8387,8436,92,20,6.08
709.011934,9353,8876,92,20,6.08
709.111932,8512,8936,92,20,5.98
709.211933,8360,8648,87,20,5.98
709.311932,8467,7936,87,20,5.98
709.411933,9097,8832,87,20,5.98
709.511944,9306,9064,892,20,5.98
709.611932,9120,9260,892,20,5.98
709.711932,9053,9128,892,20,6.08
709.81195,8937,9000,416,20,6.08
709.911931,8821,9008,416,20,6.09
710.011931,8426,8640,416,20,6.09
710.111932,8173,8304,416,20,6.04
710.211933,8590,8256,402,20,6.04
710.311938,8672,8676,402,20,6.04
710.411931,8192,8528,402,20,6.03
710.511942,7719,7900,638,20,6.03
710.611932,8218,7896,638,20,6.03
710.711933,8336,8344,638,20,6.05
710.811932,8324,8328,105,20,6.05
710.911931,8476,8324,105,20,6.08
711.011932,8402,8460,105,20,6.08
711.111931,8306,8408,105,20,6.09
711.211933,8423,8296,213,20,6.09
711.311939,8058,8384,213,20,6.09
711.411932,8103,7980,213,20,6.08
711.511948,8342,8224,370,20,6.08
711.611932,8646,8392,370,20,6.08
711.711996,8554,8648,370,20,6.04
711.811932,8130,8432,445,20,6.04
711.911933,7877,8000,445,20,6.01
712.01194,8243,8008,445,20,6.01
712.111932,8521,8276,445,20,6.01
712.211931,8123,8404,1163,20,6.01
712.311932,7737,8080,1163,20,6.01
712.411933,7422,7516,1163,20,6.04
712.511933,8156,7648,953,20,6.04
712.611931,8813,8604,953,20,6.04
712.711932,8208,8516,953,20,6.02
712.811933,8036,8072,363,20,6.02
712.911931,8217,8172,363,20,6.03
713.011933,8536,8252,363,20,6.03
713.111931,8589,8520,363,20,6.06
713.211933,8591,8620,100,20,6.06
713.311932,8690,8604,100,20,6.06
713.411949,8823,8860,100,20,6.07
713.511932,8611,8704,290,20,6.07
713.611989,8483,8560,290,20,6.07
713.711931,8286,8424,290,20,6.09
713.811932,7862,8108,90,20,6.09
713.911932,8160,7896,90,20,6.02
714.01194,8513,8304,90,20,6.02
714.111931,9667,8832,90,20,6.08
714.211932,8718,9236,1515,20,6.08
714.311932,8091,8500,1515,20,6.08
714.411932,8094,7964,1515,20,6.07
714.511934,8251,8224,42,20,6.07
714.611934,8286,8268,42,20,6.07
714.711932,8033,8192,42,20,6.07
714.811933,8732,8188,691,20,6.07
714.911932,8541,8852,691,20,6.07
715.011933,8544,8444,691,20,6.07
715.111931,8432,8596,691,20,6.08
715.211932,8459,8416,133,20,6.08
715.311933,8405,8468,133,20,6.08
715.411933,8393,8324,133,20,6.06
715.511931,9001,8608,740,20,6.06
715.611933,9102,9060,740,20,6.06
715.711939,9023,9136,740,20,6.09
715.811933,8750,8808,288,20,6.09
715.911931,7708,8548,288,20,5.94
716.011933,7213,7428,288,20,5.94
716.111932,7636,7344,288,20,6.04
716.211933,7921,7780,552,20,6.04
716.311931,8007,7872,552,20,6.04
716.411932,8097,8052,552,20,6.08
716.511933,8061,8064,80,20,6.08
716.611933,8027,8060,80,20,6.08
716.711931,8333,8160,80,20,6.03
716.811933,8483,8404,228,20,6.03
716.911932,8333,8380,228,20,6.07
717.011932,8384,8344,228,20,6.07
717.111932,8514,8464,228,20,6.09
717.211943,8498,8512,85,20,6.09
717.311932,8504,8516,85,20,6.09
717.411933,8467,8476,85,20,6.08
717.51194,8605,8532,266,20,6.08
717.611933,8685,8596,266,20,6.08
717.711945,8523,8608,266,20,6.08
717.811932,8249,8368,418,20,6.08
717.911932,8459,8316,418,20,6.08
718.011934,6923,8400,418,20,6.08
718.111931,7590,7192,418,20,6.04
718.211933,7825,7804,810,20,6.04
718.31193,7640,7712,810,20,6.04
718.411949,7633,7676,810,20,6.03
718.511932,7798,7592,237,20,6.03
718.61198,8230,7960,237,20,6.03
718.711932,8037,8112,237,20,6.06
718.811983,8262,8080,298,20,6.06
718.911933,7793,8232,298,20,6.04
719.01195,7647,7584,298,20,6.04
719.111931,8373,7904,298,20,6
719.211932,8581,8580,709,20,6
719.311931,8324,8384,709,20,6
719.411932,8424,8376,709,20,6.06
719.511932,8675,8460,327,20,6.06
719.611931,8705,8724,327,20,6.06
719.711931,8586,8692,327,20,6.09
719.811934,8517,8508,97,20,6.09
719.911938,8450,8576,97,20,6.08
720.011933,8831,8564,97,20,6.08
720.111931,8776,8840,97,20,6.08
720.211932,8548,8648,305,20,6.08
720.311931,8564,8536,305,20,6.08
720.411932,8714,8532,305,20,6.08
720.51193,8966,8832,235,20,6.08
720.611931,9311,8656,235,20,6.08
720.711932,8944,9176,235,20,6.09
720.811933,8786,8768,25,20,6.09
720.911932,8835,8792,25,20,6.09
721.011932,8819,8844,25,20,6.09
721.111932,8645,8800,25,20,6.07
721.211934,9044,8784,499,20,6.07
721.31193,8827,9096,499,20,6.07
721.411932,6915,8584,499,20,6.07
721.511931,7832,7400,641,20,6.07
721.611932,8483,8208,641,20,6.07
721.711938,8315,8400,641,20,6.07
721.811933,8419,8380,146,20,6.07
721.911931,8603,8480,146,20,6.05
722.011932,8353,8560,146,20,6.05
722.111934,7835,8080,146,20,6.04
722.211932,7957,7912,201,20,6.04
722.311955,8007,7964,201,20,6.04
722.411931,8034,8092,201,20,6.08
722.511976,8082,8036,90,20,6.08
722.61193,8082,8116,90,20,6.08
722.711932,8133,8072,90,20,6.1
722.811932,8317,8176,411,20,6.1
722.911939,8145,8316,411,20,6.09
723.011935,7739,7980,411,20,6.09
723.111931,8367,7872,411,20,6.01
723.211932,8910,8652,1260,20,6.01
723.311933,8329,8744,1260,20,6.01
723.411932,8964,8428,1260,20,5.97
723.511932,8743,8852,78,20,5.97
723.611943,8506,8576,78,20,5.97
723.711932,8343,8472,78,20,6.02
723.811948,8492,8308,458,20,6.02
723.91193,8590,8504,458,20,6.08
724.011961,8534,8604,458,20,6.08
724.111931,8138,8376,458,20,6.02
724.21196,8351,8148,302,20,6.02
724.311931,8531,8412,302,20,6.02
724.411948,8642,8636,302,20,6.06
724.511932,8397,8508,436,20,6.06
724.611932,8541,8392,436,20,6.06
724.711932,8524,8608,436,20,6.09
724.811932,7798,8556,148,20,6.09
724.911933,7877,7824,148,20,6.02
725.011932,8337,8076,148,20,6.02
725.111933,8380,8416,148,20,6.1
725.211932,8139,8264,508,20,6.1
725.311931,7918,8120,508,20,6.1
725.411941,7980,7884,508,20,6.09
725.511932,8406,8128,595,20,6.09
725.611932,8440,8468,595,20,6.09
725.711932,8249,8356,595,20,6.07
725.811932,8394,8268,395,20,6.07
725.911932,8720,8548,395,20,6.06
726.011933,8541,8660,395,20,6.06
726.111931,8474,8524,395,20,6.09
726.211933,8498,8428,114,20,6.09
726.311932,8750,8700,114,20,6.09
726.411933,8146,8516,114,20,6
726.511932,8135,8120,126,20,6
726.611932,8168,8116,126,20,6
726.711932,8276,8232,126,20,6.08
726.811934,8349,8332,109,20,6.08
726.911931,8342,8360,109,20,6.09
727.011932,8521,8392,109,20,6.09
727.111932,8575,8528,109,20,6.07
727.211932,8681,8604,441,20,6.07
727.311931,8319,8544,441,20,6.07
727.411933,8174,8216,441,20,6.07
727.511932,8403,8228,375,20,6.07
727.611934,8365,8508,375,20,6.07
727.711932,8238,8272,375,20,6.09
727.811933,8186,8168,266,20,6.09
727.911932,8382,8256,266,20,6.07
728.011933,8377,8352,266,20,6.07
728.111932,8420,8372,266,20,6.09
728.211932,8458,8468,320,20,6.09
728.311933,8505,8420,320,20,6.09
728.411933,9190,8648,320,20,6.07
728.511932,8786,9132,576,20,6.07
728.611933,8276,8524,576,20,6.07
728.711931,8263,8288,576,20,6.08
728.811932,8446,8328,214,20,6.08
728.911931,8657,8512,214,20,6.06
729.011932,8536,8564,214,20,6.06
729.111932,8606,8656,214,20,6.09
729.211932,8791,8580,397,20,6.09
729.311932,8885,8888,397,20,6.09
729.411932,8716,8820,397,20,6.06
729.511932,8636,8752,3,20,6.06
729.611933,8071,8428,3,20,6.06
729.711932,7882,7936,3,20,6.08
729.811931,7985,7972,114,20,6.08
729.911931,7735,7840,114,20,6.04
730.011934,8049,7816,114,20,6.04
730.111932,8097,8120,114,20,6.09
730.211935,8261,8188,404,20,6.09
730.311932,8274,8192,404,20,6.09
730.411932,8367,8368,404,20,6.06
730.511932,8152,8248,327,20,6.06
730.611933,8544,8220,327,20,6.06
730.711936,8445,8572,327,20,6.09
730.811934,8263,8308,387,20,6.09
730.911932,8114,8200,387,20,6.07
731.011933,8127,8152,387,20,6.07
731.111932,8057,8088,387,20,6.08
731.211934,8349,8176,481,20,6.08
731.311941,8285,8276,481,20,6.08
731.411932,8270,8232,481,20,6.09
731.511932,7923,8320,204,20,6.09
731.611958,7787,7896,204,20,6.09
731.71194,8186,7880,204,20,6
731.811975,8423,8272,360,20,6
731.91194,8370,8460,360,20,6.08
732.01199,8396,8356,360,20,6.08
732.111932,8383,8420,360,20,6.09
732.211949,8511,8440,167,20,6.09
732.311934,8240,8460,167,20,6.09
732.411933,8478,8276,167,20,6.06
732.511943,8134,8420,487,20,6.06
732.611932,8026,8060,487,20,6.06
732.711933,7984,8020,487,20,6.08
732.811932,8206,8028,261,20,6.08
732.911933,8437,8352,261,20,6.08
733.011932,8212,8356,261,20,6.08
733.111934,8070,8168,261,20,6.09
733.211931,7698,8000,418,20,6.09
733.31195,8179,7728,418,20,6.09
733.411933,7465,8360,418,20,5.94
733.51196,7861,7540,0,20,5.94
733.611933,8487,8116,0,20,5.94
733.711944,8315,8524,0,20,6.07
733.811936,7956,8152,505,20,6.07
733.911949,7791,7888,505,20,6.06
734.011932,7432,7660,505,20,6.06
734.111931,7589,7376,505,20,6.09
734.211941,8297,7876,1059,20,6.09
734.31193,8531,8424,1059,20,6.09
734.411934,8591,8540,1059,20,6.08
734.511931,8363,8476,520,20,6.08
734.611933,8564,8508,520,20,6.08
734.711931,8015,8264,520,20,6.03
734.811933,8109,7892,290,20,6.03
734.911931,8538,8348,290,20,6.07
735.011933,8356,8496,290,20,6.07
735.111931,8493,8364,290,20,6.08
735.211932,8479,8516,0,20,6.08
735.311932,8482,8492,0,20,6.08
735.411934,8237,8420,0,20,6.06
735.511933,8241,8180,134,20,6.06
735.611932,8651,8364,134,20,6.06
735.711932,8721,8748,134,20,6.06
735.811933,8537,8672,296,20,6.06
735.911932,8466,8476,296,20,6.07
736.011932,8409,8448,296,20,6.07
736.111932,8371,8396,296,20,6.08
736.211932,8370,8376,175,20,6.08
736.311934,8324,8452,175,20,6.08
736.411933,8298,8292,175,20,6.07
736.511932,8476,8384,259,20,6.07
736.611933,8164,8388,259,20,6.07
736.711934,8043,8104,259,20,6.04
736.811933,8408,8268,247,20,6.04
736.911949,8780,8536,247,20,6.01
737.011932,8674,8736,247,20,6.01
737.111984,8429,8508,247,20,6.05
737.211933,8534,8500,109,20,6.05
737.311945,8429,8548,109,20,6.05
737.411933,8359,8400,109,20,6.09
737.511932,8425,8368,66,20,6.09
737.611933,8534,8448,66,20,6.09
737.711933,8635,8568,66,20,6.07
737.811934,8827,8668,247,20,6.07
737.911933,8863,8912,247,20,6.08
738.011932,8332,8696,247,20,6.08
738.111932,8509,8364,247,20,6.04
738.211932,8618,8524,95,20,6.04
738.311933,8533,8604,95,20,6.04
738.411933,8619,8528,95,20,6.09
738.511933,8693,8676,312,20,6.09
738.611941,8238,8564,312,20,6.09
738.711932,8126,8136,312,20,6.07
738.811931,8268,8160,365,20,6.07
738.911932,8424,8336,365,20,6.08
739.011932,8488,8456,365,20,6.08
739.111932,8263,8384,365,20,6.06
739.211932,8227,8220,204,20,6.06
739.311933,8335,8312,204,20,6.06
739.411933,8410,8332,204,20,6.09
739.511932,8261,8340,223,20,6.09
739.611933,8275,8264,223,20,6.09
739.71194,8252,8280,223,20,6.09
739.811934,8303,8232,11,20,6.09
739.911932,8329,8336,11,20,6.09
740.011932,8165,8308,11,20,6.09
740.111932,8195,8136,11,20,6.09
740.211931,8549,8324,293,20,6.09
740.311934,8618,8616,293,20,6.09
740.411932,8389,8508,293,20,6.08
740.511934,8363,8344,100,20,6.08
740.611933,8392,8388,100,20,6.08
740.711932,8286,8364,100,20,6.08
740.811942,8407,8340,187,20,6.08
740.911933,8339,8424,187,20,6.09
741.011933,8240,8280,187,20,6.09
741.111934,8360,8272,187,20,6.09
741.211933,8401,8384,112,20,6.09
741.311933,8415,8392,112,20,6.09
741.411932,8493,8436,112,20,6.09
741.511933,8523,8484,0,20,6.09
741.611933,8308,8448,0,20,6.09
741.711955,8373,8296,0,20,6.09
741.811933,8628,8496,489,20,6.09
741.911974,8546,8576,489,20,6.07
742.011932,8602,8560,489,20,6.07
742.111949,8537,8572,489,20,6.05
742.211932,8398,8524,156,20,6.05
742.311933,8531,8452,156,20,6.05
742.411934,8734,8644,156,20,6.06
742.511934,8843,8812,127,20,6.06
742.611933,8710,8784,127,20,6.06
742.711933,8662,8676,127,20,6.09
742.811933,8642,8660,0,20,6.09
742.911932,8443,8540,0,20,6.06
743.011933,8537,8460,0,20,6.06
743.111932,8739,8656,0,20,6.07
743.211932,8762,8776,441,20,6.07
743.311932,8334,8604,441,20,6.07
743.411934,8167,8200,441,20,6.07
743.511932,8358,8248,146,20,6.07
743.611933,8331,8380,146,20,6.07
743.71194,8437,8272,146,20,6.09
743.811932,8434,8468,168,20,6.09
743.911931,8154,8336,168,20,6.08
744.011932,8309,8168,168,20,6.08
744.111933,8454,8516,168,20,6.06
744.211934,8119,8244,542,20,6.06
744.311932,8306,8192,542,20,6.06
744.411933,8238,8324,542,20,6.04
744.511931,7670,7892,774,20,6.04
744.611933,8155,7812,774,20,6.04
744.711932,8094,8148,774,20,6.06
744.811933,7921,8100,366,20,6.06
744.91193,7696,7820,366,20,6.05
745.011933,7736,7804,366,20,6.05
745.111939,7554,7524,366,20,6.06
745.211936,7854,7760,673,20,6.06
745.311932,8176,8004,673,20,6.06
745.411956,8170,8236,673,20,6.09
745.511932,8111,8152,174,20,6.09
745.611979,7862,8012,174,20,6.09
745.711932,7679,7740,174,20,6.07
745.811984,7988,7764,331,20,6.07
745.911932,8434,8188,331,20,6.05
746.01196,8554,8544,331,20,6.05
746.111933,8407,8508,331,20,6.08
746.21195,8466,8424,68,20,6.08
746.311943,8472,8452,68,20,6.08
746.411932,8653,8468,68,20,6.08
746.511933,8699,8676,119,20,6.08
746.611933,8664,8736,119,20,6.08
746.711934,8656,8628,119,20,6.09
746.811934,8647,8668,133,20,6.09
746.911932,8636,8636,133,20,6.09
747.011931,8416,8532,133,20,6.09
747.111932,8310,8344,133,20,6.07
747.211933,8467,8392,104,20,6.07
747.311932,8626,8652,104,20,6.07
747.411933,8296,8412,104,20,6.06
747.511934,8557,8412,424,20,6.06
747.611934,8377,8504,424,20,6.06
747.711933,8209,8308,424,20,6.06
747.811933,8433,8312,302,20,6.06
747.911934,7149,8348,302,20,6
748.011933,7941,7448,302,20,6
748.111932,8244,8136,302,20,6.03
748.211932,7946,8072,544,20,6.03
748.311933,7931,7948,544,20,6.03
748.411933,8022,7996,544,20,6.09
748.511932,8168,8220,211,20,6.09
748.611932,8573,8316,211,20,6.09
748.711932,8586,8516,211,20,6.07
748.811933,8257,8460,564,20,6.07
748.911932,8434,8276,564,20,6.09
749.01195,8929,8584,564,20,6.09
749.111933,9039,8984,564,20,6.07
749.211984,8831,9024,160,20,6.07
749.311932,8489,8676,160,20,6.07
749.411949,8605,8484,160,20,6.09
749.511932,8990,8728,573,20,6.09
749.611932,8934,9008,573,20,6.09
749.711931,8790,8884,573,20,6.07
749.811932,8711,8788,201,20,6.07
749.91194,8644,8704,201,20,6.08
750.011932,8680,8652,201,20,6.08
750.111932,8740,8676,201,20,6.07
750.211932,8580,8692,138,20,6.07
750.311939,8550,8540,138,20,6.07
750.411933,8536,8536,138,20,6.08
750.511932,8471,8548,220,20,6.08
750.611932,8452,8488,220,20,6.08
750.711932,8411,8444,220,20,6.09
750.811932,8386,8416,0,20,6.09
750.911933,8410,8364,0,20,6.09
751.011933,8404,8412,0,20,6.09
751.111932,8534,8460,0,20,6.08
751.211933,8328,8460,334,20,6.08
751.311933,8372,8352,334,20,6.08
751.411932,8252,8376,334,20,6.09
751.511932,8324,8244,308,20,6.09
751.611944,8383,8308,308,20,6.09
751.711932,8348,8360,308,20,6.07
751.811982,8355,8360,54,20,6.07
751.911933,8329,8364,54,20,6.09
752.011951,8280,8288,54,20,6.09
752.111933,8351,8284,54,20,6.09
752.211933,8432,8428,269,20,6.09
752.311932,8328,8376,269,20,6.09
752.411933,8310,8316,269,20,6.09
752.511931,8310,8292,61,20,6.09
752.611932,8395,8352,61,20,6.09
752.711932,8209,8348,61,20,6.08
752.811951,8051,8164,235,20,6.08
752.911933,8257,8092,235,20,6.09
753.011932,8271,8272,235,20,6.09
753.111931,8290,8232,235,20,6.09
753.211933,8447,8372,302,20,6.09
753.311932,8590,8492,302,20,6.09
753.411934,8539,8616,302,20,6.09
753.511932,8391,8492,23,20,6.09
753.611933,8394,8352,23,20,6.09
753.711934,8537,8500,23,20,6.08
753.811934,8566,8516,46,20,6.08
753.911942,8596,8576,46,20,6.09
754.011931,8637,8572,46,20,6.09
754.111932,8512,8636,46,20,6.09
754.211932,8363,8380,220,20,6.09
754.311932,8570,8456,220,20,6.09
754.411933,8523,8552,220,20,6.09
754.511932,8430,8496,189,20,6.09
754.611932,8383,8412,189,20,6.09
754.711933,8289,8304,189,20,6.08
754.811933,8377,8332,110,20,6.08
754.911932,8317,8364,110,20,6.09
755.011934,8344,8312,110,20,6.09
755.111932,8342,8356,110,20,6.09
755.211933,8447,8360,312,20,6.09
755.311931,8491,8452,312,20,6.09
755.411932,8392,8432,312,20,6.07
755.511933,8298,8368,220,20,6.07
755.611932,8423,8384,220,20,6.07
755.711952,8376,8420,220,20,6.08
755.811933,8444,8396,206,20,6.08
755.911932,8341,8404,206,20,6.08
756.011933,8301,8352,206,20,6.08
756.111932,8247,8268,206,20,6.08
756.211933,8366,8308,40,20,6.08
756.311957,8373,8364,40,20,6.08
756.411932,8259,8344,40,20,6.08
756.511931,8128,8204,460,20,6.08
756.611932,8397,8220,460,20,6.08
756.711932,8390,8428,460,20,6.09
756.811932,8371,8336,0,20,6.09
756.911933,8456,8408,0,20,6.08
757.011932,8438,8444,0,20,6.08
757.111931,8460,8444,0,20,6.08
757.211933,8457,8452,116,20,6.08
757.311936,8340,8424,116,20,6.08
757.411934,8448,8344,116,20,6.08
757.511933,8519,8472,233,20,6.08
757.61194,8541,8516,233,20,6.08
757.711932,8576,8524,233,20,6.09
757.811933,8473,8576,262,20,6.09
757.911934,8546,8460,262,20,6.1
758.011933,8659,8636,262,20,6.1
758.11195,8454,8632,262,20,6.08
758.211932,8115,8268,494,20,6.08
758.311952,8316,8140,494,20,6.08
758.411933,8436,8388,494,20,6.07
758.511959,8499,8452,204,20,6.07
758.611934,8599,8528,204,20,6.07
758.711949,8413,8532,204,20,6.07
758.811932,8447,8444,104,20,6.07
758.911933,8374,8416,104,20,6.09
759.011934,8328,8328,104,20,6.09
759.111931,8204,8332,104,20,6.07
759.211932,8213,8192,189,20,6.07
759.311932,8512,8304,189,20,6.07
759.411934,8628,8584,189,20,6.07
759.511935,8441,8556,266,20,6.07
759.611932,8514,8476,266,20,6.07
759.711933,8425,8520,266,20,6.09
759.811932,8365,8392,267,20,6.09
759.911933,8379,8388,267,20,6.08
760.011933,8383,8376,267,20,6.08
760.111933,8507,8432,267,20,6.08
760.211934,8357,8436,58,20,6.08
760.311932,8333,8280,58,20,6.08
760.411933,8789,8564,58,20,6.02
760.511932,8567,8716,271,20,6.02
760.611933,8397,8508,271,20,6.02
760.711944,8433,8404,271,20,6.09
760.811932,8543,8504,317,20,6.09
760.91196,8746,8564,317,20,6.08
761.011932,8818,8820,317,20,6.08
761.111932,8596,8728,317,20,6.07
761.211932,8508,8540,218,20,6.07
761.311932,8637,8568,218,20,6.07
761.411932,8294,8588,218,20,6.03
761.511932,8338,8300,0,20,6.03
761.611931,8583,8432,0,20,6.03
761.711932,8477,8552,0,20,6.08
761.81194,8313,8396,479,20,6.08
761.911933,8441,8380,479,20,6.08
762.011933,8475,8440,479,20,6.08
762.111931,8386,8496,479,20,6.09
762.211941,8423,8360,216,20,6.09
762.311931,8314,8384,216,20,6.09
762.411933,8330,8288,216,20,6.08
762.511932,8354,8392,220,20,6.08
762.611932,8265,8328,220,20,6.08
762.711935,8475,8340,220,20,6.07
762.811932,8480,8492,44,20,6.07
762.911932,8380,8464,44,20,6.09
763.011933,8214,8300,44,20,6.09
763.111947,8262,8212,44,20,6.09
763.211941,8415,8308,141,20,6.09
763.311978,8562,8424,141,20,6.09
763.411932,8663,8656,141,20,6.08
763.51198,8592,8624,278,20,6.08
763.611942,8585,8584,278,20,6.08
763.71196,8349,8500,278,20,6.06
763.811933,8213,8264,191,20,6.06
763.911949,8544,8324,191,20,6.05
764.011932,8567,8556,191,20,6.05
764.111933,8640,8620,191,20,6.09
764.211932,8340,8536,240,20,6.09
764.311933,8393,8332,240,20,6.09
764.41194,8398,8452,240,20,6.08
764.511932,8410,8372,109,20,6.08
764.611932,8505,8380,109,20,6.08
764.711931,8490,8524,109,20,6.1
764.811933,8429,8492,122,20,6.1
764.911931,8223,8384,122,20,6.08
765.011932,8267,8180,122,20,6.08
765.11193,8526,8328,122,20,6.07
765.211933,8508,8552,88,20,6.07
765.311931,8547,8508,88,20,6.07
765.411932,8538,8560,88,20,6.09
765.511932,8476,8496,201,20,6.09
765.611933,8697,8548,201,20,6.09
765.711932,8554,8672,201,20,6.09
765.811931,8528,8564,0,20,6.09
765.911932,8469,8516,0,20,6.09
766.011932,8488,8476,0,20,6.09
766.111931,8411,8424,0,20,6.09
766.211931,8346,8368,87,20,6.09
766.311932,8241,8340,87,20,6.09
766.411932,8569,8360,87,20,6.05
766.511932,8425,8560,455,20,6.05
766.611932,8280,8348,455,20,6.05
766.711933,8197,8196,455,20,6.08
766.811933,8402,8308,274,20,6.08
766.911931,8478,8460,274,20,6.07
767.011941,8457,8452,274,20,6.07
767.111931,8498,8460,274,20,6.09
767.211933,8614,8528,397,20,6.09
767.311931,8613,8628,397,20,6.09
767.411933,8672,8588,397,20,6.09
767.511933,8368,8644,168,20,6.09
767.611933,8365,8288,168,20,6.09
767.711932,8690,8476,168,20,6.04
767.811936,8435,8572,61,20,6.04
767.911932,8462,8424,61,20,6.09
768.011932,8478,8468,61,20,6.09
768.111933,8570,8488,61,20,6.07
768.211933,8495,8568,281,20,6.07
768.311932,8434,8476,281,20,6.07
768.411932,8397,8424,281,20,6.07
768.511933,8354,8392,150,20,6.07
768.611933,8446,8364,150,20,6.07
768.711932,9732,8468,150,20,6.09
768.811933,9307,9300,1383,20,6.09
768.911931,8856,9056,1383,20,6.02
769.011933,8726,8816,1383,20,6.02
769.111931,8596,8636,1383,20,6.07
769.211932,8702,8616,168,20,6.07
769.311932,8751,8776,168,20,6.07
769.411953,8699,8736,168,20,6.09
769.511931,8726,8704,122,20,6.09
769.61198,8899,8752,122,20,6.09
769.711932,8755,8900,122,20,6.09
769.811953,8642,8704,225,20,6.09
769.911931,8563,8576,225,20,6.09
770.011951,8759,8640,225,20,6.09
770.111931,8781,8780,225,20,6.08
770.211933,8501,8676,399,20,6.08
770.311931,8453,8396,399,20,6.08
770.411932,8958,8752,399,20,6
770.511932,8876,8852,252,20,6
770.61195,8767,8852,252,20,6
770.711931,8493,8796,252,20,6.03
770.811985,8283,8396,296,20,6.03
770.911931,8466,8336,296,20,6.09
771.011948,8741,8580,296,20,6.09
771.111933,8691,8740,296,20,6.09
771.211931,8709,8700,203,20,6.09
771.311931,8482,8600,203,20,6.09
771.411933,8362,8392,203,20,6.09
771.511933,8465,8396,254,20,6.09
771.611932,8495,8492,254,20,6.09
771.711931,8467,8480,254,20,6.09
771.811934,8482,8460,0,20,6.09
771.911932,8377,8496,0,20,6.09
772.011933,8496,8356,0,20,6.09
772.111932,8833,8576,0,20,6.06
772.211932,8920,8932,218,20,6.06
772.311933,8523,8784,218,20,6.06
772.411932,8663,8484,218,20,6.05
772.511933,8692,8644,218,20,6.05
772.611932,8671,8652,218,20,6.05
772.711932,8913,8812,218,20,6.08
772.811932,9047,8948,102,20,6.08
772.911931,8793,9024,102,20,6.04
773.011932,8442,8608,102,20,6.04
773.111931,8442,8376,102,20,6.09
773.211933,8414,8448,0,20,6.09
773.311933,8416,8392,0,20,6.09
773.411933,8254,8396,0,20,6.08
773.511932,8298,8172,78,20,6.08
773.611932,8421,8364,78,20,6.08
773.711933,8623,8504,78,20,6.06
773.811932,8359,8592,194,20,6.06
773.911932,8117,8144,194,20,6.05
774.011932,8435,8200,194,20,6.05
774.111933,8605,8520,194,20,6.09
774.211935,8261,8524,385,20,6.09
774.311932,7864,8064,385,20,6.09
774.411933,7840,7892,385,20,6.08
774.511932,7905,7776,242,20,6.08
774.61194,8299,8092,242,20,6.08
774.711933,8131,8264,242,20,6.02
774.811933,8242,8160,168,20,6.02
774.911938,8100,8232,168,20,6.07
775.011932,8207,8128,168,20,6.07
775.111939,8289,8224,168,20,6.08
775.211933,8106,8216,320,20,6.08
775.311933,7892,8004,320,20,6.08
775.411936,8084,7916,320,20,6.07
775.51195,8540,8296,651,20,6.07
775.61195,8526,8520,651,20,6.07
775.711932,8436,8508,651,20,6.09
775.81195,8281,8376,185,20,6.09
775.911935,8275,8276,185,20,6.09
776.011985,8247,8272,185,20,6.09
776.111932,8437,8320,185,20,6.07
776.211976,8377,8432,68,20,6.07
776.31194,8372,8388,68,20,6.07
776.411952,8437,8384,68,20,6.08
776.511933,8473,8496,136,20,6.08
776.611933,8524,8484,136,20,6.08
776.711938,8538,8548,136,20,6.09
776.811935,8431,8396,213,20,6.09
776.911935,8557,8516,213,20,6.08
777.011958,8383,8476,213,20,6.08
777.111949,8379,8376,213,20,6.09
777.211949,8538,8420,457,20,6.09
777.311948,8627,8592,457,20,6.09
777.411975,8518,8596,457,20,6.09
777.51196,8594,8464,47,20,6.09
777.611949,8655,8648,47,20,6.09
777.711957,8576,8656,47,20,6.1
777.811952,8402,8536,46,20,6.1
777.911948,8440,8360,46,20,6.09
778.011933,8510,8500,46,20,6.09
778.111932,8767,8580,46,20,6.07
778.211933,8527,8744,631,20,6.07
778.311932,8239,8368,631,20,6.07
778.411932,8516,8348,631,20,6.06
778.511933,8608,8620,46,20,6.06
778.611933,8543,8560,46,20,6.06
778.711939,8637,8616,46,20,6.09
778.811932,8428,8524,112,20,6.09
778.911932,8387,8392,112,20,6.09
779.011941,8368,8376,112,20,6.09
779.111978,8214,8352,112,20,6.08
779.211933,8269,8144,30,20,6.08
779.311961,8613,8460,30,20,6.08
779.411941,8560,8636,30,20,6.09
779.511949,8507,8548,23,20,6.09
779.611933,8285,8436,23,20,6.09
779.711934,8231,8192,23,20,6.07
779.811941,8207,8240,64,20,6.07
779.91193,9233,8420,64,20,5.96
780.011933,8748,9052,64,20,5.96
780.111931,8689,8768,64,20,6.07
780.211934,8499,8620,175,20,6.07
780.311935,8157,8396,175,20,6.07
780.411935,8448,8204,175,20,6.04
780.511937,8714,8580,561,20,6.04
780.611934,8708,8732,561,20,6.04
780.711936,8394,8576,561,20,6.05
780.811936,8435,8416,0,20,6.05
780.911937,8350,8428,0,20,6.09
781.011936,8251,8344,0,20,6.09
781.111935,8232,8216,0,20,6.08
781.211937,8452,8336,162,20,6.08
781.311933,8126,8348,162,20,6.08
781.411934,7999,8064,162,20,6.07
781.511935,8010,7956,252,20,6.07
781.611934,8160,8112,252,20,6.07
781.711935,8146,8148,252,20,6.08
781.811935,8206,8180,22,20,6.08
781.911933,8180,8196,22,20,6.1
782.011935,8209,8168,22,20,6.1
782.111934,8270,8228,22,20,6.09
782.211942,8204,8256,254,20,6.09
782.311934,8065,8140,254,20,6.09
782.411935,8090,8072,254,20,6.1
782.511941,8240,8184,267,20,6.1
782.611943,8261,8280,267,20,6.1
782.711934,8219,8224,267,20,6.08
782.811935,8067,8132,121,20,6.08
782.911944,8129,8084,121,20,6.08
783.011934,8136,8136,121,20,6.08
783.111983,8099,8108,121,20,6.09
783.211935,8240,8192,129,20,6.09
783.311976,8165,8240,129,20,6.09
783.411934,8100,8112,129,20,6.09
783.511933,8298,8180,203,20,6.09
783.611936,8308,8360,203,20,6.09
783.711934,8168,8228,203,20,6.09
783.811934,8200,8164,0,20,6.09
783.911935,8259,8236,0,20,6.09
784.011934,8270,8244,0,20,6.09
784.111953,8474,8336,0,20,6.08
784.211942,8346,8428,80,20,6.08
784.311939,8312,8332,80,20,6.08
784.411935,8371,8320,80,20,6.09
784.511935,8069,8276,339,20,6.09
784.611934,8082,8048,339,20,6.09
784.711934,8246,8112,339,20,6.09
784.811936,8482,8380,411,20,6.09
784.911935,8339,8392,411,20,6.09
785.011943,8546,8464,411,20,6.09
785.111934,8424,8524,411,20,6.08
785.211935,8231,8400,80,20,6.08
785.311934,8068,8104,80,20,6.08
785.411935,8275,8088,80,20,6.08
785.511934,8463,8348,194,20,6.08
785.611934,8459,8480,194,20,6.08
785.711933,8521,8508,194,20,6.09
785.811934,8421,8476,95,20,6.09
785.911935,8415,8428,95,20,6.09
786.011936,8400,8388,95,20,6.09
786.111934,8514,8420,95,20,6.08
786.211933,8501,8508,71,20,6.08
786.311933,8430,8468,71,20,6.08
786.411935,8487,8444,71,20,6.09
786.511933,8545,8512,303,20,6.09
786.611933,8517,8516,303,20,6.09
786.711934,8526,8520,303,20,6.09
786.811934,8432,8496,235,20,6.09
786.91194,8456,8428,235,20,6.09
787.011934,8427,8440,235,20,6.09
787.111934,8404,8428,235,20,6.09
787.211933,8454,8408,203,20,6.09
787.311935,8555,8460,203,20,6.09
787.411919,8552,8540,203,20,6.08
787.511956,8481,8496,87,20,6.08
787.611919,8376,8448,87,20,6.08
787.711936,8448,8388,87,20,6.08
787.811926,8349,8424,8,20,6.08
787.911918,8175,8292,8,20,6.07
788.01192,8110,8136,8,20,6.07
788.111918,8278,8180,8,20,6.08
788.211919,8316,8272,191,20,6.08
788.311918,8243,8244,191,20,6.08
788.41192,8726,8488,191,20,6
788.511926,8247,8580,515,20,6
788.611922,7191,8112,515,20,6
788.711919,7916,7468,515,20,6.01
788.811948,8465,8212,542,20,6.01
788.911919,8353,8488,542,20,6.09
789.011935,8283,8340,542,20,6.09
789.111919,8362,8272,542,20,6.09
789.211919,8508,8424,380,20,6.09
789.311919,8597,8528,380,20,6.09
789.41192,8867,8604,380,20,6.09
789.511918,8633,8776,168,20,6.09
789.61192,8697,8628,168,20,6.09
789.711927,8690,8708,168,20,6.09
789.81192,8650,8680,81,20,6.09
789.911919,8662,8648,81,20,6.09
790.01192,8563,8636,81,20,6.09
790.111919,8641,8536,81,20,6.08
790.211919,8615,8620,40,20,6.08
790.311918,8475,8592,40,20,6.08
790.411919,8410,8404,40,20,6.09
790.51192,8479,8440,146,20,6.09
790.611918,8638,8588,146,20,6.09
790.711918,8502,8548,146,20,6.08
790.81192,8329,8420,110,20,6.08
790.911919,8477,8368,110,20,6.08
791.01192,8499,8500,110,20,6.08
791.111919,8524,8536,110,20,6.09
791.21192,8419,8436,80,20,6.09
791.311919,8547,8468,80,20,6.09
791.411919,8373,8516,80,20,6.08
791.511918,8345,8368,213,20,6.08
791.61192,8453,8392,213,20,6.08
791.711919,8498,8524,213,20,6.08
791.811921,8194,8368,382,20,6.08
791.911918,8254,8160,382,20,6.08
792.01192,8123,8228,382,20,6.08
792.111919,8197,8148,382,20,6.09
792.211919,8500,8264,481,20,6.09
792.311919,8718,8668,481,20,6.09
792.41192,8825,8780,481,20,6.07
792.51192,8637,8756,23,20,6.07
792.61192,8300,8472,23,20,6.07
792.711926,8484,8384,23,20,6.05
792.81192,8347,8488,0,20,6.05
792.911919,8089,8232,0,20,6.06
793.011921,8125,8004,0,20,6.06
793.111918,8415,8296,0,20,6.02
793.211919,8139,8356,129,20,6.02
793.311921,8265,8156,129,20,6.02
793.411919,8349,8288,129,20,6.08
793.51192,8382,8384,3,20,6.08
793.611919,7865,8084,3,20,6.08
793.711919,8314,7992,3,20,6
793.811918,8252,8304,73,20,6
793.911919,7560,8060,73,20,5.97
794.011919,8644,7760,73,20,5.97
794.111917,8857,8952,73,20,6.05
794.211919,7935,8524,1346,20,6.05
794.311917,7901,7812,1346,20,6.05
794.411919,7898,7912,1346,20,6.1
794.511918,7873,7824,121,20,6.1
794.611919,8128,8024,121,20,6.1
794.711918,8076,8112,121,20,6.09
794.811935,8226,8148,380,20,6.09
794.911918,8420,8284,380,20,6.07
795.011951,8690,8432,380,20,6.07
795.111917,8840,8760,380,20,6.07
795.211936,8635,8856,233,20,6.07
795.311917,8402,8496,233,20,6.07
795.411936,8634,8460,233,20,6.02
795.511918,8220,8536,489,20,6.02
795.611926,8126,8180,489,20,6.02
795.711919,8163,8140,489,20,6.09
795.81192,8279,8216,68,20,6.09
795.911918,8360,8304,68,20,6.08
796.011917,8482,8380,68,20,6.08
796.111917,8712,8584,68,20,6.07
796.211919,8587,8688,213,20,6.07
796.311918,8702,8556,213,20,6.07
796.411919,8539,8740,213,20,6.09
796.511917,8403,8448,356,20,6.09
796.61192,8345,8348,356,20,6.09
796.711917,8397,8412,356,20,6.09
796.811919,8236,8284,486,20,6.09
796.911921,8328,8264,486,20,6.09
797.01192,8445,8424,486,20,6.09
797.111919,8428,8396,486,20,6.09
797.211919,8641,8532,262,20,6.09
797.31192,8472,8612,262,20,6.09
797.411918,8472,8456,262,20,6.09
797.511936,8418,8468,0,20,6.09
797.611919,8320,8340,0,20,6.09
797.711955,8325,8324,0,20,6.09
797.811918,8495,8400,421,20,6.09
797.911945,8324,8424,421,20,6.08
798.011919,8485,8360,421,20,6.08
798.111919,8466,8500,421,20,6.09
798.211919,8399,8424,216,20,6.09
798.31193,8468,8416,216,20,6.09
798.41192,8410,8468,216,20,6.08
798.511919,8386,8408,138,20,6.08
798.61192,8457,8392,138,20,6.08
798.711918,8581,8544,138,20,6.06
798.811919,8381,8520,87,20,6.06
798.911919,8303,8376,87,20,6.09
799.011919,8406,8296,87,20,6.09
799.111919,8486,8416,87,20,6.07
799.21192,8567,8520,197,20,6.07
799.311918,8405,8492,197,20,6.07
799.411918,8458,8424,197,20,6.09
799.511919,8312,8412,279,20,6.09
799.611921,8374,8280,279,20,6.09
799.711919,8528,8476,279,20,6.08
799.811953,8501,8548,122,20,6.08
799.911918,8497,8480,122,20,6.09
800.011951,8461,8500,122,20,6.09
800.111918,8595,8440,122,20,6.1
800.211937,8645,8672,208,20,6.1
800.311917,8596,8608,208,20,6.1
800.411918,8413,8512,208,20,6.06
800.511917,8541,8408,116,20,6.06
800.611927,8621,8608,116,20,6.06
800.711919,8635,8600,116,20,6.09
800.811917,8548,8620,59,20,6.09
800.911918,8364,8412,59,20,6.06
801.011919,8519,8428,59,20,6.06
801.111918,8537,8572,59,20,6.08
801.21192,8421,8500,184,20,6.08
801.311937,8222,8320,184,20,6.08
801.411919,8423,8292,184,20,6.07
801.511918,8427,8428,37,20,6.07
801.611919,8297,8364,37,20,6.07
801.711918,8255,8308,37,20,6.08
801.811928,8118,8152,40,20,6.08
801.911916,8234,8108,40,20,6.1
802.01192,8426,8368,40,20,6.1
802.11192,8368,8412,40,20,6.09
802.211919,8198,8320,238,20,6.09
802.311926,8256,8188,238,20,6.09
802.411921,8481,8364,238,20,6.08
802.511924,8325,8420,279,20,6.08
802.611919,8412,8368,279,20,6.08
802.711918,8195,8328,279,20,6.07
802.811923,8174,8120,114,20,6.07
802.911918,8360,8236,114,20,6.08
803.011922,8391,8352,114,20,6.08
803.111918,8383,8356,114,20,6.09
803.211919,8525,8464,8,20,6.09
803.311919,8451,8516,8,20,6.09
803.411917,8300,8396,8,20,6.08
803.511918,8253,8268,0,20,6.08
803.611923,8369,8312,0,20,6.08
803.711919,8438,8368,0,20,6.08
803.811927,8444,8436,0,20,6.08
803.911919,8405,8444,0,20,6.09
804.011918,8152,8276,0,20,6.09
804.111917,8337,8212,0,20,6.08
804.211919,8309,8312,148,20,6.08
804.311918,8518,8360,148,20,6.08
804.411918,8645,8604,148,20,6.07
804.511918,8734,8632,226,20,6.07
804.611931,8423,8700,226,20,6.07
804.711918,8127,8216,226,20,6.03
804.811926,8404,8252,204,20,6.03
804.911919,8483,8488,204,20,6.08
805.011919,8460,8484,204,20,6.08
805.111918,8475,8460,204,20,6.09
805.21192,8536,8472,42,20,6.09
805.311921,8515,8536,42,20,6.09
805.41192,8530,8472,42,20,6.08
805.511918,8651,8592,109,20,6.08
805.611939,8983,8848,109,20,6.08
805.711918,8440,8804,109,20,6.01
805.811926,8500,8408,93,20,6.01
805.91192,8652,8616,93,20,6.06
806.011919,8548,8620,93,20,6.06
806.111918,8463,8536,93,20,6.09
806.211921,8365,8452,49,20,6.09
806.311918,8210,8244,49,20,6.09
806.411921,8375,8252,49,20,6.07
806.511927,8293,8376,146,20,6.07
806.61193,8344,8260,146,20,6.07
806.711921,8487,8492,146,20,6.08
806.811927,8213,8384,305,20,6.08
806.911919,8470,8260,305,20,6.05
807.011919,8264,8480,305,20,6.05
807.11192,8044,8108,305,20,6.07
807.211936,8215,8052,286,20,6.07
807.311941,8395,8320,286,20,6.07
807.411948,8413,8400,286,20,6.08
807.511948,8405,8396,110,20,6.08
807.611935,8341,8408,110,20,6.08
807.711937,8187,8288,110,20,6.09
807.811919,8079,8132,168,20,6.09
807.911917,8162,8104,168,20,6.08
808.011918,8374,8220,168,20,6.08
808.111917,8207,8296,168,20,6.07
808.211919,8598,8312,568,20,6.07
808.311919,8625,8652,568,20,6.07
808.41192,8401,8516,568,20,6.07
808.511919,8249,8332,585,20,6.07
808.611919,8278,8272,585,20,6.07
808.711919,8392,8320,585,20,6.08
808.811919,8348,8364,49,20,6.08
808.911918,8313,8312,49,20,6.08
809.011918,8586,8436,49,20,6.08
809.111916,8608,8604,49,20,6.08
809.211918,8483,8580,76,20,6.08
809.311919,8488,8488,76,20,6.08
809.411929,8381,8416,76,20,6.09
809.511918,8425,8412,71,20,6.09
809.611919,8403,8436,71,20,6.09
809.711918,8424,8416,71,20,6.09
809.811926,8362,8400,160,20,6.09
809.911918,8220,8288,160,20,6.08
810.011918,8336,8280,160,20,6.08
810.111927,8578,8376,160,20,6.06
810.211919,8537,8596,0,20,6.06
810.311919,8604,8556,0,20,6.06
810.411918,8641,8632,0,20,6.09
810.51192,8279,8620,644,20,6.09
810.611919,8161,8124,644,20,6.09
810.711919,8465,8328,644,20,6.06
810.811918,8367,8416,177,20,6.06
810.911918,8443,8408,177,20,6.06
811.011918,8473,8416,177,20,6.06
811.11192,8370,8464,177,20,6.09
811.211918,8297,8308,17,20,6.09
811.311933,8203,8288,17,20,6.09
811.411918,8216,8136,17,20,6.09
811.511936,8544,8376,228,20,6.09
811.61192,8746,8640,228,20,6.09
811.711958,8491,8676,228,20,6.05
811.811919,8404,8464,18,20,6.05
811.911954,8584,8440,18,20,6.06
812.01192,8691,8668,18,20,6.06
812.111919,8625,8636,18,20,6.09
812.211919,8517,8560,337,20,6.09
812.311925,8539,8516,337,20,6.09
812.411919,8387,8492,337,20,6.07
812.511925,8622,8400,337,20,6.07
812.611919,8648,8680,337,20,6.07
812.711925,8533,8556,337,20,6.07
812.811919,8667,8572,319,20,6.07
812.911918,8667,8648,319,20,6.1
813.011918,8709,8672,319,20,6.1
813.111918,8563,8668,319,20,6.06
813.211917,8734,8572,271,20,6.06
813.311927,8123,8556,271,20,6.06
813.411944,8203,8084,271,20,6.08
813.511918,8441,8284,472,20,6.08
813.611918,8533,8520,472,20,6.08
813.711918,8283,8476,472,20,6.04
813.811919,8335,8272,0,20,6.04
813.911918,8489,8400,0,20,6.08
814.011918,8413,8444,0,20,6.08
814.111918,8266,8372,0,20,6.08
814.211919,8226,8252,211,20,6.08
814.311926,8211,8216,211,20,6.08
814.411918,8219,8216,211,20,6.08
814.511918,8144,8228,298,20,6.08
814.611938,8120,8144,298,20,6.08
814.711918,8167,8144,298,20,6.1
814.811927,8347,8204,334,20,6.1
814.911918,8544,8416,334,20,6.08
815.01192,8441,8516,334,20,6.08
815.111919,8144,8316,334,20,6.06
815.21192,8198,8188,83,20,6.06
815.311919,8215,8188,83,20,6.06
815.411918,8511,8308,83,20,6.06
815.511926,8505,8548,174,20,6.06
815.611919,8323,8468,174,20,6.06
815.71192,8076,8240,174,20,6.05
815.811919,8139,8096,0,20,6.05
815.911919,8283,8188,0,20,6.09
816.01192,8359,8308,0,20,6.09
816.11192,8324,8376,0,20,6.09
816.211919,8339,8316,117,20,6.09
816.311918,8317,8328,117,20,6.09
816.41193,8359,8312,117,20,6.09
816.511935,8355,8384,54,20,6.09
816.61192,8346,8372,54,20,6.09
816.711974,8382,8364,54,20,6.09
816.811921,8283,8352,199,20,6.09
816.911947,8197,8232,199,20,6.08
817.011919,8273,8224,199,20,6.08
817.111919,8261,8260,199,20,6.09
817.211918,8248,8272,0,20,6.09
817.311916,8324,8256,0,20,6.09
817.411919,8409,8384,0,20,6.09
817.511918,8388,8404,110,20,6.09
817.611918,8280,8352,110,20,6.09
817.711918,8174,8212,110,20,6.07
817.811918,8063,8140,162,20,6.07
817.911918,8107,8092,162,20,6.06
818.011926,8300,8152,162,20,6.06
818.111918,8452,8352,162,20,6.04
818.211928,8347,8404,235,20,6.04
818.311919,8422,8368,235,20,6.04
818.411928,8248,8376,235,20,6.08
818.511918,8393,8224,284,20,6.08
818.61192,8244,8376,284,20,6.08
818.711919,7884,8088,284,20,6.04
818.811919,7982,7896,175,20,6.04
818.911918,8246,8112,175,20,6.05
819.011923,8315,8280,175,20,6.05
819.111926,8416,8312,175,20,6.08
819.211937,8429,8404,0,20,6.08
819.311919,8267,8372,0,20,6.08
819.411952,8358,8268,0,20,6.08
819.511918,8405,8432,0,20,6.08
819.611958,8447,8424,0,20,6.08
819.711918,8419,8424,0,20,6.09
819.811937,8360,8420,167,20,6.09
819.911918,8370,8316,167,20,6.09
820.011925,8349,8380,167,20,6.09
820.111928,8333,8348,167,20,6.09
820.211926,8226,8280,320,20,6.09
820.311936,8355,8264,320,20,6.09
820.411937,8372,8372,320,20,6.09
820.511935,8452,8384,158,20,6.09
820.611935,8355,8472,158,20,6.09
820.711934,8261,8284,158,20,6.09
820.811936,8234,8288,204,20,6.09
820.911934,8221,8208,204,20,6.09
821.011927,8539,8372,204,20,6.09
821.111918,8386,8520,204,20,6.07
821.211919,8285,8336,213,20,6.07
821.311919,8246,8272,213,20,6.07
821.411919,8443,8296,213,20,6.08
821.511927,8409,8464,98,20,6.08
821.61192,8515,8416,98,20,6.08
821.711918,8692,8576,98,20,6.08
821.811919,8356,8608,499,20,6.08
821.911917,8339,8284,499,20,6.09
822.01192,8485,8448,499,20,6.09
822.111918,8548,8508,499,20,6.08
822.21192,8656,8592,238,20,6.08
822.311919,8708,8684,238,20,6.08
822.411919,8360,8668,238,20,6.06
822.511918,8415,8288,102,20,6.06
822.61192,8736,8544,102,20,6.06
822.711917,8813,8772,102,20,6.08
822.811928,8887,8900,90,20,6.08
822.911919,8577,8752,90,20,6.08
823.011921,8354,8476,90,20,6.08
823.111926,8399,8344,90,20,6.07
823.21192,8478,8492,220,20,6.07
823.311919,8421,8472,220,20,6.07
823.411941,8576,8448,220,20,6.05
823.511918,8506,8556,92,20,6.05
823.611955,8300,8412,92,20,6.05
823.711918,8090,8200,92,20,6.06
823.811943,8455,8188,523,20,6.06
823.911918,8905,8684,523,20,6.03
824.011917,8825,8836,523,20,6.03
824.111918,8959,8944,523,20,6.06
824.211918,8482,8768,441,20,6.06
824.311919,8263,8400,441,20,6.06
824.41192,8185,8260,441,20,6.08
824.511917,8167,8172,10,20,6.08
824.611917,8285,8148,10,20,6.08
824.711918,8395,8356,10,20,6.07
824.811919,8241,8356,199,20,6.07
824.911918,8324,8224,199,20,6.05
825.011918,8337,8312,199,20,6.05
825.111917,8376,8344,199,20,6.07
825.211919,8333,8324,378,20,6.07
825.311918,8129,8260,378,20,6.07
825.411918,8320,8228,378,20,6.06
825.511919,7984,8176,382,20,6.06
825.611918,8131,8068,382,20,6.06
825.711926,8300,8168,382,20,6.05
825.81192,8506,8336,61,20,6.05
825.911917,8350,8460,61,20,6.06
826.011935,8062,8256,61,20,6.06
826.111918,8059,8072,61,20,6.09
826.211939,8168,8100,203,20,6.09
826.311917,8293,8188,203,20,6.09
826.411936,8345,8324,203,20,6.08
826.51192,8241,8316,20,20,6.08
826.611918,8275,8212,20,20,6.08
826.711918,8091,8280,20,20,6.09
826.811918,8284,8072,0,20,6.09
826.911919,8516,8440,0,20,6.05
827.01192,8481,8532,0,20,6.05
827.111919,8511,8484,0,20,6.09
827.211919,8491,8520,27,20,6.09
827.311919,8268,8400,27,20,6.09
827.41192,8114,8216,27,20,6.08
827.51192,8315,8152,39,20,6.08
827.611919,8480,8388,39,20,6.08
827.711917,8259,8440,39,20,6.07
827.81192,8186,8204,175,20,6.07
827.911926,8329,8208,175,20,6.09
828.011917,8493,8392,175,20,6.09
828.111918,8524,8500,175,20,6.09
828.211918,8426,8516,49,20,6.09
828.311918,8344,8384,49,20,6.09
828.411919,8385,8380,49,20,6.09
828.511925,8388,8380,0,20,6.09
828.611918,8675,8512,0,20,6.09
828.711918,8593,8668,0,20,6.1
828.811918,8675,8620,73,20,6.1
828.911918,8495,8600,73,20,6.09
829.011917,8420,8480,73,20,6.09
829.111918,8432,8420,73,20,6.09
829.211919,8517,8480,40,20,6.09
829.311917,8650,8552,40,20,6.09
829.411917,8717,8656,40,20,6.07
829.511919,8737,8748,131,20,6.07
829.611918,8465,8656,131,20,6.07
829.711919,8261,8348,131,20,6.07
829.811918,8427,8284,136,20,6.07
829.911926,8495,8460,136,20,6.08
830.011919,8326,8420,136,20,6.08
830.111918,8302,8320,136,20,6.09
830.211918,8376,8296,34,20,6.09
830.311918,8285,8340,34,20,6.09
830.411918,8275,8244,34,20,6.09
830.511927,8232,8280,334,20,6.09
830.611918,8251,8224,334,20,6.09
830.711959,8034,8184,334,20,6.07
830.81192,8202,8136,320,20,6.07
830.911943,8227,8220,320,20,6.09
831.01192,8143,8224,320,20,6.09
831.111918,8328,8216,320,20,6.07
831.211919,8373,8324,114,20,6.07
831.311918,8567,8572,114,20,6.07
831.411919,8021,8372,114,20,6.01
831.511917,7978,7948,228,20,6.01
831.61192,8107,8144,228,20,6.01
831.711919,8050,8044,228,20,6.07
831.811917,8196,8164,179,20,6.07
831.911917,8251,8256,179,20,6.09
832.01192,8330,8284,179,20,6.09
832.111919,8279,8324,179,20,6.08
832.211926,8148,8208,194,20,6.08
832.311931,8262,8188,194,20,6.08
832.411919,8190,8276,194,20,6.09
832.511918,8208,8180,98,20,6.09
832.611918,8369,8268,98,20,6.09
832.711918,8529,8460,98,20,6.07
832.81192,8398,8472,105,20,6.07
832.911926,8442,8452,105,20,6.09
833.011918,8416,8420,105,20,6.09
833.111917,8339,8364,105,20,6.09
833.211919,8504,8356,29,20,6.09
833.311918,8675,8616,29,20,6.09
833.411917,8441,8596,29,20,6.07
833.511918,8340,8384,279,20,6.07
833.611918,8314,8360,279,20,6.07
833.711918,8168,8212,279,20,6.08
833.811919,8523,8344,634,20,6.08
833.911926,8671,8628,634,20,6.08
834.011928,8567,8704,634,20,6.08
834.111916,8187,8496,634,20,6.03
834.211924,8244,8228,266,20,6.03
834.311917,8341,8204,266,20,6.03
834.411919,8355,8364,266,20,6.09
834.511919,8400,8364,39,20,6.09
834.611918,8525,8448,39,20,6.09
834.711918,8467,8508,39,20,6.09
834.811918,8502,8488,163,20,6.09
834.911925,8399,8476,163,20,6.08
835.011924,8416,8400,163,20,6.08
835.111917,8556,8512,163,20,6.07
835.211919,8448,8448,269,20,6.07
835.311918,8438,8508,269,20,6.07
835.411917,8282,8336,269,20,6.07
835.511918,8177,8268,122,20,6.07
835.611918,8022,8100,122,20,6.07
835.71192,8207,8016,122,20,6.07
835.811917,8403,8364,274,20,6.07
835.911952,8392,8384,274,20,6.08
836.011918,8134,8304,274,20,6.08
836.111946,8242,8128,274,20,6.08
836.211918,8637,8388,552,20,6.08
836.311949,8582,8644,552,20,6.08
836.411919,8411,8520,552,20,6.06
836.511947,8437,8412,61,20,6.06
836.611917,8463,8424,61,20,6.06
836.71194,8422,8480,61,20,6.09
836.811917,8314,8384,0,20,6.09
836.911916,8444,8336,0,20,6.06
837.011918,8464,8516,0,20,6.06
837.111916,8395,8404,0,20,6.08
837.211918,8490,8424,150,20,6.08
837.311919,8581,8536,150,20,6.08
837.411918,8423,8532,150,20,6.07
837.511936,8371,8400,90,20,6.07
837.611918,8497,8420,90,20,6.07
837.711916,8498,8544,90,20,6.09
837.811919,8632,8492,0,20,6.09
837.911917,8991,8812,0,20,6.02
838.011927,8455,8884,0,20,6.02
838.111918,8265,8260,0,20,6.05
838.211918,8636,8456,626,20,6.05
838.311918,8669,8612,626,20,6.05
838.411916,8448,8604,626,20,6.07
838.51192,8579,8488,232,20,6.07
838.611919,8443,8508,232,20,6.07
838.71192,8468,8472,232,20,6.08
838.81192,8575,8524,397,20,6.08
838.91192,8403,8540,397,20,6.06
839.01192,8435,8368,397,20,6.06
839.111921,8534,8500,397,20,6.06
839.21192,8602,8536,75,20,6.06
839.311918,8530,8632,75,20,6.06
839.411919,8299,8408,75,20,6.08
839.511917,8265,8252,162,20,6.08
839.61192,8311,8256,162,20,6.08
839.711918,8322,8340,162,20,6.09
839.811918,8196,8288,199,20,6.09
839.911918,8202,8216,199,20,6.1
840.011926,8243,8224,199,20,6.1
840.111919,8291,8236,199,20,6.09
840.211926,8342,8312,110,20,6.09
840.311918,8591,8396,110,20,6.09
840.411918,8682,8680,110,20,6.09
840.511919,8528,8636,199,20,6.09
840.611919,8285,8428,199,20,6.09
840.711926,8317,8312,199,20,6.1
840.811917,8385,8332,150,20,6.1
840.911918,8331,8360,150,20,6.1
841.011917,8320,8336,150,20,6.1
841.111926,8387,8304,150,20,6.09
841.211917,8544,8440,380,20,6.09
841.311925,8618,8604,380,20,6.09
841.41192,8208,8456,380,20,6.05
841.511917,8346,8232,296,20,6.05
841.611918,8477,8404,296,20,6.05
841.711917,8420,8444,296,20,6.09
841.811927,8316,8392,6,20,6.09
841.911918,8289,8292,6,20,6.09
842.011919,8242,8268,6,20,6.09
842.11192,8358,8272,6,20,6.09
842.211919,8237,8336,353,20,6.09
842.311917,8206,8188,353,20,6.09
842.411919,8232,8244,353,20,6.09
842.511926,8236,8204,114,20,6.09
842.611926,8376,8316,114,20,6.09
842.711919,8388,8388,114,20,6.08
842.811952,8300,8348,35,20,6.08
842.911919,8234,8284,35,20,6.08
843.011936,8293,8240,35,20,6.08
843.111918,8464,8328,35,20,6.07
843.211918,8535,8520,5,20,6.07
843.311918,8095,8384,5,20,6.07
843.411918,8269,8100,5,20,6.09
843.511916,8378,8336,259,20,6.09
843.611918,8523,8388,259,20,6.09
843.711917,8400,8508,259,20,6.08
843.811917,8157,8320,435,20,6.08
843.911919,8212,8188,435,20,6.07
844.011919,8435,8260,435,20,6.07
844.111919,8352,8408,435,20,6.09
844.211922,8247,8308,100,20,6.09
844.311917,8275,8212,100,20,6.09
844.411918,8542,8412,100,20,6.06
844.511917,8818,8592,441,20,6.06
844.611916,8703,8816,441,20,6.06
844.711918,8389,8628,441,20,6.08
844.81192,8147,8236,366,20,6.08
844.911918,8401,8296,366,20,6.06
845.01192,8341,8324,366,20,6.06
845.111918,8484,8352,366,20,6.08
845.211919,8484,8516,126,20,6.08
845.311917,8450,8488,126,20,6.08
845.411921,8548,8512,126,20,6.08
845.511917,8377,8512,105,20,6.08
845.611919,8149,8220,105,20,6.08
845.711919,8254,8176,105,20,6.09
845.811927,8287,8264,162,20,6.09
845.911918,8379,8320,162,20,6.08
846.011952,8398,8388,162,20,6.08
846.111918,8419,8392,162,20,6.1
846.211947,8493,8496,214,20,6.1
846.311917,8463,8456,214,20,6.1
846.411921,8539,8520,214,20,6.08
846.511917,8357,8480,69,20,6.08
846.611938,8312,8340,69,20,6.08
846.711918,8345,8332,69,20,6.09
846.811918,8370,8360,71,20,6.09
846.911918,8190,8280,71,20,6.08
847.011919,8310,8192,71,20,6.08
847.111918,8511,8428,71,20,6.08
847.211921,8551,8532,288,20,6.08
847.311918,8565,8536,288,20,6.08
847.411919,8447,8536,288,20,6.09
847.511918,8354,8388,295,20,6.09
847.611918,8351,8364,295,20,6.09
847.711917,8323,8328,295,20,6.09
847.811919,8316,8328,121,20,6.09
847.911918,8370,8284,121,20,6.09
848.01192,8487,8448,121,20,6.09
848.111918,8442,8448,121,20,6.08
848.211926,8452,8412,145,20,6.08
848.311918,8515,8500,145,20,6.08
848.411918,8132,8424,145,20,6.02
848.511919,8492,8280,824,20,6.02
848.611917,8383,8444,824,20,6.02
848.711916,8392,8392,824,20,6.1
848.811936,8386,8368,1,20,6.1
848.911926,8199,8376,1,20,6.08
849.011949,7905,8068,1,20,6.08
849.111918,7652,7784,1,20,6.02
849.211937,8030,7716,387,20,6.02
849.311919,8478,8228,387,20,6.02
849.411918,8432,8488,387,20,6.08
849.511918,8591,8420,552,20,6.08
849.611919,8578,8608,552,20,6.08
849.711917,8466,8544,552,20,6.08
849.81192,8493,8436,66,20,6.08
849.911917,8490,8508,66,20,6.1
850.011917,8399,8464,66,20,6.1
850.111919,8582,8432,66,20,6.07
850.21192,8585,8644,170,20,6.07
850.311918,8568,8532,170,20,6.07
850.411919,8489,8552,170,20,6.09
850.511918,8457,8460,98,20,6.09
850.611919,8660,8532,98,20,6.09
850.711919,8748,8660,98,20,6.09
850.811926,8881,8880,291,20,6.09
850.911919,8498,8824,291,20,6.03
851.011918,8084,8316,291,20,6.03
851.111919,8429,8132,291,20,6.06
851.211918,8493,8488,22,20,6.06
851.311924,8340,8432,22,20,6.06
851.411919,8258,8340,22,20,6.08
851.511917,8216,8156,75,20,6.08
851.611919,8313,8268,75,20,6.08
851.711917,8147,8308,75,20,6.07
851.811918,8091,8112,206,20,6.07
851.911919,8360,8188,206,20,6.08
852.011918,8238,8364,206,20,6.08
852.111919,8066,8184,206,20,6.08
852.21192,7891,7956,329,20,6.08
852.31192,8187,7992,329,20,6.08
852.411918,8319,8292,329,20,6.08
852.511921,8303,8304,348,20,6.08
852.611918,8297,8312,348,20,6.08
852.711919,8167,8240,348,20,6.08
852.811919,8160,8172,122,20,6.08
852.911989,8000,8116,122,20,6.08
853.011925,8212,8012,122,20,6.08
853.111936,8459,8260,122,20,6.08
853.211928,8752,8588,283,20,6.08
853.311917,8720,8788,283,20,6.08
853.41192,8667,8676,283,20,6.09
853.511918,8547,8660,34,20,6.09
853.611918,8290,8428,34,20,6.09
853.711921,8419,8316,34,20,6.09
853.811921,8422,8420,153,20,6.09
853.911917,8280,8356,153,20,6.08
854.01192,8357,8304,153,20,6.08
854.111919,8339,8352,153,20,6.09
854.211919,8365,8332,148,20,6.09
854.311917,8353,8360,148,20,6.09
854.411919,8391,8368,148,20,6.09
854.511917,8353,8404,138,20,6.09
854.61192,8255,8264,138,20,6.09
854.711918,8396,8288,138,20,6.08
854.811918,8379,8404,116,20,6.08
854.911918,8426,8396,116,20,6.09
855.011918,8386,8432,116,20,6.09
855.111917,8382,8392,116,20,6.1
855.211919,8385,8396,64,20,6.1
855.311925,8475,8412,64,20,6.1
855.411918,8572,8480,64,20,6.07
855.511945,8418,8568,105,20,6.07
855.611918,8515,8476,105,20,6.07
855.711925,8492,8504,105,20,6.09
855.811921,8632,8528,148,20,6.09
855.911918,8601,8608,148,20,6.08
856.011919,8588,8592,148,20,6.08
856.111917,8501,8528,148,20,6.08
856.211918,8540,8508,0,20,6.08
856.311917,8481,8524,0,20,6.08
856.411918,8519,8496,0,20,6.08
856.511917,8552,8512,160,20,6.08
856.611917,8549,8560,160,20,6.08
856.711916,8480,8496,160,20,6.07
856.811918,8586,8524,247,20,6.07
856.911917,8432,8516,247,20,6.08
857.011918,8333,8376,247,20,6.08
857.111917,8408,8352,247,20,6.09
857.211918,8359,8424,307,20,6.09
857.311917,8240,8328,307,20,6.09
857.411918,8211,8228,307,20,6.09
857.511917,8297,8232,75,20,6.09
857.611918,8208,8272,75,20,6.09
857.711918,8124,8120,75,20,6.07
857.81192,8321,8212,93,20,6.07
857.911919,8397,8348,93,20,6.08
858.011919,8309,8328,93,20,6.08
858.111917,8271,8320,93,20,6.09
858.211926,8167,8192,308,20,6.09
858.311917,8224,8184,308,20,6.09
858.411918,8344,8264,308,20,6.09
858.511918,8333,8364,3,20,6.09
858.611917,8183,8304,3,20,6.09
858.711918,8172,8144,3,20,6.09
858.811926,8476,8324,361,20,6.09
858.911919,8313,8448,361,20,6.08
859.011918,8265,8320,361,20,6.08
859.111926,8254,8288,361,20,6.09
859.211919,8354,8292,399,20,6.09
859.311917,8496,8400,399,20,6.09
859.411918,8397,8428,399,20,6.09
859.511916,8501,8484,148,20,6.09
859.611919,8427,8456,148,20,6.09
859.711918,8452,8440,148,20,6.08
859.811918,8282,8380,20,20,6.08
859.911918,8329,8264,20,20,6.09
860.011919,8248,8308,20,20,6.09
860.111919,8225,8248,20,20,6.09
860.211919,8300,8236,0,20,6.09
860.311919,8408,8368,0,20,6.09
860.411918,8365,8392,0,20,6.09
860.51194,8426,8368,0,20,6.09
860.611918,8336,8408,0,20,6.09
860.711947,8296,8320,0,20,6.08
860.811918,8095,8244,221,20,6.08
860.911918,8048,8064,221,20,6.04
861.01192,8604,8308,221,20,6.04
861.111918,8603,8620,221,20,6.08
861.21192,8507,8568,61,20,6.08
861.311918,8435,8452,61,20,6.08
861.411919,8192,8372,61,20,6.04
861.511918,8309,8216,259,20,6.04
861.611918,8472,8412,259,20,6.04
861.711926,8456,8492,259,20,6.09
861.811919,8406,8476,109,20,6.09
861.911925,8384,8400,109,20,6.09
862.011918,8427,8356,109,20,6.09
862.111919,8545,8436,109,20,6.08
862.211918,8503,8492,87,20,6.08
862.311925,8441,8504,87,20,6.08
862.411918,8451,8424,87,20,6.09
862.511919,8520,8472,259,20,6.09
862.611917,8486,8496,259,20,6.09
862.711917,8442,8472,259,20,6.08
862.81192,8419,8428,204,20,6.08
862.911918,8466,8420,204,20,6.09
863.011928,8588,8528,204,20,6.09
863.111918,8577,8588,204,20,6.09
863.211919,8552,8564,168,20,6.09
863.311919,8507,8544,168,20,6.09
863.411919,8585,8508,168,20,6.09
863.511919,8728,8688,400,20,6.09
863.611919,8644,8676,400,20,6.09
863.711918,8724,8676,400,20,6.08
863.811919,8743,8732,196,20,6.08
863.911928,8590,8680,196,20,6.09
864.011918,8601,8560,196,20,6.09
864.111918,8488,8552,196,20,6.09
864.21192,8336,8448,431,20,6.09
864.311919,8472,8300,431,20,6.09
864.411919,8586,8544,431,20,6.07
864.511918,8608,8588,298,20,6.07
864.611918,8466,8532,298,20,6.07
864.711917,8301,8460,298,20,6.08
864.81192,8114,8132,429,20,6.08
864.911917,8474,8276,429,20,6.06
865.011934,8556,8484,429,20,6.06
865.111916,8350,8500,429,20,6.07
865.211985,8159,8200,605,20,6.07
865.311918,8008,8084,605,20,6.07
865.411945,8318,8140,605,20,6.07
865.511918,8270,8376,0,20,6.07
865.611918,8282,8312,0,20,6.07
865.711926,8139,8232,0,20,6.09
865.811937,8248,8228,283,20,6.09
865.911919,8163,8232,283,20,6.09
866.011941,8115,8104,283,20,6.09
866.111918,8375,8224,283,20,6.08
866.211936,8494,8404,32,20,6.08
866.311918,8502,8544,32,20,6.08
866.411919,8247,8412,32,20,6.08
866.511917,8185,8260,0,20,6.08
866.611919,8095,8136,0,20,6.08
866.711917,8033,8116,0,20,6.09
866.81192,7968,7980,32,20,6.09
866.911929,8102,7976,32,20,6.08
867.011919,8345,8240,32,20,6.08
867.111918,8247,8308,32,20,6.07
867.211919,8337,8300,95,20,6.07
867.311917,8324,8308,95,20,6.07
867.411918,8451,8416,95,20,6.05
867.511947,8093,8292,476,20,6.05
867.611919,8510,8164,476,20,6.05
867.711925,8572,8632,476,20,6.08
867.811919,8052,8308,1066,20,6.08
867.911918,8432,8160,1066,20,6.04
868.011917,8633,8552,1066,20,6.04
868.111918,8279,8508,1066,20,6.02
868.21192,8129,8204,15,20,6.02
868.311919,8229,8240,15,20,6.02
868.411918,8284,8272,15,20,6.06
868.511929,8583,8356,470,20,6.06
868.611919,8539,8592,470,20,6.06
868.711924,8514,8512,470,20,6.09
868.811919,8754,8556,100,20,6.09
868.911917,8735,8800,100,20,6.09
869.011918,8430,8636,100,20,6.09
869.111918,8159,8252,100,20,6.04
869.211918,8330,8248,131,20,6.04
869.311919,8466,8348,131,20,6.04
869.411919,8483,8496,131,20,6.08
869.511929,8450,8404,8,20,6.08
869.611918,8414,8464,8,20,6.08
869.711918,8427,8412,8,20,6.09
869.811918,8623,8520,243,20,6.09
869.911918,8461,8604,243,20,6.09
870.011918,8224,8360,243,20,6.09
870.111919,8417,8300,243,20,6.08
870.211919,8416,8424,0,20,6.08
870.311918,8422,8408,0,20,6.08
870.41192,8566,8444,0,20,6.08
870.51195,8345,8492,230,20,6.08
870.611917,8266,8284,230,20,6.08
870.711919,8324,8256,230,20,6.09
870.811921,8448,8376,179,20,6.09
870.911926,8555,8488,179,20,6.09
871.01192,8338,8476,179,20,6.09
871.111918,8158,8224,179,20,6.07
871.211918,8319,8240,155,20,6.07
871.311918,8358,8372,155,20,6.07
871.411918,8317,8348,155,20,6.08
871.511925,8377,8340,250,20,6.08
871.611919,8434,8380,250,20,6.08
871.711918,8533,8496,250,20,6.08
871.811919,8507,8544,131,20,6.08
871.911919,8378,8416,131,20,6.09
872.011919,8407,8368,131,20,6.09
872.111919,8475,8432,131,20,6.09
872.21192,8462,8468,0,20,6.09
872.311917,8398,8444,0,20,6.09
872.411927,8446,8400,0,20,6.08
872.511918,8422,8448,83,20,6.08
872.611919,8396,8416,83,20,6.08
872.711918,8401,8384,83,20,6.08
872.811918,8357,8392,64,20,6.08
872.911918,8161,8276,64,20,6.07
873.011921,8176,8164,64,20,6.07
873.111926,8199,8180,64,20,6.09
873.211951,8346,8280,232,20,6.09
873.311918,8332,8372,232,20,6.09
873.411956,8230,8256,232,20,6.06
873.511948,8276,8260,3,20,6.06
873.611934,8243,8280,3,20,6.06
873.711925,8207,8208,3,20,6.08
873.811919,8355,8236,85,20,6.08
873.911925,8381,8364,85,20,6.07
874.011927,8442,8400,85,20,6.07
874.111918,8412,8432,85,20,6.08
874.21192,8412,8412,175,20,6.08
874.311941,8262,8392,175,20,6.08
874.411919,8271,8232,175,20,6.09
874.511943,8362,8312,182,20,6.09
874.611918,8356,8368,182,20,6.09
874.711933,8399,8376,182,20,6.09
874.811922,8453,8404,220,20,6.09
874.911919,8552,8536,220,20,6.07
875.011918,8402,8536,220,20,6.07
875.111922,8388,8384,220,20,6.09
875.211918,8558,8420,133,20,6.09
875.311918,8474,8568,133,20,6.09
875.411919,8400,8444,133,20,6.09
875.511918,8383,8396,63,20,6.09
875.611926,8444,8420,63,20,6.09
875.71192,8361,8412,63,20,6.08
875.811919,8408,8368,194,20,6.08
875.911918,8492,8444,194,20,6.08
876.011918,8599,8500,194,20,6.08
876.111917,8503,8576,194,20,6.1
876.211936,8425,8464,81,20,6.1
876.311919,8364,8420,81,20,6.1
876.411918,8340,8372,81,20,6.09
876.511918,8421,8348,105,20,6.09
876.61192,8431,8404,105,20,6.09
876.711918,8416,8464,105,20,6.09
876.811918,8404,8384,64,20,6.09
876.911918,8503,8452,64,20,6.07
877.011919,8463,8500,64,20,6.07
877.111919,8382,8380,64,20,6.08
877.211919,8369,8384,284,20,6.08
877.311919,8377,8384,284,20,6.08
877.41192,8502,8468,284,20,6.07
877.511919,8295,8456,382,20,6.07
877.611918,8138,8208,382,20,6.07
877.71192,8324,8160,382,20,6.08
877.811918,8220,8288,409,20,6.08
877.911918,8138,8200,409,20,6.09
878.011918,8202,8172,409,20,6.09
878.11192,8301,8204,409,20,6.09
878.211919,8427,8404,288,20,6.09
878.311919,8193,8284,288,20,6.09
878.411919,8343,8284,288,20,6.09
878.51195,8369,8380,146,20,6.09
878.61193,8306,8356,146,20,6.09
878.711941,8281,8296,146,20,6.08
878.811919,8288,8264,0,20,6.08
878.911941,8427,8324,0,20,6.08
879.01192,8442,8444,0,20,6.08
879.111919,8349,8416,0,20,6.09
879.21192,8254,8324,0,20,6.09
879.311918,8384,8296,0,20,6.09
879.411919,8404,8376,0,20,6.09
879.511918,8294,8344,180,20,6.09
879.611919,8313,8320,180,20,6.09
879.711919,8327,8300,180,20,6.09
879.811919,8340,8340,87,20,6.09
879.91192,8358,8316,87,20,6.09
880.011918,8444,8420,87,20,6.09
880.111918,8388,8364,87,20,6.08
880.211921,8419,8392,95,20,6.08
880.311917,8342,8392,95,20,6.08
880.411918,8134,8316,95,20,6.06
880.511918,8204,8112,172,20,6.06
880.611919,8447,8316,172,20,6.06
880.711919,8448,8440,172,20,6.09
880.811919,8397,8448,64,20,6.09
880.911926,8317,8380,64,20,6.07
881.011918,8282,8316,64,20,6.07
881.111921,8246,8284,64,20,6.1
881.211918,8343,8296,81,20,6.1
881.311918,8300,8352,81,20,6.1
881.41192,8250,8268,81,20,6.09
881.511919,8286,8276,122,20,6.09
881.611927,8338,8284,122,20,6.09
881.711918,8515,8360,122,20,6.06
881.811918,8463,8560,87,20,6.06
881.911918,8357,8408,87,20,6.06
882.011919,8348,8364,87,20,6.06
882.111917,8366,8380,87,20,6.09
882.21192,8324,8364,163,20,6.09
882.311918,8484,8388,163,20,6.09
882.411919,8460,8472,163,20,6.09
882.511918,8583,8520,238,20,6.09
882.611918,8595,8572,238,20,6.09
882.711918,8589,8612,238,20,6.08
882.811919,8470,8524,192,20,6.08
882.911917,8395,8420,192,20,6.08
883.011917,8398,8372,192,20,6.08
883.111917,8485,8436,192,20,6.09
883.211919,8458,8496,39,20,6.09
883.31192,8377,8416,39,20,6.09
883.411918,8360,8336,39,20,6.08
883.511918,8382,8372,100,20,6.08
883.611918,8429,8388,100,20,6.08
883.711919,8436,8448,100,20,6.09
883.811922,8440,8420,315,20,6.09
883.911927,8433,8448,315,20,6.1
884.01192,8333,8368,315,20,6.1
884.111919,8334,8320,315,20,6.09
884.211919,8370,8336,0,20,6.09
884.311918,8469,8408,0,20,6.09
884.411934,8485,8484,0,20,6.09
884.511918,8342,8436,225,20,6.09
884.611948,8309,8284,225,20,6.09
884.711934,8501,8412,225,20,6.07
884.811919,8583,8504,90,20,6.07
884.911977,8497,8556,90,20,6.09
885.011919,8365,8424,90,20,6.09
885.11195,8409,8356,90,20,6.09
885.211918,8464,8456,204,20,6.09
885.311941,8512,8476,204,20,6.09
885.411919,8426,8492,204,20,6.09
885.511918,8463,8440,0,20,6.09
885.61192,8390,8408,0,20,6.09
885.711919,8343,8400,0,20,6.09
885.811918,8332,8372,40,20,6.09
885.911925,8384,8340,40,20,6.09
886.011917,8428,8416,40,20,6.09
886.111917,8453,8444,40,20,6.09
886.211918,8358,8424,122,20,6.09
886.311919,8302,8348,122,20,6.09
886.411919,8316,8324,122,20,6.09
886.51192,8324,8316,139,20,6.09
886.611919,8264,8352,139,20,6.09
886.711918,8275,8268,139,20,6.1
886.81192,8185,8244,56,20,6.1
886.911918,8356,8224,56,20,6.06
887.011919,8514,8448,56,20,6.06
887.111919,8337,8444,56,20,6.06
887.211919,8350,8340,80,20,6.06
887.311918,8409,8356,80,20,6.06
887.411919,8369,8404,80,20,6.1
887.511925,8325,8356,52,20,6.1
887.611919,8061,8216,52,20,6.1
887.711918,8448,8200,52,20,6.01
887.811919,8437,8432,119,20,6.01
887.911918,8573,8488,119,20,6.07
888.011919,8496,8548,119,20,6.07
888.111917,8492,8476,119,20,6.09
888.211918,8510,8536,59,20,6.09
888.311918,8402,8456,59,20,6.09
888.41192,8205,8308,59,20,6.06
888.511918,8297,8232,261,20,6.06
888.611919,8370,8292,261,20,6.06
888.711919,8333,8364,261,20,6.09
888.811918,8391,8336,184,20,6.09
888.911918,8392,8404,184,20,6.09
889.011919,8502,8448,184,20,6.09
889.111917,8392,8440,184,20,6.09
889.211918,8414,8416,47,20,6.09
889.311919,8434,8392,47,20,6.09
889.411919,8505,8444,47,20,6.07
889.511918,8424,8516,233,20,6.07
889.611917,8372,8376,233,20,6.07
889.711918,8194,8296,233,20,6.06
889.811918,8166,8112,315,20,6.06
889.911917,9040,8520,315,20,5.99
890.011919,8787,9072,315,20,5.99
890.111918,8327,8632,315,20,6.06
890.211918,7971,8160,112,20,6.06
890.311916,8130,7988,112,20,6.06
890.411921,8565,8304,112,20,6.04
890.511919,8526,8540,223,20,6.04
890.611919,8385,8472,223,20,6.04
890.711917,8480,8344,223,20,6.09
890.811927,8505,8544,261,20,6.09
890.911918,8499,8432,261,20,6.09
891.011919,8546,8524,261,20,6.09
891.111917,8525,8528,261,20,6.09
891.211921,8363,8452,174,20,6.09
891.311916,7986,8208,174,20,6.09
891.411934,8193,8004,174,20,6.08
891.511919,8377,8352,63,20,6.08
891.611939,8338,8336,63,20,6.08
891.711917,8076,8216,63,20,6.08
891.811945,8249,8068,52,20,6.08
891.911918,8643,8480,52,20,6.03
892.011919,8229,8548,52,20,6.03
892.111918,8176,8048,52,20,6.07
892.211917,8239,8292,0,20,6.07
892.311919,7792,8008,0,20,6.07
892.411919,7975,7844,0,20,6.04
892.511918,8155,8016,46,20,6.04
892.611919,8429,8332,46,20,6.04
892.711917,8480,8424,46,20,6.1
892.811919,8855,8664,337,20,6.1
892.911918,8665,8876,337,20,6.09
893.011922,8424,8536,337,20,6.09
893.11192,8404,8424,337,20,6.09
893.211921,8365,8396,0,20,6.09
893.311936,8763,8468,0,20,6.09
893.411918,9176,9068,0,20,6.01
893.511947,8399,8912,1358,20,6.01
893.611919,8546,8512,1358,20,6.01
893.711937,8087,8280,1358,20,5.99
893.811919,8571,8248,656,20,5.99
893.911919,8343,8584,656,20,6.09
894.011918,8244,8192,656,20,6.09
894.111917,8177,8340,656,20,6.09
894.211919,7706,8068,935,20,6.09
894.311926,7938,7560,935,20,6.09
894.411919,8005,8036,935,20,6.08
894.511918,8407,8128,772,20,6.08
894.61192,8785,8536,772,20,6.08
894.711917,8767,8884,772,20,6.09
894.811924,8746,8736,0,20,6.09
894.911919,8716,8756,0,20,6.09
895.011919,8758,8644,0,20,6.09
895.111918,8535,8692,0,20,6.05
895.211918,8489,8472,98,20,6.05
895.311916,8283,8524,98,20,6.05
895.411918,8176,8212,98,20,6.06
895.511918,8576,8372,487,20,6.06
895.61192,8735,8676,487,20,6.06
895.711917,8746,8692,487,20,6.09
895.811919,8801,8748,110,20,6.09
895.911918,8648,8832,110,20,6.09
896.011919,8208,8476,110,20,6.09
896.111918,8211,8100,110,20,6.06
896.211919,8512,8348,117,20,6.06
896.311918,8640,8584,117,20,6.06
896.411918,8362,8568,117,20,6.07
896.511919,7862,8136,713,20,6.07
896.611938,8143,7896,713,20,6.07
896.711918,8325,8248,713,20,6.07
896.811918,8298,8324,0,20,6.07
896.911926,8167,8292,0,20,6.09
897.011919,8248,8172,0,20,6.09
897.111918,8450,8376,0,20,6.07
897.211932,8158,8316,450,20,6.07
897.311927,8278,8180,450,20,6.07
897.411931,8312,8288,450,20,6.09
897.511919,8236,8292,342,20,6.09
897.61195,8259,8252,342,20,6.09
897.711918,8269,8240,342,20,6.09
897.811926,8304,8288,133,20,6.09
897.911918,8168,8288,133,20,6.09
898.011917,8238,8204,133,20,6.09
898.111917,8298,8236,133,20,6.09
898.211919,8282,8296,0,20,6.09
898.311917,8174,8212,0,20,6.09
898.411918,8165,8212,0,20,6.09
898.511924,8283,8212,204,20,6.09
898.611922,8237,8340,204,20,6.09
898.711918,7802,8000,204,20,6.03
898.81192,8120,7936,684,20,6.03
898.91192,8647,8324,684,20,6
899.011918,8475,8632,684,20,6
899.111917,7731,8232,684,20,5.98
899.211919,7754,7764,208,20,5.98
899.311917,8048,7792,208,20,5.98
899.411918,8449,8284,208,20,6.02
899.511921,8480,8420,122,20,6.02
899.611918,8248,8368,122,20,6.02
899.711917,8258,8248,122,20,6.08
899.811918,8204,8232,129,20,6.08
899.911918,8201,8184,129,20,6.1
900.011918,8300,8224,129,20,6.1
900.111917,8356,8300,129,20,6.08
900.211917,8424,8428,569,20,6.08
900.311917,8185,8340,569,20,6.08
900.411917,8523,8260,569,20,6.03
900.511927,8754,8640,506,20,6.03
900.611918,8542,8688,506,20,6.03
900.711916,8475,8480,506,20,6.09
900.811925,8501,8528,189,20,6.09
900.911917,8213,8432,189,20,6.06
901.011918,8017,8104,189,20,6.06
901.111917,8394,8172,189,20,6.04
901.211922,8319,8444,230,20,6.04
901.311916,7992,8072,230,20,6.04
901.411918,8372,8240,230,20,6.04
901.511925,8399,8412,203,20,6.04
901.611917,8032,8232,203,20,6.04
901.711926,7942,7936,203,20,6.07
901.811917,8289,8096,284,20,6.07
901.911917,8328,8332,284,20,6.09
902.011926,8342,8312,284,20,6.09
902.111917,8270,8352,284,20,6.07
902.211918,8092,8200,233,20,6.07
902.311918,8276,8176,233,20,6.07
902.411918,8218,8340,233,20,6.08
902.511917,7920,8064,356,20,6.08
902.611919,8240,7892,356,20,6.08
902.711932,8680,8408,356,20,6.03
902.811921,8580,8652,185,20,6.03
902.911918,8584,8600,185,20,6.09
903.011934,8680,8492,185,20,6.09
903.111917,8620,8716,185,20,6.07
903.211951,8149,8432,462,20,6.07
903.311917,8041,8096,462,20,6.07
903.411932,8295,8016,462,20,6.07
903.511918,8585,8492,382,20,6.07
903.611934,8354,8504,382,20,6.07
903.711938,8189,8256,382,20,6.08
903.81192,8349,8212,214,20,6.08
903.911917,8326,8368,214,20,6.07
904.011918,8237,8244,214,20,6.07
904.111917,8528,8384,214,20,6.06
904.211917,8445,8476,433,20,6.06
904.311918,8116,8336,433,20,6.06
904.411917,8178,8160,433,20,6.09
904.511916,8169,8176,180,20,6.09
904.611918,8398,8264,180,20,6.09
904.711922,8660,8440,180,20,6.05
904.811918,8114,8460,1010,20,6.05
904.911933,8183,8104,1010,20,6.09
905.011917,8286,8308,1010,20,6.09
905.111931,7800,8060,1010,20,6.01
905.211918,8399,7940,1332,20,6.01
905.311946,8335,8444,1332,20,6.01
905.411918,8225,8308,1332,20,6.09
905.511934,8227,8188,342,20,6.09
905.611928,8146,8220,342,20,6.09
905.711928,7944,8092,342,20,6.03
905.811917,8110,7916,163,20,6.03
905.911917,8208,8216,163,20,6.08
906.011919,8309,8280,163,20,6.08
906.111919,8147,8204,163,20,6.05
906.211919,8458,8228,412,20,6.05
906.311918,8517,8528,412,20,6.05
906.411919,8444,8448,412,20,6.05
906.511919,8376,8448,462,20,6.05
906.61192,8419,8364,462,20,6.05
906.71193,8532,8448,462,20,6.08
906.81192,8590,8552,235,20,6.08
906.911917,8535,8572,235,20,6.09
907.011919,8631,8544,235,20,6.09
907.111918,8618,8640,235,20,6.09
907.211918,8544,8572,211,20,6.09
907.311918,8738,8620,211,20,6.09
907.411918,8931,8844,211,20,6.06
907.511919,8511,8756,675,20,6.06
907.611919,8653,8524,675,20,6.06
907.711919,8761,8708,675,20,6.06
907.811919,8712,8728,56,20,6.06
907.911918,8587,8680,56,20,6.06
908.011919,8325,8492,56,20,6.06
908.111918,8101,8284,56,20,6.05
908.211918,7811,8008,220,20,6.05
908.311919,7749,7672,220,20,6.05
908.411918,8753,8028,220,20,5.97
908.511918,8940,8960,116,20,5.97
908.611918,8579,8740,116,20,5.97
908.711918,8659,8572,116,20,6.09
908.811919,8520,8544,8,20,6.09
908.911918,8320,8416,8,20,6.07
909.011926,8503,8380,8,20,6.07
909.111919,8434,8536,8,20,6.09
909.211918,8373,8376,252,20,6.09
909.311928,8482,8556,252,20,6.09
909.41192,7874,8132,252,20,6.02
909.511919,8076,7932,42,20,6.02
909.61192,8217,8092,42,20,6.02
909.711921,8331,8196,42,20,6.09
909.811918,8531,8432,476,20,6.09
909.911918,8462,8580,476,20,6.08
910.011918,8663,8508,476,20,6.08
910.111935,8176,8536,476,20,6.02
910.21192,7990,8048,377,20,6.02
910.31195,8020,8052,377,20,6.02
910.411917,8110,8040,377,20,6.07
910.511936,8133,8104,83,20,6.07
910.61192,8338,8288,83,20,6.07
910.711919,8085,8308,83,20,6.03
910.811921,8105,8052,119,20,6.03
910.911944,8533,8288,119,20,6.06
911.011925,8520,8564,119,20,6.06
911.11192,8388,8436,119,20,6.07
911.211927,8436,8392,0,20,6.07
911.31192,8578,8516,0,20,6.07
911.411922,8375,8508,0,20,6.06
911.511925,8336,8364,136,20,6.06
911.61192,8505,8308,136,20,6.06
911.711918,8548,8484,136,20,6.07
911.811919,8552,8568,87,20,6.07
911.911919,8593,8596,87,20,6.08
912.011922,8420,8592,87,20,6.08
912.111918,8437,8404,87,20,6.08
912.211922,8547,8524,249,20,6.08
912.311919,8332,8408,249,20,6.08
912.411919,8461,8372,249,20,6.08
912.511919,8573,8504,254,20,6.08
912.611919,8325,8512,254,20,6.08
912.711919,8329,8336,254,20,6.09
912.811919,8372,8336,49,20,6.09
912.911919,8372,8368,49,20,6.09
913.011918,8105,8316,49,20,6.09
913.111921,8168,8064,49,20,6.07
913.211918,8225,8244,102,20,6.07
913.311939,8136,8200,102,20,6.07
913.411919,8127,8136,102,20,6.09
913.511947,8119,8136,64,20,6.09
913.611918,8210,8168,64,20,6.09
913.711918,8122,8160,64,20,6.06
913.811918,8216,8136,51,20,6.06
913.911919,8363,8228,51,20,6.07
914.011919,8598,8460,51,20,6.07
914.11192,8923,8752,51,20,6.06
914.211921,8381,8764,663,20,6.06
914.311917,8234,8260,663,20,6.06
914.411918,8287,8336,663,20,6.07
914.511917,8070,8140,136,20,6.07
914.611918,8117,8132,136,20,6.07
914.711928,8189,8128,136,20,6.05
914.811919,8674,8376,522,20,6.05
914.911919,8488,8676,522,20,6.06
915.011919,8342,8416,522,20,6.06
915.111918,8590,8428,522,20,6.06
915.211918,8584,8608,156,20,6.06
915.311919,8356,8520,156,20,6.06
915.411918,8256,8352,156,20,6.08
915.511926,8340,8304,146,20,6.08
915.611917,8236,8268,146,20,6.08
915.711923,7983,8144,146,20,6.04
915.811918,8066,8036,185,20,6.04
915.911918,8050,8076,185,20,6.08
916.011919,8077,8024,185,20,6.08
916.111918,8088,8060,185,20,6.08
916.211918,8307,8128,344,20,6.08
916.311917,8258,8312,344,20,6.08
916.411919,8278,8268,344,20,6.08
916.511918,8402,8392,150,20,6.08
916.611921,8045,8300,150,20,6.08
916.711917,7907,7960,150,20,6.06
916.811919,8056,7964,39,20,6.06
916.911918,8344,8144,39,20,6.04
917.011918,8307,8400,39,20,6.04
917.111917,8216,8200,39,20,6.08
917.211919,8477,8304,278,20,6.08
917.311926,8653,8536,278,20,6.08
917.41192,8514,8640,278,20,6.09
917.511918,7983,8304,1028,20,6.09
917.611926,8161,8092,1028,20,6.09
917.711917,8183,8180,1028,20,6.09
917.811919,8423,8272,336,20,6.09
917.911917,8267,8424,336,20,6.07
918.011919,8107,8224,336,20,6.07
918.111917,8341,8256,336,20,6.05
918.211918,8374,8204,133,20,6.05
918.311918,9121,8776,133,20,6.05
918.41193,8593,8844,133,20,5.97
918.511918,8720,8596,139,20,5.97
918.611936,8703,8804,139,20,5.97
918.711919,8340,8552,139,20,6.06
918.811943,8109,8236,487,20,6.06
918.911919,8300,8208,487,20,6.05
919.011975,8142,8268,487,20,6.05
919.111918,8144,8036,487,20,6.08
919.211934,8448,8336,307,20,6.08
919.311918,8259,8400,307,20,6.08
919.411927,8323,8236,307,20,6.08
919.511919,8373,8360,6,20,6.08
919.611919,8279,8256,6,20,6.08
919.711918,8221,8264,6,20,6.07
919.811918,8454,8268,423,20,6.07
919.911917,8489,8472,423,20,6.08
920.011919,8137,8432,423,20,6.08
920.111917,8166,8056,423,20,6.07
920.211919,8337,8256,122,20,6.07
920.311919,8570,8444,122,20,6.07
920.411929,8529,8612,122,20,6.07
920.511928,8257,8384,273,20,6.07
920.611919,8362,8328,273,20,6.07
920.711917,8346,8308,273,20,6.09
920.811927,8412,8392,281,20,6.09
920.911919,8568,8456,281,20,6.03
921.011919,8441,8476,281,20,6.03
921.111918,8322,8396,281,20,6.06
921.211918,8561,8324,104,20,6.06
921.311917,8625,8652,104,20,6.06
921.411918,8440,8584,104,20,6.08
921.511917,8275,8344,42,20,6.08
921.611921,8201,8228,42,20,6.08
921.711919,8040,8128,42,20,6.07
921.811919,8242,8104,281,20,6.07
921.911918,8210,8252,281,20,6.09
922.01192,8080,8156,281,20,6.09
922.111917,8191,8100,281,20,6.08
922.211918,8256,8248,192,20,6.08
922.31192,8101,8180,192,20,6.08
922.411919,8227,8104,192,20,6.08
922.511917,8290,8268,92,20,6.08
922.611927,8134,8208,92,20,6.08
922.711918,7961,7980,92,20,6.05
922.811919,8244,8072,302,20,6.05
922.911918,8228,8272,302,20,6.09
923.01192,7789,8124,302,20,6.09
923.111917,7497,7588,302,20,6.02
923.211937,7591,7472,58,20,6.02
923.31192,8157,7796,58,20,6.02
923.411938,8204,8212,58,20,6.08
923.511917,8314,8200,324,20,6.08
923.611952,8498,8392,324,20,6.08
923.711918,8503,8544,324,20,6.07
923.811946,8552,8504,187,20,6.07
923.911926,8788,8608,187,20,6
924.01192,8454,8728,187,20,6
924.111919,8213,8372,187,20,6.03
924.211919,8171,8132,629,20,6.03
924.311917,8254,8176,629,20,6.03
924.411919,8329,8200,629,20,6.04
924.511924,8669,8528,612,20,6.04
924.611919,8523,8688,612,20,6.04
924.711918,8410,8420,612,20,6.06
924.81192,8525,8472,121,20,6.06
924.911926,8555,8548,121,20,6.07
925.011918,8493,8544,121,20,6.07
925.111918,8440,8484,121,20,6.09
925.211919,8458,8456,95,20,6.09
925.311926,8400,8440,95,20,6.09
925.411919,8355,8352,95,20,6.09
925.511918,8432,8368,199,20,6.09
925.61192,8459,8436,199,20,6.09
925.711918,8319,8396,199,20,6.07
925.81192,8409,8344,218,20,6.07
925.911918,8388,8388,218,20,6.09
926.01192,8400,8396,218,20,6.09
926.111918,8379,8396,218,20,6.09
926.211929,8362,8368,87,20,6.09
926.311918,8399,8364,87,20,6.09
926.411931,8421,8400,87,20,6.09
926.511918,8410,8424,153,20,6.09
926.611919,8394,8396,153,20,6.09
926.711919,8418,8404,153,20,6.08
926.811918,8394,8420,148,20,6.08
926.911918,8347,8360,148,20,6.07
927.011921,8459,8392,148,20,6.07
927.111919,8515,8472,148,20,6.08
927.211919,8423,8520,298,20,6.08
927.311918,8263,8344,298,20,6.08
927.411919,8259,8272,298,20,6.08
927.511917,8377,8308,15,20,6.08
927.611919,8363,8368,15,20,6.08
927.711926,8416,8412,15,20,6.07
927.811919,8206,8308,382,20,6.07
927.911918,8204,8172,382,20,6.08
928.011939,8321,8244,382,20,6.08
928.111917,8409,8392,382,20,6.09
928.211919,8297,8344,88,20,6.09
928.311918,8322,8312,88,20,6.09
928.411926,8240,8296,88,20,6.09
928.511917,8253,8216,54,20,6.09
928.611917,8296,8284,54,20,6.09
928.711918,8200,8256,54,20,6.09
928.811918,8172,8176,124,20,6.09
928.911918,8183,8172,124,20,6.09
929.011918,8330,8236,124,20,6.09
929.111917,8340,8328,124,20,6.09
929.211919,8255,8332,35,20,6.09
929.311918,8226,8260,35,20,6.09
929.411918,8217,8228,35,20,6.09
929.511917,8209,8236,146,20,6.09
929.611917,8186,8184,146,20,6.09
929.711937,8314,8252,146,20,6.09
929.811921,8337,8360,17,20,6.09
929.911918,8501,8388,17,20,6.06
930.011919,8423,8484,17,20,6.06
930.111918,8298,8336,17,20,6.07
930.211918,8423,8336,305,20,6.07
930.311918,8403,8404,305,20,6.07
930.411919,8358,8372,305,20,6.09
930.511919,8419,8396,174,20,6.09
930.611919,8482,8448,174,20,6.09
930.711926,8496,8484,174,20,6.09
930.811925,8522,8484,122,20,6.09
930.911917,8474,8504,122,20,6.08
931.011919,8472,8484,122,20,6.08
931.111918,8425,8428,122,20,6.08
931.21192,8435,8428,66,20,6.08
931.311919,8489,8448,66,20,6.08
931.411918,8630,8508,66,20,6.07
931.511918,8497,8604,18,20,6.07
931.611918,8382,8460,18,20,6.07
931.711917,8215,8340,18,20,6.06
931.811918,8292,8204,52,20,6.06
931.911927,8442,8352,52,20,6.05
932.011917,8418,8448,52,20,6.05
932.111918,8342,8368,52,20,6.07
932.21192,8358,8320,204,20,6.07
932.311919,8291,8328,204,20,6.07
932.411918,8228,8248,204,20,6.08
932.511918,8235,8252,5,20,6.08
932.61196,8391,8288,5,20,6.08
932.711956,8303,8408,5,20,6.09
932.811919,8111,8180,216,20,6.09
932.91193,8178,8168,216,20,6.09
933.011919,8192,8228,216,20,6.09
933.111932,8078,8168,216,20,6.08
933.211919,8343,8084,267,20,6.08
933.311952,8730,8524,267,20,6.08
933.411919,8523,8716,267,20,6.09
933.511927,8021,8272,894,20,6.09
933.611922,8313,8128,894,20,6.09
933.711923,8509,8368,894,20,6.08
933.811919,8575,8548,90,20,6.08
933.911919,8381,8556,90,20,6.09
934.011919,8356,8344,90,20,6.09
934.111925,8364,8376,90,20,6.08
934.211919,8229,8208,496,20,6.08
934.311918,8501,8328,496,20,6.08
934.411918,8624,8496,496,20,6.06
934.51192,8302,8552,559,20,6.06
934.611919,8362,8252,559,20,6.06
934.71192,8239,8356,559,20,6.08
934.811919,8201,8252,51,20,6.08
934.91192,8472,8276,51,20,6.07
935.011918,8434,8540,51,20,6.07
935.111925,8345,8368,51,20,6.08
935.21192,8477,8408,223,20,6.08
935.311919,8219,8420,223,20,6.08
935.411918,8211,8236,223,20,6.09
935.511918,8162,8212,122,20,6.09
935.611918,8273,8180,122,20,6.09
935.711918,8387,8336,122,20,6.06
935.811919,8456,8448,151,20,6.06
935.911919,8368,8396,151,20,6.06
936.01192,8349,8364,151,20,6.06
936.11193,8269,8284,151,20,6.07
936.211919,8357,8340,56,20,6.07
936.311953,8182,8308,56,20,6.07
936.411918,8369,8208,56,20,6.05
936.511939,8511,8500,168,20,6.05
936.61192,8397,8436,168,20,6.05
936.711934,8560,8468,168,20,6.09
936.811921,8046,8540,312,20,6.09
936.911916,8015,7872,312,20,6.09
937.011917,7941,8040,312,20,6.09
937.111926,8167,8060,312,20,6.03
937.211918,8388,8276,298,20,6.03
937.311918,8409,8368,298,20,6.03
937.411928,8535,8452,298,20,6.07
937.511918,8505,8520,44,20,6.07
937.611919,8679,8624,44,20,6.07
937.711927,8542,8624,44,20,6.09
937.811919,8098,8372,530,20,6.09
937.911919,8006,7984,530,20,6.08
938.011918,8016,7964,530,20,6.08
938.111926,8254,8108,530,20,6.05
938.211917,8202,8252,131,20,6.05
938.311918,8275,8252,131,20,6.05
938.411918,8426,8340,131,20,6.08
938.511917,8220,8392,324,20,6.08
938.611918,8242,8192,324,20,6.08
938.711919,8273,8264,324,20,6.08
938.811919,8446,8380,250,20,6.08
938.911918,8398,8460,250,20,6.08
939.011918,8482,8424,250,20,6.08
939.111919,8421,8472,250,20,6.09
939.211919,8379,8368,139,20,6.09
939.311918,8382,8380,139,20,6.09
939.41192,8445,8420,139,20,6.08
939.511918,8359,8412,209,20,6.08
939.611918,8282,8356,209,20,6.08
939.711918,8462,8316,209,20,6.04
939.811919,8227,8356,375,20,6.04
939.911926,8136,8168,375,20,6.07
940.011919,8261,8128,375,20,6.07
940.111917,8574,8444,375,20,6.04
940.211919,8683,8624,220,20,6.04
940.311918,8675,8672,220,20,6.04
940.41192,8729,8700,220,20,6.09
940.511917,8652,8812,81,20,6.09
940.61192,8360,8516,81,20,6.09
940.711918,8232,8304,81,20,6.08
940.81192,8094,8108,336,20,6.08
940.911919,8406,8284,336,20,6.06
941.011919,8315,8340,336,20,6.06
941.111918,8110,8268,336,20,6.08
941.211918,7979,8076,49,20,6.08
941.311918,8389,8072,49,20,6.08
941.41192,8227,8456,49,20,6.08
941.511918,7857,7984,848,20,6.08
941.611918,8389,8004,848,20,6.08
941.711924,8425,8528,848,20,6.09
941.811923,8371,8360,107,20,6.09
941.911918,8520,8412,107,20,6.07
942.011922,8368,8528,107,20,6.07
942.111917,8337,8344,107,20,6.08
942.211919,8431,8384,191,20,6.08
942.311919,8409,8436,191,20,6.08
942.411947,8378,8420,191,20,6.09
942.511919,8344,8376,88,20,6.09
942.611947,8264,8296,88,20,6.09
942.711918,8273,8252,88,20,6.08
942.811919,8339,8280,59,20,6.08
942.911918,8476,8408,59,20,6.08
943.01192,8477,8472,59,20,6.08
943.111919,8557,8528,59,20,6.06
943.211919,8537,8524,267,20,6.06
943.311918,8643,8556,267,20,6.06
943.41192,8657,8664,267,20,6.06
943.511917,8403,8556,472,20,6.06
943.61192,7876,8204,472,20,6.06
943.711925,7852,7888,472,20,6.09
943.811919,8364,8024,929,20,6.09
943.91192,8695,8568,929,20,6.05
944.011919,8656,8680,929,20,6.05
944.111918,8502,8632,929,20,6.06
944.211919,8402,8460,39,20,6.06
944.311918,8195,8268,39,20,6.06
944.411919,8518,8320,39,20,6.06
944.511918,8735,8608,479,20,6.06
944.611918,8730,8736,479,20,6.06
944.711919,8574,8736,479,20,6.08
944.81192,8308,8492,197,20,6.08
944.911918,8292,8212,197,20,6.09
945.01192,8411,8412,197,20,6.09
945.111919,8628,8592,197,20,6.01
945.211919,8250,8496,540,20,6.01
945.311918,8318,8172,540,20,6.01
945.411919,8505,8424,540,20,6.07
945.511917,8307,8440,303,20,6.07
945.61193,8075,8200,303,20,6.07
945.711917,8255,8092,303,20,6.07
945.811919,8341,8360,221,20,6.07
945.911936,8139,8304,221,20,6.09
946.011918,8192,7984,221,20,6.09
946.111917,8409,8324,221,20,6.07
946.211918,8008,8316,346,20,6.07
946.311918,8137,8056,346,20,6.07
946.411918,8087,8112,346,20,6.09
946.511917,8485,8096,278,20,6.09
946.611924,8564,8668,278,20,6.09
946.711917,7680,8268,278,20,5.98
946.811921,8014,7692,346,20,5.98
946.911918,8263,8104,346,20,6.07
947.011946,8163,8228,346,20,6.07
947.111917,8312,8260,346,20,6.08
947.211945,8569,8464,286,20,6.08
947.311918,8403,8468,286,20,6.08
947.411935,8274,8336,286,20,6.06
947.511918,8545,8416,353,20,6.06
947.611918,8474,8520,353,20,6.06
947.711919,8475,8460,353,20,6.09
947.811918,8448,8476,175,20,6.09
947.911917,8394,8428,175,20,6.09
948.011917,8517,8424,175,20,6.09
948.111938,8505,8520,175,20,6.09
948.211918,8308,8436,116,20,6.09
948.311917,8257,8252,116,20,6.09
948.411919,8230,8256,116,20,6.08
948.511918,8101,8188,467,20,6.08
948.611919,8137,8096,467,20,6.08
948.711918,8274,8184,467,20,6.08
948.811919,8369,8308,189,20,6.08
948.911918,8418,8380,189,20,6.09
949.011919,8459,8492,189,20,6.09
949.111916,8444,8452,189,20,6.09
949.211947,8494,8460,44,20,6.09
949.311918,8344,8448,44,20,6.09
949.411959,8338,8336,44,20,6.08
949.511918,8239,8296,68,20,6.08
949.611947,8234,8212,68,20,6.08
949.711918,8211,8224,68,20,6.08
949.811934,8008,8044,365,20,6.08
949.911919,8221,8144,365,20,6.05
950.011919,8162,8200,365,20,6.05
950.111917,8326,8224,365,20,6.08
950.211921,8296,8340,127,20,6.08
950.311917,8347,8304,127,20,6.08
950.411918,8353,8328,127,20,6.08
950.511918,8472,8424,298,20,6.08
950.611918,8260,8404,298,20,6.08
950.711918,8355,8224,298,20,6.08
950.811918,8431,8440,145,20,6.08
950.911919,8398,8444,145,20,6.08
951.011919,8189,8352,145,20,6.08
951.111917,8129,8160,145,20,6.07
951.211917,8217,8140,203,20,6.07
951.311918,8375,8280,203,20,6.07
951.411919,8509,8392,203,20,6.09
951.511919,8472,8524,102,20,6.09
951.611919,8369,8476,102,20,6.09
951.711922,8240,8264,102,20,6.08
951.811918,8317,8176,138,20,6.08
951.911919,8551,8420,138,20,6.07
952.011918,8458,8536,138,20,6.07
952.111933,8609,8468,138,20,6.07
952.211918,8786,8688,424,20,6.07
952.311946,8591,8756,424,20,6.07
952.411919,8141,8456,424,20,6.03
952.511919,7667,7944,750,20,6.03
952.611918,8057,7688,750,20,6.03
952.711917,8571,8292,750,20,6.03
952.811919,8588,8640,228,20,6.03
952.911918,8454,8516,228,20,6.09
953.011919,8357,8408,228,20,6.09
953.111919,8524,8364,228,20,6.09
953.211919,8654,8544,189,20,6.09
953.311918,8602,8652,189,20,6.09
953.41192,8315,8580,189,20,6.07
953.511919,8155,8276,431,20,6.07
953.611918,8268,8216,431,20,6.07
953.711918,8195,8256,431,20,6.07
953.811918,8319,8244,233,20,6.07
953.911918,8426,8340,233,20,6.08
954.011921,8531,8504,233,20,6.08
954.111918,8509,8484,233,20,6.08
954.211918,8541,8596,348,20,6.08
954.311919,8473,8440,348,20,6.08
954.411919,8337,8436,348,20,6.07
954.511919,8196,8256,327,20,6.07
954.611919,8253,8188,327,20,6.07
954.711925,8382,8280,327,20,6.06
954.811919,8323,8332,100,20,6.06
954.911916,8063,8248,100,20,6.04
955.011918,8168,8076,100,20,6.04
955.111916,8229,8208,100,20,6.08
955.211917,8353,8292,162,20,6.08
955.311918,8420,8424,162,20,6.08
955.411928,8247,8364,162,20,6.07
955.511918,8175,8132,220,20,6.07
955.61192,8303,8232,220,20,6.07
955.711927,8337,8320,220,20,6.06
955.811919,8336,8296,105,20,6.06
955.911919,8412,8396,105,20,6.09
956.011919,8345,8364,105,20,6.09
956.111919,8380,8376,105,20,6.09
956.211919,8381,8376,75,20,6.09
956.311917,8478,8392,75,20,6.09
956.411919,8599,8504,75,20,6.04
956.511917,8636,8592,76,20,6.04
956.611919,8573,8640,76,20,6.04
956.711923,8412,8528,76,20,6.09
956.811927,8435,8360,46,20,6.09
956.91192,8539,8456,46,20,6.08
957.011918,8292,8560,46,20,6.08
957.111918,7949,8172,46,20,6.05
957.211917,8109,7904,296,20,6.05
957.311918,8407,8348,296,20,6.05
957.411918,8243,8364,296,20,6.06
957.51192,7882,8004,511,20,6.06
957.611921,8118,7980,511,20,6.06
957.711917,8370,8212,511,20,6.06
957.811919,8411,8420,308,20,6.06
957.911917,8408,8448,308,20,6.08
958.011917,8284,8396,308,20,6.08
958.111918,8241,8312,308,20,6.08
958.211917,8307,8148,276,20,6.08
958.311919,8485,8488,276,20,6.08
958.411919,8082,8292,276,20,6.02
958.511917,8256,8136,400,20,6.02
958.611919,8488,8408,400,20,6.02
958.711918,8298,8392,400,20,6.07
958.811917,8150,8204,25,20,6.07
958.911918,8191,8148,25,20,6.08
959.011921,8254,8192,25,20,6.08
959.111917,8203,8256,25,20,6.09
959.211918,8286,8252,303,20,6.09
959.311918,8436,8308,303,20,6.09
959.411919,8128,8444,303,20,6.1
959.511918,7835,7900,540,20,6.1
959.611918,8088,7920,540,20,6.1
959.711919,8117,8140,540,20,6.08
959.811917,8362,8200,327,20,6.08
959.911918,8258,8356,327,20,6.08
960.011919,8131,8260,327,20,6.08
960.111918,8228,8056,327,20,6.08
960.211918,8482,8388,269,20,6.08
960.311918,8267,8376,269,20,6.08
960.411918,8322,8268,269,20,6.09
960.511919,8485,8392,261,20,6.09
960.611919,8561,8524,261,20,6.09
960.711919,8473,8548,261,20,6.09
960.811918,8395,8448,167,20,6.09
960.911921,8392,8352,167,20,6.08
961.011919,8429,8400,167,20,6.08
961.11193,8422,8444,167,20,6.09
961.211919,8464,8408,49,20,6.09
961.311952,8397,8464,49,20,6.09
961.411918,8392,8400,49,20,6.07
961.511934,8430,8420,0,20,6.07
961.611939,8445,8436,0,20,6.07
961.711918,8383,8400,0,20,6.07
961.811955,8470,8396,177,20,6.07
961.911919,8445,8480,177,20,6.09
962.011934,8425,8424,177,20,6.09
962.111918,8437,8444,177,20,6.08
962.211919,8544,8472,319,20,6.08
962.311934,8441,8484,319,20,6.08
962.411919,8464,8448,319,20,6.08
962.511948,8494,8460,95,20,6.08
962.611919,8542,8508,95,20,6.08
962.711918,8366,8432,95,20,6.07
962.811918,8385,8380,129,20,6.07
962.911919,8393,8380,129,20,6.08
963.011918,8347,8388,129,20,6.08
963.111917,8344,8340,129,20,6.09
963.211917,8390,8364,56,20,6.09
963.311918,8333,8392,56,20,6.09
963.411919,8297,8344,56,20,6.09
963.511917,8281,8312,278,20,6.09
963.611918,8287,8284,278,20,6.09
963.711926,8339,8328,278,20,6.08
963.811917,8336,8324,83,20,6.08
963.911918,8043,8400,83,20,6.08
964.011935,8272,8036,83,20,6.08
964.111918,8277,8352,83,20,6.07
964.211918,8193,8236,276,20,6.07
964.311917,8160,8148,276,20,6.07
964.411935,8067,8108,276,20,6.05
964.511916,8371,8160,464,20,6.05
964.611919,8339,8420,464,20,6.05
964.711917,8319,8308,464,20,6.09
964.811935,8137,8244,228,20,6.09
964.911917,8041,8156,228,20,6.09
965.011918,8084,8072,228,20,6.09
965.111918,8139,8056,228,20,6.09
965.211918,8254,8208,269,20,6.09
965.311918,8291,8248,269,20,6.09
965.411919,8437,8360,269,20,6.07
965.511917,8228,8320,395,20,6.07
965.611919,8378,8280,395,20,6.07
965.711918,8333,8388,395,20,6.09
965.811918,8232,8284,170,20,6.09
965.911917,8241,8232,170,20,6.09
966.011918,8281,8244,170,20,6.09
966.111917,8347,8312,170,20,6.09
966.21192,8354,8332,61,20,6.09
966.311918,8507,8488,61,20,6.09
966.411935,8302,8356,61,20,6.07
966.511918,8130,8276,97,20,6.07
966.611918,8315,8160,97,20,6.07
966.711918,8482,8404,97,20,6.08
966.811919,8407,8468,39,20,6.08
966.911927,8392,8408,39,20,6.09
967.01192,8524,8444,39,20,6.09
967.111917,8376,8452,39,20,6.07
967.211933,8152,8240,412,20,6.07
967.311917,8356,8248,412,20,6.07
967.411918,8477,8432,412,20,6.07
967.511919,8416,8472,80,20,6.07
967.611935,8266,8384,80,20,6.07
967.711918,8231,8248,80,20,6.09
967.811922,8495,8296,279,20,6.09
967.911918,8509,8540,279,20,6.09
968.011948,8558,8508,279,20,6.09
968.111918,8368,8476,279,20,6.05
968.211921,8097,8288,192,20,6.05
968.311917,8789,8276,192,20,6.05
968.411936,8547,8720,192,20,6.06
968.511918,8290,8492,506,20,6.06
968.611921,8309,8220,506,20,6.06
968.711926,8290,8388,506,20,6.07
968.811935,8202,8292,97,20,6.07
968.911919,8065,8080,97,20,6.07
969.011918,8369,8068,97,20,6.07
969.111926,8718,8612,97,20,6.03
969.211935,8887,8856,310,20,6.03
969.311918,8470,8772,310,20,6.03
969.411918,8563,8476,310,20,6.07
969.511918,8191,8540,324,20,6.07
969.611937,7772,7852,324,20,6.07
969.71192,8189,7856,324,20,6.05
969.811918,8437,8416,167,20,6.05
969.911925,8169,8312,167,20,6.04
970.011934,8012,8124,167,20,6.04
970.111918,8129,8032,167,20,6.04
970.211919,8257,8244,105,20,6.04
970.311918,8086,8232,105,20,6.04
970.411935,8132,8064,105,20,6.09
970.511918,8130,8176,81,20,6.09
970.611918,7786,7988,81,20,6.09
970.711918,7913,7768,81,20,6.08
970.811935,8177,8012,194,20,6.08
970.911917,8329,8344,194,20,6.08
971.011918,8331,8280,194,20,6.08
971.111925,8372,8360,194,20,6.09
971.211935,8410,8400,68,20,6.09
971.311917,8331,8356,68,20,6.09
971.411918,8230,8320,68,20,6.09
971.511919,8132,8164,211,20,6.09
971.611936,8165,8200,211,20,6.09
971.711918,8201,8152,211,20,6.09
971.811919,8166,8224,138,20,6.09
971.911921,8387,8240,138,20,6.07
972.011934,8428,8448,138,20,6.07
972.11194,8282,8348,138,20,6.09
972.211918,8489,8332,266,20,6.09
972.311935,8476,8536,266,20,6.09
972.411936,8537,8504,266,20,6.09
972.511917,8755,8628,535,20,6.09
972.61192,8658,8656,535,20,6.09
972.711919,8384,8620,535,20,6.05
972.811935,7932,8172,733,20,6.05
972.911925,8291,8044,733,20,6.06
973.011919,8791,8480,733,20,6.06
973.111919,8605,8880,733,20,6.08
973.211935,8418,8420,165,20,6.08
973.311919,8442,8440,165,20,6.08
973.41192,8512,8440,165,20,6.09
973.511919,8529,8560,39,20,6.09
973.611937,8544,8540,39,20,6.09
973.711919,8471,8536,39,20,6.09
973.811919,8484,8464,54,20,6.09
973.911926,8527,8512,54,20,6.07
974.011935,8482,8508,54,20,6.07
974.111918,8171,8372,54,20,6.03
974.21192,8128,8108,356,20,6.03
974.311925,8249,8172,356,20,6.03
974.411937,8435,8304,356,20,6.07
974.511917,8729,8604,527,20,6.07
974.611919,8672,8784,527,20,6.07
974.711928,8194,8448,527,20,6.03
974.811937,8261,8152,223,20,6.03
974.911918,8226,8264,223,20,6.09
975.011952,8365,8220,223,20,6.09
975.111918,8266,8360,223,20,6.08
975.211953,8356,8272,191,20,6.08
975.311918,8276,8292,191,20,6.08
975.41192,8508,8364,191,20,6.06
975.511918,8538,8528,308,20,6.06
975.611954,8445,8488,308,20,6.06
975.711929,8472,8480,308,20,6.08
975.811959,8493,8472,0,20,6.08
975.911919,8525,8504,0,20,6.08
976.011936,8362,8472,0,20,6.08
976.111919,8227,8260,0,20,6.07
976.211918,8310,8328,11,20,6.07
976.311927,8212,8304,11,20,6.07
976.411937,8414,8292,11,20,6.06
976.511918,8582,8488,49,20,6.06
976.611918,8550,8580,49,20,6.06
976.711919,8357,8488,49,20,6.07
976.811937,8311,8280,129,20,6.07
976.91193,8453,8464,129,20,6.07
977.011919,8416,8416,129,20,6.07
977.111918,8380,8300,129,20,6.07
977.211935,8409,8428,39,20,6.07
977.31192,8153,8324,39,20,6.07
977.411928,8476,8296,39,20,6.06
977.511918,8574,8576,225,20,6.06
977.611937,8546,8592,225,20,6.06
977.711918,8336,8492,225,20,6.06
977.811918,8328,8236,156,20,6.06
977.911917,8558,8404,156,20,6.05
978.011936,8655,8624,156,20,6.05
978.111927,8438,8592,156,20,6.06
978.211918,8412,8392,110,20,6.06
978.311926,8352,8460,110,20,6.06
978.411937,8254,8260,110,20,6.08
978.511917,8440,8284,643,20,6.08
978.611919,8452,8380,643,20,6.08
978.711919,8600,8496,643,20,5.96
978.811937,8458,8664,189,20,5.96
978.911919,8341,8452,189,20,6.03
979.011919,8504,8308,189,20,6.03
979.111919,8339,8400,189,20,6.08
979.211942,8277,8248,329,20,6.08
979.311917,8350,8288,329,20,6.08
979.411918,8347,8324,329,20,6.09
979.511918,8271,8340,32,20,6.09
979.611935,8014,8232,32,20,6.09
979.71192,8368,8164,32,20,6.06
979.81192,8600,8432,856,20,6.06
979.911931,8465,8508,856,20,6.09
980.011937,8429,8440,856,20,6.09
980.111917,8426,8432,856,20,6.09
980.211919,8292,8412,273,20,6.09
980.31192,8401,8348,273,20,6.09
980.411936,8306,8324,273,20,6.07
980.511919,8327,8316,141,20,6.07
980.611921,8261,8352,141,20,6.07
980.711918,8204,8252,141,20,6.06
980.811937,8249,8192,100,20,6.06
980.911919,8322,8220,100,20,6.07
981.011918,8157,8344,100,20,6.07
981.111918,8096,8248,100,20,6.08
981.211936,8148,8156,107,20,6.08
981.311917,8352,8204,107,20,6.08
981.411919,8526,8336,107,20,6.06
981.511926,8613,8536,400,20,6.06
981.611935,8575,8628,400,20,6.06
981.711919,8423,8588,400,20,6.07
981.811917,8454,8416,0,20,6.07
981.911919,8651,8524,0,20,6.05
982.011936,8528,8632,0,20,6.05
982.111919,8244,8372,0,20,6.04
982.211919,8297,8184,549,20,6.04
982.311919,8367,8364,549,20,6.04
982.411937,8379,8332,549,20,6.09
982.511919,8459,8392,143,20,6.09
982.611918,8392,8416,143,20,6.09
982.711917,8387,8428,143,20,6.09
982.811938,8505,8448,196,20,6.09
982.911917,8325,8436,196,20,6.07
983.01192,8470,8388,196,20,6.07
983.111917,8342,8400,196,20,6.08
983.211977,8198,8336,192,20,6.08
983.311917,8061,8156,192,20,6.08
983.411974,8130,8088,192,20,6.08
983.511918,8396,8224,694,20,6.08
983.611946,8423,8324,694,20,6.08
983.711916,8269,8288,694,20,6.08
983.811935,8198,8208,209,20,6.08
983.911917,8103,8128,209,20,6.08
984.011936,8389,8176,209,20,6.08
984.111917,8227,8284,209,20,6.09
984.211918,8388,8192,83,20,6.09
984.311918,8282,8384,83,20,6.09
984.411936,8291,8332,83,20,6.08
984.511927,8290,8296,52,20,6.08
984.611919,8491,8264,52,20,6.08
984.711918,8635,8532,52,20,6.06
984.811936,8419,8540,305,20,6.06
984.911917,8130,8300,305,20,6.06
985.011919,8134,8008,305,20,6.06
985.111918,8464,8048,305,20,6.09
985.211935,8632,8516,418,20,6.09
985.311918,8238,8548,418,20,6.09
985.411927,8204,8272,418,20,6.09
985.511918,8500,8284,563,20,6.09
985.611935,8500,8540,563,20,6.09
985.711916,8234,8384,563,20,6.04
985.811918,8535,8308,429,20,6.04
985.911917,8515,8528,429,20,6.09
986.011936,8302,8420,429,20,6.09
986.111926,8056,8284,429,20,6.04
986.211919,8111,8076,527,20,6.04
986.311918,8501,8284,527,20,6.04
986.411944,8352,8500,527,20,6.07
986.511919,8335,8332,348,20,6.07
986.61192,8461,8344,348,20,6.07
986.711919,8637,8528,348,20,6.09
986.811935,8649,8632,469,20,6.09
986.911919,8686,8720,469,20,6.07
987.011918,8508,8640,469,20,6.07
987.111918,8360,8544,469,20,6.07
987.211944,7907,8280,832,20,6.07
987.311917,8282,7920,832,20,6.07
987.411916,8634,8368,832,20,6.08
987.511919,8726,8656,0,20,6.08
987.611943,8226,8736,0,20,6.08
987.711932,7761,8120,0,20,6
987.811918,8285,7892,182,20,6
987.911935,8582,8408,182,20,6.07
988.011936,8535,8572,182,20,6.07
988.111974,8304,8448,182,20,6.04
988.211918,8432,8344,262,20,6.04
988.311935,8396,8456,262,20,6.04
988.411936,8462,8464,262,20,6.09
988.51195,8401,8496,95,20,6.09
988.611918,8156,8328,95,20,6.09
988.711955,8291,8252,95,20,6.06
988.811938,8150,8304,237,20,6.06
988.911936,8305,8208,237,20,6.07
989.011919,8546,8356,237,20,6.07
989.111918,8569,8508,237,20,6.07
989.211937,8589,8532,245,20,6.07
989.311919,8335,8500,245,20,6.07
989.41192,8547,8356,245,20,6.07
989.51192,8556,8528,180,20,6.07
989.611936,8423,8488,180,20,6.07
989.711936,8368,8436,180,20,6.05
989.811919,8294,8400,172,20,6.05
989.911918,8479,8384,172,20,6.06
990.011936,8711,8500,172,20,6.06
990.111919,8355,8612,172,20,6.07
990.211927,8297,8300,257,20,6.07
990.311918,8500,8352,257,20,6.07
990.411937,8520,8492,257,20,6.09
990.511928,8524,8476,0,20,6.09
990.611921,8521,8472,0,20,6.09
990.711936,8475,8496,0,20,6.08
990.811938,8446,8520,105,20,6.08
990.91192,8446,8500,105,20,6.09
991.011919,8343,8456,105,20,6.09
991.11192,8202,8356,105,20,6.1
991.211939,8255,8184,105,20,6.1
991.311919,8399,8256,105,20,6.1
991.411919,8515,8396,105,20,6.05
991.511921,8544,8444,399,20,6.05
991.611938,8583,8488,399,20,6.05
991.71192,8488,8524,399,20,6.08
991.811919,8469,8480,73,20,6.08
991.911919,8396,8424,73,20,6.08
992.011935,8316,8340,73,20,6.08
992.111917,8321,8236,73,20,6.08
992.21192,8400,8272,209,20,6.08
992.311918,8372,8292,209,20,6.08
992.411938,8263,8296,209,20,6.07
992.51192,8146,8236,375,20,6.07
992.611919,8242,8152,375,20,6.07
992.711927,8316,8248,375,20,6.08
992.811937,8193,8284,385,20,6.08
992.911918,8295,8256,385,20,6.07
993.011918,8204,8352,385,20,6.07
993.111921,7997,8268,385,20,6.05
993.211936,7833,8032,278,20,6.05
993.311918,8089,7876,278,20,6.05
993.411917,8322,8168,278,20,6.03
993.511918,8111,8256,419,20,6.03
993.611935,8235,8180,419,20,6.03
993.711919,8267,8312,419,20,6.06
993.811928,8275,8308,107,20,6.06
993.911926,8345,8364,107,20,6.09
994.011937,8323,8416,107,20,6.09
994.111919,8271,8368,107,20,6.08
994.211918,8257,8324,126,20,6.08
994.311916,8385,8296,126,20,6.08
994.411937,8518,8424,126,20,6.07
994.511919,8520,8516,20,20,6.07
994.611918,8280,8428,20,20,6.07
994.711923,8335,8268,20,20,6.07
994.811944,8286,8304,397,20,6.07
994.911921,8289,8312,397,20,6.08
995.011919,8194,8296,397,20,6.08
995.111919,8300,8240,397,20,6.09
995.211937,8434,8356,329,20,6.09
995.311918,8340,8404,329,20,6.09
995.411917,8443,8340,329,20,6.07
995.511936,8531,8396,204,20,6.07
995.611935,8493,8460,204,20,6.07
995.711947,8334,8452,204,20,6.05
995.811918,8299,8344,257,20,6.05
995.911934,8435,8360,257,20,6.09
996.011937,8460,8456,257,20,6.09
996.111918,8339,8452,257,20,6.07
996.211918,8295,8360,356,20,6.07
996.311938,8343,8300,356,20,6.07
996.411934,8388,8328,356,20,6.08
996.511917,8332,8404,97,20,6.08
996.611918,8294,8384,97,20,6.08
996.711918,8316,8360,97,20,6.08
996.811945,8444,8364,68,20,6.08
996.911918,8386,8448,68,20,6.08
997.011919,8297,8364,68,20,6.08
997.111917,8409,8328,68,20,6.07
997.211935,8393,8392,98,20,6.07
997.311918,8283,8392,98,20,6.07
997.411919,8230,8308,98,20,6.05
997.511919,8372,8284,0,20,6.05
997.611935,8321,8368,0,20,6.05
997.711918,8346,8340,0,20,6.08
997.811929,8375,8356,27,20,6.08
997.911917,8484,8384,27,20,6.08
998.011935,8403,8452,27,20,6.08
998.111919,8354,8424,27,20,6.08
998.211919,8303,8408,313,20,6.08
998.311935,8323,8372,313,20,6.08
998.411936,8349,8384,313,20,6.09
998.511918,8330,8368,39,20,6.09
998.611919,8480,8372,39,20,6.09
998.711918,8333,8464,39,20,6.07
998.811953,8391,8376,145,20,6.07
998.911918,8350,8388,145,20,6.08
999.011919,8344,8392,145,20,6.08
999.111916,8321,8412,145,20,6.08
999.211935,8335,8404,39,20,6.08
999.311918,8417,8404,39,20,6.08
999.41192,8427,8416,39,20,6.08
999.511919,8347,8428,68,20,6.08
999.611936,8247,8384,68,20,6.08
999.711918,8190,8324,68,20,6.09
999.81193,8333,8292,283,20,6.09
999.911918,8501,8364,283,20,6.04
1000.011944,8280,8444,283,20,6.04
1000.111917,8153,8244,283,20,6.04
1000.211919,8206,8168,13,20,6.04
1000.311918,8279,8196,13,20,6.04
1000.411936,8242,8212,13,20,6.08
1000.511918,8149,8188,76,20,6.08
1000.611921,8380,8240,76,20,6.08
1000.711918,8469,8444,76,20,6.07
1000.811958,8484,8476,199,20,6.07
1000.911918,8556,8468,199,20,6.07
1001.011935,8447,8528,199,20,6.07
1001.111926,8432,8456,199,20,6.07
1001.211935,8374,8376,279,20,6.07
1001.311918,8212,8360,279,20,6.07
1001.411947,8281,8268,279,20,6.05
1001.511927,8291,8300,20,20,6.05
1001.611936,8293,8312,20,20,6.05
1001.711918,8231,8284,20,20,6.08
1001.81193,8414,8308,206,20,6.08
1001.911917,8357,8360,206,20,6.09
1002.011936,8423,8384,206,20,6.09
1002.111918,8303,8364,206,20,6.08
1002.21192,8272,8312,81,20,6.08
1002.311918,8253,8280,81,20,6.08
1002.411943,8369,8276,81,20,6.07
1002.511919,8377,8312,143,20,6.07
1002.611918,8375,8416,143,20,6.07
1002.711918,8596,8420,143,20,6.07
1002.81194,8613,8544,95,20,6.07
1002.911923,8426,8564,95,20,6.07
1003.011921,8399,8444,95,20,6.07
1003.111926,8523,8432,95,20,6.08
1003.211937,8354,8500,261,20,6.08
1003.311918,8292,8400,261,20,6.08
1003.41192,8437,8344,261,20,6.06
1003.51192,8572,8412,100,20,6.06
1003.611938,8471,8468,100,20,6.06
1003.71192,8436,8432,100,20,6.07
1003.811953,8455,8428,151,20,6.07
1003.911919,8279,8416,151,20,6.08
1004.011938,8254,8272,151,20,6.08
1004.111917,8262,8272,151,20,6.08
1004.211945,8270,8324,156,20,6.08
1004.311918,8329,8356,156,20,6.08
1004.411935,8329,8368,156,20,6.08
1004.511919,8178,8328,156,20,6.08
1004.611919,8254,8252,156,20,6.08
1004.711918,8330,8308,156,20,6.06
1004.811948,8366,8332,0,20,6.06
1004.911919,8362,8376,0,20,6.08
1005.01192,8419,8412,0,20,6.08
1005.111921,8390,8480,0,20,6.07
1005.211938,8288,8456,78,20,6.07
1005.31193,8281,8332,78,20,6.07
1005.411938,8151,8300,78,20,6.08
1005.511919,8109,8172,172,20,6.08
1005.611937,8111,8132,172,20,6.08
1005.711918,8113,8116,172,20,6.06
1005.81192,8117,8132,418,20,6.06
1005.911918,8147,8164,418,20,6.06
1006.011936,8104,8192,418,20,6.06
1006.111918,8013,8124,418,20,6.05
1006.211918,8030,8056,243,20,6.05
1006.311918,8401,8136,243,20,6.05
1006.411935,8525,8488,243,20,6.02
1006.511917,8029,8436,499,20,6.02
1006.611918,7801,7984,499,20,6.02
1006.711925,7948,7856,499,20,6.07
1006.811935,8135,7936,61,20,6.07
1006.911917,8224,8052,61,20,6.09
1007.011919,8085,8112,61,20,6.09
1007.111926,8114,8064,61,20,6.08
1007.211938,7990,8084,34,20,6.08
1007.311917,7935,8020,34,20,6.08
1007.411918,7932,7992,34,20,6.09
1007.511916,8126,8020,290,20,6.09
1007.611936,8282,8208,290,20,6.09
1007.711918,8035,8320,290,20,6.08
1007.811929,8188,8124,180,20,6.08
1007.911919,8349,8268,180,20,6.08
1008.011952,8631,8384,180,20,6.08
1008.111918,8724,8652,180,20,6.09
1008.211946,8483,8676,730,20,6.09
1008.311919,8127,8480,730,20,6.09
1008.411948,8471,8256,730,20,6.09
1008.511918,8861,8660,824,20,6.09
1008.611936,8602,8740,824,20,6.09
1008.711918,8654,8644,824,20,6.08
1008.811936,8601,8668,0,20,6.08
1008.911918,8475,8596,0,20,6.06
1009.011918,8407,8504,0,20,6.06
1009.111919,8277,8428,0,20,6.02
1009.211935,8347,8300,513,20,6.02
1009.311917,8335,8304,513,20,6.02
1009.411919,8487,8308,513,20,6.08
1009.511917,8453,8396,267,20,6.08
1009.611936,8601,8472,267,20,6.08
1009.711918,8724,8632,267,20,6.05
1009.811919,8380,8688,298,20,6.05
1009.911918,8323,8324,298,20,6.06
1010.011935,8638,8384,298,20,6.06
1010.111919,8731,8620,298,20,6.08
1010.211917,8276,8456,853,20,6.08
1010.311917,8223,8192,853,20,6.08
1010.411938,8561,8228,853,20,6.05
1010.511917,8812,8576,341,20,6.05
1010.61192,8744,8780,341,20,6.05
1010.711919,9108,8804,341,20,6.06
1010.811935,9142,9084,42,20,6.06
1010.911919,8667,9076,42,20,6.05
1011.011918,8214,8520,42,20,6.05
1011.111926,8591,8436,42,20,6.05
1011.211935,8376,8544,663,20,6.05
1011.311919,8669,8396,663,20,6.05
1011.41192,8299,8568,663,20,6.07
1011.511919,8063,8276,972,20,6.07
1011.611942,8512,8200,972,20,6.07
1011.711919,8733,8532,972,20,6.07
1011.81192,8859,8768,59,20,6.07
1011.911918,8865,8864,59,20,6.07
1012.011937,8385,8688,59,20,6.07
1012.111918,8321,8440,59,20,6.08
1012.211919,8527,8448,242,20,6.08
1012.311918,8633,8600,242,20,6.08
1012.411936,8153,8548,242,20,6.01
1012.511918,8276,8304,516,20,6.01
1012.611919,8078,8220,516,20,6.01
1012.711921,7836,8072,516,20,6.06
1012.811935,7968,7852,35,20,6.06
1012.911918,8032,7972,35,20,6.03
1013.011919,8264,8132,35,20,6.03
1013.111918,7779,8224,35,20,6.02
1013.211936,8035,7916,49,20,6.02
1013.311919,8351,8212,49,20,6.02
1013.411918,8183,8232,49,20,6.08
1013.511917,8691,8384,788,20,6.08
1013.611936,8605,8656,788,20,6.08
1013.711918,8856,8644,788,20,6.05
1013.811926,8872,8800,13,20,6.05
1013.911919,9033,8876,13,20,6.1
1014.011936,8523,8896,13,20,6.1
1014.111919,8585,8588,13,20,6.07
1014.211927,9160,8732,564,20,6.07
1014.311918,9219,9248,564,20,6.07
1014.411934,8765,9172,564,20,6.05
1014.511919,8607,8880,1039,20,6.05
1014.61192,8944,8708,1039,20,6.05
1014.711919,8664,8924,1039,20,6.04
1014.811935,8054,8612,880,20,6.04
1014.911918,8414,8196,880,20,6.07
1015.01192,8433,8504,880,20,6.07
1015.111922,7939,8368,880,20,6.08
1015.211935,7897,7828,458,20,6.08
1015.311952,8394,8072,458,20,6.08
1015.41192,8238,8412,458,20,6.08
1015.511976,8150,8216,460,20,6.08
1015.611935,8156,8248,460,20,6.08
1015.711936,8250,8240,460,20,6.08
1015.811919,8541,8296,585,20,6.08
1015.911918,8226,8476,585,20,6.08
1016.011934,8235,8216,585,20,6.08
1016.111919,8322,8264,585,20,6.05
1016.211918,8142,8268,290,20,6.05
1016.311925,8073,8168,290,20,6.05
1016.411936,8184,8168,290,20,6.05
1016.511918,8368,8112,203,20,6.05
1016.611917,9808,8600,203,20,6.05
1016.71192,9746,9640,203,20,6.03
1016.811947,7797,9388,2267,20,6.03
1016.911919,7154,7896,2267,20,6.01
1017.011919,7811,7304,2267,20,6.01
1017.111918,8077,7876,2267,20,6.01
1017.211934,7732,7908,708,20,6.01
1017.311918,7863,7768,708,20,6.01
1017.41192,8375,8064,708,20,6.04
1017.511918,8513,8456,158,20,6.04
1017.611935,8464,8524,158,20,6.04
1017.711918,8479,8472,158,20,6.08
1017.811922,8408,8560,279,20,6.08
1017.911926,8186,8356,279,20,6.03
1018.011935,8199,8248,279,20,6.03
1018.111949,8373,8260,279,20,6.08
1018.21193,8192,8296,361,20,6.08
1018.311953,8198,8188,361,20,6.08
1018.411936,8316,8176,361,20,6.07
1018.511935,8381,8276,71,20,6.07
1018.611919,8331,8312,71,20,6.07
1018.711935,8193,8228,71,20,6.09
1018.811935,8065,8120,305,20,6.09
1018.911919,8073,8040,305,20,6.09
1019.011919,8136,8036,305,20,6.09
1019.111918,8303,8140,305,20,6.05
1019.211934,8331,8176,170,20,6.05
1019.311919,8794,8372,170,20,6.05
1019.411917,9061,8896,170,20,6.08
1019.511919,8515,8968,766,20,6.08
1019.611957,8311,8388,766,20,6.08
1019.711918,8478,8372,766,20,6.08
1019.811923,8528,8460,122,20,6.08
1019.911918,8623,8616,122,20,6.08
1020.011936,7957,8564,122,20,6.08
1020.111919,8331,8112,122,20,6.04
1020.211936,8204,8264,100,20,6.04
1020.311919,7973,8156,100,20,6.04
1020.411935,8082,8008,100,20,6.08
1020.511919,8091,8068,220,20,6.08
1020.61192,8036,8020,220,20,6.08
1020.711929,8231,8016,220,20,6.08
1020.811934,8460,8200,348,20,6.08
1020.911917,8360,8408,348,20,6.08
1021.011919,8175,8240,348,20,6.08
1021.111919,8379,8344,348,20,6.05
1021.211978,8336,8388,0,20,6.05
1021.311943,8233,8368,0,20,6.05
1021.411919,8426,8316,0,20,6.05
1021.511979,8438,8412,273,20,6.05
1021.611934,8402,8368,273,20,6.05
1021.711945,8270,8336,273,20,6.09
1021.811918,8192,8240,10,20,6.09
1021.911917,8464,8172,10,20,6.07
1022.011934,8541,8432,10,20,6.07
1022.111918,8781,8596,10,20,6.08
1022.21192,8675,8800,27,20,6.08
1022.311917,8133,8620,27,20,6.08
1022.411946,8045,8028,27,20,6.06
1022.511926,8395,8180,675,20,6.06
1022.611918,8413,8328,675,20,6.06
1022.711918,8609,8476,675,20,6.07
1022.811946,8548,8556,462,20,6.07
1022.911926,8776,8628,462,20,6.08
1023.011917,8691,8872,462,20,6.08
1023.111916,8122,8592,462,20,6.05
1023.211947,8481,8212,581,20,6.05
1023.311917,8427,8468,581,20,6.05
1023.411918,8457,8344,581,20,6.09
1023.511917,8393,8348,250,20,6.09
1023.611935,8461,8344,250,20,6.09
1023.711918,8435,8452,250,20,6.06
1023.811919,8141,8368,250,20,6.06
1023.911917,8032,8208,250,20,6.08
1024.011934,8181,8120,250,20,6.08
1024.111918,8460,8252,250,20,6.04
1024.211919,8593,8448,429,20,6.04
1024.311926,8168,8476,429,20,6.04
1024.411946,7947,8216,429,20,6.06
1024.511918,8004,8020,18,20,6.06
1024.611918,8161,8048,18,20,6.06
1024.711918,7941,8068,18,20,6.03
1024.811948,8431,8032,110,20,6.03
1024.911919,8705,8488,110,20,6.07
1025.011918,8493,8620,110,20,6.07
1025.111917,8448,8492,110,20,6.06
1025.211947,8504,8472,151,20,6.06
1025.311919,8657,8452,151,20,6.06
1025.411921,8617,8616,151,20,6.09
1025.511918,8125,8448,1208,20,6.09
1025.611948,8385,8216,1208,20,6.09
1025.711918,8305,8340,1208,20,6.09
1025.81192,8092,8224,472,20,6.09
1025.911917,8398,8136,472,20,6.07
1026.011954,8318,8300,472,20,6.07
1026.111918,8301,8308,472,20,6.08
1026.211917,8309,8244,107,20,6.08
1026.311919,8706,8424,107,20,6.08
1026.411947,8533,8568,107,20,6.08
1026.511929,8567,8476,52,20,6.08
1026.61192,8635,8520,52,20,6.08
1026.711918,8210,8488,52,20,6.05
1026.811947,8249,8260,46,20,6.05
1026.911917,8385,8256,46,20,6.04
1027.011917,8219,8384,46,20,6.04
1027.111918,8272,8248,46,20,6.08
1027.211947,8651,8368,957,20,6.08
1027.311938,8505,8524,957,20,6.08
1027.41192,8518,8468,957,20,6.09
1027.511918,8444,8468,185,20,6.09
1027.611946,8295,8388,185,20,6.09
1027.711918,8364,8356,185,20,6.08
1027.811919,8421,8404,20,20,6.08
1027.911919,8449,8484,20,20,6.08
1028.011935,8567,8520,20,20,6.08
1028.111919,8249,8484,20,20,6.08
1028.211937,8108,8240,80,20,6.08
1028.311917,8205,8148,80,20,6.08
1028.411959,8423,8220,80,20,6.02
1028.511919,8407,8420,382,20,6.02
1028.61194,8198,8420,382,20,6.02
1028.711917,7993,8144,382,20,6.08
1028.811957,7901,7912,230,20,6.08
1028.911919,7964,7892,230,20,6.09
1029.011947,8328,7964,230,20,6.09
1029.111926,8460,8332,230,20,6.08
1029.211945,8079,8456,865,20,6.08
1029.311916,8085,8156,865,20,6.08
1029.411935,8205,8148,865,20,6.08
1029.511917,8392,8204,162,20,6.08
1029.611947,8415,8388,162,20,6.08
1029.711916,8205,8324,162,20,6.09
1029.81192,8544,8264,546,20,6.09
1029.911917,8779,8580,546,20,6.02
1030.011946,8467,8704,546,20,6.02
1030.111918,8249,8388,546,20,6.07
1030.211919,8252,8248,51,20,6.07
1030.311918,8472,8340,51,20,6.07
1030.411934,8058,8412,51,20,6.06
1030.511926,8077,8080,523,20,6.06
1030.611918,8317,8172,523,20,6.06
1030.711916,8183,8348,523,20,6.07
1030.811932,8386,8256,266,20,6.07
1030.911917,8544,8460,266,20,6.08
1031.011918,8655,8652,266,20,6.08
1031.111926,8205,8588,266,20,6.02
1031.211941,8463,8268,139,20,6.02
1031.311918,8550,8500,139,20,6.02
1031.41192,8398,8504,139,20,6.04
1031.511918,8275,8388,498,20,6.04
1031.611938,8201,8292,498,20,6.04
1031.711919,8304,8232,498,20,6.06
1031.811927,8517,8360,0,20,6.06
1031.911918,8476,8476,0,20,6.07
1032.011945,8614,8484,0,20,6.07
1032.111918,8477,8580,0,20,6.07
1032.21194,8319,8452,496,20,6.07
1032.311918,8434,8332,496,20,6.07
1032.411976,8551,8388,496,20,6.07
1032.511917,8318,8436,102,20,6.07
1032.611948,8255,8232,102,20,6.07
1032.711918,8182,8156,102,20,6.05
1032.81193,8134,8148,245,20,6.05
1032.911918,8082,8160,245,20,6.07
1033.011919,8233,8148,245,20,6.07
1033.111918,8501,8336,245,20,6.04
1033.211942,8321,8444,397,20,6.04
1033.311918,8516,8304,397,20,6.04
1033.411917,8657,8508,397,20,6.08
1033.511925,8587,8584,300,20,6.08
1033.61195,8474,8480,300,20,6.08
1033.711918,8329,8348,300,20,6.06
1033.811951,8407,8284,209,20,6.06
1033.911918,8166,8380,209,20,6.07
1034.011931,8242,8168,209,20,6.07
1034.111917,8148,8260,209,20,6.08
1034.211918,7763,8084,716,20,6.08
1034.311918,8186,7900,716,20,6.08
1034.411929,8393,8252,716,20,6.07
1034.511918,8187,8348,291,20,6.07
1034.611919,8187,8228,291,20,6.07
1034.711918,8323,8232,291,20,6.08
1034.811932,8119,8304,249,20,6.08
1034.911917,8321,8256,249,20,6.06
1035.011918,8440,8356,249,20,6.06
1035.111925,8359,8356,249,20,6.1
1035.21193,8329,8240,15,20,6.1
1035.311918,8191,8240,15,20,6.1
1035.411919,8112,8176,15,20,6.06
1035.511918,8301,8152,85,20,6.06
1035.61193,8267,8300,85,20,6.06
1035.711917,8166,8304,85,20,6.09
1035.811919,8172,8220,194,20,6.09
1035.911926,8482,8264,194,20,6.05
1036.011929,8539,8436,194,20,6.05
1036.111921,8567,8508,194,20,6.07
1036.211926,8367,8488,156,20,6.07
1036.311918,8238,8284,156,20,6.07
1036.411949,8198,8200,156,20,6.08
1036.511919,8436,8232,302,20,6.08
1036.611917,8469,8360,302,20,6.08
1036.711921,8406,8420,302,20,6.08
1036.811931,8182,8332,928,20,6.08
1036.911917,8285,8160,928,20,6.09
1037.011919,8401,8272,928,20,6.09
1037.111917,8491,8404,928,20,6.08
1037.21193,8351,8412,218,20,6.08
1037.311918,8416,8312,218,20,6.08
1037.411918,8425,8340,218,20,6.08
1037.511917,8354,8340,104,20,6.08
1037.611949,8253,8260,104,20,6.08
1037.711917,7948,8124,104,20,6.03
1037.811918,7729,7856,527,20,6.03
1037.911918,7887,7752,527,20,6.07
1038.011947,8234,7852,527,20,6.07
1038.111917,8481,8260,527,20,5.99
1038.211919,8572,8428,414,20,5.99
1038.311926,8608,8536,414,20,5.99
1038.41193,8280,8468,414,20,6.08
1038.511917,8275,8248,46,20,6.08
1038.611918,8359,8312,46,20,6.08
1038.711919,8331,8376,46,20,6.09
1038.811948,8468,8376,174,20,6.09
1038.911917,8563,8508,174,20,6.09
1039.011918,8584,8604,174,20,6.09
1039.111918,8484,8576,174,20,6.05
1039.21193,8784,8552,63,20,6.05
1039.311918,8929,8792,63,20,6.05
1039.41192,8891,8916,63,20,6.08
1039.511918,8446,8824,663,20,6.08
1039.611947,8326,8468,663,20,6.08
1039.711918,8322,8356,663,20,6.08
1039.811922,8182,8280,342,20,6.08
1039.911918,8292,8124,342,20,6.05
1040.011947,8625,8284,342,20,6.05
1040.111918,8722,8592,342,20,6.09
1040.211918,8338,8588,358,20,6.09
1040.311926,8168,8276,358,20,6.09
1040.411948,8289,8132,358,20,6.08
1040.511935,8427,8336,387,20,6.08
1040.611917,8302,8372,387,20,6.08
1040.711917,8291,8284,387,20,6.08
1040.811947,8395,8248,133,20,6.08
1040.911916,8374,8304,133,20,6.08
1041.01192,8370,8328,133,20,6.08
1041.111917,8176,8320,133,20,6.06
1041.211946,8183,8156,252,20,6.06
1041.311919,8491,8264,252,20,6.06
1041.411917,8239,8436,252,20,6.06
1041.511918,7953,8144,1074,20,6.06
1041.611948,8075,8036,1074,20,6.06
1041.711919,8241,8172,1074,20,6.07
1041.811919,8330,8304,71,20,6.07
1041.911919,8578,8392,71,20,6.07
1042.011949,8765,8680,71,20,6.07
1042.111917,8730,8720,71,20,6.06
1042.211918,8487,8620,387,20,6.06
1042.311918,8389,8404,387,20,6.06
1042.411947,8456,8304,387,20,6.08
1042.511917,8611,8468,636,20,6.08
1042.611916,8322,8500,636,20,6.08
1042.711936,8110,8260,636,20,6.09
1042.811947,8357,8148,389,20,6.09
1042.911935,8519,8424,389,20,6.05
1043.011918,8253,8512,389,20,6.05
1043.111942,8324,8260,389,20,6.09
1043.211948,8266,8280,0,20,6.09
1043.311946,8491,8260,0,20,6.09
1043.411917,8237,8364,0,20,6.07
1043.511936,8320,8252,95,20,6.07
1043.611946,8429,8308,95,20,6.07
1043.711919,8685,8444,95,20,6.04
1043.811917,8618,8640,360,20,6.04
1043.911917,8529,8560,360,20,6.09
1044.011948,8023,8452,360,20,6.09
1044.111919,8122,7976,360,20,6.07
1044.21192,8152,8144,17,20,6.07
1044.311918,7562,8076,17,20,6.07
1044.411946,8042,7704,17,20,6.06
1044.511919,8509,8092,525,20,6.06
1044.611917,8811,8596,525,20,6.06
1044.711919,8180,8704,525,20,5.98
1044.811948,8115,8128,590,20,5.98
1044.911919,7995,8140,590,20,6.09
1045.011918,7567,7848,590,20,6.09
1045.111919,8357,7628,590,20,6.01
1045.211948,8676,8520,542,20,6.01
1045.311941,8398,8576,542,20,6.01
1045.411917,8304,8356,542,20,6.08
1045.511935,8655,8408,214,20,6.08
1045.611947,8579,8744,214,20,6.08
1045.711975,8024,8260,214,20,5.98
1045.811924,8283,8072,83,20,5.98
1045.911935,8460,8448,83,20,6.03
1046.011946,8538,8568,83,20,6.03
1046.111934,8557,8524,83,20,6.07
1046.211918,8536,8532,52,20,6.07
1046.311918,8411,8552,52,20,6.07
1046.411948,8434,8480,52,20,6.07
1046.511918,8159,8328,675,20,6.07
1046.61192,8263,8220,675,20,6.07
1046.711926,8675,8356,675,20,6.04
1046.811989,8830,8672,336,20,6.04
1046.911919,8551,8784,336,20,6.08
1047.011919,8164,8444,336,20,6.08
1047.111926,7919,8192,336,20,6.08
1047.211948,7725,7936,255,20,6.08
1047.311919,8211,7824,255,20,6.08
1047.411918,8383,8220,255,20,6.05
1047.51195,8687,8488,946,20,6.05
1047.611947,8414,8628,946,20,6.05
1047.711953,8581,8452,946,20,6.02
1047.811917,8534,8528,269,20,6.02
1047.911935,8576,8464,269,20,6.09
1048.011948,8561,8544,269,20,6.09
1048.111918,8517,8556,269,20,6.08
1048.211919,8558,8620,313,20,6.08
1048.311919,8301,8504,313,20,6.08
1048.411955,8447,8372,313,20,6.06
1048.511918,8700,8452,271,20,6.06
1048.611917,8590,8620,271,20,6.06
1048.711919,8564,8616,271,20,6.08
1048.811945,8521,8576,242,20,6.08
1048.911918,8435,8584,242,20,6.07
1049.011918,8183,8476,242,20,6.07
1049.111916,8450,8280,242,20,6.08
1049.211944,8367,8456,339,20,6.08
1049.311917,8106,8372,339,20,6.08
1049.411918,8450,8224,339,20,6.06
1049.511918,8373,8428,177,20,6.06
1049.611933,8165,8384,177,20,6.06
1049.711918,8140,8176,177,20,6.02
1049.811918,8218,8196,37,20,6.02
1049.911917,7772,8092,37,20,6.01
1050.011938,7898,7800,37,20,6.01
1050.111918,8561,7956,37,20,6
1050.211918,8340,8392,187,20,6
1050.311917,8354,8256,187,20,6
1050.411938,8484,8316,187,20,6.07
1050.511917,8411,8448,257,20,6.07
1050.611918,8390,8436,257,20,6.07
1050.711917,8652,8392,257,20,6.06
1050.811935,8611,8604,319,20,6.06
1050.911937,8774,8552,319,20,6.08
1051.011919,8766,8664,319,20,6.08
1051.111918,8351,8644,319,20,6.02
1051.211934,8453,8476,49,20,6.02
1051.311918,8289,8472,49,20,6.02
1051.411917,8289,8292,49,20,6.09
1051.511918,8536,8352,668,20,6.09
1051.611946,8454,8484,668,20,6.09
1051.711916,8401,8336,668,20,6.05
1051.811918,8486,8352,150,20,6.05
1051.911919,8277,8428,150,20,6.07
1052.011948,8068,8304,150,20,6.07
1052.111917,8193,8172,150,20,6.1
1052.211918,8173,8216,138,20,6.1
1052.311917,8112,8180,138,20,6.1
1052.411947,7999,8156,138,20,6.08
1052.511919,7869,8028,133,20,6.08
1052.611918,8193,7988,133,20,6.08
1052.711917,8122,8220,133,20,6.06
1052.811947,8172,8132,109,20,6.06
1052.911917,8351,8200,109,20,6.06
1053.011919,8260,8336,109,20,6.06
1053.111917,8389,8240,109,20,6.06
1053.211948,8475,8292,172,20,6.06
1053.311928,8539,8400,172,20,6.06
1053.411919,8689,8544,172,20,6.08
1053.511918,8227,8652,796,20,6.08
1053.611947,8160,8256,796,20,6.08
1053.711925,8276,8212,796,20,6.07
1053.811918,8332,8292,204,20,6.07
1053.911917,8493,8384,204,20,6.07
1054.011954,8670,8492,204,20,6.07
1054.111918,8931,8652,204,20,6.07
1054.211918,8735,8828,644,20,6.07
1054.311919,8386,8644,644,20,6.07
1054.411948,8190,8400,644,20,6.05
1054.511918,8100,8180,8,20,6.05
1054.611919,8131,8148,8,20,6.05
1054.711916,8220,8212,8,20,6.06
1054.811935,8006,8232,22,20,6.06
1054.911917,7716,7968,22,20,6.06
1055.011919,7721,7648,22,20,6.06
1055.111917,7931,7680,22,20,6.03
1055.211948,8063,7912,460,20,6.03
1055.311918,8400,8176,460,20,6.03
1055.411926,8075,8296,460,20,6.06
1055.511919,8147,8036,341,20,6.06
1055.611946,8373,8312,341,20,6.06
1055.711917,8269,8392,341,20,6.09
1055.811921,8338,8364,385,20,6.09
1055.911924,8386,8332,385,20,6.06
1056.011951,8523,8428,385,20,6.06
1056.111917,8528,8464,385,20,6.09
1056.211945,8672,8496,327,20,6.09
1056.311918,8135,8492,327,20,6.09
1056.411947,8263,8128,327,20,6.07
1056.511918,8401,8224,443,20,6.07
1056.611926,8727,8504,443,20,6.07
1056.711916,8428,8700,443,20,6.05
1056.811947,8356,8432,331,20,6.05
1056.911918,8539,8436,331,20,6.06
1057.011918,8398,8544,331,20,6.06
1057.111918,8328,8428,331,20,6.06
1057.211947,8402,8416,66,20,6.06
1057.311917,8474,8416,66,20,6.06
1057.411918,8452,8436,66,20,6.07
1057.511924,8561,8452,290,20,6.07
1057.611947,8513,8492,290,20,6.07
1057.711918,8653,8536,290,20,6.07
1057.81192,8608,8592,58,20,6.07
1057.911917,8583,8588,58,20,6.08
1058.011949,8518,8536,58,20,6.08
1058.111919,8671,8480,58,20,6.08
1058.21192,8750,8576,349,20,6.08
1058.311918,8716,8684,349,20,6.08
1058.411947,8415,8620,349,20,6.07
1058.511917,8305,8308,313,20,6.07
1058.611919,8167,8296,313,20,6.07
1058.711937,8213,8168,313,20,6.07
1058.81195,8406,8264,334,20,6.07
1058.911917,8715,8420,334,20,6.07
1059.011937,8886,8676,334,20,6.07
1059.111918,8681,8884,334,20,6.05
1059.211951,8415,8612,702,20,6.05
1059.311917,8351,8376,702,20,6.05
1059.411938,8421,8360,702,20,6.09
1059.511917,8386,8400,213,20,6.09
1059.611947,8400,8352,213,20,6.09
1059.711918,8530,8396,213,20,6.07
1059.811937,8620,8476,276,20,6.07
1059.911917,8735,8568,276,20,6.07
1060.011947,8515,8616,276,20,6.07
1060.111918,8207,8388,276,20,6.07
1060.211926,8401,8200,387,20,6.07
1060.311918,8339,8364,387,20,6.07
1060.411947,8467,8384,387,20,6.05
1060.511918,8306,8368,114,20,6.05
1060.611918,8290,8212,114,20,6.05
1060.711918,8346,8224,114,20,6.07
1060.811942,8310,8288,175,20,6.07
1060.911917,8091,8252,175,20,6.08
1061.011954,8362,8092,175,20,6.08
1061.111918,8534,8416,175,20,6.03
1061.211946,8409,8492,116,20,6.03
1061.311919,8320,8376,116,20,6.03
1061.411917,8366,8304,116,20,6.06
1061.511925,8429,8312,143,20,6.06
1061.611947,8218,8360,143,20,6.06
1061.711917,8170,8136,143,20,6.08
1061.81192,8539,8264,493,20,6.08
1061.911918,8369,8436,493,20,6.07
1062.011943,8111,8180,493,20,6.07
1062.111917,8282,8080,493,20,6.08
1062.211919,8403,8260,201,20,6.08
1062.311917,8360,8432,201,20,6.08
1062.411946,8314,8332,201,20,6.08
1062.511918,8509,8304,191,20,6.08
1062.611917,8747,8552,191,20,6.08
1062.711919,8585,8680,191,20,6.08
1062.811947,8002,8580,242,20,6.08
1062.911918,7505,7816,242,20,6.06
1063.011919,7396,7420,242,20,6.06
1063.111924,7659,7400,242,20,6.06
1063.211945,8058,7700,566,20,6.06
1063.311918,8391,8168,566,20,6.06
1063.411917,8583,8452,566,20,6.02
1063.511918,8505,8524,109,20,6.02
1063.611948,8417,8404,109,20,6.02
1063.711917,8326,8336,109,20,6.09
1063.811926,7753,8172,1184,20,6.09
1063.911917,8199,7868,1184,20,6.08
1064.011946,8313,8208,1184,20,6.08
1064.111918,8293,8348,1184,20,6.08
1064.211918,8380,8340,247,20,6.08
1064.311918,8796,8424,247,20,6.08
1064.411945,8659,8704,247,20,6.08
1064.511918,8719,8684,54,20,6.08
1064.611918,8524,8680,54,20,6.08
1064.711918,8446,8528,54,20,6.05
1064.811942,8381,8448,220,20,6.05
1064.911919,8690,8460,220,20,6.06
1065.011919,8631,8732,220,20,6.06
1065.111919,8729,8648,220,20,6.06
1065.211941,8364,8604,805,20,6.06
1065.311918,8369,8392,805,20,6.06
1065.411919,8633,8464,805,20,6.09
1065.511918,8542,8632,228,20,6.09
1065.611948,8586,8572,228,20,6.09
1065.711917,8574,8564,228,20,6.09
1065.811918,8488,8504,319,20,6.09
1065.911918,8574,8492,319,20,6.09
1066.011945,8591,8600,319,20,6.09
1066.111918,8491,8560,319,20,6.08
1066.211919,8466,8496,153,20,6.08
1066.311918,8569,8488,153,20,6.08
1066.411945,8545,8572,153,20,6.09
1066.511917,8382,8492,185,20,6.09
1066.611918,8425,8424,185,20,6.09
1066.711918,8384,8392,185,20,6.09
1066.811935,8466,8420,54,20,6.09
1066.911918,8439,8424,54,20,6.09
1067.01192,8434,8432,54,20,6.09
1067.111918,8476,8432,54,20,6.1
1067.211933,8447,8424,245,20,6.1
1067.311917,8401,8516,245,20,6.1
1067.41192,8382,8400,245,20,6.05
1067.511918,8444,8340,134,20,6.05
1067.611932,8389,8432,134,20,6.05
1067.711918,8320,8308,134,20,6.08
1067.811926,8487,8324,146,20,6.08
1067.911919,8614,8544,146,20,6.08
1068.011946,8208,8544,146,20,6.08
1068.11192,8132,8144,146,20,6.08
1068.211918,8401,8200,187,20,6.08
1068.31192,8579,8468,187,20,6.08
1068.411945,8340,8520,187,20,6.08
1068.511919,7946,8200,764,20,6.08
1068.611917,7844,7900,764,20,6.08
1068.711918,7872,7820,764,20,6.08
1068.811947,8358,8036,670,20,6.08
1068.911951,8395,8360,670,20,6.09
1069.011918,8350,8416,670,20,6.09
1069.111946,8323,8304,670,20,6.07
1069.211948,8310,8328,105,20,6.07
1069.311934,8485,8368,105,20,6.07
1069.41192,8472,8468,105,20,6.09
1069.511916,8460,8440,22,20,6.09
1069.611949,8303,8440,22,20,6.09
1069.711918,8170,8224,22,20,6.08
1069.811918,8308,8220,75,20,6.08
1069.91192,8370,8364,75,20,6.08
1070.011949,8356,8376,75,20,6.08
1070.111918,8406,8380,75,20,6.09
1070.211927,8365,8368,150,20,6.09
1070.311916,8522,8452,150,20,6.09
1070.411948,8571,8564,150,20,6.07
1070.511918,8204,8388,406,20,6.07
1070.61192,8412,8280,406,20,6.07
1070.711917,8400,8436,406,20,6.08
1070.811949,8442,8436,95,20,6.08
1070.911918,8479,8452,95,20,6.08
1071.011918,8469,8472,95,20,6.08
1071.11192,8444,8480,95,20,6.09
1071.211946,8137,8312,349,20,6.09
1071.311918,8207,8096,349,20,6.09
1071.411918,8446,8256,349,20,6.08
1071.511936,8468,8504,145,20,6.08
1071.611948,8290,8404,145,20,6.08
1071.711934,8116,8196,145,20,6.08
1071.811918,8278,8204,116,20,6.08
1071.911918,8002,8156,116,20,6.06
1072.011945,8029,8032,116,20,6.06
1072.111919,7864,7892,116,20,6.08
1072.211918,8198,7964,709,20,6.08
1072.311919,8371,8332,709,20,6.08
1072.411946,8292,8344,709,20,6.09
1072.511919,8295,8340,87,20,6.09
1072.611918,8333,8272,87,20,6.09
1072.711918,8273,8316,87,20,6.07
1072.811945,8270,8304,54,20,6.07
1072.911918,8270,8268,54,20,6.08
1073.011918,8363,8328,54,20,6.08
1073.111919,8376,8420,54,20,6.09
1073.211947,8272,8332,368,20,6.09
1073.311927,8375,8256,368,20,6.09
1073.411919,8463,8464,368,20,6.08
1073.511919,8422,8448,279,20,6.08
1073.611948,8438,8524,279,20,6.08
1073.711924,8327,8396,279,20,6.07
1073.811919,8427,8356,75,20,6.07
1073.91192,8603,8492,75,20,6.07
1074.011946,8622,8592,75,20,6.07
1074.111927,8376,8580,75,20,6.06
1074.211919,8290,8300,119,20,6.06
1074.311942,8335,8244,119,20,6.06
1074.411947,8537,8468,119,20,6.07
1074.51195,8457,8644,0,20,6.07
1074.61192,8135,8252,0,20,6.07
1074.711945,8422,8224,0,20,6.05
1074.811946,8351,8436,0,20,6.05
1074.911917,8201,8276,0,20,6.07
1075.011918,8407,8264,0,20,6.07
1075.111918,8483,8432,0,20,6.07
1075.211946,8557,8548,182,20,6.07
1075.311919,8483,8516,182,20,6.07
1075.411919,8369,8428,182,20,6.07
1075.511917,8394,8388,148,20,6.07
1075.611944,8388,8376,148,20,6.07
1075.711925,8466,8424,148,20,6.07
1075.811918,8406,8424,170,20,6.07
1075.911918,8494,8448,170,20,6.08
1076.011947,8408,8456,170,20,6.08
1076.111918,8378,8396,170,20,6.08
1076.211918,8370,8392,0,20,6.08
1076.311925,8464,8384,0,20,6.08
1076.411946,8732,8568,0,20,6.06
1076.511917,8378,8608,573,20,6.06
1076.611917,8357,8344,573,20,6.06
1076.711918,8455,8424,573,20,6.07
1076.811948,8458,8472,213,20,6.07
1076.911918,8425,8452,213,20,6.09
1077.01192,8320,8364,213,20,6.09
1077.111916,8394,8316,213,20,6.09
1077.211943,8422,8404,218,20,6.09
1077.311917,8436,8440,218,20,6.09
1077.411919,8408,8428,218,20,6.09
1077.511917,8388,8412,296,20,6.09
1077.611951,8379,8364,296,20,6.09
1077.711917,8341,8368,296,20,6.09
1077.811919,8375,8344,58,20,6.09
1077.911916,8332,8352,58,20,6.09
1078.011945,8305,8324,58,20,6.09
1078.111918,8538,8368,58,20,6.08
1078.211921,8599,8604,209,20,6.08
1078.311919,8204,8464,209,20,6.08
1078.41194,7857,8028,209,20,6.04
1078.511919,8375,8044,975,20,6.04
1078.611919,8480,8492,975,20,6.04
1078.711919,8125,8324,975,20,6.07
1078.811939,8300,8240,295,20,6.07
1078.911918,8324,8304,295,20,6.08
1079.011918,8447,8384,295,20,6.08
1079.111917,8572,8528,295,20,6.07
1079.211944,8378,8520,3,20,6.07
1079.311918,8130,8224,3,20,6.07
1079.411918,8318,8172,3,20,6.06
1079.511918,8513,8384,71,20,6.06
1079.611945,8383,8552,71,20,6.06
1079.711919,8210,8244,71,20,6.07
1079.811919,8234,8260,1,20,6.07
1079.911918,8292,8180,1,20,6.09
1080.011946,8390,8344,1,20,6.09
1080.111917,8668,8460,1,20,6.02
1080.211919,8621,8696,40,20,6.02
1080.311919,8475,8552,40,20,6.02
1080.411936,8486,8448,40,20,6.05
1080.511927,8349,8460,0,20,6.05
1080.611919,8287,8284,0,20,6.05
1080.711916,8244,8284,0,20,6.1
1080.811939,8127,8244,117,20,6.1
1080.911917,8231,8152,117,20,6.05
1081.011929,8375,8224,117,20,6.05
1081.111918,8261,8400,117,20,6.07
1081.211945,8063,8180,201,20,6.07
1081.311918,7995,8048,201,20,6.07
1081.411951,8187,8084,201,20,6.07
1081.511917,8471,8340,232,20,6.07
1081.611947,8526,8476,232,20,6.07
1081.711917,8355,8472,232,20,6.05
1081.811919,8358,8388,165,20,6.05
1081.911917,8372,8400,165,20,6.05
1082.011929,8364,8348,165,20,6.05
1082.111918,8512,8392,165,20,6.05
1082.21192,8383,8524,274,20,6.05
1082.311917,8373,8336,274,20,6.05
1082.411934,8803,8456,274,20,6
1082.511919,8699,8724,117,20,6
1082.611919,8453,8632,117,20,6
1082.71192,8217,8360,117,20,6.04
1082.811929,8413,8268,189,20,6.04
1082.911918,8512,8448,189,20,6.08
1083.011918,8345,8484,189,20,6.08
1083.111918,8298,8376,189,20,6.09
1083.211931,8371,8344,56,20,6.09
1083.311918,8514,8420,56,20,6.09
1083.41192,8481,8508,56,20,6.07
1083.511926,8254,8392,476,20,6.07
1083.611931,8237,8216,476,20,6.07
1083.711917,8121,8212,476,20,6.07
1083.811919,8125,8192,249,20,6.07
1083.911945,8080,8144,249,20,6.09
1084.01193,8108,8132,249,20,6.09
1084.111917,8313,8228,249,20,6.07
1084.211918,8212,8416,0,20,6.07
1084.311918,8395,8284,0,20,6.07
1084.411934,8388,8344,0,20,6.09
1084.511919,8387,8428,112,20,6.09
1084.611918,8253,8344,112,20,6.09
1084.711917,8303,8276,112,20,6.09
1084.811929,8351,8296,134,20,6.09
1084.911917,8372,8336,134,20,6.09
1085.011926,8396,8360,134,20,6.09
1085.111936,8196,8376,134,20,6.07
1085.21193,8245,8144,59,20,6.07
1085.311917,8518,8368,59,20,6.07
1085.411918,8643,8552,59,20,6.09
1085.511918,8502,8604,64,20,6.09
1085.611943,8512,8520,64,20,6.09
1085.711927,8467,8496,64,20,6.08
1085.811918,8408,8416,170,20,6.08
1085.911918,8365,8404,170,20,6.08
1086.011952,8376,8340,170,20,6.08
1086.111916,8462,8372,170,20,6.09
1086.211921,8359,8416,102,20,6.09
1086.311917,8496,8396,102,20,6.09
1086.41196,8500,8512,102,20,6.08
1086.511918,8224,8416,508,20,6.08
1086.611918,8304,8264,508,20,6.08
1086.711919,8537,8472,508,20,6.04
1086.811942,8407,8564,240,20,6.04
1086.911919,8258,8320,240,20,6.06
1087.011918,8190,8260,240,20,6.06
1087.111917,8170,8140,240,20,6.08
1087.211945,8277,8148,455,20,6.08
1087.311926,8168,8168,455,20,6.08
1087.411923,8160,8128,455,20,6.08
1087.511918,8184,8196,226,20,6.08
1087.611951,8084,8180,226,20,6.08
1087.711917,8171,8112,226,20,6.08
1087.811958,8370,8252,283,20,6.08
1087.911918,8346,8284,283,20,6.09
1088.011942,8302,8308,283,20,6.09
1088.111917,8326,8348,283,20,6.09
1088.211918,8396,8384,218,20,6.09
1088.311918,8265,8392,218,20,6.09
1088.411947,8326,8304,218,20,6.06
1088.511916,8349,8372,218,20,6.06
1088.611919,8322,8428,218,20,6.06
1088.711926,8214,8352,218,20,6.08
1088.81195,8295,8256,435,20,6.08
1088.911917,8408,8272,435,20,6.06
1089.011918,8296,8320,435,20,6.06
1089.111918,8241,8248,435,20,6.07
1089.211942,8276,8216,78,20,6.07
1089.311918,8324,8232,78,20,6.07
1089.411918,8379,8296,78,20,6.09
1089.511918,8428,8340,27,20,6.09
1089.611931,8431,8400,27,20,6.09
1089.711925,8409,8408,27,20,6.06
1089.811925,8390,8416,170,20,6.06
1089.911917,8506,8428,170,20,6.08
1090.011936,8428,8460,170,20,6.08
1090.111927,8441,8400,170,20,6.08
1090.211918,8551,8444,320,20,6.08
1090.311916,8544,8496,320,20,6.08
1090.411949,8581,8496,320,20,6.09
1090.511926,8719,8548,581,20,6.09
1090.611919,8558,8600,581,20,6.09
1090.711918,8430,8448,581,20,6.09
1090.811948,8391,8348,421,20,6.09
1090.911917,8399,8380,421,20,6.07
1091.011918,8475,8420,421,20,6.07
1091.111917,8458,8472,421,20,6.08
1091.211948,8359,8464,139,20,6.08
1091.311919,8263,8376,139,20,6.08
1091.411918,8220,8292,139,20,6.04
1091.511919,8455,8236,133,20,6.04
1091.611976,8554,8388,133,20,6.04
1091.711931,8436,8496,133,20,6.07
1091.811931,8328,8440,95,20,6.07
1091.911939,8399,8392,95,20,6.08
1092.01196,8532,8456,95,20,6.08
1092.111932,8537,8516,95,20,6.07
1092.211932,8418,8528,447,20,6.07
1092.31193,8201,8344,447,20,6.07
1092.411961,8367,8224,447,20,6.08
1092.511931,8235,8328,377,20,6.08
1092.611932,7994,8160,377,20,6.08
1092.711931,8344,8116,377,20,6.05
1092.81196,8565,8396,296,20,6.05
1092.911938,8348,8516,296,20,6.06
1093.011932,8241,8336,296,20,6.06
1093.111931,8618,8340,296,20,6.04
1093.21196,8410,8484,206,20,6.04
1093.311932,8344,8392,206,20,6.04
1093.411931,8344,8316,206,20,6.07
1093.511941,8444,8360,49,20,6.07
1093.611976,8415,8408,49,20,6.07
1093.711931,8377,8392,49,20,6.09
1093.811938,8359,8344,11,20,6.09
1093.911932,8416,8368,11,20,6.09
1094.011957,8406,8416,11,20,6.09
1094.111939,8302,8392,11,20,6.07
1094.211932,8399,8304,180,20,6.07
1094.311932,8334,8348,180,20,6.07
1094.411961,8448,8368,180,20,6.07
1094.511953,8505,8452,155,20,6.07
1094.611933,8371,8504,155,20,6.07
1094.711976,8404,8320,155,20,6.08
1094.811983,8731,8524,501,20,6.08
1094.91199,8546,8696,501,20,6.09
1095.011931,8324,8444,501,20,6.09
1095.112,8449,8324,501,20,6.07
1095.211972,8412,8468,196,20,6.07
1095.311992,8358,8368,196,20,6.07
1095.411932,8278,8336,196,20,6.06
1095.511948,8393,8284,29,20,6.06
1095.611956,8367,8432,29,20,6.06
1095.711931,8162,8312,29,20,6.04
1095.811931,8571,8316,653,20,6.04
1095.911931,8517,8572,653,20,6.06
1096.011977,8552,8568,653,20,6.06
1096.111932,8629,8560,653,20,6.09
1096.211932,8684,8668,194,20,6.09
1096.311931,8524,8672,194,20,6.09
1096.411959,8468,8512,194,20,6.07
1096.511931,8558,8460,228,20,6.07
1096.611932,8284,8448,228,20,6.07
1096.711932,8277,8248,228,20,6.07
1096.811974,8409,8308,319,20,6.07
1096.911931,8504,8424,319,20,6.05
1097.011932,8554,8500,319,20,6.05
1097.111931,8365,8544,319,20,6.07
1097.21196,8350,8340,0,20,6.07
1097.311932,8436,8392,0,20,6.07
1097.411934,8435,8460,0,20,6.08
1097.511931,8448,8460,179,20,6.08
1097.611956,8411,8440,179,20,6.08
1097.71193,8339,8404,179,20,6.07
1097.811976,8490,8368,182,20,6.07
1097.911945,8409,8436,182,20,6.08
1098.011956,8528,8420,182,20,6.08
1098.11193,8505,8596,182,20,6.09
1098.211931,8233,8380,259,20,6.09
1098.311931,8075,8168,259,20,6.09
1098.411955,7955,8068,259,20,6.07
1098.51193,7963,7908,27,20,6.07
1098.611931,8654,8304,27,20,6.07
1098.71193,8877,8908,27,20,6
1098.811946,8110,8576,595,20,6
1098.911953,8069,8112,595,20,6.07
1099.011931,8302,8084,595,20,6.07
1099.111929,8636,8520,595,20,6.04
1099.211952,8426,8756,663,20,6.04
1099.311931,8472,8508,663,20,6.04
1099.411932,8466,8408,663,20,6.07
1099.51193,8353,8432,47,20,6.07
1099.61195,8323,8332,47,20,6.07
1099.711932,8331,8420,47,20,6.06
1099.811932,7850,8060,987,20,6.06
1099.911935,8444,7992,987,20,6.01
1100.011948,8582,8612,987,20,6.01
1100.111933,8362,8524,987,20,6.05
1100.211931,8752,8516,389,20,6.05
1100.311931,8302,8568,389,20,6.05
1100.411947,8196,8212,389,20,5.98
1100.511931,8133,8108,279,20,5.98
1100.611931,8225,8232,279,20,5.98
1100.711931,8643,8336,279,20,5.98
1100.811946,8873,8676,310,20,5.98
1100.911944,8528,8652,310,20,6.05
1101.01193,8482,8532,310,20,6.05
1101.111933,8516,8492,310,20,6.07
1101.21195,8537,8520,158,20,6.07
1101.311931,8147,8404,158,20,6.07
1101.411932,8221,8228,158,20,6.08
1101.511931,8365,8284,187,20,6.08
1101.611947,8476,8436,187,20,6.08
1101.711933,8218,8444,187,20,6.07
1101.811932,8245,8176,114,20,6.07
1101.911981,8332,8248,114,20,6.07
1102.011945,8196,8196,114,20,6.07
1102.111954,8627,8344,114,20,6.05
1102.211933,8589,8556,0,20,6.05
1102.311959,8467,8504,0,20,6.05
1102.411945,8356,8384,0,20,6.09
1102.511932,8342,8284,97,20,6.09
1102.61194,8324,8352,97,20,6.09
1102.71193,8521,8388,97,20,6.08
1102.811948,8542,8580,438,20,6.08
1102.911934,8404,8504,438,20,6.06
1103.011931,8517,8476,438,20,6.06
1103.111931,8378,8556,438,20,6.09
1103.211944,8497,8396,133,20,6.09
1103.31193,8545,8448,133,20,6.09
1103.411932,8501,8484,133,20,6.1
1103.511931,8543,8448,92,20,6.1
1103.611944,8190,8536,92,20,6.1
1103.711931,7867,8184,92,20,6.04
1103.811932,8137,7988,414,20,6.04
1103.911932,8077,8116,414,20,6.09
1104.011944,8055,8032,414,20,6.09
1104.111931,8276,8148,414,20,6.04
1104.211931,7947,8220,279,20,6.04
1104.311941,8150,7992,279,20,6.04
1104.411944,8526,8100,279,20,5.99
1104.511931,8552,8388,262,20,5.99
1104.611932,8444,8504,262,20,5.99
1104.711931,8265,8412,262,20,6.06
1104.811943,8535,8296,124,20,6.06
1104.911953,8599,8484,124,20,6.05
1105.011932,8438,8516,124,20,6.05
1105.111931,8657,8472,124,20,6.04
1105.211945,8548,8556,131,20,6.04
1105.31193,8485,8512,131,20,6.04
1105.411931,8138,8376,131,20,6.03
1105.51193,8338,8184,0,20,6.03
1105.611946,8363,8320,0,20,6.03
1105.71193,8583,8356,0,20,6.09
1105.811931,8460,8448,39,20,6.09
1105.911939,8430,8364,39,20,6.08
1106.011945,8537,8392,39,20,6.08
1106.111933,8466,8504,39,20,6.08
1106.211931,7586,8364,1545,20,6.08
1106.311932,8079,7700,1545,20,6.08
1106.411944,8160,8052,1545,20,6.04
1106.511931,7955,8112,136,20,6.04
1106.611952,7930,7948,136,20,6.04
1106.711935,8540,8072,136,20,5.98
1106.811961,8491,8564,445,20,5.98
1106.911931,8805,8612,445,20,6.04
1107.011949,8663,8780,445,20,6.04
1107.111931,8035,8424,445,20,6.01
1107.21198,8047,8100,180,20,6.01
1107.31193,8098,8172,180,20,6.01
1107.411931,8092,8020,180,20,6.08
1107.511931,8280,8148,300,20,6.08
1107.61195,8323,8288,300,20,6.08
1107.711931,8423,8336,300,20,6.09
1107.811932,8540,8408,564,20,6.09
1107.911931,8506,8584,564,20,6.08
1108.011976,7935,8248,564,20,6.08
1108.111931,8244,8076,564,20,6.02
1108.211977,8096,8200,117,20,6.02
1108.311934,8680,8280,117,20,6.02
1108.411976,9025,8856,117,20,5.98
1108.511932,8741,8968,129,20,5.98
1108.611949,8050,8568,129,20,5.98
1108.711931,8367,8148,129,20,6.05
1108.811961,8519,8400,685,20,6.05
1108.911932,8679,8532,685,20,6.07
1109.011933,8697,8744,685,20,6.07
1109.111932,8498,8672,685,20,6.07
1109.21196,8514,8472,51,20,6.07
1109.311932,8614,8532,51,20,6.07
1109.411939,8324,8548,51,20,6.06
1109.511931,8262,8156,556,20,6.06
1109.611961,7931,8352,556,20,6.06
1109.711931,7958,7792,556,20,6.06
1109.811931,8610,8048,919,20,6.06
1109.911931,8853,8796,919,20,6.06
1110.011961,8616,8768,919,20,6.06
1110.111931,8228,8484,919,20,6.02
1110.211931,8411,8332,726,20,6.02
1110.311931,8097,8292,726,20,6.02
1110.411959,7886,8068,726,20,6.04
1110.511939,8051,7948,266,20,6.04
1110.611931,8115,8040,266,20,6.04
1110.711931,8107,8092,266,20,6.08
1110.81196,8048,8072,216,20,6.08
1110.911933,8197,8076,216,20,6.08
1111.011934,8235,8156,216,20,6.08
1111.11193,8246,8256,216,20,6.09
1111.21196,8293,8284,122,20,6.09
1111.311931,8464,8348,122,20,6.09
1111.411932,7982,8444,122,20,6.09
1111.511932,7668,7848,810,20,6.09
1111.611975,8554,7820,810,20,6.09
1111.711932,8476,8536,810,20,6.06
1111.811931,8297,8452,109,20,6.06
1111.911932,8085,8340,109,20,6.09
1112.011976,7676,7968,109,20,6.09
1112.111939,8128,7644,109,20,6.09
1112.211931,8078,7968,571,20,6.09
1112.311932,7743,8048,571,20,6.09
1112.41196,7715,7768,571,20,6.04
1112.51193,7817,7784,230,20,6.04
1112.611932,7976,7880,230,20,6.04
1112.711931,8219,8044,230,20,6
1112.81196,8468,8212,720,20,6
1112.911931,8950,8556,720,20,6.01
1113.011932,8473,8860,720,20,6.01
1113.111931,7700,8424,720,20,6
1113.21196,8804,7880,370,20,6
1113.311931,8693,8676,370,20,6
1113.411932,8437,8596,370,20,6.01
1113.51194,8250,8372,411,20,6.01
1113.611973,8165,8276,411,20,6.01
1113.711931,8245,8224,411,20,6.09
1113.811932,8472,8240,331,20,6.09
1113.911932,8705,8444,331,20,6.04
1114.01196,8603,8672,331,20,6.04
1114.111939,8387,8544,331,20,6.05
1114.211933,8458,8328,69,20,6.05
1114.311932,8679,8504,69,20,6.05
1114.411975,8494,8520,69,20,6.07
1114.511932,8474,8432,81,20,6.07
1114.611932,8426,8404,81,20,6.07
1114.71194,8432,8384,81,20,6.07
1114.811975,8495,8444,112,20,6.07
1114.911931,8406,8440,112,20,6.07
1115.011932,8390,8400,112,20,6.07
1115.111944,8283,8328,112,20,6.08
1115.211975,8144,8192,119,20,6.08
1115.31193,8482,8208,119,20,6.08
1115.411931,8780,8600,119,20,6.05
1115.51195,8810,8860,116,20,6.05
1115.611976,8771,8816,116,20,6.05
1115.711932,8691,8732,116,20,6.06
1115.811933,8664,8664,302,20,6.06
1115.911932,8431,8680,302,20,6.09
1116.011959,8132,8420,302,20,6.09
1116.111932,8491,8204,302,20,6.07
1116.211947,8638,8448,370,20,6.07
1116.311931,8540,8520,370,20,6.07
1116.411978,8528,8476,370,20,6.02
1116.51193,8443,8540,363,20,6.02
1116.611953,8176,8448,363,20,6.02
1116.711931,8092,8164,363,20,6.05
1116.81196,8111,8032,0,20,6.05
1116.911931,7929,8036,0,20,6.1
1117.011948,8109,7996,0,20,6.1
1117.11193,8614,8248,0,20,6.06
1117.211959,8591,8576,51,20,6.06
1117.31193,8406,8404,51,20,6.06
1117.411933,8571,8344,51,20,6.07
1117.511932,8718,8656,569,20,6.07
1117.611951,8632,8716,569,20,6.07
1117.71193,8633,8588,569,20,6.06
1117.811931,8399,8572,290,20,6.06
1117.911931,7873,8236,290,20,6.05
1118.011959,7971,7888,290,20,6.05
1118.111932,8252,7900,290,20,6.07
1118.211932,8221,8192,276,20,6.07
1118.311931,8248,8188,276,20,6.07
1118.411959,8372,8200,276,20,6.07
1118.511931,8684,8416,493,20,6.07
1118.611931,8643,8636,493,20,6.07
1118.711932,8438,8572,493,20,6.05
1118.811956,8397,8396,283,20,6.05
1118.911939,8644,8460,283,20,6.08
1119.011932,8507,8688,283,20,6.08
1119.111932,8343,8508,283,20,6.09
1119.211954,8181,8276,76,20,6.09
1119.311931,8188,8108,76,20,6.09
1119.411934,8209,8176,76,20,6.07
1119.511931,8219,8144,363,20,6.07
1119.611953,8352,8224,363,20,6.07
1119.711931,8491,8352,363,20,6.09
1119.811931,8365,8436,221,20,6.09
1119.911932,8659,8376,221,20,6.08
1120.011947,8985,8672,221,20,6.08
1120.111931,8123,8676,221,20,5.99
1120.211932,7976,7948,791,20,5.99
1120.31193,7872,8024,791,20,5.99
1120.411951,8004,7820,791,20,6.07
1120.511941,8391,8184,513,20,6.07
1120.611931,8403,8556,513,20,6.07
1120.711947,8017,8320,513,20,6.07
1120.811949,7927,8016,155,20,6.07
1120.911961,8035,7964,155,20,6.07
1121.011931,7780,8012,155,20,6.07
1121.11196,7729,7772,155,20,6.06
1121.211947,7969,7820,88,20,6.06
1121.311948,8097,8012,88,20,6.06
1121.411931,8161,8044,88,20,6.09
1121.511948,7905,8056,182,20,6.09
1121.611947,8023,7964,182,20,6.09
1121.711946,8420,8040,182,20,6.06
1121.811932,8303,8308,250,20,6.06
1121.911985,7991,8172,250,20,6.08
1122.011949,8371,8120,250,20,6.08
1122.11196,8274,8328,250,20,6.07
1122.211932,8161,8284,114,20,6.07
1122.311931,8189,8148,114,20,6.07
1122.411975,8441,8188,114,20,6.05
1122.511932,8748,8412,527,20,6.05
1122.611933,8893,8716,527,20,6.05
1122.711932,8603,8712,527,20,6.07
1122.81195,8402,8512,342,20,6.07
1122.911931,8145,8244,342,20,6.08
1123.011932,8326,8196,342,20,6.08
1123.111938,8314,8300,342,20,6.08
1123.211961,8443,8308,230,20,6.08
1123.311931,8676,8484,230,20,6.08
1123.411933,8661,8664,230,20,6.09
1123.511931,8520,8676,80,20,6.09
1123.611989,8272,8536,80,20,6.09
1123.711931,8021,8256,80,20,6.06
1123.811931,8438,8176,793,20,6.06
1123.911932,8489,8408,793,20,6.06
1124.011972,8532,8484,793,20,6.06
1124.111931,8270,8504,793,20,6.06
1124.211931,8359,8336,95,20,6.06
1124.311931,8402,8396,95,20,6.06
1124.411982,8494,8436,95,20,6.09
1124.511931,8444,8464,185,20,6.09
1124.611931,8289,8392,185,20,6.09
1124.711931,8502,8328,185,20,6.06
1124.811973,8447,8404,216,20,6.06
1124.911932,8458,8428,216,20,6.08
1125.011934,8336,8360,216,20,6.08
1125.111932,8331,8288,216,20,6.07
1125.211974,8394,8352,109,20,6.07
1125.311939,8274,8336,109,20,6.07
1125.41193,8461,8316,109,20,6.07
1125.511931,8538,8444,167,20,6.07
1125.611982,8518,8528,167,20,6.07
1125.711931,8174,8464,167,20,6.06
1125.811932,8050,8060,472,20,6.06
1125.911939,8364,7984,472,20,6.06
1126.011975,8402,8284,472,20,6.06
1126.111932,8367,8328,472,20,6.07
1126.211931,8291,8320,269,20,6.07
1126.311934,8443,8316,269,20,6.07
1126.411976,8221,8336,269,20,6.06
1126.511931,8401,8288,191,20,6.06
1126.611939,8372,8348,191,20,6.06
1126.711931,8416,8336,191,20,6.08
1126.811972,8484,8368,145,20,6.08
1126.911931,8556,8400,145,20,6.09
1127.011932,8498,8476,145,21,6.09
1127.111932,8246,8444,145,21,6.05
1127.21196,8143,8232,261,21,6.05
1127.311932,8179,8156,261,21,6.05
1127.411932,8154,8164,261,21,6.09
1127.511932,8242,8112,93,21,6.09
1127.61196,8440,8196,93,21,6.09
1127.711938,8673,8468,93,21,6.06
1127.811931,8548,8580,134,21,6.06
1127.911931,8438,8448,134,21,6.06
1128.01196,8550,8404,134,21,6.06
1128.11193,8574,8476,134,21,6.09
1128.211932,8680,8572,261,21,6.09
1128.31193,8226,8544,261,21,6.09
1128.411961,7910,8120,261,21,6.05
1128.511932,8231,7964,184,21,6.05
1128.611932,8459,8264,184,21,6.05
1128.711932,8396,8372,184,21,6.09
1128.811973,8532,8360,0,21,6.09
1128.911932,8550,8460,0,21,6.08
1129.011931,8517,8484,0,21,6.08
1129.111932,8465,8448,0,21,6.09
1129.21196,8478,8420,180,21,6.09
1129.311932,8277,8360,180,21,6.09
1129.411933,8438,8300,180,21,6.07
1129.511932,8387,8384,124,21,6.07
1129.611959,8431,8340,124,21,6.07
1129.711948,8427,8396,124,21,6.08
1129.81193,8326,8336,317,21,6.08
1129.911932,8425,8292,317,21,6.08
1130.011977,8515,8380,317,21,6.08
1130.111932,8495,8428,317,21,6.08
1130.211931,8485,8476,54,21,6.08
1130.311932,8487,8464,54,21,6.08
1130.41196,8454,8480,54,21,6.1
1130.511941,8437,8480,117,21,6.1
1130.611932,8597,8544,117,21,6.1
1130.71193,8393,8564,117,21,6.08
1130.811959,8458,8412,54,21,6.08
1130.911948,8813,8544,54,21,6.03
1131.011932,8641,8700,54,21,6.03
1131.111989,8372,8516,54,21,6.03
1131.21196,8152,8320,503,21,6.03
1131.31198,7872,8080,503,21,6.03
1131.411932,8163,7788,503,21,6.06
1131.511957,8862,8452,1175,21,6.06
1131.611973,8512,8768,1175,21,6.06
1131.711932,8471,8432,1175,21,6.03
1131.811931,8601,8572,83,21,6.03
1131.911931,8211,8556,83,21,5.99
1132.011975,8079,8220,83,21,5.99
1132.111931,8248,8132,83,21,6.04
1132.211932,8275,8240,279,21,6.04
1132.311932,8592,8252,279,21,6.04
1132.411959,8725,8560,279,21,6.04
1132.511932,8475,8652,286,21,6.04
1132.611932,8283,8424,286,21,6.04
1132.711939,8166,8196,286,21,6.09
1132.811959,8251,8168,267,21,6.09
1132.911931,8339,8192,267,21,6.07
1133.011931,8279,8236,267,21,6.07
1133.111931,8216,8192,267,21,6.08
1133.211974,8157,8168,274,21,6.08
1133.311931,8244,8168,274,21,6.08
1133.411931,8336,8268,274,21,6.07
1133.511939,8413,8352,271,21,6.07
1133.61196,8479,8420,271,21,6.07
1133.711931,8438,8420,271,21,6.09
1133.811932,8392,8356,131,21,6.09
1133.911931,8372,8304,131,21,6.1
1134.011951,8321,8300,131,21,6.1
1134.111931,8434,8312,131,21,6.07
1134.211952,8446,8468,100,21,6.07
1134.311931,8370,8460,100,21,6.07
1134.41196,8343,8356,100,21,6.1
1134.51193,8266,8320,156,21,6.1
1134.611948,8328,8304,156,21,6.1
1134.711931,8396,8352,156,21,6.04
1134.811944,8434,8384,443,21,6.04
1134.91193,8454,8420,443,21,6.05
1135.011953,8305,8424,443,21,6.05
1135.111931,8406,8324,443,21,6.07
1135.211989,8281,8348,88,21,6.07
1135.31193,8392,8300,88,21,6.07
1135.411953,8457,8396,88,21,6.07
1135.511932,8368,8456,348,21,6.07
1135.61196,8208,8332,348,21,6.07
1135.711931,8077,8196,348,21,6.09
1135.811936,8122,8144,151,21,6.09
1135.91193,8337,8200,151,21,6.05
1136.011958,8425,8396,151,21,6.05
1136.111931,8271,8396,151,21,6.05
1136.211932,8161,8284,303,21,6.05
1136.31193,8092,8212,303,21,6.05
1136.411959,7929,8100,303,21,6.03
1136.511931,8298,8092,13,21,6.03
1136.611931,8325,8328,13,21,6.03
1136.711932,8243,8312,13,21,6.05
1136.811958,8235,8228,274,21,6.05
1136.91193,8401,8292,274,21,6.05
1137.011932,8337,8392,274,21,6.05
1137.111931,8479,8412,274,21,6.07
1137.211955,8541,8516,0,21,6.07
1137.311931,8653,8620,0,21,6.07
1137.411933,8222,8548,0,21,6.09
1137.51193,8397,8212,34,21,6.09
1137.611953,8738,8428,34,21,6.09
1137.71193,8584,8656,34,21,6.09
1137.811931,8263,8464,494,21,6.09
1137.911931,8552,8356,494,21,6.06
1138.011954,8486,8524,494,21,6.06
1138.111931,8401,8396,494,21,6.05
1138.211931,8482,8432,122,21,6.05
1138.311931,8175,8364,122,21,6.05
1138.411952,8334,8264,122,21,6.07
1138.511931,8347,8424,211,21,6.07
1138.611932,8300,8360,211,21,6.07
1138.71193,8309,8256,211,21,6.09
1138.811959,8457,8312,305,21,6.09
1138.91193,8249,8328,305,21,6.04
1139.011931,8731,8324,305,21,6.04
1139.111932,8820,8816,305,21,6.09
1139.211949,8599,8828,284,21,6.09
1139.311931,8569,8688,284,21,6.09
1139.411931,8449,8576,284,21,6.08
1139.511932,8384,8456,59,21,6.08
1139.611958,8422,8416,59,21,6.08
1139.711931,8379,8448,59,21,6.09
1139.81194,8267,8372,170,21,6.09
1139.911932,8247,8384,170,21,6.05
1140.011946,8276,8288,170,21,6.05
1140.111931,8274,8288,170,21,6.06
1140.211932,8484,8300,358,21,6.06
1140.311932,8303,8416,358,21,6.06
1140.411946,8191,8272,358,21,6.06
1140.51193,8261,8200,81,21,6.06
1140.611932,8366,8248,81,21,6.06
1140.71193,8705,8376,81,21,6.08
1140.811961,8955,8648,522,21,6.08
1140.911932,8965,8876,522,21,6.08
1141.011932,8844,8924,522,21,6.08
1141.111947,8328,8640,522,21,6.03
1141.211975,8495,8452,421,21,6.03
1141.311934,8431,8560,421,21,6.03
1141.411932,8408,8532,421,21,6.08
1141.511932,8255,8404,554,21,6.08
1141.611975,8167,8288,554,21,6.08
1141.711939,8179,8104,554,21,6.08
1141.811932,8344,8224,209,21,6.08
1141.911931,7942,8224,209,21,6.06
1142.01196,7985,8000,209,21,6.06
1142.111931,8238,8092,209,21,6.05
1142.211931,8527,8316,692,21,6.05
1142.311931,8761,8580,692,21,6.05
1142.411959,8527,8696,692,21,6.09
1142.511932,8351,8520,214,21,6.09
1142.611932,8411,8400,214,21,6.09
1142.711932,8428,8428,214,21,6.06
1142.811975,8282,8232,360,21,6.06
1142.911931,8433,8208,360,21,6.08
1143.011932,8541,8392,360,21,6.08
1143.111931,8445,8484,360,21,6.06
1143.211961,8233,8404,232,21,6.06
1143.311932,8342,8248,232,21,6.06
1143.411932,8392,8300,232,21,6.08
1143.51193,8226,8328,83,21,6.08
1143.611961,8198,8176,83,21,6.08
1143.711931,8545,8268,83,21,6.07
1143.811931,8833,8664,692,21,6.07
1143.911932,8753,8868,692,21,6.1
1144.01196,8735,8832,692,21,6.1
1144.111939,8661,8752,692,21,6.06
1144.211933,8434,8628,307,21,6.06
1144.311931,8204,8452,307,21,6.06
1144.411959,7989,8084,307,21,6.05
1144.511932,8542,8068,621,21,6.05
1144.611933,8551,8492,621,21,6.05
1144.711931,8726,8620,621,21,6.09
1144.811975,8400,8656,486,21,6.09
1144.911931,7861,8276,486,21,6.01
1145.011933,7711,7708,486,21,6.01
1145.11193,8190,7760,486,21,6.03
1145.211949,8345,8244,237,21,6.03
1145.311932,8415,8340,237,21,6.03
1145.411979,8561,8484,237,21,6.03
1145.511932,8542,8612,267,21,6.03
1145.611982,8110,8452,267,21,6.03
1145.711932,8031,8196,267,21,6.08
1145.81195,8126,8116,247,21,6.08
1145.911932,8312,8176,247,21,6.07
1146.011961,8607,8396,247,21,6.07
1146.111932,8714,8660,247,21,6.08
1146.211933,8342,8648,520,21,6.08
1146.311931,8384,8344,520,21,6.08
1146.411959,8439,8436,520,21,6.07
1146.511931,8384,8436,116,21,6.07
1146.611941,8360,8292,116,21,6.07
1146.711933,8341,8272,116,21,6.09
1146.81196,8129,8204,339,21,6.09
1146.91193,8584,8136,339,21,6.06
1147.011932,8961,8540,339,21,6.06
1147.111933,9015,8968,339,21,6.08
1147.211961,9008,8956,165,21,6.08
1147.311932,8870,8956,165,21,6.08
1147.411933,8725,8832,165,21,6.08
1147.511932,8714,8716,56,21,6.08
1147.61196,8854,8716,56,21,6.08
1147.711932,8540,8676,56,21,6.05
1147.811932,8230,8492,873,21,6.05
1147.911945,8363,8244,873,21,6.09
1148.01196,8472,8312,873,21,6.09
1148.111979,8208,8392,873,21,6.04
1148.211931,8362,8268,209,21,6.04
1148.311976,8368,8288,209,21,6.04
1148.411959,8415,8388,209,21,6.06
1148.511958,8294,8424,110,21,6.06
1148.611933,8061,8312,110,21,6.06
1148.711939,7964,8124,110,21,6.08
1148.811959,7996,8064,75,21,6.08
1148.911932,8107,8088,75,21,6.1
1149.011932,8107,8168,75,21,6.1
1149.111932,8115,8092,75,21,6.09
1149.21196,7947,8084,37,21,6.09
1149.311932,8072,7920,37,21,6.09
1149.41195,8017,7988,37,21,6.07
1149.511932,8059,7984,5,21,6.07
1149.611959,8050,8004,5,21,6.07
1149.711931,8133,8048,5,21,6.05
1149.811931,7931,8068,13,21,6.05
1149.911939,7905,7944,13,21,6.08
1150.011959,8217,8008,13,21,6.08
1150.111932,8128,8192,13,21,6.07
1150.211932,8178,8128,184,21,6.07
1150.311932,8334,8164,184,21,6.07
1150.411959,8253,8244,184,21,6.09
1150.511932,8080,8144,535,21,6.09
1150.611932,7967,8016,535,21,6.09
1150.711939,8002,7972,535,21,6.06
1150.811959,8372,8068,691,21,6.06
1150.911932,8462,8380,691,21,6.06
1151.011931,8394,8320,691,21,6.06
1151.11193,8422,8404,691,21,6.08
1151.211958,8364,8328,494,21,6.08
1151.311932,8500,8524,494,21,6.08
1151.411932,8654,8544,494,21,6.08
1151.511948,8765,8692,600,21,6.08
1151.611958,8639,8740,600,21,6.08
1151.71196,8602,8676,600,21,6.07
1151.811934,8366,8436,532,21,6.07
1151.911949,8558,8324,532,21,6.08
1152.011958,8679,8560,532,21,6.08
1152.11196,8438,8588,532,21,6.06
1152.211932,8324,8412,395,21,6.06
1152.311931,8282,8364,395,21,6.06
1152.411983,8364,8392,395,21,6.09
1152.511931,8209,8368,295,21,6.09
1152.611931,8630,8352,295,21,6.09
1152.711931,8454,8552,295,21,6.09
1152.811957,8487,8408,64,21,6.09
1152.911931,8565,8408,64,21,6.08
1153.011931,8597,8508,64,21,6.08
1153.111931,8517,8516,64,21,6.07
1153.21196,8544,8532,576,21,6.07
1153.311933,8561,8596,576,21,6.07
1153.411932,8505,8576,576,21,6.07
1153.511933,8583,8532,22,21,6.07
1153.611985,8290,8580,22,21,6.07
1153.711944,7927,8260,22,21,6.05
1153.811931,7930,8048,88,21,6.05
1153.911933,8229,8068,88,21,6.04
1154.011989,8306,8324,88,21,6.04
1154.111929,8368,8288,88,21,6.06
1154.211931,8557,8256,17,21,6.06
1154.311931,8729,8548,17,21,6.06
1154.411979,8993,8800,17,21,6.05
1154.511931,8644,8936,73,21,6.05
1154.611939,8658,8592,73,21,6.05
1154.711933,8576,8668,73,21,6.07
1154.811976,8428,8624,52,21,6.07
1154.911932,8097,8340,52,21,6.05
1155.011935,8269,8120,52,21,6.05
1155.111933,8544,8340,52,21,6.02
1155.211974,8710,8536,332,21,6.02
1155.311939,8594,8652,332,21,6.02
1155.411934,8547,8604,332,21,6.06
1155.511932,8492,8608,92,21,6.06
1155.61196,8389,8572,92,21,6.06
1155.711935,8285,8408,92,21,6.08
1155.811933,8314,8340,98,21,6.08
1155.911933,8265,8344,98,21,6.07
1156.01196,8076,8244,98,21,6.07
1156.111941,8266,8228,98,21,6.07
1156.211931,8304,8304,279,21,6.07
1156.311931,8491,8368,279,21,6.07
1156.411974,8462,8488,279,21,6.07
1156.511941,8396,8484,90,21,6.07
1156.611933,8351,8392,90,21,6.07
1156.711933,8726,8368,90,21,6.09
1156.811953,8329,8588,505,21,6.09
1156.911932,7764,8316,505,21,6.02
1157.011933,8344,7876,505,21,6.02
1157.111931,8343,8292,505,21,6.05
1157.211955,8143,8332,585,21,6.05
1157.31194,8010,8196,585,21,6.05
1157.411932,7918,8048,585,21,6.05
1157.511932,8076,8008,264,21,6.05
1157.611956,8068,8108,264,21,6.05
1157.711939,8065,8112,264,21,6.08
1157.811932,8444,8152,868,21,6.08
1157.91193,8407,8340,868,21,6.07
1158.011956,8088,8280,868,21,6.07
1158.111939,8176,8108,868,21,6.04
1158.211931,8351,8192,119,21,6.04
1158.31195,8415,8360,119,21,6.04
1158.411975,8239,8352,119,21,6.04
1158.511959,8595,8384,476,21,6.04
1158.611931,8245,8544,476,21,6.04
1158.71196,8268,8332,476,21,6.06
1158.811954,8342,8352,32,21,6.06
1158.911948,8493,8444,32,21,6.06
1159.011931,8293,8492,32,21,6.06
1159.111932,8252,8272,32,21,6.08
1159.211976,8427,8272,274,21,6.08
1159.311932,8494,8432,274,21,6.08
1159.411933,8441,8488,274,21,6.09
1159.511932,8473,8436,61,21,6.09
1159.611947,8234,8420,61,21,6.09
1159.71193,8393,8336,61,21,6.09
1159.811932,8297,8372,141,21,6.09
1159.911932,8284,8360,141,21,6.08
1160.011954,8235,8324,141,21,6.08
1160.111932,8164,8252,141,21,6.07
1160.211932,8578,8268,418,21,6.07
1160.311932,8716,8484,418,21,6.07
1160.411953,8621,8656,418,21,6.07
1160.511931,8611,8624,360,21,6.07
1160.611934,8674,8600,360,21,6.07
1160.711931,8695,8664,360,21,6.06
1160.811993,8314,8620,515,21,6.06
1160.911931,8254,8256,515,21,6.08
1161.011933,8398,8284,515,21,6.08
1161.11194,8495,8348,515,21,6.05
1161.211953,8315,8424,51,21,6.05
1161.311931,8285,8316,51,21,6.05
1161.411949,8337,8276,51,21,6.06
1161.511932,8519,8340,433,21,6.06
1161.611947,8518,8528,433,21,6.06
1161.711932,8409,8484,433,21,6.06
1161.811954,8340,8420,44,21,6.06
1161.91194,8126,8308,44,21,6.07
1162.011955,8150,8132,44,21,6.07
1162.111931,8296,8184,44,21,6.07
1162.211951,8490,8364,320,21,6.07
1162.311939,8243,8396,320,21,6.07
1162.411955,8346,8308,320,21,6.06
1162.511932,9241,8324,0,21,6.06
1162.611931,9179,9044,0,21,6.06
1162.711931,7030,8760,0,21,5.97
1162.811978,7842,7496,429,21,5.97
1162.911932,8421,8124,429,21,6
1163.011931,8457,8452,429,21,6
1163.111932,8544,8464,429,21,6.07
1163.211953,8347,8420,168,21,6.07
1163.311931,9222,8352,168,21,6.07
1163.41193,7615,9008,168,21,6.05
1163.511931,7933,7848,696,21,6.05
1163.611976,8331,8076,696,21,6.05
1163.711941,8322,8272,696,21,6.09
1163.811932,8359,8328,279,21,6.09
1163.911932,8195,8276,279,21,6.04
1164.011984,8453,8284,279,21,6.04
1164.111931,8365,8384,279,21,6.1
1164.211932,8177,8324,416,21,6.1
1164.311931,8506,8284,416,21,6.1
1164.411956,8481,8516,416,21,6.06
1164.511932,8422,8424,35,21,6.06
1164.611932,8520,8364,35,21,6.06
1164.71193,8698,8500,35,21,6.04
1164.811955,8948,8744,281,21,6.04
1164.911932,8669,8908,281,21,6.09
1165.01195,8735,8608,281,21,6.09
1165.111932,8769,8712,281,21,6.09
1165.211973,8500,8704,320,21,6.09
1165.311931,8263,8440,320,21,6.09
1165.41196,8420,8300,320,21,6.08
1165.511931,8575,8488,191,21,6.08
1165.61196,8329,8480,191,21,6.08
1165.711951,8530,8364,191,21,6.08
1165.811931,8514,8496,126,21,6.08
1165.911931,8651,8592,126,21,6.05
1166.012001,8432,8540,126,21,6.05
1166.111939,8348,8440,126,21,6.08
1166.211932,8391,8384,61,21,6.08
1166.311932,8435,8352,61,21,6.08
1166.411959,8721,8528,61,21,6.04
1166.511931,8698,8692,92,21,6.04
1166.611931,8448,8640,92,21,6.04
1166.711931,8179,8284,92,21,6.05
1166.811983,8096,8104,76,21,6.05
1166.911931,8112,8084,76,21,6.07
1167.011942,8198,8152,76,21,6.07
1167.111933,8209,8172,76,21,6.09
1167.21196,8451,8368,638,21,6.09
1167.31193,8282,8380,638,21,6.09
1167.411933,8240,8284,638,21,6.05
1167.511932,8192,8172,360,21,6.05
1167.611959,8080,8140,360,21,6.05
1167.711931,7960,8024,360,21,6.06
1167.811933,8301,8016,199,21,6.06
1167.911932,8562,8408,199,21,6.04
1168.011953,8484,8520,199,21,6.04
1168.111932,8256,8396,199,21,6.04
1168.211931,8395,8312,245,21,6.04
1168.311932,8352,8324,245,21,6.04
1168.411959,8534,8428,245,21,6.06
1168.51193,8272,8472,216,21,6.06
1168.611932,8090,8140,216,21,6.06
1168.711931,8555,8120,216,21,6.06
1168.811959,8552,8592,315,21,6.06
1168.911932,8563,8608,315,21,6.08
1169.011931,8597,8552,315,21,6.08
1169.11193,8655,8560,315,21,6.07
1169.21196,8779,8616,358,21,6.07
1169.31193,8317,8588,358,21,6.07
1169.41193,8611,8420,358,21,6.05
1169.511939,8155,8452,576,21,6.05
1169.611956,8252,8124,576,21,6.05
1169.711931,8629,8300,576,21,6.05
1169.811931,8681,8660,684,21,6.05
1169.911931,8524,8660,684,21,6.06
1170.011953,8765,8620,684,21,6.06
1170.111931,8661,8740,684,21,6.09
1170.211931,8224,8532,539,21,6.09
1170.311932,8355,8248,539,21,6.09
1170.411984,8469,8376,539,21,6.07
1170.51193,8367,8420,170,21,6.07
1170.611931,8346,8352,170,21,6.07
1170.71194,8329,8316,170,21,6.07
1170.811953,8208,8312,37,21,6.07
1170.91193,7921,8040,37,21,6.05
1171.011932,8324,8036,37,21,6.05
1171.111931,8213,8312,37,21,6.09
1171.211988,8027,8140,382,21,6.09
1171.311931,8012,8024,382,21,6.09
1171.411932,7933,7964,382,21,6.08
1171.511931,7952,7924,156,21,6.08
1171.611973,8032,8032,156,21,6.08
1171.711931,8230,8084,156,21,6.07
1171.811932,8280,8276,182,21,6.07
1171.911931,7998,8148,182,21,6.02
1172.011975,8299,8096,182,21,6.02
1172.111938,8396,8372,182,21,6.05
1172.211976,8424,8332,276,21,6.05
1172.311932,8315,8520,276,21,6.05
1172.411947,8118,8176,276,21,6.04
1172.51194,8198,8132,278,21,6.04
1172.611949,8360,8236,278,21,6.04
1172.711932,8197,8348,278,21,6.08
1172.81195,8298,8288,296,21,6.08
1172.911931,8432,8344,296,21,6.07
1173.011931,8637,8524,296,21,6.07
1173.111933,8466,8684,296,21,6.07
1173.211948,8200,8368,214,21,6.07
1173.311932,8360,8192,214,21,6.07
1173.411931,8455,8416,214,21,6.08
1173.511932,8524,8428,35,21,6.08
1173.611948,8664,8624,35,21,6.08
1173.711931,8457,8588,35,21,6.07
1173.811936,8471,8396,151,21,6.07
1173.911931,8738,8564,151,21,5.97
1174.011947,8439,8648,151,21,5.97
1174.111932,8312,8308,151,21,6.06
1174.211933,8280,8308,274,21,6.06
1174.311949,8328,8312,274,21,6.06
1174.411944,8362,8332,274,21,6.09
1174.511974,8256,8376,47,21,6.09
1174.611932,8328,8292,47,21,6.09
1174.71195,7842,7968,47,21,6.01
1174.811945,8769,8072,819,21,6.01
1174.911931,8300,8712,819,21,5.99
1175.01193,8120,8188,819,21,5.99
1175.11193,8334,8288,819,21,6.06
1175.211946,8429,8360,194,21,6.06
1175.31193,8432,8436,194,21,6.06
1175.411932,8403,8464,194,21,6.09
1175.511932,8479,8492,8,21,6.09
1175.611945,8462,8524,8,21,6.09
1175.711931,8378,8432,8,21,6.04
1175.811932,8422,8368,49,21,6.04
1175.91193,8472,8376,49,21,6.09
1176.011953,8447,8436,49,21,6.09
1176.111931,8461,8452,49,21,6.07
1176.211931,8424,8448,25,21,6.07
1176.311933,8297,8408,25,21,6.07
1176.411945,8143,8296,25,21,6.08
1176.511931,8372,8148,617,21,6.08
1176.611931,8656,8436,617,21,6.08
1176.711933,8323,8620,617,21,6.07
1176.811952,8251,8368,71,21,6.07
1176.911931,8298,8312,71,21,6.08
1177.011931,8310,8332,71,21,6.08
1177.111931,8454,8320,71,21,6.08
1177.211946,8582,8448,308,21,6.08
1177.31194,8484,8472,308,21,6.08
1177.411931,8548,8424,308,21,6.08
1177.511932,8552,8488,167,21,6.08
1177.611949,8368,8448,167,21,6.08
1177.711932,8366,8292,167,21,6.07
1177.81193,8499,8368,214,21,6.07
1177.911931,8616,8508,214,21,6.07
1178.011958,8259,8500,214,21,6.07
1178.111931,8278,8228,214,21,6.07
1178.211931,8165,8280,643,21,6.07
1178.31193,8000,8168,643,21,6.07
1178.41196,8153,8088,643,21,6.09
1178.511943,8465,8292,267,21,6.09
1178.611931,8329,8400,267,21,6.09
1178.711948,8521,8380,267,21,6.06
1178.811981,8732,8464,230,21,6.06
1178.911984,8859,8732,230,21,6.07
1179.011933,8601,8708,230,21,6.07
1179.111961,8597,8524,230,21,6.08
1179.211976,8222,8472,549,21,6.08
1179.31195,7728,8080,549,21,6.08
1179.411931,8285,7836,549,21,6.05
1179.511932,8424,8312,378,21,6.05
1179.611976,8522,8420,378,21,6.05
1179.711931,8446,8472,378,21,6.06
1179.811935,8353,8420,493,21,6.06
1179.911932,8466,8328,493,21,6.05
1180.011973,8389,8368,493,21,6.05
1180.111931,8437,8356,493,21,6.08
1180.211935,8450,8412,95,21,6.08
1180.311932,8503,8436,95,21,6.08
1180.41196,8354,8472,95,21,6.07
1180.511931,8261,8332,462,21,6.07
1180.611932,8333,8328,462,21,6.07
1180.711931,8238,8368,462,21,6.08
1180.811976,8220,8316,35,21,6.08
1180.911932,8325,8312,35,21,6.08
1181.011951,8443,8336,35,21,6.08
1181.111931,8433,8388,35,21,6.07
1181.21196,8381,8388,6,21,6.07
1181.31193,8381,8352,6,21,6.07
1181.411939,8569,8416,6,21,6.07
1181.511932,8384,8520,368,21,6.07
1181.611961,8212,8412,368,21,6.07
1181.711931,8055,8220,368,21,6.03
1181.811936,8117,8148,143,21,6.03
1181.911932,8146,8156,143,21,6.09
1182.011982,8199,8160,143,21,6.09
1182.111931,8218,8248,143,21,6.1
1182.211931,8291,8300,0,21,6.1
1182.31193,8292,8368,0,21,6.1
1182.411992,8361,8380,0,21,6.08
1182.511931,8328,8396,245,21,6.08
1182.611932,8163,8368,245,21,6.08
1182.711931,8086,8224,245,21,6.07
1182.81196,8172,8160,73,21,6.07
1182.911931,8175,8220,73,21,6.08
1183.011931,8184,8204,73,21,6.08
1183.11193,8345,8232,73,21,6.09
1183.211944,8343,8344,192,21,6.09
1183.311931,8255,8300,192,21,6.09
1183.411932,8211,8184,192,21,6.08
1183.511932,8156,8132,203,21,6.08
1183.611975,8112,8096,203,21,6.08
1183.711939,8169,8108,203,21,6.08
1183.811931,8163,8132,35,21,6.08
1183.91193,8312,8160,35,21,6.07
1184.011975,8103,8188,35,21,6.07
1184.111933,8266,8132,35,21,6.08
1184.211931,8361,8232,51,21,6.08
1184.311932,8333,8308,51,21,6.08
1184.41196,8455,8364,51,21,6.07
1184.511939,8500,8452,580,21,6.07
1184.611931,8589,8568,580,21,6.07
1184.711931,8428,8580,580,21,6.09
1184.811973,8451,8424,44,21,6.09
1184.911931,8702,8460,44,21,6.06
1185.011932,8619,8688,44,21,6.06
1185.11195,8749,8688,44,21,6.06
1185.211976,8530,8696,187,21,6.06
1185.311931,8599,8496,187,21,6.06
1185.411934,8775,8656,187,21,6.06
1185.511931,8633,8728,124,21,6.06
1185.61196,8532,8624,124,21,6.06
1185.711931,8514,8512,124,21,6.08
1185.811935,8590,8592,298,21,6.08
1185.911933,8628,8608,298,21,6.09
1186.01196,8298,8540,298,21,6.09
1186.111932,8379,8380,298,21,6.08
1186.211931,8597,8464,370,21,6.08
1186.311931,8253,8504,370,21,6.08
1186.411958,8316,8304,370,21,6.06
1186.511932,8482,8308,197,21,6.06
1186.611934,8797,8520,197,21,6.06
1186.711936,8540,8736,197,21,6.08
1186.811982,8382,8516,377,21,6.08
1186.911951,8299,8328,377,21,6.08
1187.011976,8389,8324,377,21,6.08
1187.111976,8420,8372,377,21,6.06
1187.211976,8382,8388,63,21,6.06
1187.311933,8136,8316,63,21,6.06
1187.411935,8076,8112,63,21,6.07
1187.511933,8300,8156,458,21,6.07
1187.611976,8400,8288,458,21,6.07
1187.711934,8314,8384,458,21,6.08
1187.811935,8527,8356,237,21,6.08
1187.911935,8386,8500,237,21,6.08
1188.011977,8291,8352,237,21,6.08
1188.111934,8242,8284,237,21,6.07
1188.211934,8167,8236,216,21,6.07
1188.311934,8201,8188,216,21,6.07
1188.411975,8160,8192,216,21,6.07
1188.511934,8362,8240,331,21,6.07
1188.611934,8555,8420,331,21,6.07
1188.711933,8469,8516,331,21,6.08
1188.811976,8316,8372,257,21,6.08
1188.911931,8361,8360,257,21,6.09
1189.011932,8463,8452,257,21,6.09
1189.111933,8516,8420,257,21,6.08
1189.211974,8578,8560,322,21,6.08
1189.311932,8591,8596,322,21,6.08
1189.411936,8466,8548,322,21,6.07
1189.511934,8451,8420,81,21,6.07
1189.611977,8583,8484,81,21,6.07
1189.711933,8480,8532,81,21,6.06
1189.811932,8396,8428,66,21,6.06
1189.911932,8407,8420,66,21,6.09
1190.011959,8319,8396,66,21,6.09
1190.111933,8207,8296,66,21,6.08
1190.211934,8326,8256,279,21,6.08
1190.311931,8402,8344,279,21,6.08
1190.411974,8289,8384,279,21,6.08
1190.511934,8063,8252,279,21,6.08
1190.611932,8288,8096,279,21,6.08
1190.711931,8210,8264,279,21,6.06
1190.81196,8375,8356,271,21,6.06
1190.911932,8149,8136,271,21,6.07
1191.011944,8297,8256,271,21,6.07
1191.111933,8298,8352,271,21,6.09
1191.211978,8275,8340,64,21,6.09
1191.311932,8374,8284,64,21,6.09
1191.411948,8480,8408,64,21,6.07
1191.511932,8368,8468,122,21,6.07
1191.61196,8246,8220,122,21,6.07
1191.711932,8483,8380,122,21,6.07
1191.811932,8705,8608,293,21,6.07
1191.911932,8594,8616,293,21,6.08
1192.011954,8282,8460,293,21,6.08
1192.111933,8162,8184,293,21,6.06
1192.211934,8041,8144,46,21,6.06
1192.311932,8318,8124,46,21,6.06
1192.41196,8481,8392,46,21,6.06
1192.511935,8713,8636,206,21,6.06
1192.611934,8795,8716,206,21,6.06
1192.711932,8313,8648,206,21,6.04
1192.811946,8144,8140,8,21,6.04
1192.911933,8092,8152,8,21,6.08
1193.011931,8111,8072,8,21,6.08
1193.11193,8320,8164,8,21,6.06
1193.211982,8377,8332,64,21,6.06
1193.311932,8473,8444,64,21,6.06
1193.411932,8258,8420,64,21,6.07
1193.511934,8201,8280,208,21,6.07
1193.611955,8204,8240,208,21,6.07
1193.711943,8198,8216,208,21,6.08
1193.811941,8347,8224,271,21,6.08
1193.91194,8123,8272,271,21,6.09
1194.01196,8162,8216,271,21,6.09
1194.11193,8396,8184,271,21,6.08
1194.211931,8341,8324,40,21,6.08
1194.311932,8225,8228,40,21,6.08
1194.411945,8458,8368,40,21,6.06
1194.511931,8513,8524,104,21,6.06
1194.611956,8505,8540,104,21,6.06
1194.711931,8437,8532,104,21,6.1
1194.811949,8414,8456,40,21,6.1
1194.911931,8217,8340,40,21,6.05
1195.011942,8325,8256,40,21,6.05
1195.111932,8443,8332,40,21,6.09
1195.211957,8435,8412,83,21,6.09
1195.311932,8585,8528,83,21,6.09
1195.411931,8410,8524,83,21,6.09
1195.51193,8597,8460,185,21,6.09
1195.611952,8572,8588,185,21,6.09
1195.711932,8445,8520,185,21,6.06
1195.811932,8859,8564,349,21,6.06
1195.911932,8528,8876,349,21,6.06
1196.01195,8404,8428,349,21,6.06
1196.111932,8473,8364,349,21,6.03
1196.211932,8592,8504,175,21,6.03
1196.311941,8588,8552,175,21,6.03
1196.41195,8570,8556,175,21,6.08
1196.511931,8397,8480,389,21,6.08
1196.611932,8625,8468,389,21,6.08
1196.711934,8844,8608,389,21,6.07
1196.811975,8934,8900,129,21,6.07
1196.911932,8179,8724,129,21,6
1197.011946,8066,8112,129,21,6
1197.111931,8194,8104,129,21,6.07
1197.211956,8226,8204,0,21,6.07
1197.311988,8208,8224,0,21,6.07
1197.411931,8031,8164,0,21,6.08
1197.51193,8353,8084,322,21,6.08
1197.611949,8397,8388,322,21,6.08
1197.711932,8095,8248,322,21,6.07
1197.811934,8169,8124,153,21,6.07
1197.911931,8347,8252,153,21,6.09
1198.011959,8294,8352,153,21,6.09
1198.111931,8433,8320,153,21,6.08
1198.211931,8649,8460,525,21,6.08
1198.311931,8387,8620,525,21,6.08
1198.41196,8026,8240,525,21,6.06
1198.511933,8116,8028,32,21,6.06
1198.611935,8146,8164,32,21,6.06
1198.711939,8320,8192,32,21,6.07
1198.811983,8236,8280,153,21,6.07
1198.911931,8224,8220,153,21,6.07
1199.011991,8434,8336,153,21,6.07
1199.111934,8384,8432,153,21,6.09
1199.211975,8213,8320,407,21,6.09
1199.311933,8292,8288,407,21,6.09
1199.411931,8126,8180,407,21,6.08
1199.511933,8439,8252,395,21,6.08
1199.611973,8486,8484,395,21,6.08
1199.71193,8338,8384,395,21,6.08
1199.811933,8230,8364,254,21,6.08
1199.911932,8352,8236,254,21,6.08
1200.011957,8413,8360,254,21,6.08
1200.111931,8559,8416,254,21,6.06
1200.21193,8768,8692,569,21,6.06
1200.311931,8352,8592,569,21,6.06
1200.41196,8166,8244,569,21,6.05
1200.511933,8253,8148,95,21,6.05
1200.611932,8396,8340,95,21,6.05
1200.71193,8286,8344,95,21,6.07
1200.811944,8307,8308,185,21,6.07
1200.911932,8382,8284,185,21,6.09
1201.011933,8355,8428,185,21,6.09
1201.111939,8341,8376,185,21,6.08
1201.211961,8290,8356,133,21,6.08
1201.311932,8219,8264,133,21,6.08
1201.41194,8552,8308,133,21,6.04
1201.511932,8628,8588,233,21,6.04
1201.611995,8659,8668,233,21,6.04
1201.711931,8511,8628,233,21,6.07
1201.811934,8603,8544,266,21,6.07
1201.911933,8293,8568,266,21,6.05
1202.011974,8373,8224,266,21,6.05
1202.111942,8708,8492,266,21,6.06
1202.211932,8495,8704,238,21,6.06
1202.311933,8201,8316,238,21,6.06
1202.411975,8080,8252,238,21,6.09
1202.511931,8096,8012,139,21,6.09
1202.611932,8487,8300,139,21,6.09
1202.711931,8386,8444,139,21,6.09
1202.811975,8269,8408,177,21,6.09
1202.911931,8272,8192,177,21,6.09
1203.011931,8231,8280,177,21,6.09
1203.111931,8274,8252,177,21,6.09
1203.21198,8226,8268,0,21,6.09
1203.311938,8411,8256,0,21,6.09
1203.411932,8373,8368,0,21,6.09
1203.511932,8287,8332,160,21,6.09
1203.61196,8403,8308,160,21,6.09
1203.711932,8332,8368,160,21,6.06
1203.811932,8268,8320,363,21,6.06
1203.911932,8396,8280,363,21,6.08
1204.011948,8420,8424,363,21,6.08
1204.111932,8485,8440,363,21,6.09
1204.211932,8467,8456,185,21,6.09
1204.311941,8300,8408,185,21,6.09
1204.411961,8270,8264,185,21,6.08
1204.511979,8226,8252,199,21,6.08
1204.611933,8238,8232,199,21,6.08
1204.711988,8291,8284,199,21,6.08
1204.811974,8169,8276,163,21,6.08
1204.911949,8354,8216,163,21,6.09
1205.011932,8573,8448,163,21,6.09
1205.11194,8484,8556,163,21,6.09
1205.211975,8422,8448,221,21,6.09
1205.311931,8344,8424,221,21,6.09
1205.411932,8428,8348,221,21,6.08
1205.511933,8359,8440,184,21,6.08
1205.61196,8442,8368,184,21,6.08
1205.711933,8482,8464,184,21,6.08
1205.811932,8467,8472,20,21,6.08
1205.911932,8598,8500,20,21,6.07
1206.011973,8585,8628,20,21,6.07
1206.111931,8518,8544,20,21,6.07
1206.211941,8363,8508,418,21,6.07
1206.311932,8307,8340,418,21,6.07
1206.411959,8305,8300,418,21,6.09
1206.511931,8311,8272,0,21,6.09
1206.611938,8411,8332,0,21,6.09
1206.711932,8294,8404,0,21,6.08
1206.811982,8152,8200,32,21,6.08
1206.911932,8412,8232,32,21,6.06
1207.011948,8505,8496,32,21,6.06
1207.11193,8440,8452,32,21,6.07
1207.211961,8366,8420,177,21,6.07
1207.31193,8331,8344,177,21,6.07
1207.411931,8378,8364,177,21,6.09
1207.511931,8354,8368,146,21,6.09
1207.61196,8343,8352,146,21,6.09
1207.711933,8286,8336,146,21,6.09
1207.811931,8411,8348,237,21,6.09
1207.911932,8330,8392,237,21,6.09
1208.01196,8473,8348,237,21,6.09
1208.111931,8435,8492,237,21,6.09
1208.211932,8335,8452,162,21,6.09
1208.311932,8400,8392,162,21,6.09
1208.411973,8241,8320,162,21,6.06
1208.51193,8339,8296,35,21,6.06
1208.611932,8488,8412,35,21,6.06
1208.71193,8342,8424,35,21,6.06
1208.811948,8533,8408,153,21,6.06
1208.911932,8426,8548,153,21,6.09
1209.01193,8171,8328,153,21,6.09
1209.111931,8346,8160,153,21,6.08
1209.211973,8590,8468,426,21,6.08
1209.311931,8424,8488,426,21,6.08
1209.411933,8474,8376,426,21,6.08
1209.511931,8907,8668,742,21,6.08
1209.61196,8844,8920,742,21,6.08
1209.711933,8687,8816,742,21,6.09
1209.811932,8239,8460,389,21,6.09
1209.911932,8100,8144,389,21,6.08
1210.011958,8256,8108,389,21,6.08
1210.111931,8080,8200,389,21,6.07
1210.211933,8142,8000,421,21,6.07
1210.311932,7740,8196,421,21,6.07
1210.411954,7728,7576,421,21,6.08
1210.511932,8371,7956,791,21,6.08
1210.611932,8581,8492,791,21,6.08
1210.711931,8479,8552,791,21,6.08
1210.81198,8374,8400,221,21,6.08
1210.911931,8244,8304,221,21,6.08
1211.011931,8198,8260,221,21,6.08
1211.111975,8165,8156,221,21,6.09
1211.21198,7942,8092,597,21,6.09
1211.311989,7910,7936,597,21,6.09
1211.411932,8567,8112,597,21,6.02
1211.511949,8410,8592,134,21,6.02
1211.61196,8121,8240,134,21,6.02
1211.711931,7992,8048,134,21,6.1
1211.811932,7904,7960,238,21,6.1
1211.91193,8019,7964,238,21,6.05
1212.011961,8039,8096,238,21,6.05
1212.111931,8025,8072,238,21,6.09
1212.211934,8382,8268,52,21,6.09
1212.31193,8547,8412,52,21,6.09
1212.411979,8316,8464,52,21,6.04
1212.511931,8446,8420,312,21,6.04
1212.611932,8335,8440,312,21,6.04
1212.711932,8519,8404,312,21,6.05
1212.811989,8722,8584,363,21,6.05
1212.911932,8764,8756,363,21,6.08
1213.01193,8549,8732,363,21,6.08
1213.111931,8607,8628,363,21,6.08
1213.211948,8613,8580,243,21,6.08
1213.311932,8596,8616,243,21,6.08
1213.411932,8474,8532,243,21,6.08
1213.511931,8714,8516,218,21,6.08
1213.611946,8699,8704,218,21,6.08
1213.711933,8452,8696,218,21,6.06
1213.811932,8529,8444,81,21,6.06
1213.911931,7944,8312,81,21,6.07
1214.011957,8552,7952,81,21,6.07
1214.11193,8514,8440,81,21,6.07
1214.211935,8459,8488,109,21,6.07
1214.311932,8331,8392,109,21,6.07
1214.411984,8298,8296,109,21,6.08
1214.511932,8390,8364,15,21,6.08
1214.611933,8464,8384,15,21,6.08
1214.711931,8208,8368,15,21,6.05
1214.811952,8305,8208,151,21,6.05
1214.911932,8034,8184,151,21,6.05
1215.011932,8286,8116,151,21,6.05
1215.11193,8455,8360,151,21,6.07
1215.211976,8337,8428,242,21,6.07
1215.311931,8232,8324,242,21,6.07
1215.411932,8352,8256,242,21,6.06
1215.51194,8420,8392,34,21,6.06
1215.611951,8417,8384,34,21,6.06
1215.711932,8341,8436,34,21,6.04
1215.811933,8286,8328,180,21,6.04
1215.911932,8384,8288,180,21,6.09
1216.011948,8344,8316,180,21,6.09
1216.111931,8328,8392,180,21,6.06
1216.211933,8468,8420,228,21,6.06
1216.311932,8196,8440,228,21,6.06
1216.411961,8388,8260,228,21,6.09
1216.511938,8585,8412,168,21,6.09
1216.611932,8724,8620,168,21,6.09
1216.71193,8614,8668,168,21,6.08
1216.811972,8457,8580,390,21,6.08
1216.911933,8467,8480,390,21,6.09
1217.011941,8399,8444,390,21,6.09
1217.111987,8466,8416,390,21,6.08
1217.211989,8515,8488,172,21,6.08
1217.311988,8515,8508,172,21,6.08
1217.411944,8491,8544,172,21,6.09
1217.511948,8279,8380,370,21,6.09
1217.611948,8180,8296,370,21,6.09
1217.711932,7714,7976,370,21,6.05
1217.811939,7582,7624,283,21,6.05
1217.911932,8031,7696,283,21,6.04
1218.01196,8461,8252,283,21,6.04
1218.111931,8275,8500,283,21,6.07
1218.211934,8070,8080,208,21,6.07
1218.31193,8475,8232,208,21,6.07
1218.41196,8541,8568,208,21,6.08
1218.511931,8568,8448,0,21,6.08
1218.611933,8565,8708,0,21,6.08
1218.711932,8109,8300,0,21,6
1218.811982,8145,8068,11,21,6
1218.911931,8346,8220,11,21,6.06
1219.011932,8559,8420,11,21,6.06
1219.111931,8481,8540,11,21,6.07
1219.211961,8353,8320,243,21,6.07
1219.311932,8694,8544,243,21,6.07
1219.411932,8747,8700,243,21,6.09
1219.511932,8621,8816,102,21,6.09
1219.611985,8009,8412,102,21,6.09
1219.711932,8178,8000,102,21,6.07
1219.811932,8445,8276,127,21,6.07
1219.91193,8247,8364,127,21,6.05
1220.01195,8375,8288,127,21,6.05
1220.11193,8031,8228,127,21,6.01
1220.211932,8293,8116,293,21,6.01
1220.31194,8470,8428,293,21,6.01
1220.411954,8482,8480,293,21,6.07
1220.51193,8419,8460,150,21,6.07
1220.611933,8481,8432,150,21,6.07
1220.711931,8464,8440,150,21,6.08
1220.811951,8506,8484,85,21,6.08
1220.911931,8273,8468,85,21,6.08
1221.011932,8269,8256,85,21,6.08
1221.111933,8321,8272,85,21,6.09
1221.211958,8441,8380,29,21,6.09
1221.311932,8301,8368,29,21,6.09
1221.411931,8275,8308,29,21,6.07
1221.511931,8194,8252,252,21,6.07
1221.611961,8183,8192,252,21,6.07
1221.711931,8135,8184,252,21,6.09
1221.811935,8236,8148,223,21,6.09
1221.911931,8369,8336,223,21,6.08
1222.01196,8372,8312,223,21,6.08
1222.111931,8437,8420,223,21,6.09
1222.211932,8693,8516,406,21,6.09
1222.311931,8647,8676,406,21,6.09
1222.41196,8588,8612,406,21,6.08
1222.511932,8558,8620,92,21,6.08
1222.611931,8473,8520,92,21,6.08
1222.711933,8514,8488,92,21,6.06
1222.811992,8370,8448,360,21,6.06
1222.911933,8339,8352,360,21,6.09
1223.011931,8210,8252,360,21,6.09
1223.11193,8151,8208,360,21,6.09
1223.211959,8203,8180,66,21,6.09
1223.311931,8162,8192,66,21,6.09
1223.411933,8086,8064,66,21,6.08
1223.511931,8207,8144,300,21,6.08
1223.611975,8548,8356,300,21,6.08
1223.711931,8624,8580,300,21,6.06
1223.811948,8551,8592,153,21,6.06
1223.911931,8390,8516,153,21,6.09
1224.011981,8455,8396,153,21,6.09
1224.111932,8677,8560,153,21,6.07
1224.211984,8350,8516,88,21,6.07
1224.311931,8652,8440,88,21,6.07
1224.411985,8563,8620,88,21,6.1
1224.511931,8442,8584,315,21,6.1
1224.611932,8444,8488,315,21,6.1
1224.711932,8409,8536,315,21,6.07
1224.811984,8362,8352,5,21,6.07
1224.911931,8439,8324,5,21,6.04
1225.01193,8371,8420,5,21,6.04
1225.111932,8347,8376,5,21,6.09
1225.211947,8383,8392,237,21,6.09
1225.311931,8325,8344,237,21,6.09
1225.411932,8209,8272,237,21,6.07
1225.511931,8194,8164,180,21,6.07
1225.61196,8235,8172,180,21,6.07
1225.71193,8420,8308,180,21,6.08
1225.811932,8552,8436,165,21,6.08
1225.911931,8349,8564,165,21,6.05
1226.011958,8184,8348,165,21,6.05
1226.11193,8028,8172,165,21,6.03
1226.211931,8378,8116,141,21,6.03
1226.311931,8456,8496,141,21,6.03
1226.41196,8309,8392,141,21,6.05
1226.511931,8319,8304,5,21,6.05
1226.611939,8456,8340,5,21,6.05
1226.71193,8277,8384,5,21,6.04
1226.811984,8560,8428,375,21,6.04
1226.911931,8390,8484,375,21,6.08
1227.011932,8164,8364,375,21,6.08
1227.111957,8435,8308,375,21,6.06
1227.21196,8444,8412,102,21,6.06
1227.311931,8457,8436,102,21,6.06
1227.411935,7909,8296,102,21,6
1227.511932,7885,7908,353,21,6
1227.611958,8412,8084,353,21,6
1227.711932,8515,8480,353,21,6.07
1227.811933,8465,8504,189,21,6.07
1227.911932,8346,8472,189,21,6.09
1228.01196,8139,8224,189,21,6.09
1228.111938,8373,8136,189,21,6.06
1228.211947,8401,8284,17,21,6.06
1228.311938,8498,8368,17,21,6.06
1228.411982,8669,8560,17,21,6.09
1228.511938,8347,8532,888,21,6.09
1228.61195,8612,8484,888,21,6.09
1228.711932,8288,8540,888,21,6.06
1228.811982,8028,8252,443,21,6.06
1228.911939,8104,8032,443,21,6.07
1229.011942,8166,8052,443,21,6.07
1229.111931,8417,8116,443,21,6.08
1229.211961,8495,8392,187,21,6.08
1229.311932,8609,8480,187,21,6.08
1229.411931,8597,8556,187,21,6.08
1229.511932,8407,8520,428,21,6.08
1229.611984,8342,8420,428,21,6.08
1229.711948,8386,8412,428,21,6.08
1229.811931,8511,8452,334,21,6.08
1229.911985,8663,8500,334,21,6.06
1230.011958,8723,8600,334,21,6.06
1230.111944,8568,8624,334,21,6.09
1230.211933,8543,8572,47,21,6.09
1230.31196,8593,8552,47,21,6.09
1230.411958,8688,8592,47,21,6.08
1230.51195,8556,8636,143,21,6.08
1230.611952,8377,8424,143,21,6.08
1230.71193,8538,8392,143,21,6.04
1230.811983,8372,8464,259,21,6.04
1230.911931,8206,8272,259,21,6.06
1231.01194,8316,8236,259,21,6.06
1231.111932,8258,8324,259,21,6.07
1231.211957,8207,8276,129,21,6.07
1231.311943,8333,8288,129,21,6.07
1231.411931,8206,8316,129,21,6.07
1231.511931,8528,8284,902,21,6.07
1231.61196,8172,8384,902,21,6.07
1231.71193,8214,8176,902,21,6.09
1231.811932,8041,8140,230,21,6.09
1231.91194,8297,8104,230,21,6.08
1232.011959,8692,8364,230,21,6.08
1232.111932,8676,8640,230,21,6.09
1232.211933,8360,8568,47,21,6.09
1232.311931,8162,8320,47,21,6.09
1232.411981,8303,8312,47,21,6.05
1232.51193,8272,8332,214,21,6.05
1232.61194,8285,8300,214,21,6.05
1232.711932,8668,8396,214,21,6.05
1232.811993,8591,8628,8,21,6.05
1232.911932,8681,8604,8,21,6.08
1233.011933,8767,8688,8,21,6.08
1233.111931,8520,8736,8,21,6.1
1233.211953,8356,8412,542,21,6.1
1233.311931,8468,8384,542,21,6.1
1233.411931,8539,8488,542,21,6.08
1233.511931,8321,8516,264,21,6.08
1233.611956,8436,8316,264,21,6.08
1233.711932,8377,8492,264,21,6.07
1233.811932,8344,8356,25,21,6.07
1233.911932,8262,8292,25,21,6.05
1234.01196,8123,8224,25,21,6.05
1234.111938,8259,8180,25,21,6.05
1234.211932,8329,8324,815,21,6.05
1234.311932,8193,8228,815,21,6.05
1234.411951,8155,8032,815,21,6.08
1234.511932,8399,8140,240,21,6.08
1234.611932,8526,8452,240,21,6.08
1234.711932,8448,8484,240,21,6.09
1234.811953,8503,8464,139,21,6.09
1234.911933,8347,8468,139,21,6.08
1235.01193,8278,8304,139,21,6.08
1235.111931,8513,8384,139,21,6.07
1235.211978,8437,8496,22,21,6.07
1235.311931,8097,8388,22,21,6.07
1235.411932,8130,8084,22,21,6.09
1235.511931,8248,8168,274,21,6.09
1235.611945,8313,8252,274,21,6.09
1235.711931,8334,8316,274,21,6.09
1235.811933,8333,8324,133,21,6.09
1235.911939,8214,8272,133,21,6.08
1236.01195,8210,8236,133,21,6.08
1236.111931,8284,8184,133,21,6.08
1236.211932,8387,8324,259,21,6.08
1236.311932,8344,8368,259,21,6.08
1236.411951,8282,8348,259,21,6.09
1236.511931,8307,8292,187,21,6.09
1236.611931,8204,8256,187,21,6.09
1236.711932,8252,8212,187,21,6.09
1236.811985,8435,8312,155,21,6.09
1236.911932,8546,8448,155,21,6.07
1237.011933,8683,8716,155,21,6.07
1237.111931,8564,8596,155,21,6.08
1237.211953,8354,8552,262,21,6.08
1237.311933,8305,8308,262,21,6.08
1237.411932,8478,8308,262,21,6.07
1237.511956,8355,8504,64,21,6.07
1237.611952,8106,8176,64,21,6.07
1237.711958,8213,8164,64,21,6.08
1237.811936,8218,8260,337,21,6.08
1237.911949,8303,8196,337,21,6.07
1238.011977,8549,8376,337,21,6.07
1238.111933,8511,8524,337,21,6.09
1238.211951,8408,8524,329,21,6.09
1238.311939,8487,8420,329,21,6.09
1238.411977,8517,8532,329,21,6.07
1238.511933,8228,8372,201,21,6.07
1238.611932,8173,8144,201,21,6.07
1238.71194,8281,8232,201,21,6.09
1238.811975,8090,8200,267,21,6.09
1238.911931,8167,8100,267,21,6.09
1239.011931,8286,8260,267,21,6.09
1239.111949,8272,8296,267,21,6.09
1239.211943,8320,8284,167,21,6.09
1239.311984,8176,8288,167,21,6.09
1239.411932,8382,8208,167,21,6.06
1239.511948,8408,8440,92,21,6.06
1239.611953,8446,8396,92,21,6.06
1239.711939,8532,8480,92,21,6.08
1239.811934,8491,8504,0,21,6.08
1239.911931,8397,8472,0,21,6.09
1240.011951,8351,8376,0,21,6.09
1240.111931,8386,8356,0,21,6.08
1240.211931,8457,8424,44,21,6.08
1240.311933,8476,8484,44,21,6.08
1240.411957,8337,8452,44,21,6.08
1240.511941,8464,8336,353,21,6.08
1240.611933,8370,8412,353,21,6.08
1240.71193,8340,8332,353,21,6.09
1240.811975,8278,8328,150,21,6.09
1240.911931,8286,8260,150,21,6.09
1241.011934,8289,8276,150,21,6.09
1241.111939,8432,8368,150,21,6.05
1241.211952,8618,8412,15,21,6.05
1241.311932,8815,8716,15,21,6.05
1241.411931,8418,8708,15,21,6.06
1241.511942,8419,8304,255,21,6.06
1241.611958,8334,8500,255,21,6.06
1241.711931,8020,8120,255,21,6.04
1241.811935,8384,8076,348,21,6.04
1241.911934,8401,8484,348,21,6.07
1242.011953,8229,8256,348,21,6.07
1242.111932,8420,8404,348,21,6.07
1242.211932,8153,8260,257,21,6.07
1242.311932,8096,8080,257,21,6.07
1242.411961,8227,8200,257,21,6.09
1242.511931,8354,8312,283,21,6.09
1242.611933,8483,8336,283,21,6.09
1242.711939,8568,8564,283,21,6.08
1242.811954,8481,8564,58,21,6.08
1242.911932,8298,8404,58,21,6.07
1243.011938,8392,8268,58,21,6.07
1243.111932,8591,8448,58,21,6.05
1243.211948,8331,8480,296,21,6.05
1243.311931,8316,8296,296,21,6.05
1243.411984,8454,8368,296,21,6.06
1243.511932,8413,8464,0,21,6.06
1243.611954,8458,8392,0,21,6.06
1243.711944,8440,8492,0,21,6.09
1243.811934,8285,8380,397,21,6.09
1243.911931,8179,8272,397,21,6.06
1244.011954,7857,7948,397,21,6.06
1244.11194,8503,8088,397,21,5.99
1244.211931,8526,8548,230,21,5.99
1244.31193,8546,8532,230,21,5.99
1244.411975,8251,8416,230,21,6.04
1244.511931,8245,8248,81,21,6.04
1244.611931,8119,8140,81,21,6.04
1244.71193,8234,8160,81,21,6.09
1244.811979,8145,8232,51,21,6.09
1244.911931,8001,8060,51,21,6.05
1245.011931,8160,8080,51,21,6.05
1245.111932,8136,8168,51,21,6.09
1245.211961,8387,8196,151,21,6.09
1245.311931,8397,8452,151,21,6.09
1245.411932,8339,8372,151,21,6.09
1245.511931,8382,8344,165,21,6.09
1245.611956,8142,8316,165,21,6.09
1245.711929,8236,8112,165,21,6.09
1245.811947,8768,8424,834,21,6.09
1245.91194,8520,8732,834,21,6.07
1246.011961,8354,8376,834,21,6.07
1246.111932,8309,8328,834,21,6.09
1246.211931,8537,8328,170,21,6.09
1246.311931,8332,8500,170,21,6.09
1246.411959,8106,8224,170,21,6.06
1246.511932,8068,8100,29,21,6.06
1246.611931,8182,8088,29,21,6.06
1246.71193,8149,8248,29,21,6.08
1246.811985,7893,7988,305,21,6.08
1246.911931,7972,7912,305,21,6.09
1247.011931,8000,7988,305,21,6.09
1247.111931,7962,7976,305,21,6.07
1247.211959,8013,8024,119,21,6.07
1247.311931,8249,8052,119,21,6.07
1247.41193,8439,8372,119,21,6.04
1247.511938,8205,8384,540,21,6.04
1247.611973,8219,8156,540,21,6.04
1247.71193,7954,8196,540,21,6.06
1247.811934,8315,8100,288,21,6.06
1247.911931,8267,8200,288,21,6.09
1248.011944,8752,8472,288,21,6.09
1248.111932,8717,8784,288,21,6.04
1248.211932,8294,8588,853,21,6.04
1248.311931,8211,8344,853,21,6.04
1248.41196,8560,8296,853,21,6
1248.511932,8584,8604,232,21,6
1248.61198,8299,8472,232,21,6
1248.711932,8420,8296,232,21,6.09
1248.811956,8346,8464,237,21,6.09
1248.91193,8407,8296,237,21,6.08
1249.011933,8646,8520,237,21,6.08
1249.111932,8692,8584,237,21,6.07
1249.211974,8500,8628,760,21,6.07
1249.311931,8853,8672,760,21,6.07
1249.411988,8356,8724,760,21,5.99
1249.511932,8729,8468,568,21,5.99
1249.611947,8928,8820,568,21,5.99
1249.711932,8631,8788,568,21,6.02
1249.811991,8485,8472,63,21,6.02
1249.911932,8769,8604,63,21,6.02
1250.011984,8629,8708,63,21,6.02
1250.111932,8450,8532,63,21,6.04
1250.211933,8366,8428,278,21,6.04
1250.311931,8332,8424,278,21,6.04
1250.411954,8085,8200,278,21,6.04
1250.511932,8287,8020,76,21,6.04
1250.611933,8553,8460,76,21,6.04
1250.711932,8465,8528,76,21,6.05
1250.811977,8288,8420,273,21,6.05
1250.911931,8236,8180,273,21,6.06
1251.011932,8485,8192,273,21,6.06
1251.111932,8485,8464,273,21,6.07
1251.211978,8209,8500,69,21,6.07
1251.311932,8325,8120,69,21,6.07
1251.41195,8545,8316,69,21,6.05
1251.511931,8396,8448,395,21,6.05
1251.611959,8557,8436,395,21,6.05
1251.711932,8768,8656,395,21,6.07
1251.811945,8486,8608,320,21,6.07
1251.911931,8239,8336,320,21,6.08
1252.011977,8238,8240,320,21,6.08
1252.111931,8156,8196,320,21,6.09
1252.211934,8101,8116,0,21,6.09
1252.311931,8245,8156,0,21,6.09
1252.41196,8283,8272,0,21,6.08
1252.511934,7988,8176,455,21,6.08
1252.611932,8123,7988,455,21,6.08
1252.711931,8277,8188,455,21,6.07
1252.811973,8214,8252,150,21,6.07
1252.911932,8171,8236,150,21,6.08
1253.011932,8206,8176,150,21,6.08
1253.11193,8038,8164,150,21,6.06
1253.211959,8116,8068,172,21,6.06
1253.31193,8201,8140,172,21,6.06
1253.411932,7985,8148,172,21,6.08
1253.511934,8129,7992,52,21,6.08
1253.611957,8092,8100,52,21,6.08
1253.711931,8215,8092,52,21,6.1
1253.811952,8358,8176,170,21,6.1
1253.91193,8750,8500,170,21,6.08
1254.011959,8687,8736,170,21,6.08
1254.11194,8401,8576,170,21,5.99
1254.211933,8317,8308,400,21,5.99
1254.311931,8383,8300,400,21,5.99
1254.411957,8274,8344,400,21,6.09
1254.51193,8345,8216,182,21,6.09
1254.61194,8209,8252,182,21,6.09
1254.711931,8406,8256,182,21,6.06
1254.811977,8810,8568,607,21,6.06
1254.911931,8608,8716,607,21,6.07
1255.011933,8615,8616,607,21,6.07
1255.111932,7953,8420,607,21,6.02
1255.211946,7995,7928,107,21,6.02
1255.311931,7906,7936,107,21,6.02
1255.411939,8173,7992,107,21,6.04
1255.511932,8096,8140,250,21,6.04
1255.611952,8083,8176,250,21,6.04
1255.711931,7944,7992,250,21,6.07
1255.811934,8271,8052,605,21,6.07
1255.911932,8156,8184,605,21,6.07
1256.011945,8135,8124,605,21,6.07
1256.111931,8366,8176,605,21,6.09
1256.211932,8473,8464,397,21,6.09
1256.311979,8171,8360,397,21,6.09
1256.411954,8496,8312,397,21,6.03
1256.511943,8133,8412,177,21,6.03
1256.61193,8425,8188,177,21,6.03
1256.711949,8700,8468,177,21,6.04
1256.811977,8825,8684,245,21,6.04
1256.911931,8651,8772,245,21,6.08
1257.011934,8511,8640,245,21,6.08
1257.111931,8472,8544,245,21,6.08
1257.211958,8700,8552,245,21,6.08
1257.311931,8700,8724,245,21,6.08
1257.411933,8597,8724,245,21,6.03
1257.511932,8441,8584,832,21,6.03
1257.611945,8567,8464,832,21,6.03
1257.711931,8533,8528,832,21,6.09
1257.811951,8393,8464,139,21,6.09
1257.911931,8406,8348,139,21,6.09
1258.011941,8551,8384,139,21,6.09
1258.111932,8575,8556,139,21,6.05
1258.211933,8442,8548,155,21,6.05
1258.311931,8259,8352,155,21,6.05
1258.41194,8034,8264,155,21,6.07
1258.511932,8102,8152,109,21,6.07
1258.611931,8418,8220,109,21,6.07
1258.711932,8298,8328,109,21,6.05
1258.81196,8644,8312,290,21,6.05
1258.91193,8307,8508,290,21,6.09
1259.011931,8113,8268,290,21,6.09
1259.111931,8332,8172,290,21,6.08
1259.211957,8664,8368,513,21,6.08
1259.311931,8712,8716,513,21,6.08
1259.411932,8766,8712,513,21,6.07
1259.511932,8674,8844,109,21,6.07
1259.611943,8319,8624,109,21,6.07
1259.711931,8061,8212,109,21,6.07
1259.811934,8500,8192,392,21,6.07
1259.911932,8556,8460,392,21,6.02
1260.011941,8593,8584,392,21,6.02
1260.111932,8682,8644,392,21,6.04
1260.211933,8507,8648,69,21,6.04
1260.311932,8434,8228,69,21,6.04
1260.411941,9083,8700,69,21,6.02
1260.511932,8459,8868,870,21,6.02
1260.611933,8115,8284,870,21,6.02
1260.711933,8317,8136,870,21,6.08
1260.811977,8426,8304,124,21,6.08
1260.911932,8609,8532,124,21,6.07
1261.011932,8514,8620,124,21,6.07
1261.111946,9118,8636,124,21,6.07
1261.211945,8904,9072,141,21,6.07
1261.311981,8702,8808,141,21,6.07
1261.411941,8212,8624,141,21,6.06
1261.511948,7610,7880,907,21,6.06
1261.611958,7976,7668,907,21,6.06
1261.711931,7965,8004,907,21,6.03
1261.811947,8067,8000,46,21,6.03
1261.911934,8249,8128,46,21,6.05
1262.011953,8105,8164,46,21,6.05
1262.111933,8340,8148,46,21,6.07
1262.211932,8330,8308,0,21,6.07
1262.311931,8297,8300,0,21,6.07
1262.411942,8453,8340,0,21,6.06
1262.511933,9072,8620,1293,21,6.06
1262.61194,8367,8856,1293,21,6.06
1262.711933,8170,8264,1293,21,6.05
1262.811989,8559,8288,276,21,6.05
1262.911956,8522,8568,276,21,6.09
1263.011933,8233,8352,276,21,6.09
1263.111945,7925,7912,276,21,6.08
1263.211959,8507,8172,634,21,6.08
1263.311959,8616,8572,634,21,6.08
1263.411932,8377,8604,634,21,6.04
1263.511956,8239,8312,252,21,6.04
1263.611941,8147,8140,252,21,6.04
1263.711933,8329,8204,252,21,6.05
1263.811948,7982,8304,201,21,6.05
1263.91194,7460,7760,201,21,6.01
1264.011957,7255,7376,201,21,6.01
1264.111931,7357,7232,201,21,6.09
1264.21194,7983,7568,1030,21,6.09
1264.311931,8407,8220,1030,21,6.09
1264.411957,8808,8520,1030,21,6.05
1264.511934,8457,8676,694,21,6.05
1264.611932,8433,8452,694,21,6.05
1264.711932,8658,8412,694,21,6
1264.811979,8658,8664,696,21,6
1264.911933,8689,8636,696,21,6.04
1265.011944,8518,8604,696,21,6.04
1265.111933,8402,8516,696,21,6.08
1265.21198,8323,8396,107,21,6.08
1265.311932,8720,8364,107,21,6.08
1265.411932,8414,8632,107,21,6.09
1265.511932,8321,8432,750,21,6.09
1265.611957,8303,8224,750,21,6.09
1265.711932,8070,8116,750,21,6.01
1265.811949,8288,8040,80,21,6.01
1265.911932,8094,8224,80,21,6.09
1266.011957,7883,7992,80,21,6.09
1266.111939,8078,7888,80,21,6.07
1266.211931,8525,8108,418,21,6.07
1266.311932,8387,8508,418,21,6.07
1266.411957,8071,8384,418,21,6.06
1266.511931,8201,8108,54,21,6.06
1266.611931,8259,8228,54,21,6.06
1266.71193,8388,8280,54,21,6.07
1266.811981,8504,8444,218,21,6.07
1266.91193,8621,8588,218,21,6.06
1267.011933,8547,8672,218,21,6.06
1267.11194,8455,8580,218,21,6.07
1267.211958,8717,8572,317,21,6.07
1267.311932,8494,8652,317,21,6.07
1267.411933,8212,8484,317,21,6.06
1267.511931,8017,8288,464,21,6.06
1267.611976,7943,8028,464,21,6.06
1267.711932,8357,8060,464,21,6.08
1267.811949,8711,8320,554,21,6.08
1267.911931,8681,8856,554,21,6.03
1268.01196,8190,8588,554,21,6.03
1268.111931,7908,8052,554,21,6.06
1268.211933,8189,7936,296,21,6.06
1268.31194,8777,8388,296,21,6.06
1268.411978,8937,9008,296,21,6.08
1268.511942,8769,8832,11,21,6.08
1268.61198,8494,8584,11,21,6.08
1268.711934,8576,8472,11,21,6.06
1268.811979,8293,8504,368,21,6.06
1268.911932,8369,8300,368,21,6.07
1269.011951,8344,8352,368,21,6.07
1269.111932,8622,8420,368,21,6.03
1269.211958,8573,8596,119,21,6.03
1269.311931,8560,8608,119,21,6.03
1269.411931,8600,8544,119,21,6.09
1269.511932,8620,8616,22,21,6.09
1269.611958,8519,8588,22,21,6.09
1269.711932,8566,8572,22,21,6.06
1269.811949,8441,8544,131,21,6.06
1269.911932,8075,8264,131,21,6
1270.011958,8217,8028,131,21,6
1270.111932,8380,8308,131,21,6.08
1270.211932,8359,8360,441,21,6.08
1270.311931,8435,8388,441,21,6.08
1270.411959,8393,8452,441,21,6.08
1270.51195,8404,8340,151,21,6.08
1270.611933,8244,8404,151,21,6.08
1270.711932,8160,8256,151,21,6.09
1270.811981,8199,8212,225,21,6.09
1270.911933,8223,8180,225,21,6.09
1271.011933,8360,8348,225,21,6.09
1271.111934,8287,8400,225,21,6.09
1271.211957,8040,8220,464,21,6.09
1271.311932,8157,8080,464,21,6.09
1271.411932,8056,8196,464,21,6.1
1271.511931,8118,7984,300,21,6.1
1271.611957,8275,8284,300,21,6.1
1271.711932,8147,8136,300,21,6.08
1271.811957,8234,8248,59,21,6.08
1271.911931,8169,8096,59,21,6.06
1272.011958,8243,8192,59,21,6.06
1272.111933,8772,8448,59,21,6.02
1272.211932,8614,8816,305,21,6.02
1272.311931,8232,8416,305,21,6.02
1272.411956,8486,8304,305,21,6.06
1272.511932,8442,8472,54,21,6.06
1272.611933,8134,8348,54,21,6.06
1272.711933,8234,8092,54,21,6.07
1272.811984,8262,8216,0,21,6.07
1272.911932,8282,8276,0,21,6.08
1273.011932,8110,8204,0,21,6.08
1273.111939,8293,8144,0,21,6.04
1273.211956,8053,8168,638,21,6.04
1273.311931,8389,8156,638,21,6.04
1273.411933,8366,8424,638,21,6.08
1273.511932,8126,8264,489,21,6.08
1273.611955,8324,8224,489,21,6.08
1273.71193,8405,8312,489,21,6.09
1273.811951,8460,8412,47,21,6.09
1273.91193,8569,8552,47,21,6.07
1274.01196,8473,8560,47,21,6.07
1274.111931,8604,8492,47,21,6.09
1274.21194,8498,8580,182,21,6.09
1274.311932,8616,8492,182,21,6.09
1274.411981,8503,8632,182,21,6.09
1274.511933,8369,8384,201,21,6.09
1274.611958,8638,8428,201,21,6.09
1274.711932,8587,8688,201,21,6.06
1274.811979,8462,8520,228,21,6.06
1274.911932,8487,8440,228,21,6.06
1275.011952,8309,8348,228,21,6.06
1275.111933,8397,8388,228,21,6.06
1275.211942,8908,8472,928,21,6.06
1275.311932,8476,8816,928,21,6.06
1275.41194,8325,8436,928,21,6.07
1275.511933,8245,8236,22,21,6.07
1275.611976,8488,8340,22,21,6.07
1275.711931,8444,8512,22,21,6.08
1275.81195,8535,8440,293,21,6.08
1275.911933,8380,8468,293,21,6.04
1276.011979,8331,8312,293,21,6.04
1276.111933,9073,8488,293,21,5.96
1276.21198,9338,9452,119,21,5.96
1276.311931,8958,9152,119,21,5.96
1276.411979,8666,8816,119,21,6.02
1276.511932,8663,8656,46,21,6.02
1276.611933,7753,8720,46,21,6.02
1276.711932,8358,7812,46,21,6
1276.811976,8560,8532,194,21,6
1276.911932,8948,8424,194,21,6.07
1277.011932,7733,9392,194,21,6.07
1277.111931,7711,8340,194,21,6.02
1277.211976,8192,7896,1255,21,6.02
1277.311932,8031,8192,1255,21,6.02
1277.411932,7979,7924,1255,21,7.39
1277.511933,8339,8076,104,21,7.39
1277.611953,8439,8420,104,21,7.39
1277.711931,8393,8460,104,21,7.4
1277.811949,8371,8348,93,21,7.4
1277.911938,8453,8420,93,21,7.39
1278.011953,8403,8476,93,21,7.39
1278.111931,8415,8376,93,21,7.42
1278.211932,8336,8396,230,21,7.42
1278.311931,8450,8372,230,21,7.42
1278.411957,8401,8464,230,21,7.42
1278.511932,8366,8344,76,21,7.42
1278.611932,8483,8444,76,21,7.42
1278.711931,8484,8432,76,21,7.41
1278.811997,8377,8416,0,21,7.41
1278.911934,8432,8424,0,21,7.41
1279.011932,8348,8420,0,21,7.41
1279.111931,8391,8292,0,21,7.41
1279.211975,8387,8404,109,21,7.41
1279.311932,8432,8388,109,21,7.41
1279.411941,8403,8436,109,21,7.45
1279.511933,8399,8392,243,21,7.45
1279.611959,8435,8416,243,21,7.45
1279.711932,8406,8412,243,21,7.44
1279.811948,8372,8396,20,21,7.44
1279.91194,8368,8364,20,21,7.45
1280.011956,8401,8372,20,21,7.45
1280.11193,8353,8388,20,21,7.44
1280.211931,8354,8336,66,21,7.44
1280.311933,8358,8400,66,21,7.44
1280.411961,8353,8316,66,21,7.43
1280.511932,8434,8376,414,21,7.43
1280.611932,8322,8376,414,21,7.43
1280.711931,8376,8332,414,21,7.42
1280.81198,8403,8396,8,21,7.42
1280.911931,8366,8376,8,21,7.39
1281.011932,8362,8372,8,21,7.39
1281.11193,8465,8412,8,21,7.37
1281.211956,8389,8444,156,21,7.37
1281.311932,8306,8316,156,21,7.37
1281.41193,8353,8320,156,21,7.4
1281.511933,8374,8364,162,21,7.4
1281.611975,8379,8376,162,21,7.4
1281.711978,8383,8380,162,21,7.37
1281.811931,8384,8388,83,21,7.37
1281.911952,8338,8364,83,21,7.29
1282.01196,8382,8344,83,21,7.29
1282.11196,8394,8388,83,21,7.32
1282.211934,8368,8388,138,21,7.32
1282.311931,8368,8356,138,21,7.32
1282.411955,8380,8376,138,21,7.33
1282.511931,8351,8372,64,21,7.33
1282.611933,8341,8336,64,21,7.33
1282.711939,8365,8360,64,21,7.32
1282.811951,8337,8304,0,21,7.32
1282.911931,8373,8360,0,21,7.35
1283.011931,8366,8368,0,21,7.35
1283.111931,8360,8360,0,21,7.38
1283.211949,8349,8360,145,21,7.38
1283.311931,8349,8356,145,21,7.38
1283.411931,8358,8352,145,21,6.03
1283.511932,8365,8356,129,21,6.03
1283.611951,8357,8360,129,21,6.03
1283.71193,8357,8360,129,21,6.03
1283.811932,8359,8360,0,21,6.03
1283.91193,8360,8360,0,21,6.02
1284.011984,8361,8360,0,21,6.02
1284.111931,8362,8360,0,21,6.04
1284.211932,8363,8360,0,21,6.04
1284.311931,8363,8360,0,21,6.04
1284.411974,8363,8360,0,21,6.04
1284.511931,8364,8360,0,21,6.04
1284.611932,8364,8360,0,21,6.04
1284.711932,8364,8360,0,21,6.05
1284.811976,8364,8360,0,21,6.05
1284.911932,8364,8360,0,21,6.04
1285.011934,8364,8360,0,21,6.04
1285.111932,8364,8360,0,21,6.06
1285.211976,8364,8360,0,21,6.06
1285.311932,8364,8360,0,21,6.06
1285.411932,8364,8360,0,21,6.04
1285.511932,8364,8360,0,21,6.04
1285.611977,8364,8360,0,21,6.04
1285.71193,8364,8360,0,21,6.06
1285.811931,8364,8360,0,21,6.06
1285.911931,8364,8360,0,21,6.06
1286.011977,8364,8360,0,21,6.06
1286.111932,8364,8360,0,21,6.08
1286.211937,8364,8360,0,21,6.08
1286.311932,8364,8360,0,21,6.08
1286.411948,8364,8360,0,21,6.06
1286.51193,8364,8360,0,21,6.06
1286.611932,8364,8360,0,21,6.06
1286.711932,8364,8360,0,21,6.09
1286.811972,8364,8360,0,21,6.09
1286.911932,8364,8360,0,21,6.08
1287.011931,8364,8360,0,21,6.08
1287.111932,8364,8360,0,21,6.07
1287.212001,8364,8360,0,21,6.07
1287.311931,8364,8360,0,21,6.07
1287.411932,8364,8360,0,21,6.05
1287.511931,8364,8360,0,21,6.05
1287.611977,8364,8360,0,21,6.05
1287.711936,8364,8360,0,21,6.07
1287.811932,8364,8360,0,21,6.07
1287.911952,8364,8360,0,21,6.09
1288.011955,8364,8360,0,21,6.09
1288.112007,8364,8360,0,21,6.1
1288.21193,8364,8360,0,21,6.1
1288.311946,8364,8360,0,21,6.1
1288.411958,8364,8360,0,21,6.03
1288.511947,8364,8360,0,21,6.03
1288.611932,8364,8360,0,21,6.03
1288.711932,8364,8360,0,21,6.09
1288.811959,8364,8360,0,21,6.09
1288.911932,8364,8360,0,21,6.1
1289.011932,8364,8360,0,21,6.1
1289.111937,8364,8360,0,21,6.1
1289.211943,8364,8360,0,21,6.1
1289.311985,8364,8360,0,21,6.1
1289.41193,8364,8360,0,21,6.04
1289.511948,8364,8360,0,21,6.04
1289.611975,8364,8360,0,21,6.04
1289.711931,8364,8360,0,21,6.1
1289.811932,8364,8360,0,21,6.1
1289.911932,8364,8360,0,21,6.1
1290.011956,8364,8360,0,21,6.1
1290.11193,8364,8360,0,21,6.1
1290.211931,8364,8360,0,21,6.1
1290.311933,8364,8360,0,21,6.1
1290.411974,8364,8360,0,21,6.07
1290.511933,8364,8360,0,21,6.07
1290.611931,8364,8360,0,21,6.07
1290.711931,8364,8360,0,21,6.06
1290.811973,8364,8360,0,21,6.06
1290.91193,8364,8360,0,21,6.04
1291.011936,8364,8360,0,21,6.04
1291.111932,8364,8360,0,21,6.09
1291.211973,8364,8360,0,21,6.09
1291.31193,8364,8360,0,21,6.09
1291.411932,8364,8360,0,21,6.09
1291.511932,8364,8360,0,21,6.09
1291.611975,8364,8360,0,21,6.09
1291.711931,8364,8360,0,21,6.01
1291.811936,8364,8360,0,21,6.01
1291.911932,8364,8360,0,21,6.07
1292.011949,8364,8360,0,21,6.07
1292.11194,8364,8360,0,21,6.1
1292.211932,8364,8360,0,21,6.1
1292.311932,8364,8360,0,21,6.1
1292.411961,8364,8360,0,21,6.07
1292.511931,8364,8360,0,21,6.07
1292.611932,8364,8360,0,21,6.07
1292.711939,8364,8360,0,21,6.04
1292.81196,8364,8360,0,21,6.04
1292.911932,8364,8360,0,21,6.01
1293.011933,8364,8360,0,21,6.01
1293.111941,8364,8360,0,21,6.02
1293.211954,8364,8360,0,21,6.02
1293.311931,8364,8360,0,21,6.02
1293.411932,8364,8360,0,21,6.1
1293.511932,8364,8360,0,21,6.1
1293.61198,8364,8360,0,21,6.1
1293.711932,8364,8360,0,21,6.04
1293.811952,8364,8360,0,21,6.04
1293.911939,8364,8360,0,21,6.03
1294.011982,8364,8360,0,21,6.03
1294.111933,8364,8360,0,21,6.09
1294.21196,8364,8360,0,21,6.09
1294.311931,8364,8360,0,21,6.09
1294.411961,8364,8360,0,21,6.09
1294.511939,8364,8360,0,21,6.09
1294.611933,8364,8360,0,21,6.09
1294.71193,8364,8360,0,21,6.06
1294.811975,8364,8360,0,21,6.06
1294.911941,8364,8360,0,21,6.07
1295.011933,8364,8360,0,21,6.07
1295.11194,8364,8360,0,21,6.04
1295.211976,8364,8360,0,21,6.04
1295.311932,8364,8360,0,21,6.04
1295.411931,8364,8360,0,21,6.07
1295.511932,8364,8360,0,21,6.07
1295.611985,8364,8360,0,21,6.07
1295.711931,8364,8360,0,21,6.1
1295.811932,8364,8360,0,21,6.1
1295.911932,8364,8360,0,21,6.07
1296.011975,8364,8360,0,21,6.07
1296.111953,8364,8360,0,21,6.01
1296.211931,8364,8360,0,21,6.01
1296.311931,8364,8360,0,21,6.01
1296.411974,8364,8360,0,21,6.07
1296.511931,8364,8360,0,21,6.07
1296.611933,8364,8360,0,21,6.07
1296.71193,8364,8360,0,21,6.02
1296.811974,8364,8360,0,21,6.02
1296.911931,8364,8360,0,21,6.03
1297.011939,8364,8360,0,21,6.03
1297.111943,8364,8360,0,21,5.94
1297.211981,8364,8360,0,21,5.94
1297.31193,8364,8360,0,21,5.94
1297.411932,8364,8360,0,21,6.01
1297.511931,8364,8360,0,21,6.01
1297.611975,8364,8360,0,21,6.01
1297.71193,8364,8360,0,21,6.1
1297.811932,8364,8360,0,21,6.1
1297.911933,8364,8360,0,21,6.09
1298.011985,8364,8360,0,21,6.09
1298.111949,8364,8360,0,21,6.1
1298.211931,8364,8360,0,21,6.1
1298.311933,8364,8360,0,21,6.1
1298.411953,8364,8360,0,21,6.09
1298.511942,8364,8360,0,21,6.09
1298.611932,8364,8360,0,21,6.09
1298.711941,8364,8360,0,21,6.09
1298.811947,8364,8360,0,21,6.09
1298.91193,8364,8360,0,21,6.1
1299.011932,8364,8360,0,21,6.1
1299.111944,8364,8360,0,21,6.09
1299.211988,8364,8360,0,21,6.09
1299.311932,8364,8360,0,21,6.09
1299.411935,8364,8360,0,21,6.04
1299.511941,8364,8360,0,21,6.04
1299.611961,8364,8360,0,21,6.04
1299.711932,8364,8360,0,21,5.93
1299.811934,8364,8360,0,21,5.93
1299.911945,8364,8360,0,21,5.94
1300.011976,8364,8360,0,21,5.94
1300.111933,8364,8360,0,21,6.03
1300.211948,8364,8360,0,21,6.03
1300.311948,8364,8360,0,21,6.03
1300.411985,8364,8360,0,21,6.02
1300.511948,8364,8360,0,21,6.02
1300.611981,8364,8360,0,21,6.02
1300.711932,8364,8360,0,21,6.09
1300.811977,8364,8360,0,21,6.09
1300.911931,8364,8360,0,21,6.1
1301.011958,8364,8360,0,21,6.1
1301.111931,8364,8360,0,21,6.09
1301.211977,8364,8360,0,21,6.09
1301.311931,8364,8360,0,21,6.09
1301.411981,8364,8360,0,21,6.1
1301.511932,8364,8360,0,21,6.1
1301.611997,8364,8360,0,21,6.1
1301.711931,8364,8360,0,21,6.05
1301.811955,8364,8360,0,21,6.05
1301.911931,8364,8360,0,21,6.02
1302.011961,8364,8360,0,21,6.02
1302.111931,8364,8360,0,21,5.99
1302.211932,8364,8360,0,21,5.99
1302.31193,8364,8360,0,21,5.99
1302.411975,8364,8360,0,21,6
1302.511931,8364,8360,0,21,6
1302.611931,8364,8360,0,21,6
1302.711933,8364,8360,0,21,6.03
1302.81196,8364,8360,0,21,6.03
1302.91193,8364,8360,0,21,6.1
1303.011941,8364,8360,0,21,6.1
1303.111932,8364,8360,0,21,6.1
1303.211961,8364,8360,0,21,6.1
1303.311931,8364,8360,0,21,6.1
1303.411932,8364,8360,0,21,6.07
1303.511932,8364,8360,0,21,6.07
1303.611961,8364,8360,0,21,6.07
1303.711933,8364,8360,0,21,6.06
1303.811933,8364,8360,0,21,6.06
1303.911932,8364,8360,0,21,6.1
1304.011975,8364,8360,0,21,6.1
1304.111932,8364,8360,0,21,6.1
1304.211941,8364,8360,0,21,6.1
1304.311932,8364,8360,0,21,6.1
1304.411953,8364,8360,0,21,6.07
1304.511933,8364,8360,0,21,6.07
1304.611933,8364,8360,0,21,6.07
1304.711932,8364,8360,0,21,6.07
1304.811955,8364,8360,0,21,6.07
1304.911939,8364,8360,0,21,6.03
1305.011932,8364,8360,0,21,6.03
1305.111948,8364,8360,0,21,6.1
1305.211954,8364,8360,0,21,6.1
1305.311932,8364,8360,0,21,6.1
1305.411932,8364,8360,0,21,6.05
1305.51193,8364,8360,0,21,6.05
1305.611961,8364,8360,0,21,6.05
1305.711932,8364,8360,0,21,6.04
1305.811931,8364,8360,0,21,6.04
1305.911938,8364,8360,0,21,6.04
1306.011947,8364,8360,0,21,6.04
1306.111931,8364,8360,0,21,6.09
1306.211932,8364,8360,0,21,6.09
1306.311932,8364,8360,0,21,6.09
1306.411955,8364,8360,0,21,6.1
1306.51199,8364,8360,0,21,6.1
1306.611932,8364,8360,0,21,6.1
1306.711948,8364,8360,0,21,6.08
1306.81196,8364,8360,0,21,6.08
1306.911933,8364,8360,0,21,6.07
1307.011938,8364,8360,0,21,6.07
1307.111932,8364,8360,0,21,6.07
1307.21198,8364,8360,0,21,6.07
1307.311933,8364,8360,0,21,6.07
1307.411931,8364,8360,0,21,6.06
1307.511931,8364,8360,0,21,6.06
1307.611975,8364,8360,0,21,6.06
1307.711939,8364,8360,0,21,6.09
1307.811935,8364,8360,0,21,6.09
1307.911932,8364,8360,0,21,6.08
1308.011955,8364,8360,0,21,6.08
1308.111932,8364,8360,0,21,6.09
1308.211933,8364,8360,0,21,6.09
1308.311931,8364,8360,0,21,6.09
1308.411961,8364,8360,0,21,6.09
1308.511932,8364,8360,0,21,6.09
1308.611931,8364,8360,0,21,6.09
1308.711931,8364,8360,0,21,6.1
1308.811976,8364,8360,0,21,6.1
1308.911932,8364,8360,0,21,6.01
1309.011932,8364,8360,0,21,6.01
1309.111931,8364,8360,0,21,6.01
1309.211961,8364,8360,0,21,6.01
1309.311931,8364,8360,0,21,6.01
1309.411932,8364,8360,0,21,6.1
1309.511931,8364,8360,0,21,6.1
1309.611961,8364,8360,0,21,6.1
1309.71193,8364,8360,0,21,6.1
1309.811932,8364,8360,0,21,6.1
1309.91193,8364,8360,0,21,6.11
1310.011958,8364,8360,0,21,6.11
1310.111939,8364,8360,0,21,6.11
1310.211932,8364,8360,0,21,6.11
1310.311931,8364,8360,0,21,6.11
1310.411984,8364,8360,0,21,6.1
1310.51193,8364,8360,0,21,6.1
1310.611931,8364,8360,0,21,6.1
1310.71193,8364,8360,0,21,6.1
1310.811979,8364,8360,0,21,6.1
1310.911931,8364,8360,0,21,6.05
1311.01193,8364,8360,0,21,6.05
1311.111932,8364,8360,0,21,6.05
1311.211977,8364,8360,0,21,6.05
1311.311931,8364,8360,0,21,6.05
1311.411932,8364,8360,0,21,6.08
1311.51193,8364,8360,0,21,6.08
1311.611957,8364,8360,0,21,6.08
1311.711931,8364,8360,0,21,6.1
1311.811934,8364,8360,0,21,6.1
1311.911939,8364,8360,0,21,6.1
1312.011956,8364,8360,0,21,6.1
1312.111932,8364,8360,0,21,6.1
1312.211931,8364,8360,0,21,6.1
1312.311932,8364,8360,0,21,6.1
1312.411957,8364,8360,0,21,6.1
1312.511939,8364,8360,0,21,6.1
1312.61193,8364,8360,0,21,6.1
1312.71193,8364,8360,0,21,6.05
1312.811957,8364,8360,0,21,6.05
1312.911975,8364,8360,0,21,6.07
1313.011931,8364,8360,0,21,6.07
1313.111958,8364,8360,0,21,6.1
1313.211956,8364,8360,0,21,6.1
1313.311984,8364,8360,0,21,6.1
1313.411931,8364,8360,0,21,6.1
1313.511975,8364,8360,0,21,6.1
1313.611956,8364,8360,0,21,6.1
1313.711989,8364,8360,0,21,6.1
1313.811931,8364,8360,0,21,6.1
1313.911951,8364,8360,0,21,6.1
1314.011997,8364,8360,0,21,6.1
1314.111929,8364,8360,0,21,6.1
1314.211931,8364,8360,0,21,6.1
1314.311931,8364,8360,0,21,6.1
1314.411957,8364,8360,0,21,6.1
1314.511931,8364,8360,0,21,6.1
1314.611931,8364,8360,0,21,6.1
1314.711931,8364,8360,0,21,6.1
1314.811979,8364,8360,0,21,6.1
1314.911931,8364,8360,0,21,6.08
1315.011931,8364,8360,0,21,6.08
1315.111942,8364,8360,0,21,6.08
1315.211956,8364,8360,0,21,6.08
1315.311931,8364,8360,0,21,6.08
1315.411931,8364,8360,0,21,6.09
1315.51193,8364,8360,0,21,6.09
1315.611956,8364,8360,0,21,6.09
1315.711933,8364,8360,0,21,6.07
1315.811933,8364,8360,0,21,6.07
1315.911939,8364,8360,0,21,6.09
1316.011956,8364,8360,0,21,6.09
1316.111932,8364,8360,0,21,6.09
1316.211932,8364,8360,0,21,6.09
1316.311932,8364,8360,0,21,6.09
1316.411956,8364,8360,0,21,6.08
1316.511931,8370,8360,83,21,6.08
1316.611931,8365,8360,83,21,6.08
1316.711932,8357,8360,83,21,6.08
1316.811955,8350,8352,56,21,6.08
1316.911933,8350,8352,56,21,6.08
1317.011942,8354,8352,56,21,6.08
1317.111953,8362,8352,56,21,6.1
1317.211958,8373,8360,69,21,6.1
1317.311933,8377,8368,69,21,6.1
1317.411935,8373,8368,69,21,6.1
1317.511941,8370,8368,0,21,6.1
1317.611959,8358,8368,0,21,6.1
1317.711935,8344,8360,0,21,6.09
1317.811933,8312,8340,88,21,6.09
1317.911934,8312,8312,88,21,6.1
1318.011956,8341,8316,88,21,6.1
1318.111933,8409,8364,88,21,6.09
1318.211934,8446,8420,155,21,6.09
1318.311933,8454,8440,155,21,6.09
1318.411999,8449,8448,155,21,6.1
1318.51194,8409,8440,175,21,6.1
1318.611954,8373,8396,175,21,6.1
1318.711942,8364,8380,175,21,6.1
1318.81199,8340,8364,143,21,6.1
1318.911933,8305,8328,143,21,6.09
1319.011948,8263,8288,143,21,6.09
1319.111933,8242,8256,143,21,6.1
1319.211992,8257,8248,0,21,6.1
1319.311933,8315,8276,0,21,6.1
1319.411937,8355,8328,0,21,6.09
1319.511932,8352,8352,0,21,6.09
1319.611952,8361,8352,0,21,6.09
1319.711934,8402,8372,0,21,6.09
1319.811934,8409,8404,56,21,6.09
1319.911934,8392,8400,56,21,6.1
1320.011951,8413,8400,56,21,6.1
1320.111934,8428,8420,56,21,6.09
1320.211935,8428,8424,0,21,6.09
1320.311933,8422,8424,0,21,6.09
1320.411957,8407,8420,0,21,6.1
1320.511932,8431,8412,81,21,6.1
1320.611933,8462,8428,81,21,6.1
1320.711935,8491,8472,81,21,6.09
